timestamp,run_id,sequence,mcu_time_ms,session_id,pir_1,pir_2,tof_mm,tof_status,temperature_c,humidity_percent,pressure_hpa,light_lux,sample_valid,occupancy_label
2026-09-13T17:14:26.441+08:00,RUN_20260913_171419,1,209056,SESSION_002,0,1,70,0,32.69,64.77,1004.27,5.8,1,HIGH
2026-09-13T17:14:27.446+08:00,RUN_20260913_171419,2,210061,SESSION_002,0,1,44,0,32.69,64.90,1004.27,5.8,1,HIGH
2026-09-13T17:14:28.269+08:00,RUN_20260913_171419,3,210884,SESSION_002,0,0,8190,4,32.69,64.84,1004.28,5.8,1,HIGH
2026-09-13T17:14:29.454+08:00,RUN_20260913_171419,4,212069,SESSION_002,0,0,8191,2,32.69,64.75,1004.28,7.5,1,HIGH
2026-09-13T17:14:30.459+08:00,RUN_20260913_171419,5,213074,SESSION_002,0,0,8190,4,32.70,64.88,1004.28,7.5,1,HIGH
2026-09-13T17:14:31.464+08:00,RUN_20260913_171419,6,214079,SESSION_002,0,1,8191,2,32.70,64.60,1004.28,7.5,1,HIGH
2026-09-13T17:14:32.287+08:00,RUN_20260913_171419,7,214902,SESSION_002,1,0,8190,4,32.70,64.45,1004.29,8.3,1,HIGH
2026-09-13T17:14:33.472+08:00,RUN_20260913_171419,8,216087,SESSION_002,1,0,8191,2,32.70,64.42,1004.29,7.5,1,HIGH
2026-09-13T17:14:34.477+08:00,RUN_20260913_171419,9,217092,SESSION_002,1,0,8191,2,32.70,64.45,1004.29,7.5,1,HIGH
2026-09-13T17:14:35.482+08:00,RUN_20260913_171419,10,218097,SESSION_002,0,0,8191,2,32.70,64.48,1004.29,7.5,1,HIGH
2026-09-13T17:14:36.487+08:00,RUN_20260913_171419,11,219102,SESSION_002,0,0,8191,2,32.70,64.47,1004.29,7.5,1,HIGH
2026-09-13T17:14:37.310+08:00,RUN_20260913_171419,12,219925,SESSION_002,1,0,8190,4,32.70,64.57,1004.29,7.5,1,HIGH
2026-09-13T17:14:38.495+08:00,RUN_20260913_171419,13,221110,SESSION_002,1,0,8190,4,32.70,64.52,1004.29,6.7,1,HIGH
2026-09-13T17:14:39.318+08:00,RUN_20260913_171419,14,221933,SESSION_002,0,0,8190,4,32.70,64.48,1004.29,7.5,1,HIGH
2026-09-13T17:14:40.321+08:00,RUN_20260913_171419,15,222936,SESSION_002,0,0,8190,4,32.70,64.41,1004.29,7.5,1,HIGH
2026-09-13T17:14:41.506+08:00,RUN_20260913_171419,16,224121,SESSION_002,1,0,8191,2,32.71,64.37,1004.29,7.5,1,HIGH
2026-09-13T17:14:42.511+08:00,RUN_20260913_171419,17,225126,SESSION_002,0,0,8191,2,32.71,64.37,1004.29,7.5,1,HIGH
2026-09-13T17:14:43.516+08:00,RUN_20260913_171419,18,226131,SESSION_002,0,0,8191,2,32.71,64.35,1004.30,7.5,1,HIGH
2026-09-13T17:14:44.339+08:00,RUN_20260913_171419,19,226954,SESSION_002,0,1,8190,4,32.71,64.27,1004.30,7.5,1,HIGH
2026-09-13T17:14:45.342+08:00,RUN_20260913_171419,20,227957,SESSION_002,0,0,8190,4,32.71,64.24,1004.30,7.5,1,HIGH
2026-09-13T17:14:46.527+08:00,RUN_20260913_171419,21,229142,SESSION_002,0,0,8191,2,32.71,64.26,1004.30,7.5,1,HIGH
2026-09-13T17:14:47.350+08:00,RUN_20260913_171419,22,229965,SESSION_002,1,1,8190,4,32.71,64.23,1004.30,7.5,1,HIGH
2026-09-13T17:14:48.535+08:00,RUN_20260913_171419,23,231150,SESSION_002,1,1,8191,2,32.71,64.21,1004.29,7.5,1,HIGH
2026-09-13T17:14:49.540+08:00,RUN_20260913_171419,24,232155,SESSION_002,1,0,8190,4,32.71,64.22,1004.29,6.7,1,HIGH
2026-09-13T17:14:50.545+08:00,RUN_20260913_171419,25,233160,SESSION_002,1,0,8191,2,32.71,64.30,1004.30,7.5,1,HIGH
2026-09-13T17:14:51.368+08:00,RUN_20260913_171419,26,233983,SESSION_002,1,0,8190,4,32.71,64.21,1004.29,7.5,1,HIGH
2026-09-13T17:14:52.553+08:00,RUN_20260913_171419,27,235168,SESSION_002,0,0,8190,4,32.71,64.25,1004.29,7.5,1,HIGH
2026-09-13T17:14:53.558+08:00,RUN_20260913_171419,28,236173,SESSION_002,0,0,8191,2,32.71,64.32,1004.29,7.5,1,HIGH
2026-09-13T17:14:54.563+08:00,RUN_20260913_171419,29,237178,SESSION_002,1,0,8191,2,32.72,64.25,1004.29,7.5,1,HIGH
2026-09-13T17:14:55.386+08:00,RUN_20260913_171419,30,238001,SESSION_002,0,0,8190,4,32.72,64.26,1004.29,7.5,1,HIGH
2026-09-13T17:14:56.571+08:00,RUN_20260913_171419,31,239186,SESSION_002,0,0,8190,4,32.72,64.30,1004.29,7.5,1,HIGH
2026-09-13T17:14:57.394+08:00,RUN_20260913_171419,32,240009,SESSION_002,1,0,8190,4,32.72,64.37,1004.30,6.7,1,HIGH
2026-09-13T17:14:58.579+08:00,RUN_20260913_171419,33,241194,SESSION_002,1,1,8191,2,32.72,64.45,1004.29,7.5,1,HIGH
2026-09-13T17:14:59.402+08:00,RUN_20260913_171419,34,242017,SESSION_002,1,0,8190,4,32.72,64.38,1004.29,7.5,1,HIGH
2026-09-13T17:15:00.405+08:00,RUN_20260913_171419,35,243020,SESSION_002,1,0,8190,4,32.72,64.35,1004.29,7.5,1,HIGH
2026-09-13T17:15:01.408+08:00,RUN_20260913_171419,36,244023,SESSION_002,0,0,8190,4,32.72,64.28,1004.29,7.5,1,HIGH
2026-09-13T17:15:02.593+08:00,RUN_20260913_171419,37,245208,SESSION_002,0,0,8191,2,32.72,64.28,1004.29,7.5,1,HIGH
2026-09-13T17:15:03.598+08:00,RUN_20260913_171419,38,246213,SESSION_002,1,1,8191,2,32.72,64.28,1004.29,7.5,1,HIGH
2026-09-13T17:15:04.421+08:00,RUN_20260913_171419,39,247036,SESSION_002,1,1,8190,4,32.72,64.26,1004.29,7.5,1,HIGH
2026-09-13T17:15:05.424+08:00,RUN_20260913_171419,40,248039,SESSION_002,0,0,8190,4,32.72,64.26,1004.29,7.5,1,HIGH
2026-09-13T17:15:06.609+08:00,RUN_20260913_171419,41,249224,SESSION_002,0,0,8191,2,32.72,64.26,1004.29,7.5,1,HIGH
2026-09-13T17:15:07.614+08:00,RUN_20260913_171419,42,250229,SESSION_002,0,1,8191,2,32.72,64.25,1004.29,7.5,1,HIGH
2026-09-13T17:15:08.437+08:00,RUN_20260913_171419,43,251052,SESSION_002,1,0,8190,4,32.72,64.22,1004.29,7.5,1,HIGH
2026-09-13T17:15:09.440+08:00,RUN_20260913_171419,44,252055,SESSION_002,0,0,8190,4,32.72,64.25,1004.28,7.5,1,HIGH
2026-09-13T17:15:10.625+08:00,RUN_20260913_171419,45,253240,SESSION_002,0,0,8191,2,32.72,64.28,1004.28,7.5,1,HIGH
2026-09-13T17:15:11.630+08:00,RUN_20260913_171419,46,254245,SESSION_002,1,0,8191,2,32.72,64.25,1004.28,7.5,1,HIGH
2026-09-13T17:15:12.635+08:00,RUN_20260913_171419,47,255250,SESSION_002,0,0,8191,2,32.73,64.26,1004.28,7.5,1,HIGH
2026-09-13T17:15:13.640+08:00,RUN_20260913_171419,48,256255,SESSION_002,0,0,8190,4,32.73,64.26,1004.28,7.5,1,HIGH
2026-09-13T17:15:14.645+08:00,RUN_20260913_171419,49,257260,SESSION_002,1,0,308,0,32.73,64.27,1004.28,7.5,1,HIGH
2026-09-13T17:15:15.650+08:00,RUN_20260913_171419,50,258265,SESSION_002,1,0,8191,2,32.73,64.26,1004.28,6.7,1,HIGH
2026-09-13T17:15:16.655+08:00,RUN_20260913_171419,51,259270,SESSION_002,0,0,8191,2,32.73,64.25,1004.28,7.5,1,HIGH
2026-09-13T17:15:17.660+08:00,RUN_20260913_171419,52,260275,SESSION_002,0,0,228,0,32.73,64.23,1004.28,7.5,1,HIGH
2026-09-13T17:15:18.483+08:00,RUN_20260913_171419,53,261098,SESSION_002,1,0,8190,4,32.73,64.19,1004.27,7.5,1,HIGH
2026-09-13T17:15:19.486+08:00,RUN_20260913_171419,54,262101,SESSION_002,1,0,8190,4,32.73,64.32,1004.27,7.5,1,HIGH
2026-09-13T17:15:20.489+08:00,RUN_20260913_171419,55,263104,SESSION_002,1,0,8190,4,32.73,64.44,1004.27,7.5,1,HIGH
2026-09-13T17:15:21.674+08:00,RUN_20260913_171419,56,264289,SESSION_002,0,1,8190,4,32.73,64.46,1004.27,7.5,1,HIGH
2026-09-13T17:15:22.679+08:00,RUN_20260913_171419,57,265294,SESSION_002,0,1,8191,2,32.73,64.52,1004.27,7.5,1,HIGH
2026-09-13T17:15:23.684+08:00,RUN_20260913_171419,58,266299,SESSION_002,1,0,8191,2,32.73,64.41,1004.27,7.5,1,HIGH
2026-09-13T17:15:24.507+08:00,RUN_20260913_171419,59,267122,SESSION_002,0,0,8190,4,32.73,64.44,1004.27,7.5,1,HIGH
2026-09-13T17:15:25.692+08:00,RUN_20260913_171419,60,268307,SESSION_002,0,0,8191,2,32.73,64.34,1004.26,7.5,1,HIGH
2026-09-13T17:15:26.697+08:00,RUN_20260913_171419,61,269312,SESSION_002,0,1,8190,4,32.73,64.42,1004.27,7.5,1,HIGH
2026-09-13T17:15:27.520+08:00,RUN_20260913_171419,62,270135,SESSION_002,0,1,8190,4,32.73,64.37,1004.27,7.5,1,HIGH
2026-09-13T17:15:28.523+08:00,RUN_20260913_171419,63,271138,SESSION_002,0,0,8190,4,32.73,64.28,1004.27,7.5,1,HIGH
2026-09-13T17:15:29.526+08:00,RUN_20260913_171419,64,272141,SESSION_002,0,0,8190,4,32.73,64.27,1004.26,7.5,1,HIGH
2026-09-13T17:15:30.711+08:00,RUN_20260913_171419,65,273326,SESSION_002,0,0,8191,2,32.73,64.27,1004.26,7.5,1,HIGH
2026-09-13T17:15:31.716+08:00,RUN_20260913_171419,66,274331,SESSION_002,0,0,8191,2,32.74,64.25,1004.27,7.5,1,HIGH
2026-09-13T17:15:32.721+08:00,RUN_20260913_171419,67,275336,SESSION_002,0,0,8190,4,32.74,64.31,1004.26,7.5,1,HIGH
2026-09-13T17:15:33.544+08:00,RUN_20260913_171419,68,276159,SESSION_002,0,0,8190,4,32.74,64.30,1004.26,7.5,1,HIGH
2026-09-13T17:15:34.729+08:00,RUN_20260913_171419,69,277344,SESSION_002,0,0,8190,4,32.74,64.21,1004.26,7.5,1,HIGH
2026-09-13T17:15:35.734+08:00,RUN_20260913_171419,70,278349,SESSION_002,1,1,8190,4,32.74,64.21,1004.26,7.5,1,HIGH
2026-09-13T17:15:36.739+08:00,RUN_20260913_171419,71,279354,SESSION_002,1,1,932,0,32.74,64.20,1004.26,6.7,1,HIGH
2026-09-13T17:15:37.744+08:00,RUN_20260913_171419,72,280359,SESSION_002,1,0,603,0,32.74,64.26,1004.26,5.8,1,HIGH
2026-09-13T17:15:38.749+08:00,RUN_20260913_171419,73,281364,SESSION_002,1,0,1267,0,32.74,64.17,1004.26,5.0,1,HIGH
2026-09-13T17:15:39.754+08:00,RUN_20260913_171419,74,282369,SESSION_002,0,1,878,0,32.74,64.23,1004.27,6.7,1,HIGH
2026-09-13T17:15:40.577+08:00,RUN_20260913_171419,75,283192,SESSION_002,0,0,8190,4,32.74,64.17,1004.27,5.8,1,HIGH
2026-09-13T17:15:41.762+08:00,RUN_20260913_171419,76,284377,SESSION_002,0,0,8190,4,32.74,64.14,1004.27,6.7,1,HIGH
2026-09-13T17:15:42.585+08:00,RUN_20260913_171419,77,285200,SESSION_002,1,1,8190,4,32.74,64.03,1004.26,7.5,1,HIGH
2026-09-13T17:15:43.770+08:00,RUN_20260913_171419,78,286385,SESSION_002,0,0,8190,4,32.75,63.93,1004.27,7.5,1,HIGH
2026-09-13T17:15:44.593+08:00,RUN_20260913_171419,79,287208,SESSION_002,0,0,8190,4,32.75,63.89,1004.27,7.5,1,HIGH
2026-09-13T17:15:45.596+08:00,RUN_20260913_171419,80,288211,SESSION_002,0,0,8190,4,32.75,63.81,1004.26,7.5,1,HIGH
2026-09-13T17:15:46.781+08:00,RUN_20260913_171419,81,289396,SESSION_002,1,0,600,0,32.75,63.77,1004.26,6.7,1,HIGH
2026-09-13T17:15:47.786+08:00,RUN_20260913_171419,82,290401,SESSION_002,0,0,8190,4,32.75,63.83,1004.26,6.7,1,HIGH
2026-09-13T17:15:48.791+08:00,RUN_20260913_171419,83,291406,SESSION_002,0,1,8190,4,32.75,63.77,1004.26,6.7,1,HIGH
2026-09-13T17:15:49.614+08:00,RUN_20260913_171419,84,292229,SESSION_002,0,0,8190,4,32.75,63.75,1004.26,6.7,1,HIGH
2026-09-13T17:15:50.799+08:00,RUN_20260913_171419,85,293414,SESSION_002,0,0,8190,4,32.75,63.70,1004.26,6.7,1,HIGH
2026-09-13T17:15:51.804+08:00,RUN_20260913_171419,86,294419,SESSION_002,0,1,8190,4,32.75,63.68,1004.26,6.7,1,HIGH
2026-09-13T17:15:52.809+08:00,RUN_20260913_171419,87,295424,SESSION_002,0,0,8190,4,32.75,63.69,1004.26,6.7,1,HIGH
2026-09-13T17:15:53.814+08:00,RUN_20260913_171419,88,296429,SESSION_002,0,0,8190,4,32.75,63.80,1004.26,6.7,1,HIGH
2026-09-13T17:15:54.819+08:00,RUN_20260913_171419,89,297434,SESSION_002,1,0,8190,4,32.75,63.71,1004.26,6.7,1,HIGH
2026-09-13T17:15:55.824+08:00,RUN_20260913_171419,90,298439,SESSION_002,0,1,530,0,32.75,63.68,1004.26,6.7,1,HIGH
2026-09-13T17:15:56.829+08:00,RUN_20260913_171419,91,299444,SESSION_002,0,0,8190,4,32.75,63.68,1004.26,7.5,1,HIGH
2026-09-13T17:15:57.834+08:00,RUN_20260913_171419,92,300449,SESSION_002,1,0,8190,4,32.75,63.74,1004.26,7.5,1,HIGH
2026-09-13T17:15:58.657+08:00,RUN_20260913_171419,93,301272,SESSION_002,0,0,8190,4,32.75,63.78,1004.26,7.5,1,HIGH
2026-09-13T17:15:59.842+08:00,RUN_20260913_171419,94,302457,SESSION_002,0,0,8191,2,32.75,63.78,1004.25,5.8,1,HIGH
2026-09-13T17:16:00.847+08:00,RUN_20260913_171419,95,303462,SESSION_002,0,0,8191,2,32.75,63.77,1004.25,5.8,1,HIGH
2026-09-13T17:16:01.852+08:00,RUN_20260913_171419,96,304467,SESSION_002,1,0,8191,2,32.75,63.90,1004.25,6.7,1,HIGH
2026-09-13T17:16:02.857+08:00,RUN_20260913_171419,97,305472,SESSION_002,1,1,8191,2,32.75,63.84,1004.25,5.8,1,HIGH
2026-09-13T17:16:03.680+08:00,RUN_20260913_171419,98,306295,SESSION_002,0,1,8190,4,32.75,63.82,1004.25,5.8,1,HIGH
2026-09-13T17:16:04.865+08:00,RUN_20260913_171419,99,307480,SESSION_002,0,1,8190,4,32.75,63.86,1004.25,5.8,1,HIGH
2026-09-13T17:16:05.870+08:00,RUN_20260913_171419,100,308485,SESSION_002,1,1,8190,4,32.75,63.83,1004.25,5.8,1,HIGH
2026-09-13T17:16:06.875+08:00,RUN_20260913_171419,101,309490,SESSION_002,0,0,431,0,32.75,63.72,1004.26,5.8,1,HIGH
2026-09-13T17:16:07.880+08:00,RUN_20260913_171419,102,310495,SESSION_002,0,0,409,0,32.75,63.71,1004.26,5.0,1,HIGH
2026-09-13T17:16:08.885+08:00,RUN_20260913_171419,103,311500,SESSION_002,0,1,8191,2,32.75,63.69,1004.26,5.0,1,HIGH
2026-09-13T17:16:09.890+08:00,RUN_20260913_171419,104,312505,SESSION_002,0,0,421,0,32.75,63.78,1004.26,5.8,1,HIGH
2026-09-13T17:16:10.895+08:00,RUN_20260913_171419,105,313510,SESSION_002,1,0,438,0,32.75,63.74,1004.25,5.8,1,HIGH
2026-09-13T17:16:11.900+08:00,RUN_20260913_171419,106,314515,SESSION_002,1,1,8190,4,32.75,63.71,1004.25,5.8,1,HIGH
2026-09-13T17:16:12.905+08:00,RUN_20260913_171419,107,315520,SESSION_002,0,1,8190,4,32.75,63.71,1004.26,5.8,1,HIGH
2026-09-13T17:16:13.910+08:00,RUN_20260913_171419,108,316525,SESSION_002,0,1,8190,4,32.75,63.78,1004.26,5.8,1,HIGH
2026-09-13T17:16:14.915+08:00,RUN_20260913_171419,109,317530,SESSION_002,1,1,8190,4,32.75,63.75,1004.26,5.8,1,HIGH
2026-09-13T17:16:15.920+08:00,RUN_20260913_171419,110,318535,SESSION_002,0,0,8191,2,32.75,63.74,1004.26,6.7,1,HIGH
2026-09-13T17:16:16.743+08:00,RUN_20260913_171419,111,319358,SESSION_002,0,0,8190,4,32.75,63.83,1004.26,6.7,1,HIGH
2026-09-13T17:16:17.928+08:00,RUN_20260913_171419,112,320543,SESSION_002,0,1,8191,2,32.75,63.95,1004.26,6.7,1,HIGH
2026-09-13T17:16:18.751+08:00,RUN_20260913_171419,113,321366,SESSION_002,0,1,8190,4,32.75,63.86,1004.26,6.7,1,HIGH
2026-09-13T17:16:19.754+08:00,RUN_20260913_171419,114,322369,SESSION_002,1,0,8190,4,32.75,63.93,1004.26,6.7,1,HIGH
2026-09-13T17:16:20.939+08:00,RUN_20260913_171419,115,323554,SESSION_002,0,0,8191,2,32.75,63.86,1004.26,6.7,1,HIGH
2026-09-13T17:16:21.762+08:00,RUN_20260913_171419,116,324377,SESSION_002,0,0,8190,4,32.75,63.95,1004.26,6.7,1,HIGH
2026-09-13T17:16:22.765+08:00,RUN_20260913_171419,117,325380,SESSION_002,0,0,8190,4,32.75,63.99,1004.26,6.7,1,HIGH
2026-09-13T17:16:23.768+08:00,RUN_20260913_171419,118,326383,SESSION_002,1,0,8190,4,32.75,64.01,1004.26,6.7,1,HIGH
2026-09-13T17:16:24.953+08:00,RUN_20260913_171419,119,327568,SESSION_002,0,0,8190,4,32.75,63.99,1004.26,6.7,1,HIGH
2026-09-13T17:16:25.958+08:00,RUN_20260913_171419,120,328573,SESSION_002,0,1,8191,2,32.76,63.94,1004.26,6.7,1,HIGH
2026-09-13T17:16:26.781+08:00,RUN_20260913_171419,121,329396,SESSION_002,0,0,8190,4,32.76,63.92,1004.25,7.5,1,HIGH
2026-09-13T17:16:27.966+08:00,RUN_20260913_171419,122,330581,SESSION_002,1,0,8190,4,32.76,64.01,1004.25,6.7,1,HIGH
2026-09-13T17:16:28.971+08:00,RUN_20260913_171419,123,331586,SESSION_002,1,1,8191,2,32.76,63.92,1004.26,6.7,1,HIGH
2026-09-13T17:16:29.976+08:00,RUN_20260913_171419,124,332591,SESSION_002,0,1,8191,2,32.76,63.99,1004.26,6.7,1,HIGH
2026-09-13T17:16:30.981+08:00,RUN_20260913_171419,125,333596,SESSION_002,1,1,479,0,32.76,63.93,1004.26,5.8,1,HIGH
2026-09-13T17:16:31.986+08:00,RUN_20260913_171419,126,334601,SESSION_002,0,0,636,0,32.76,63.95,1004.26,5.8,1,HIGH
2026-09-13T17:16:32.991+08:00,RUN_20260913_171419,127,335606,SESSION_002,0,0,8191,2,32.76,64.00,1004.26,6.7,1,HIGH
2026-09-13T17:16:33.814+08:00,RUN_20260913_171419,128,336429,SESSION_002,1,0,8190,4,32.76,64.00,1004.26,6.7,1,HIGH
2026-09-13T17:16:34.817+08:00,RUN_20260913_171419,129,337432,SESSION_002,0,0,8190,4,32.76,64.01,1004.26,6.7,1,HIGH
2026-09-13T17:16:35.820+08:00,RUN_20260913_171419,130,338435,SESSION_002,0,1,8190,4,32.76,64.04,1004.26,6.7,1,HIGH
2026-09-13T17:16:36.823+08:00,RUN_20260913_171419,131,339438,SESSION_002,1,1,8190,4,32.76,64.05,1004.26,6.7,1,HIGH
2026-09-13T17:16:38.008+08:00,RUN_20260913_171419,132,340623,SESSION_002,1,0,510,0,32.76,64.02,1004.27,5.8,1,HIGH
2026-09-13T17:16:39.013+08:00,RUN_20260913_171419,133,341628,SESSION_002,0,0,686,0,32.76,64.04,1004.27,5.8,1,HIGH
2026-09-13T17:16:40.018+08:00,RUN_20260913_171419,134,342633,SESSION_002,0,0,8190,4,32.76,64.11,1004.27,6.7,1,HIGH
2026-09-13T17:16:41.023+08:00,RUN_20260913_171419,135,343638,SESSION_002,0,1,418,0,32.76,64.01,1004.27,5.8,1,HIGH
2026-09-13T17:16:42.028+08:00,RUN_20260913_171419,136,344643,SESSION_002,1,0,8191,2,32.76,64.07,1004.27,6.7,1,HIGH
2026-09-13T17:16:42.851+08:00,RUN_20260913_171419,137,345466,SESSION_002,0,0,8190,4,32.76,64.05,1004.27,7.5,1,HIGH
2026-09-13T17:16:44.036+08:00,RUN_20260913_171419,138,346651,SESSION_002,0,0,8190,4,32.76,64.01,1004.27,7.5,1,HIGH
2026-09-13T17:16:45.041+08:00,RUN_20260913_171419,139,347656,SESSION_002,0,0,8190,4,32.76,63.93,1004.26,7.5,1,HIGH
2026-09-13T17:16:45.864+08:00,RUN_20260913_171419,140,348479,SESSION_002,0,0,8190,4,32.76,63.95,1004.26,7.5,1,HIGH
2026-09-13T17:16:46.867+08:00,RUN_20260913_171419,141,349482,SESSION_002,1,0,8190,4,32.76,63.95,1004.26,7.5,1,HIGH
2026-09-13T17:16:48.052+08:00,RUN_20260913_171419,142,350667,SESSION_002,1,0,439,0,32.76,64.05,1004.26,5.8,1,HIGH
2026-09-13T17:16:49.057+08:00,RUN_20260913_171419,143,351672,SESSION_002,0,0,364,0,32.76,63.93,1004.26,6.7,1,HIGH
2026-09-13T17:16:50.062+08:00,RUN_20260913_171419,144,352677,SESSION_002,0,0,557,0,32.76,64.04,1004.26,5.8,1,HIGH
2026-09-13T17:16:50.885+08:00,RUN_20260913_171419,145,353500,SESSION_002,1,0,8190,4,32.76,64.04,1004.26,6.7,1,HIGH
2026-09-13T17:16:52.070+08:00,RUN_20260913_171419,146,354685,SESSION_002,0,1,8190,4,32.76,63.93,1004.26,6.7,1,HIGH
2026-09-13T17:16:53.075+08:00,RUN_20260913_171419,147,355690,SESSION_002,0,1,521,0,32.76,64.02,1004.26,5.8,1,HIGH
2026-09-13T17:16:54.080+08:00,RUN_20260913_171419,148,356695,SESSION_002,1,1,555,0,32.76,63.90,1004.26,5.0,1,HIGH
2026-09-13T17:16:54.903+08:00,RUN_20260913_171419,149,357518,SESSION_002,0,0,8190,4,32.76,63.99,1004.26,5.8,1,HIGH
2026-09-13T17:16:56.088+08:00,RUN_20260913_171419,150,358703,SESSION_002,0,1,8190,4,32.76,63.98,1004.26,5.8,1,HIGH
2026-09-13T17:16:57.093+08:00,RUN_20260913_171419,151,359708,SESSION_002,1,1,8191,2,32.76,63.89,1004.26,5.0,1,HIGH
2026-09-13T17:16:58.098+08:00,RUN_20260913_171419,152,360713,SESSION_002,0,1,8191,2,32.76,63.92,1004.26,5.0,1,HIGH
2026-09-13T17:16:59.103+08:00,RUN_20260913_171419,153,361718,SESSION_002,0,0,8191,2,32.76,64.01,1004.26,5.0,1,HIGH
2026-09-13T17:17:00.108+08:00,RUN_20260913_171419,154,362723,SESSION_002,0,1,8191,2,32.76,64.01,1004.26,5.0,1,HIGH
2026-09-13T17:17:01.113+08:00,RUN_20260913_171419,155,363728,SESSION_002,0,0,8191,2,32.76,64.05,1004.26,5.0,1,HIGH
2026-09-13T17:17:02.118+08:00,RUN_20260913_171419,156,364733,SESSION_002,0,0,8191,2,32.76,64.06,1004.26,5.0,1,HIGH
2026-09-13T17:17:03.123+08:00,RUN_20260913_171419,157,365738,SESSION_002,0,0,8191,2,32.76,64.05,1004.26,5.0,1,HIGH
2026-09-13T17:17:04.128+08:00,RUN_20260913_171419,158,366743,SESSION_002,1,1,8191,2,32.76,64.02,1004.26,5.0,1,HIGH
2026-09-13T17:17:05.133+08:00,RUN_20260913_171419,159,367748,SESSION_002,1,1,8191,2,32.76,64.04,1004.26,5.0,1,HIGH
2026-09-13T17:17:06.138+08:00,RUN_20260913_171419,160,368753,SESSION_002,0,1,8191,2,32.76,64.12,1004.26,5.0,1,HIGH
2026-09-13T17:17:07.143+08:00,RUN_20260913_171419,161,369758,SESSION_002,0,1,8191,2,32.76,64.12,1004.26,6.7,1,HIGH
2026-09-13T17:17:07.966+08:00,RUN_20260913_171419,162,370581,SESSION_002,0,0,8190,4,32.76,64.08,1004.26,7.5,1,HIGH
2026-09-13T17:17:09.151+08:00,RUN_20260913_171419,163,371766,SESSION_002,1,0,8190,4,32.76,64.01,1004.27,7.5,1,HIGH
2026-09-13T17:17:10.156+08:00,RUN_20260913_171419,164,372771,SESSION_002,1,0,8191,2,32.76,64.05,1004.27,7.5,1,HIGH
2026-09-13T17:17:11.161+08:00,RUN_20260913_171419,165,373776,SESSION_002,0,0,8191,2,32.76,64.23,1004.27,7.5,1,HIGH
2026-09-13T17:17:12.166+08:00,RUN_20260913_171419,166,374781,SESSION_002,0,0,8191,2,32.77,64.31,1004.28,7.5,1,HIGH
2026-09-13T17:17:12.989+08:00,RUN_20260913_171419,167,375604,SESSION_002,1,0,8190,4,32.77,64.44,1004.28,7.5,1,HIGH
2026-09-13T17:17:14.174+08:00,RUN_20260913_171419,168,376789,SESSION_002,0,0,8190,4,32.77,64.38,1004.28,7.5,1,HIGH
2026-09-13T17:17:15.179+08:00,RUN_20260913_171419,169,377794,SESSION_002,0,0,8191,2,32.77,64.34,1004.28,6.7,1,HIGH
2026-09-13T17:17:16.184+08:00,RUN_20260913_171419,170,378799,SESSION_002,0,0,706,0,32.77,64.35,1004.29,5.8,1,HIGH
2026-09-13T17:17:17.189+08:00,RUN_20260913_171419,171,379804,SESSION_002,1,0,714,0,32.77,64.34,1004.29,6.7,1,HIGH
2026-09-13T17:17:18.194+08:00,RUN_20260913_171419,172,380809,SESSION_002,0,0,684,0,32.77,64.24,1004.29,6.7,1,HIGH
2026-09-13T17:17:19.199+08:00,RUN_20260913_171419,173,381814,SESSION_002,0,0,773,0,32.77,64.19,1004.28,6.7,1,HIGH
2026-09-13T17:17:20.022+08:00,RUN_20260913_171419,174,382637,SESSION_002,1,0,8190,4,32.77,64.22,1004.28,6.7,1,HIGH
2026-09-13T17:17:21.207+08:00,RUN_20260913_171419,175,383822,SESSION_002,0,0,8190,4,32.77,64.14,1004.28,6.7,1,HIGH
2026-09-13T17:17:22.030+08:00,RUN_20260913_171419,176,384645,SESSION_002,0,1,8190,4,32.77,64.19,1004.28,6.7,1,HIGH
2026-09-13T17:17:23.215+08:00,RUN_20260913_171419,177,385830,SESSION_002,0,0,8190,4,32.77,64.19,1004.28,6.7,1,HIGH
2026-09-13T17:17:24.220+08:00,RUN_20260913_171419,178,386835,SESSION_002,0,0,8190,4,32.77,64.08,1004.28,6.7,1,HIGH
2026-09-13T17:17:25.043+08:00,RUN_20260913_171419,179,387658,SESSION_002,1,0,8190,4,32.77,64.07,1004.28,6.7,1,HIGH
2026-09-13T17:17:26.046+08:00,RUN_20260913_171419,180,388661,SESSION_002,0,1,8190,4,32.77,64.07,1004.28,6.7,1,HIGH
2026-09-13T17:17:27.231+08:00,RUN_20260913_171419,181,389846,SESSION_002,0,0,565,0,32.77,64.08,1004.28,6.7,1,HIGH
2026-09-13T17:17:28.236+08:00,RUN_20260913_171419,182,390851,SESSION_002,1,1,8190,4,32.77,64.10,1004.28,6.7,1,HIGH
2026-09-13T17:17:29.241+08:00,RUN_20260913_171419,183,391856,SESSION_002,1,1,8190,4,32.77,64.08,1004.28,5.8,1,HIGH
2026-09-13T17:17:30.246+08:00,RUN_20260913_171419,184,392861,SESSION_002,1,0,8191,2,32.77,64.06,1004.28,5.0,1,HIGH
2026-09-13T17:17:31.251+08:00,RUN_20260913_171419,185,393866,SESSION_002,0,0,8191,2,32.77,64.04,1004.27,5.8,1,HIGH
2026-09-13T17:17:32.256+08:00,RUN_20260913_171419,186,394871,SESSION_002,0,1,8191,2,32.77,63.98,1004.27,6.7,1,HIGH
2026-09-13T17:17:33.261+08:00,RUN_20260913_171419,187,395876,SESSION_002,1,1,8190,4,32.77,64.05,1004.27,5.8,1,HIGH
2026-09-13T17:17:34.266+08:00,RUN_20260913_171419,188,396881,SESSION_002,1,1,8190,4,32.77,64.05,1004.27,5.8,1,HIGH
2026-09-13T17:17:35.271+08:00,RUN_20260913_171419,189,397886,SESSION_002,0,0,8190,4,32.77,63.97,1004.27,5.8,1,HIGH
2026-09-13T17:17:36.094+08:00,RUN_20260913_171419,190,398709,SESSION_002,0,0,8190,4,32.77,64.04,1004.27,5.8,1,HIGH
2026-09-13T17:17:37.279+08:00,RUN_20260913_171419,191,399894,SESSION_002,0,1,8190,4,32.77,63.94,1004.27,5.8,1,HIGH
2026-09-13T17:17:38.284+08:00,RUN_20260913_171419,192,400899,SESSION_002,0,0,8190,4,32.77,63.99,1004.27,5.8,1,HIGH
2026-09-13T17:17:39.289+08:00,RUN_20260913_171419,193,401904,SESSION_002,0,0,8190,4,32.77,64.08,1004.26,5.8,1,HIGH
2026-09-13T17:17:40.294+08:00,RUN_20260913_171419,194,402909,SESSION_002,0,0,8190,4,32.77,64.32,1004.26,5.8,1,HIGH
2026-09-13T17:17:41.299+08:00,RUN_20260913_171419,195,403914,SESSION_002,1,1,8190,4,32.77,64.54,1004.26,5.8,1,HIGH
2026-09-13T17:17:42.304+08:00,RUN_20260913_171419,196,404919,SESSION_002,1,0,1185,0,32.77,64.54,1004.26,5.8,1,HIGH
2026-09-13T17:17:43.309+08:00,RUN_20260913_171419,197,405924,SESSION_002,0,0,8190,4,32.77,64.60,1004.26,5.8,1,HIGH
2026-09-13T17:17:44.132+08:00,RUN_20260913_171419,198,406747,SESSION_002,0,0,8190,4,32.77,64.58,1004.27,5.8,1,HIGH
2026-09-13T17:17:45.317+08:00,RUN_20260913_171419,199,407932,SESSION_002,0,1,8190,4,32.77,64.52,1004.27,5.8,1,HIGH
2026-09-13T17:17:46.322+08:00,RUN_20260913_171419,200,408937,SESSION_002,0,0,444,0,32.77,64.33,1004.27,6.7,1,HIGH
2026-09-13T17:17:47.327+08:00,RUN_20260913_171419,201,409942,SESSION_002,0,0,8191,2,32.77,64.29,1004.27,6.7,1,HIGH
2026-09-13T17:17:48.332+08:00,RUN_20260913_171419,202,410947,SESSION_002,0,1,8191,2,32.77,64.33,1004.27,6.7,1,HIGH
2026-09-13T17:17:49.337+08:00,RUN_20260913_171419,203,411952,SESSION_002,0,0,8190,4,32.78,64.22,1004.27,6.7,1,HIGH
2026-09-13T17:17:50.342+08:00,RUN_20260913_171419,204,412957,SESSION_002,0,0,378,0,32.78,64.21,1004.27,5.8,1,HIGH
2026-09-13T17:17:51.347+08:00,RUN_20260913_171419,205,413962,SESSION_002,1,0,8190,4,32.78,64.16,1004.27,6.7,1,HIGH
2026-09-13T17:17:52.352+08:00,RUN_20260913_171419,206,414967,SESSION_002,1,1,8190,4,32.78,64.23,1004.27,6.7,1,HIGH
2026-09-13T17:17:53.175+08:00,RUN_20260913_171419,207,415790,SESSION_002,1,0,8190,4,32.78,64.17,1004.27,7.5,1,HIGH
2026-09-13T17:17:54.360+08:00,RUN_20260913_171419,208,416975,SESSION_002,1,0,8190,4,32.78,64.25,1004.27,7.5,1,HIGH
2026-09-13T17:17:55.365+08:00,RUN_20260913_171419,209,417980,SESSION_002,1,0,8190,4,32.78,64.19,1004.27,6.7,1,HIGH
2026-09-13T17:17:56.370+08:00,RUN_20260913_171419,210,418985,SESSION_002,1,0,434,0,32.78,64.19,1004.27,5.8,1,HIGH
2026-09-13T17:17:57.193+08:00,RUN_20260913_171419,211,419808,SESSION_002,1,0,8190,4,32.78,64.22,1004.27,6.7,1,HIGH
2026-09-13T17:17:58.378+08:00,RUN_20260913_171419,212,420993,SESSION_002,0,1,573,0,32.78,64.23,1004.27,5.8,1,HIGH
2026-09-13T17:17:59.383+08:00,RUN_20260913_171419,213,421998,SESSION_002,1,1,631,0,32.78,63.99,1004.27,6.7,1,HIGH
2026-09-13T17:18:00.388+08:00,RUN_20260913_171419,214,423003,SESSION_002,1,0,413,0,32.78,63.99,1004.27,5.8,1,HIGH
2026-09-13T17:18:01.393+08:00,RUN_20260913_171419,215,424008,SESSION_002,1,0,8191,2,32.78,64.04,1004.27,5.8,1,HIGH
2026-09-13T17:18:02.216+08:00,RUN_20260913_171419,216,424831,SESSION_002,0,1,8190,4,32.78,64.19,1004.27,5.8,1,HIGH
2026-09-13T17:18:03.401+08:00,RUN_20260913_171419,217,426016,SESSION_002,0,0,640,0,32.78,64.21,1004.27,5.8,1,HIGH
2026-09-13T17:18:04.406+08:00,RUN_20260913_171419,218,427021,SESSION_002,0,0,588,0,32.78,64.22,1004.27,5.8,1,HIGH
2026-09-13T17:18:05.411+08:00,RUN_20260913_171419,219,428026,SESSION_002,0,0,488,0,32.78,64.15,1004.27,5.8,1,HIGH
2026-09-13T17:18:06.416+08:00,RUN_20260913_171419,220,429031,SESSION_002,0,0,8190,4,32.78,64.17,1004.27,5.8,1,HIGH
2026-09-13T17:18:07.421+08:00,RUN_20260913_171419,221,430036,SESSION_002,0,0,8191,2,32.78,64.28,1004.27,6.7,1,HIGH
2026-09-13T17:18:08.244+08:00,RUN_20260913_171419,222,430859,SESSION_002,1,0,8190,4,32.78,64.27,1004.27,6.7,1,HIGH
2026-09-13T17:18:09.247+08:00,RUN_20260913_171419,223,431862,SESSION_002,0,0,8190,4,32.78,64.21,1004.27,6.7,1,HIGH
2026-09-13T17:18:10.250+08:00,RUN_20260913_171419,224,432865,SESSION_002,0,1,8190,4,32.78,64.13,1004.27,6.7,1,HIGH
2026-09-13T17:18:11.435+08:00,RUN_20260913_171419,225,434050,SESSION_002,1,1,8190,4,32.78,64.13,1004.27,6.7,1,HIGH
2026-09-13T17:18:12.258+08:00,RUN_20260913_171419,226,434873,SESSION_002,0,0,8190,4,32.78,64.10,1004.27,6.7,1,HIGH
2026-09-13T17:18:13.443+08:00,RUN_20260913_171419,227,436058,SESSION_002,0,0,8190,4,32.78,64.16,1004.27,6.7,1,HIGH
2026-09-13T17:18:14.448+08:00,RUN_20260913_171419,228,437063,SESSION_002,1,0,8191,2,32.78,64.15,1004.27,6.7,1,HIGH
2026-09-13T17:18:15.271+08:00,RUN_20260913_171419,229,437886,SESSION_002,1,1,8190,4,32.78,64.07,1004.27,6.7,1,HIGH
2026-09-13T17:18:16.456+08:00,RUN_20260913_171419,230,439071,SESSION_002,0,0,8191,2,32.78,64.13,1004.27,6.7,1,HIGH
2026-09-13T17:18:17.461+08:00,RUN_20260913_171419,231,440076,SESSION_002,0,0,8190,4,32.78,64.07,1004.27,6.7,1,HIGH
2026-09-13T17:18:18.466+08:00,RUN_20260913_171419,232,441081,SESSION_002,1,0,8191,2,32.78,64.09,1004.27,6.7,1,HIGH
2026-09-13T17:18:19.471+08:00,RUN_20260913_171419,233,442086,SESSION_002,0,0,8190,4,32.78,64.29,1004.27,6.7,1,HIGH
2026-09-13T17:18:20.476+08:00,RUN_20260913_171419,234,443091,SESSION_002,0,1,8191,2,32.79,64.20,1004.27,6.7,1,HIGH
2026-09-13T17:18:21.481+08:00,RUN_20260913_171419,235,444096,SESSION_002,1,0,8191,2,32.79,64.25,1004.27,6.7,1,HIGH
2026-09-13T17:18:22.486+08:00,RUN_20260913_171419,236,445101,SESSION_002,1,0,8191,2,32.79,64.38,1004.27,6.7,1,HIGH
2026-09-13T17:18:23.491+08:00,RUN_20260913_171419,237,446106,SESSION_002,1,1,8191,2,32.79,64.52,1004.27,6.7,1,HIGH
2026-09-13T17:18:24.496+08:00,RUN_20260913_171419,238,447111,SESSION_002,1,0,8191,2,32.79,64.63,1004.27,6.7,1,HIGH
2026-09-13T17:18:25.501+08:00,RUN_20260913_171419,239,448116,SESSION_002,1,0,8190,4,32.79,64.65,1004.27,5.8,1,HIGH
2026-09-13T17:18:26.506+08:00,RUN_20260913_171419,240,449121,SESSION_002,1,0,8191,2,32.79,64.60,1004.27,6.7,1,HIGH
2026-09-13T17:18:27.511+08:00,RUN_20260913_171419,241,450126,SESSION_002,1,1,8191,2,32.79,64.69,1004.27,5.8,1,HIGH
2026-09-13T17:18:28.516+08:00,RUN_20260913_171419,242,451131,SESSION_002,1,1,8191,2,32.79,64.64,1004.27,5.8,1,HIGH
2026-09-13T17:18:29.521+08:00,RUN_20260913_171419,243,452136,SESSION_002,0,1,8190,4,32.79,64.70,1004.27,6.7,1,HIGH
2026-09-13T17:18:30.526+08:00,RUN_20260913_171419,244,453141,SESSION_002,0,0,8191,2,32.79,65.04,1004.27,6.7,1,HIGH
2026-09-13T17:18:31.531+08:00,RUN_20260913_171419,245,454146,SESSION_002,0,0,8190,4,32.79,65.03,1004.27,5.8,1,HIGH
2026-09-13T17:18:32.536+08:00,RUN_20260913_171419,246,455151,SESSION_002,0,0,8191,2,32.79,64.97,1004.26,5.8,1,HIGH
2026-09-13T17:18:33.541+08:00,RUN_20260913_171419,247,456156,SESSION_002,1,1,8191,2,32.79,64.84,1004.26,5.8,1,HIGH
2026-09-13T17:18:34.546+08:00,RUN_20260913_171419,248,457161,SESSION_002,1,1,8191,2,32.79,64.83,1004.27,6.7,1,HIGH
2026-09-13T17:18:35.551+08:00,RUN_20260913_171419,249,458166,SESSION_002,1,1,8190,4,32.79,64.76,1004.26,6.7,1,HIGH
2026-09-13T17:18:36.556+08:00,RUN_20260913_171419,250,459171,SESSION_002,0,1,8191,2,32.79,64.81,1004.26,6.7,1,HIGH
2026-09-13T17:18:37.561+08:00,RUN_20260913_171419,251,460176,SESSION_002,0,1,8191,2,32.79,64.82,1004.26,6.7,1,HIGH
2026-09-13T17:18:38.566+08:00,RUN_20260913_171419,252,461181,SESSION_002,1,1,8191,2,32.80,65.01,1004.27,6.7,1,HIGH
2026-09-13T17:18:39.571+08:00,RUN_20260913_171419,253,462186,SESSION_002,0,1,8191,2,32.80,65.07,1004.27,6.7,1,HIGH
2026-09-13T17:18:40.576+08:00,RUN_20260913_171419,254,463191,SESSION_002,1,1,8191,2,32.80,65.26,1004.27,6.7,1,HIGH
2026-09-13T17:18:41.581+08:00,RUN_20260913_171419,255,464196,SESSION_002,1,1,8191,2,32.80,65.35,1004.27,6.7,1,HIGH
2026-09-13T17:18:42.586+08:00,RUN_20260913_171419,256,465201,SESSION_002,1,1,8190,4,32.80,65.36,1004.27,6.7,1,HIGH
2026-09-13T17:18:43.409+08:00,RUN_20260913_171419,257,466024,SESSION_002,1,1,8190,4,32.80,65.31,1004.27,6.7,1,HIGH
2026-09-13T17:18:44.412+08:00,RUN_20260913_171419,258,467027,SESSION_002,0,0,8190,4,32.80,65.39,1004.27,7.5,1,HIGH
2026-09-13T17:18:45.415+08:00,RUN_20260913_171419,259,468030,SESSION_002,0,0,8190,4,32.80,65.73,1004.27,7.5,1,HIGH
2026-09-13T17:18:46.600+08:00,RUN_20260913_171419,260,469215,SESSION_002,0,0,8190,4,32.80,65.61,1004.27,6.7,1,HIGH
2026-09-13T17:18:47.605+08:00,RUN_20260913_171419,261,470220,SESSION_002,0,0,8191,2,32.80,65.48,1004.27,6.7,1,HIGH
2026-09-13T17:18:48.428+08:00,RUN_20260913_171419,262,471043,SESSION_002,0,0,8190,4,32.80,65.49,1004.27,7.5,1,HIGH
2026-09-13T17:18:49.431+08:00,RUN_20260913_171419,263,472046,SESSION_002,0,0,8190,4,32.80,65.51,1004.27,7.5,1,HIGH
2026-09-13T17:18:50.616+08:00,RUN_20260913_171419,264,473231,SESSION_002,0,0,8190,4,32.80,65.45,1004.27,6.7,1,HIGH
2026-09-13T17:18:51.621+08:00,RUN_20260913_171419,265,474236,SESSION_002,1,0,8190,4,32.80,65.37,1004.27,6.7,1,HIGH
2026-09-13T17:18:52.444+08:00,RUN_20260913_171419,266,475059,SESSION_002,1,0,8190,4,32.80,65.36,1004.27,7.5,1,HIGH
2026-09-13T17:18:53.629+08:00,RUN_20260913_171419,267,476244,SESSION_002,1,0,8190,4,32.80,65.28,1004.27,6.7,1,HIGH
2026-09-13T17:18:54.634+08:00,RUN_20260913_171419,268,477249,SESSION_002,1,0,664,0,32.80,65.28,1004.26,5.8,1,HIGH
2026-09-13T17:18:55.639+08:00,RUN_20260913_171419,269,478254,SESSION_002,0,0,8190,4,32.81,65.28,1004.26,6.7,1,HIGH
2026-09-13T17:18:56.644+08:00,RUN_20260913_171419,270,479259,SESSION_002,0,0,8190,4,32.81,65.26,1004.26,5.8,1,HIGH
2026-09-13T17:18:57.649+08:00,RUN_20260913_171419,271,480264,SESSION_002,0,0,8191,2,32.81,65.25,1004.26,5.8,1,HIGH
2026-09-13T17:18:58.654+08:00,RUN_20260913_171419,272,481269,SESSION_002,0,0,8190,4,32.81,65.13,1004.27,6.7,1,HIGH
2026-09-13T17:18:59.659+08:00,RUN_20260913_171419,273,482274,SESSION_002,0,0,8190,4,32.81,64.95,1004.27,6.7,1,HIGH
2026-09-13T17:19:00.664+08:00,RUN_20260913_171419,274,483279,SESSION_002,0,0,8190,4,32.81,64.99,1004.27,6.7,1,HIGH
2026-09-13T17:19:01.669+08:00,RUN_20260913_171419,275,484284,SESSION_002,0,0,8191,2,32.81,64.90,1004.27,6.7,1,HIGH
2026-09-13T17:19:02.674+08:00,RUN_20260913_171419,276,485289,SESSION_002,0,0,8190,4,32.81,64.88,1004.27,6.7,1,HIGH
2026-09-13T17:19:03.497+08:00,RUN_20260913_171419,277,486112,SESSION_002,0,0,8190,4,32.81,64.86,1004.27,6.7,1,HIGH
2026-09-13T17:19:04.682+08:00,RUN_20260913_171419,278,487297,SESSION_002,0,0,565,0,32.81,64.89,1004.27,6.7,1,HIGH
2026-09-13T17:19:05.687+08:00,RUN_20260913_171419,279,488302,SESSION_002,0,0,412,0,32.81,64.81,1004.27,5.0,1,HIGH
2026-09-13T17:19:06.692+08:00,RUN_20260913_171419,280,489307,SESSION_002,0,0,8191,2,32.81,64.76,1004.27,5.0,1,HIGH
2026-09-13T17:19:07.697+08:00,RUN_20260913_171419,281,490312,SESSION_002,0,0,8191,2,32.81,64.86,1004.27,4.2,1,HIGH
2026-09-13T17:19:08.702+08:00,RUN_20260913_171419,282,491317,SESSION_002,0,0,8191,2,32.81,64.76,1004.27,5.0,1,HIGH
2026-09-13T17:19:09.707+08:00,RUN_20260913_171419,283,492322,SESSION_002,0,0,8191,2,32.81,64.72,1004.27,5.8,1,HIGH
2026-09-13T17:19:10.712+08:00,RUN_20260913_171419,284,493327,SESSION_002,1,0,8190,4,32.81,64.71,1004.27,6.7,1,HIGH
2026-09-13T17:19:11.717+08:00,RUN_20260913_171419,285,494332,SESSION_002,1,1,8191,2,32.81,64.67,1004.28,6.7,1,HIGH
2026-09-13T17:19:12.722+08:00,RUN_20260913_171419,286,495337,SESSION_002,0,1,8190,4,32.81,64.63,1004.28,6.7,1,HIGH
2026-09-13T17:19:13.727+08:00,RUN_20260913_171419,287,496342,SESSION_002,0,0,8190,4,32.81,64.63,1004.28,6.7,1,HIGH
2026-09-13T17:19:14.732+08:00,RUN_20260913_171419,288,497347,SESSION_002,1,0,525,0,32.81,64.62,1004.28,6.7,1,HIGH
2026-09-13T17:19:15.737+08:00,RUN_20260913_171419,289,498352,SESSION_002,0,0,682,0,32.81,64.69,1004.28,5.8,1,HIGH
2026-09-13T17:19:16.742+08:00,RUN_20260913_171419,290,499357,SESSION_002,0,0,8190,4,32.82,64.88,1004.28,6.7,1,HIGH
2026-09-13T17:19:17.565+08:00,RUN_20260913_171419,291,500180,SESSION_002,0,0,8190,4,32.82,64.87,1004.28,5.8,1,HIGH
2026-09-13T17:19:18.750+08:00,RUN_20260913_171419,292,501365,SESSION_002,1,0,8191,2,32.82,64.87,1004.28,5.0,1,HIGH
2026-09-13T17:19:19.755+08:00,RUN_20260913_171419,293,502370,SESSION_002,1,0,8191,2,32.82,64.76,1004.28,5.0,1,HIGH
2026-09-13T17:19:20.760+08:00,RUN_20260913_171419,294,503375,SESSION_002,0,1,8191,2,32.82,64.82,1004.28,5.0,1,HIGH
2026-09-13T17:19:21.765+08:00,RUN_20260913_171419,295,504380,SESSION_002,0,0,498,0,32.82,64.71,1004.28,5.0,1,HIGH
2026-09-13T17:19:22.770+08:00,RUN_20260913_171419,296,505385,SESSION_002,1,1,8191,2,32.82,64.81,1004.28,5.8,1,HIGH
2026-09-13T17:19:23.593+08:00,RUN_20260913_171419,297,506208,SESSION_002,0,1,8190,4,32.82,64.82,1004.28,6.7,1,HIGH
2026-09-13T17:19:24.778+08:00,RUN_20260913_171419,298,507393,SESSION_002,0,1,8191,2,32.82,64.73,1004.27,6.7,1,HIGH
2026-09-13T17:19:25.783+08:00,RUN_20260913_171419,299,508398,SESSION_002,0,0,8191,2,32.82,64.71,1004.28,6.7,1,HIGH
2026-09-13T17:19:26.606+08:00,RUN_20260913_171419,300,509221,SESSION_002,0,0,8190,4,32.82,64.61,1004.28,6.7,1,HIGH
2026-09-13T17:19:27.791+08:00,RUN_20260913_171419,301,510406,SESSION_002,0,0,8190,4,32.82,64.55,1004.28,6.7,1,HIGH
2026-09-13T17:19:28.796+08:00,RUN_20260913_171419,302,511411,SESSION_002,0,0,8190,4,32.82,64.56,1004.28,6.7,1,HIGH
2026-09-13T17:19:29.801+08:00,RUN_20260913_171419,303,512416,SESSION_002,1,1,8190,4,32.82,64.63,1004.28,5.8,1,HIGH
2026-09-13T17:19:30.806+08:00,RUN_20260913_171419,304,513421,SESSION_002,0,1,8190,4,32.82,64.61,1004.28,5.0,1,HIGH
2026-09-13T17:19:31.811+08:00,RUN_20260913_171419,305,514426,SESSION_002,0,0,350,0,32.82,64.52,1004.28,5.0,1,HIGH
2026-09-13T17:19:32.816+08:00,RUN_20260913_171419,306,515431,SESSION_002,0,0,8191,2,32.82,64.67,1004.28,6.7,1,HIGH
2026-09-13T17:19:33.821+08:00,RUN_20260913_171419,307,516436,SESSION_002,0,0,8190,4,32.82,64.75,1004.28,6.7,1,HIGH
2026-09-13T17:19:34.826+08:00,RUN_20260913_171419,308,517441,SESSION_002,1,1,8190,4,32.82,64.83,1004.28,6.7,1,HIGH
2026-09-13T17:19:35.831+08:00,RUN_20260913_171419,309,518446,SESSION_002,0,0,8190,4,32.82,64.81,1004.28,6.7,1,HIGH
2026-09-13T17:19:36.836+08:00,RUN_20260913_171419,310,519451,SESSION_002,0,0,805,0,32.82,64.80,1004.28,5.0,1,HIGH
2026-09-13T17:19:37.841+08:00,RUN_20260913_171419,311,520456,SESSION_002,1,0,8190,4,32.82,64.70,1004.28,6.7,1,HIGH
2026-09-13T17:19:38.664+08:00,RUN_20260913_171419,312,521279,SESSION_002,1,1,8190,4,32.82,64.68,1004.28,6.7,1,HIGH
2026-09-13T17:19:39.667+08:00,RUN_20260913_171419,313,522282,SESSION_002,0,0,8190,4,32.82,64.63,1004.28,6.7,1,HIGH
2026-09-13T17:19:40.852+08:00,RUN_20260913_171419,314,523467,SESSION_002,0,0,8190,4,32.82,64.63,1004.28,6.7,1,HIGH
2026-09-13T17:19:41.857+08:00,RUN_20260913_171419,315,524472,SESSION_002,0,0,8190,4,32.82,64.67,1004.28,6.7,1,HIGH
2026-09-13T17:19:42.680+08:00,RUN_20260913_171419,316,525295,SESSION_002,0,1,8190,4,32.82,64.69,1004.28,6.7,1,HIGH
2026-09-13T17:19:43.683+08:00,RUN_20260913_171419,317,526298,SESSION_002,0,1,8190,4,32.82,64.68,1004.28,6.7,1,HIGH
2026-09-13T17:19:44.868+08:00,RUN_20260913_171419,318,527483,SESSION_002,0,1,8190,4,32.82,64.77,1004.28,6.7,1,HIGH
2026-09-13T17:19:45.691+08:00,RUN_20260913_171419,319,528306,SESSION_002,0,1,8190,4,32.82,64.76,1004.28,6.7,1,HIGH
2026-09-13T17:19:46.876+08:00,RUN_20260913_171419,320,529491,SESSION_002,0,1,8191,2,32.82,64.78,1004.28,6.7,1,HIGH
2026-09-13T17:19:47.699+08:00,RUN_20260913_171419,321,530314,SESSION_002,0,0,8190,4,32.82,64.68,1004.28,6.7,1,HIGH
2026-09-13T17:19:48.884+08:00,RUN_20260913_171419,322,531499,SESSION_002,1,0,8190,4,32.82,64.64,1004.28,6.7,1,HIGH
2026-09-13T17:19:49.889+08:00,RUN_20260913_171419,323,532504,SESSION_002,1,0,8190,4,32.82,64.63,1004.28,6.7,1,HIGH
2026-09-13T17:19:50.894+08:00,RUN_20260913_171419,324,533509,SESSION_002,0,0,8190,4,32.82,64.70,1004.28,6.7,1,HIGH
2026-09-13T17:19:51.717+08:00,RUN_20260913_171419,325,534332,SESSION_002,0,1,8190,4,32.82,64.70,1004.29,6.7,1,HIGH
2026-09-13T17:19:52.902+08:00,RUN_20260913_171419,326,535517,SESSION_002,1,1,8190,4,32.82,64.70,1004.29,6.7,1,HIGH
2026-09-13T17:19:53.907+08:00,RUN_20260913_171419,327,536522,SESSION_002,1,0,8191,2,32.82,64.68,1004.30,6.7,1,HIGH
2026-09-13T17:19:54.912+08:00,RUN_20260913_171419,328,537527,SESSION_002,0,0,8191,2,32.82,64.58,1004.30,6.7,1,HIGH
2026-09-13T17:19:55.917+08:00,RUN_20260913_171419,329,538532,SESSION_002,0,0,8190,4,32.82,64.68,1004.30,6.7,1,HIGH
2026-09-13T17:19:56.740+08:00,RUN_20260913_171419,330,539355,SESSION_002,1,0,8190,4,32.82,64.69,1004.30,6.7,1,HIGH
2026-09-13T17:19:57.925+08:00,RUN_20260913_171419,331,540540,SESSION_002,1,1,8190,4,32.82,64.68,1004.30,6.7,1,HIGH
2026-09-13T17:19:58.930+08:00,RUN_20260913_171419,332,541545,SESSION_002,0,0,8190,4,32.82,64.63,1004.30,6.7,1,HIGH
2026-09-13T17:19:59.935+08:00,RUN_20260913_171419,333,542550,SESSION_002,0,0,8190,4,32.82,64.62,1004.31,6.7,1,HIGH
2026-09-13T17:20:00.758+08:00,RUN_20260913_171419,334,543373,SESSION_002,1,1,8190,4,32.82,64.63,1004.30,6.7,1,HIGH
2026-09-13T17:20:01.943+08:00,RUN_20260913_171419,335,544558,SESSION_002,0,0,8191,2,32.82,64.67,1004.30,6.7,1,HIGH
2026-09-13T17:20:02.948+08:00,RUN_20260913_171419,336,545563,SESSION_002,0,0,759,0,32.82,64.69,1004.30,6.7,1,HIGH
2026-09-13T17:20:03.953+08:00,RUN_20260913_171419,337,546568,SESSION_002,1,0,8190,4,32.82,64.66,1004.30,6.7,1,HIGH
2026-09-13T17:20:04.958+08:00,RUN_20260913_171419,338,547573,SESSION_002,0,0,599,0,32.82,64.57,1004.30,6.7,1,HIGH
2026-09-13T17:20:05.963+08:00,RUN_20260913_171419,339,548578,SESSION_002,0,0,749,0,32.82,64.68,1004.30,6.7,1,HIGH
2026-09-13T17:20:06.968+08:00,RUN_20260913_171419,340,549583,SESSION_002,0,0,752,0,32.82,64.67,1004.30,6.7,1,HIGH
2026-09-13T17:20:07.973+08:00,RUN_20260913_171419,341,550588,SESSION_002,1,0,740,0,32.82,64.69,1004.30,6.7,1,HIGH
2026-09-13T17:20:08.978+08:00,RUN_20260913_171419,342,551593,SESSION_002,0,0,8191,2,32.82,64.66,1004.30,6.7,1,HIGH
2026-09-13T17:20:09.983+08:00,RUN_20260913_171419,343,552598,SESSION_002,0,0,8191,2,32.82,64.66,1004.30,6.7,1,HIGH
2026-09-13T17:20:10.806+08:00,RUN_20260913_171419,344,553421,SESSION_002,0,0,8190,4,32.82,64.61,1004.30,6.7,1,HIGH
2026-09-13T17:20:11.991+08:00,RUN_20260913_171419,345,554606,SESSION_002,0,0,8190,4,32.82,64.55,1004.30,6.7,1,HIGH
2026-09-13T17:20:12.996+08:00,RUN_20260913_171419,346,555611,SESSION_002,0,0,8190,4,32.82,64.60,1004.30,6.7,1,HIGH
2026-09-13T17:20:13.819+08:00,RUN_20260913_171419,347,556434,SESSION_002,0,0,8190,4,32.82,64.55,1004.30,6.7,1,HIGH
2026-09-13T17:20:15.004+08:00,RUN_20260913_171419,348,557619,SESSION_002,1,0,8190,4,32.82,64.54,1004.30,6.7,1,HIGH
2026-09-13T17:20:15.827+08:00,RUN_20260913_171419,349,558442,SESSION_002,0,0,8190,4,32.82,64.52,1004.30,6.7,1,HIGH
2026-09-13T17:20:17.012+08:00,RUN_20260913_171419,350,559627,SESSION_002,0,0,8190,4,32.83,64.52,1004.30,6.7,1,HIGH
2026-09-13T17:20:17.835+08:00,RUN_20260913_171419,351,560450,SESSION_002,0,0,8190,4,32.83,64.52,1004.31,6.7,1,HIGH
2026-09-13T17:20:19.020+08:00,RUN_20260913_171419,352,561635,SESSION_002,0,0,8191,2,32.83,64.49,1004.31,6.7,1,HIGH
2026-09-13T17:20:20.025+08:00,RUN_20260913_171419,353,562640,SESSION_002,1,0,8191,2,32.83,64.55,1004.31,6.7,1,HIGH
2026-09-13T17:20:21.030+08:00,RUN_20260913_171419,354,563645,SESSION_002,0,1,8190,4,32.83,64.54,1004.31,6.7,1,HIGH
2026-09-13T17:20:22.035+08:00,RUN_20260913_171419,355,564650,SESSION_002,0,1,8190,4,32.83,64.46,1004.31,6.7,1,HIGH
2026-09-13T17:20:22.858+08:00,RUN_20260913_171419,356,565473,SESSION_002,0,0,8190,4,32.83,64.48,1004.31,6.7,1,HIGH
2026-09-13T17:20:23.861+08:00,RUN_20260913_171419,357,566476,SESSION_002,0,0,8190,4,32.83,64.44,1004.30,6.7,1,HIGH
2026-09-13T17:20:25.046+08:00,RUN_20260913_171419,358,567661,SESSION_002,1,1,706,0,32.83,64.46,1004.30,6.7,1,HIGH
2026-09-13T17:20:26.051+08:00,RUN_20260913_171419,359,568666,SESSION_002,1,1,8191,2,32.83,64.54,1004.30,6.7,1,HIGH
2026-09-13T17:20:27.056+08:00,RUN_20260913_171419,360,569671,SESSION_002,1,0,8190,4,32.83,64.52,1004.31,6.7,1,HIGH
2026-09-13T17:20:28.061+08:00,RUN_20260913_171419,361,570676,SESSION_002,0,0,8190,4,32.83,64.43,1004.30,6.7,1,HIGH
2026-09-13T17:20:29.066+08:00,RUN_20260913_171419,362,571681,SESSION_002,0,0,8190,4,32.83,64.37,1004.30,6.7,1,HIGH
2026-09-13T17:20:30.071+08:00,RUN_20260913_171419,363,572686,SESSION_002,1,0,8190,4,32.83,64.35,1004.30,6.7,1,HIGH
2026-09-13T17:20:30.894+08:00,RUN_20260913_171419,364,573509,SESSION_002,0,0,8190,4,32.83,64.42,1004.30,6.7,1,HIGH
2026-09-13T17:20:32.079+08:00,RUN_20260913_171419,365,574694,SESSION_002,0,0,8191,2,32.83,64.41,1004.30,6.7,1,HIGH
2026-09-13T17:20:32.902+08:00,RUN_20260913_171419,366,575517,SESSION_002,1,0,8190,4,32.83,64.43,1004.30,6.7,1,HIGH
2026-09-13T17:20:34.087+08:00,RUN_20260913_171419,367,576702,SESSION_002,1,0,613,0,32.83,64.48,1004.30,6.7,1,HIGH
2026-09-13T17:20:35.092+08:00,RUN_20260913_171419,368,577707,SESSION_002,1,0,580,0,32.83,64.56,1004.30,5.8,1,HIGH
2026-09-13T17:20:36.097+08:00,RUN_20260913_171419,369,578712,SESSION_002,1,0,568,0,32.83,64.49,1004.30,5.8,1,HIGH
2026-09-13T17:20:37.102+08:00,RUN_20260913_171419,370,579717,SESSION_002,1,0,550,0,32.83,64.46,1004.29,6.7,1,HIGH
2026-09-13T17:20:38.107+08:00,RUN_20260913_171419,371,580722,SESSION_002,0,0,8191,2,32.83,64.55,1004.29,6.7,1,HIGH
2026-09-13T17:20:39.112+08:00,RUN_20260913_171419,372,581727,SESSION_002,1,0,8190,4,32.83,64.45,1004.29,7.5,1,HIGH
2026-09-13T17:20:39.935+08:00,RUN_20260913_171419,373,582550,SESSION_002,1,0,8190,4,32.83,64.54,1004.29,7.5,1,HIGH
2026-09-13T17:20:41.120+08:00,RUN_20260913_171419,374,583735,SESSION_002,1,0,8190,4,32.83,64.45,1004.29,7.5,1,HIGH
2026-09-13T17:20:41.943+08:00,RUN_20260913_171419,375,584558,SESSION_002,0,0,8190,4,32.83,64.49,1004.30,7.5,1,HIGH
2026-09-13T17:20:42.946+08:00,RUN_20260913_171419,376,585561,SESSION_002,0,0,8190,4,32.83,64.39,1004.29,7.5,1,HIGH
2026-09-13T17:20:44.131+08:00,RUN_20260913_171419,377,586746,SESSION_002,0,0,8190,4,32.83,64.36,1004.30,6.7,1,HIGH
2026-09-13T17:20:44.954+08:00,RUN_20260913_171419,378,587569,SESSION_002,0,0,8190,4,32.83,64.44,1004.30,7.5,1,HIGH
2026-09-13T17:20:46.139+08:00,RUN_20260913_171419,379,588754,SESSION_002,0,0,8190,4,32.83,64.37,1004.29,7.5,1,HIGH
2026-09-13T17:20:46.962+08:00,RUN_20260913_171419,380,589577,SESSION_002,0,0,8190,4,32.83,64.43,1004.29,7.5,1,HIGH
2026-09-13T17:20:48.147+08:00,RUN_20260913_171419,381,590762,SESSION_002,0,0,8190,4,32.83,64.41,1004.30,7.5,1,HIGH
2026-09-13T17:20:49.152+08:00,RUN_20260913_171419,382,591767,SESSION_002,0,0,8190,4,32.83,64.39,1004.29,7.5,1,HIGH
2026-09-13T17:20:49.975+08:00,RUN_20260913_171419,383,592590,SESSION_002,0,0,8190,4,32.83,64.42,1004.29,7.5,1,HIGH
2026-09-13T17:20:50.978+08:00,RUN_20260913_171419,384,593593,SESSION_002,0,0,8190,4,32.83,64.39,1004.29,7.5,1,HIGH
2026-09-13T17:20:52.163+08:00,RUN_20260913_171419,385,594778,SESSION_002,0,0,8190,4,32.83,64.38,1004.29,7.5,1,HIGH
2026-09-13T17:20:53.168+08:00,RUN_20260913_171419,386,595783,SESSION_002,0,0,8190,4,32.83,64.29,1004.29,7.5,1,HIGH
2026-09-13T17:20:53.991+08:00,RUN_20260913_171419,387,596606,SESSION_002,0,0,8190,4,32.83,64.35,1004.29,7.5,1,HIGH
2026-09-13T17:20:55.176+08:00,RUN_20260913_171419,388,597791,SESSION_002,0,0,8190,4,32.83,64.29,1004.28,6.7,1,HIGH
2026-09-13T17:20:56.181+08:00,RUN_20260913_171419,389,598796,SESSION_002,0,0,8190,4,32.83,64.36,1004.28,7.5,1,HIGH
2026-09-13T17:20:57.004+08:00,RUN_20260913_171419,390,599619,SESSION_002,0,0,8190,4,32.83,64.36,1004.28,7.5,1,HIGH
2026-09-13T17:20:58.007+08:00,RUN_20260913_171419,391,600622,SESSION_002,1,0,8190,4,32.83,64.30,1004.28,7.5,1,HIGH
2026-09-13T17:20:59.192+08:00,RUN_20260913_171419,392,601807,SESSION_002,0,0,8191,2,32.83,64.33,1004.28,7.5,1,HIGH
2026-09-13T17:21:00.015+08:00,RUN_20260913_171419,393,602630,SESSION_002,0,0,8190,4,32.83,64.31,1004.28,7.5,1,HIGH
2026-09-13T17:21:01.200+08:00,RUN_20260913_171419,394,603815,SESSION_002,1,0,8190,4,32.83,64.23,1004.28,6.7,1,HIGH
2026-09-13T17:21:02.205+08:00,RUN_20260913_171419,395,604820,SESSION_002,0,0,8191,2,32.83,64.29,1004.29,6.7,1,HIGH
2026-09-13T17:21:03.210+08:00,RUN_20260913_171419,396,605825,SESSION_002,0,0,443,0,32.83,64.26,1004.29,5.8,1,HIGH
2026-09-13T17:21:04.215+08:00,RUN_20260913_171419,397,606830,SESSION_002,1,0,8191,2,32.83,64.23,1004.29,5.8,1,HIGH
2026-09-13T17:21:05.220+08:00,RUN_20260913_171419,398,607835,SESSION_002,1,0,8190,4,32.83,64.29,1004.29,6.7,1,HIGH
2026-09-13T17:21:06.225+08:00,RUN_20260913_171419,399,608840,SESSION_002,0,1,8190,4,32.83,64.18,1004.29,6.7,1,HIGH
2026-09-13T17:21:07.230+08:00,RUN_20260913_171419,400,609845,SESSION_002,0,0,8190,4,32.83,64.18,1004.28,6.7,1,HIGH
2026-09-13T17:21:08.053+08:00,RUN_20260913_171419,401,610668,SESSION_002,0,0,8190,4,32.83,64.19,1004.28,6.7,1,HIGH
2026-09-13T17:21:09.056+08:00,RUN_20260913_171419,402,611671,SESSION_002,0,1,8190,4,32.83,64.24,1004.28,6.7,1,HIGH
2026-09-13T17:21:10.241+08:00,RUN_20260913_171419,403,612856,SESSION_002,0,0,8190,4,32.83,64.23,1004.28,6.7,1,HIGH
2026-09-13T17:21:11.246+08:00,RUN_20260913_171419,404,613861,SESSION_002,0,0,8190,4,32.83,64.21,1004.28,6.7,1,HIGH
2026-09-13T17:21:12.251+08:00,RUN_20260913_171419,405,614866,SESSION_002,0,1,8190,4,32.83,64.09,1004.29,6.7,1,HIGH
2026-09-13T17:21:13.256+08:00,RUN_20260913_171419,406,615871,SESSION_002,0,1,8190,4,32.83,64.07,1004.29,6.7,1,HIGH
2026-09-13T17:21:14.079+08:00,RUN_20260913_171419,407,616694,SESSION_002,0,1,8190,4,32.83,64.15,1004.29,6.7,1,HIGH
2026-09-13T17:21:15.264+08:00,RUN_20260913_171419,408,617879,SESSION_002,0,0,8190,4,32.83,64.18,1004.29,6.7,1,HIGH
2026-09-13T17:21:16.269+08:00,RUN_20260913_171419,409,618884,SESSION_002,0,0,8190,4,32.83,64.06,1004.28,5.8,1,HIGH
2026-09-13T17:21:17.274+08:00,RUN_20260913_171419,410,619889,SESSION_002,0,1,395,0,32.83,64.07,1004.28,6.7,1,HIGH
2026-09-13T17:21:18.279+08:00,RUN_20260913_171419,411,620894,SESSION_002,0,0,396,0,32.83,64.05,1004.28,6.7,1,HIGH
2026-09-13T17:21:19.284+08:00,RUN_20260913_171419,412,621899,SESSION_002,0,0,396,0,32.83,64.06,1004.28,6.7,1,HIGH
2026-09-13T17:21:20.289+08:00,RUN_20260913_171419,413,622904,SESSION_002,0,0,391,0,32.83,64.05,1004.28,6.7,1,HIGH
2026-09-13T17:21:21.294+08:00,RUN_20260913_171419,414,623909,SESSION_002,0,0,393,0,32.84,64.08,1004.29,6.7,1,HIGH
2026-09-13T17:21:22.299+08:00,RUN_20260913_171419,415,624914,SESSION_002,0,1,431,0,32.84,64.15,1004.29,5.8,1,HIGH
2026-09-13T17:21:23.304+08:00,RUN_20260913_171419,416,625919,SESSION_002,0,1,416,0,32.84,64.18,1004.29,5.8,1,HIGH
2026-09-13T17:21:24.309+08:00,RUN_20260913_171419,417,626924,SESSION_002,0,1,403,0,32.84,64.18,1004.29,5.8,1,HIGH
2026-09-13T17:21:25.314+08:00,RUN_20260913_171419,418,627929,SESSION_002,0,0,426,0,32.84,64.18,1004.29,5.8,1,HIGH
2026-09-13T17:21:26.319+08:00,RUN_20260913_171419,419,628934,SESSION_002,0,0,431,0,32.84,64.17,1004.29,5.8,1,HIGH
2026-09-13T17:21:27.324+08:00,RUN_20260913_171419,420,629939,SESSION_002,0,1,412,0,32.84,64.25,1004.30,5.8,1,HIGH
2026-09-13T17:21:28.329+08:00,RUN_20260913_171419,421,630944,SESSION_002,0,0,451,0,32.84,64.14,1004.30,5.8,1,HIGH
2026-09-13T17:21:29.334+08:00,RUN_20260913_171419,422,631949,SESSION_002,0,0,8190,4,32.84,64.14,1004.30,6.7,1,HIGH
2026-09-13T17:21:30.339+08:00,RUN_20260913_171419,423,632954,SESSION_002,0,1,8191,2,32.84,64.15,1004.30,5.8,1,HIGH
2026-09-13T17:21:31.344+08:00,RUN_20260913_171419,424,633959,SESSION_002,0,1,8191,2,32.84,64.13,1004.30,5.0,1,HIGH
2026-09-13T17:21:32.349+08:00,RUN_20260913_171419,425,634964,SESSION_002,0,0,8191,2,32.84,64.24,1004.29,5.0,1,HIGH
2026-09-13T17:21:33.354+08:00,RUN_20260913_171419,426,635969,SESSION_002,1,0,8191,2,32.84,64.21,1004.29,5.8,1,HIGH
2026-09-13T17:21:34.359+08:00,RUN_20260913_171419,427,636974,SESSION_002,0,1,8190,4,32.84,64.14,1004.30,5.8,1,HIGH
2026-09-13T17:21:35.364+08:00,RUN_20260913_171419,428,637979,SESSION_002,0,0,553,0,32.84,64.14,1004.29,5.8,1,HIGH
2026-09-13T17:21:36.369+08:00,RUN_20260913_171419,429,638984,SESSION_002,0,0,686,0,32.84,64.05,1004.29,6.7,1,HIGH
2026-09-13T17:21:37.374+08:00,RUN_20260913_171419,430,639989,SESSION_002,1,0,626,0,32.84,63.94,1004.29,5.8,1,HIGH
2026-09-13T17:21:38.379+08:00,RUN_20260913_171419,431,640994,SESSION_002,1,0,818,0,32.84,64.04,1004.29,5.0,1,HIGH
2026-09-13T17:21:39.384+08:00,RUN_20260913_171419,432,641999,SESSION_002,1,0,8191,2,32.84,63.93,1004.29,6.7,1,HIGH
2026-09-13T17:21:40.389+08:00,RUN_20260913_171419,433,643004,SESSION_002,0,0,8190,4,32.84,63.98,1004.29,5.8,1,HIGH
2026-09-13T17:21:41.394+08:00,RUN_20260913_171419,434,644009,SESSION_002,0,0,911,0,32.84,64.06,1004.29,5.0,1,HIGH
2026-09-13T17:21:42.399+08:00,RUN_20260913_171419,435,645014,SESSION_002,0,0,8191,2,32.84,64.09,1004.29,5.0,1,HIGH
2026-09-13T17:21:43.404+08:00,RUN_20260913_171419,436,646019,SESSION_002,0,0,8191,2,32.84,64.11,1004.29,4.2,1,HIGH
2026-09-13T17:21:44.409+08:00,RUN_20260913_171419,437,647024,SESSION_002,0,0,8191,2,32.84,64.00,1004.29,5.0,1,HIGH
2026-09-13T17:21:45.414+08:00,RUN_20260913_171419,438,648029,SESSION_002,0,0,686,0,32.85,63.99,1004.30,5.0,1,HIGH
2026-09-13T17:21:46.237+08:00,RUN_20260913_171419,439,648852,SESSION_002,1,0,8190,4,32.85,64.08,1004.30,6.7,1,HIGH
2026-09-13T17:21:47.240+08:00,RUN_20260913_171419,440,649855,SESSION_002,1,0,8190,4,32.85,63.99,1004.30,5.8,1,HIGH
2026-09-13T17:21:48.425+08:00,RUN_20260913_171419,441,651040,SESSION_002,1,1,8190,4,32.85,64.09,1004.30,5.8,1,HIGH
2026-09-13T17:21:49.248+08:00,RUN_20260913_171419,442,651863,SESSION_002,0,1,8190,4,32.85,64.12,1004.30,6.7,1,HIGH
2026-09-13T17:21:50.433+08:00,RUN_20260913_171419,443,653048,SESSION_002,0,1,8190,4,32.85,64.16,1004.30,6.7,1,HIGH
2026-09-13T17:21:51.438+08:00,RUN_20260913_171419,444,654053,SESSION_002,1,1,8190,4,32.85,64.14,1004.31,6.7,1,HIGH
2026-09-13T17:21:52.443+08:00,RUN_20260913_171419,445,655058,SESSION_002,0,0,8190,4,32.85,64.17,1004.31,6.7,1,HIGH
2026-09-13T17:21:53.266+08:00,RUN_20260913_171419,446,655881,SESSION_002,0,0,8190,4,32.85,64.45,1004.31,6.7,1,HIGH
2026-09-13T17:21:54.451+08:00,RUN_20260913_171419,447,657066,SESSION_002,1,1,8190,4,32.85,64.47,1004.31,6.7,1,HIGH
2026-09-13T17:21:55.456+08:00,RUN_20260913_171419,448,658071,SESSION_002,0,1,8191,2,32.85,64.43,1004.31,6.7,1,HIGH
2026-09-13T17:21:56.279+08:00,RUN_20260913_171419,449,658894,SESSION_002,0,1,8190,4,32.85,64.39,1004.31,6.7,1,HIGH
2026-09-13T17:21:57.464+08:00,RUN_20260913_171419,450,660079,SESSION_002,1,0,8191,2,32.85,64.31,1004.32,5.8,1,HIGH
2026-09-13T17:21:58.469+08:00,RUN_20260913_171419,451,661084,SESSION_002,1,0,8190,4,32.85,64.28,1004.32,6.7,1,HIGH
2026-09-13T17:21:59.474+08:00,RUN_20260913_171419,452,662089,SESSION_002,0,1,8191,2,32.85,64.29,1004.32,6.7,1,HIGH
2026-09-13T17:22:00.297+08:00,RUN_20260913_171419,453,662912,SESSION_002,0,1,8190,4,32.85,64.37,1004.32,6.7,1,HIGH
2026-09-13T17:22:01.482+08:00,RUN_20260913_171419,454,664097,SESSION_002,1,0,8190,4,32.85,64.38,1004.32,5.8,1,HIGH
2026-09-13T17:22:02.487+08:00,RUN_20260913_171419,455,665102,SESSION_002,1,0,8191,2,32.85,64.37,1004.32,6.7,1,HIGH
2026-09-13T17:22:03.492+08:00,RUN_20260913_171419,456,666107,SESSION_002,0,1,649,0,32.85,64.43,1004.32,6.7,1,HIGH
2026-09-13T17:22:04.497+08:00,RUN_20260913_171419,457,667112,SESSION_002,0,1,245,0,32.85,64.32,1004.32,5.8,1,HIGH
2026-09-13T17:22:05.502+08:00,RUN_20260913_171419,458,668117,SESSION_002,0,0,332,0,32.85,64.42,1004.32,6.7,1,HIGH
2026-09-13T17:22:06.507+08:00,RUN_20260913_171419,459,669122,SESSION_002,1,0,672,0,32.85,64.37,1004.32,6.7,1,HIGH
2026-09-13T17:22:07.512+08:00,RUN_20260913_171419,460,670127,SESSION_002,1,0,455,0,32.85,64.46,1004.32,6.7,1,HIGH
2026-09-13T17:22:08.517+08:00,RUN_20260913_171419,461,671132,SESSION_002,1,0,8191,2,32.85,64.30,1004.32,6.7,1,HIGH
2026-09-13T17:22:09.522+08:00,RUN_20260913_171419,462,672137,SESSION_002,0,0,8190,4,32.85,64.34,1004.32,5.8,1,HIGH
2026-09-13T17:22:10.527+08:00,RUN_20260913_171419,463,673142,SESSION_002,0,0,474,0,32.85,64.44,1004.32,5.0,1,HIGH
2026-09-13T17:22:11.532+08:00,RUN_20260913_171419,464,674147,SESSION_002,1,0,597,0,32.85,64.43,1004.32,5.0,1,HIGH
2026-09-13T17:22:12.537+08:00,RUN_20260913_171419,465,675152,SESSION_002,1,0,426,0,32.85,64.40,1004.31,5.8,1,HIGH
2026-09-13T17:22:13.360+08:00,RUN_20260913_171419,466,675975,SESSION_002,0,1,8190,4,32.85,64.37,1004.31,6.7,1,HIGH
2026-09-13T17:22:14.545+08:00,RUN_20260913_171419,467,677160,SESSION_002,0,1,8191,2,32.85,64.36,1004.31,6.7,1,HIGH
2026-09-13T17:22:15.550+08:00,RUN_20260913_171419,468,678165,SESSION_002,0,0,8191,2,32.85,64.29,1004.31,6.7,1,HIGH
2026-09-13T17:22:16.555+08:00,RUN_20260913_171419,469,679170,SESSION_002,0,0,8190,4,32.85,64.23,1004.31,6.7,1,HIGH
2026-09-13T17:22:17.560+08:00,RUN_20260913_171419,470,680175,SESSION_002,0,1,8190,4,32.85,64.14,1004.31,6.7,1,HIGH
2026-09-13T17:22:18.565+08:00,RUN_20260913_171419,471,681180,SESSION_002,0,1,486,0,32.85,64.08,1004.31,6.7,1,HIGH
2026-09-13T17:22:19.570+08:00,RUN_20260913_171419,472,682185,SESSION_002,0,0,473,0,32.85,63.99,1004.31,6.7,1,HIGH
2026-09-13T17:22:20.575+08:00,RUN_20260913_171419,473,683190,SESSION_002,0,0,478,0,32.85,63.95,1004.31,5.8,1,HIGH
2026-09-13T17:22:21.580+08:00,RUN_20260913_171419,474,684195,SESSION_002,1,1,8190,4,32.85,63.88,1004.30,5.8,1,HIGH
2026-09-13T17:22:22.403+08:00,RUN_20260913_171419,475,685018,SESSION_002,1,1,8190,4,32.85,63.92,1004.30,5.8,1,HIGH
2026-09-13T17:22:23.588+08:00,RUN_20260913_171419,476,686203,SESSION_002,1,0,8190,4,32.85,63.94,1004.30,5.8,1,HIGH
2026-09-13T17:22:24.411+08:00,RUN_20260913_171419,477,687026,SESSION_002,1,0,8190,4,32.85,64.02,1004.30,5.8,1,HIGH
2026-09-13T17:22:25.596+08:00,RUN_20260913_171419,478,688211,SESSION_002,0,0,8191,2,32.85,64.02,1004.30,5.8,1,HIGH
2026-09-13T17:22:26.601+08:00,RUN_20260913_171419,479,689216,SESSION_002,0,0,8191,2,32.85,64.05,1004.30,5.8,1,HIGH
2026-09-13T17:22:27.424+08:00,RUN_20260913_171419,480,690039,SESSION_002,0,0,8190,4,32.85,64.02,1004.30,5.8,1,HIGH
2026-09-13T17:22:28.609+08:00,RUN_20260913_171419,481,691224,SESSION_002,0,0,8191,2,32.85,64.02,1004.30,5.8,1,HIGH
2026-09-13T17:22:29.614+08:00,RUN_20260913_171419,482,692229,SESSION_002,1,0,8191,2,32.85,63.96,1004.30,5.8,1,HIGH
2026-09-13T17:22:30.437+08:00,RUN_20260913_171419,483,693052,SESSION_002,1,0,8190,4,32.85,63.95,1004.30,5.8,1,HIGH
2026-09-13T17:22:31.622+08:00,RUN_20260913_171419,484,694237,SESSION_002,0,1,8191,2,32.85,64.06,1004.30,5.8,1,HIGH
2026-09-13T17:22:32.627+08:00,RUN_20260913_171419,485,695242,SESSION_002,0,0,8191,2,32.85,63.99,1004.30,5.8,1,HIGH
2026-09-13T17:22:33.632+08:00,RUN_20260913_171419,486,696247,SESSION_002,1,0,8191,2,32.85,64.08,1004.30,5.0,1,HIGH
2026-09-13T17:22:34.637+08:00,RUN_20260913_171419,487,697252,SESSION_002,0,0,445,0,32.85,64.17,1004.31,5.8,1,HIGH
2026-09-13T17:22:35.460+08:00,RUN_20260913_171419,488,698075,SESSION_002,0,1,8190,4,32.85,64.83,1004.31,6.7,1,HIGH
2026-09-13T17:22:36.645+08:00,RUN_20260913_171419,489,699260,SESSION_002,0,1,8190,4,32.85,65.01,1004.31,6.7,1,HIGH
2026-09-13T17:22:37.468+08:00,RUN_20260913_171419,490,700083,SESSION_002,1,1,8190,4,32.85,64.93,1004.31,7.5,1,HIGH
2026-09-13T17:22:38.653+08:00,RUN_20260913_171419,491,701268,SESSION_002,0,0,8190,4,32.85,64.80,1004.31,6.7,1,HIGH
2026-09-13T17:22:39.658+08:00,RUN_20260913_171419,492,702273,SESSION_002,0,0,8191,2,32.85,64.68,1004.31,6.7,1,HIGH
2026-09-13T17:22:40.663+08:00,RUN_20260913_171419,493,703278,SESSION_002,0,0,8190,4,32.85,64.59,1004.31,6.7,1,HIGH
2026-09-13T17:22:41.668+08:00,RUN_20260913_171419,494,704283,SESSION_002,1,0,8190,4,32.85,64.65,1004.31,6.7,1,HIGH
2026-09-13T17:22:42.491+08:00,RUN_20260913_171419,495,705106,SESSION_002,0,0,8190,4,32.85,64.56,1004.31,6.7,1,HIGH
2026-09-13T17:22:43.676+08:00,RUN_20260913_171419,496,706291,SESSION_002,0,0,8191,2,32.85,64.61,1004.31,6.7,1,HIGH
2026-09-13T17:22:44.681+08:00,RUN_20260913_171419,497,707296,SESSION_002,1,0,8190,4,32.85,64.58,1004.31,6.7,1,HIGH
2026-09-13T17:22:45.504+08:00,RUN_20260913_171419,498,708119,SESSION_002,0,0,8190,4,32.85,64.59,1004.31,6.7,1,HIGH
2026-09-13T17:22:46.689+08:00,RUN_20260913_171419,499,709304,SESSION_002,0,0,8191,2,32.85,64.54,1004.31,6.7,1,HIGH
2026-09-13T17:22:47.694+08:00,RUN_20260913_171419,500,710309,SESSION_002,1,0,8190,4,32.85,64.53,1004.31,6.7,1,HIGH
2026-09-13T17:22:48.699+08:00,RUN_20260913_171419,501,711314,SESSION_002,1,0,8190,4,32.85,64.44,1004.31,6.7,1,HIGH
2026-09-13T17:22:49.522+08:00,RUN_20260913_171419,502,712137,SESSION_002,1,0,8190,4,32.85,64.52,1004.30,7.5,1,HIGH
2026-09-13T17:22:50.525+08:00,RUN_20260913_171419,503,713140,SESSION_002,1,0,8190,4,32.85,64.41,1004.30,6.7,1,HIGH
2026-09-13T17:22:51.710+08:00,RUN_20260913_171419,504,714325,SESSION_002,0,0,8191,2,32.85,64.38,1004.30,6.7,1,HIGH
2026-09-13T17:22:52.715+08:00,RUN_20260913_171419,505,715330,SESSION_002,0,0,8190,4,32.85,64.36,1004.30,6.7,1,HIGH
2026-09-13T17:22:53.538+08:00,RUN_20260913_171419,506,716153,SESSION_002,1,0,8190,4,32.85,64.46,1004.30,6.7,1,HIGH
2026-09-13T17:22:54.723+08:00,RUN_20260913_171419,507,717338,SESSION_002,0,0,8190,4,32.85,64.37,1004.30,6.7,1,HIGH
2026-09-13T17:22:55.546+08:00,RUN_20260913_171419,508,718161,SESSION_002,0,0,8190,4,32.85,64.46,1004.30,6.7,1,HIGH
2026-09-13T17:22:56.731+08:00,RUN_20260913_171419,509,719346,SESSION_002,0,0,8190,4,32.85,64.38,1004.30,6.7,1,HIGH
2026-09-13T17:22:57.554+08:00,RUN_20260913_171419,510,720169,SESSION_002,0,0,8190,4,32.85,64.36,1004.30,6.7,1,HIGH
2026-09-13T17:22:58.739+08:00,RUN_20260913_171419,511,721354,SESSION_002,0,0,8191,2,32.85,64.40,1004.30,6.7,1,HIGH
2026-09-13T17:22:59.562+08:00,RUN_20260913_171419,512,722177,SESSION_002,1,0,8190,4,32.85,64.38,1004.30,6.7,1,HIGH
2026-09-13T17:23:00.565+08:00,RUN_20260913_171419,513,723180,SESSION_002,0,0,8190,4,32.85,64.38,1004.30,6.7,1,HIGH
2026-09-13T17:23:01.568+08:00,RUN_20260913_171419,514,724183,SESSION_002,1,0,8190,4,32.85,64.29,1004.30,6.7,1,HIGH
2026-09-13T17:23:02.753+08:00,RUN_20260913_171419,515,725368,SESSION_002,1,0,8190,4,32.85,64.28,1004.30,6.7,1,HIGH
2026-09-13T17:23:03.758+08:00,RUN_20260913_171419,516,726373,SESSION_002,0,0,8191,2,32.85,64.35,1004.30,6.7,1,HIGH
2026-09-13T17:23:04.763+08:00,RUN_20260913_171419,517,727378,SESSION_002,0,0,500,0,32.85,64.28,1004.30,6.7,1,HIGH
2026-09-13T17:23:05.768+08:00,RUN_20260913_171419,518,728383,SESSION_002,1,0,466,0,32.85,64.37,1004.30,6.7,1,HIGH
2026-09-13T17:23:06.773+08:00,RUN_20260913_171419,519,729388,SESSION_002,1,1,478,0,32.85,64.25,1004.30,6.7,1,HIGH
2026-09-13T17:23:07.778+08:00,RUN_20260913_171419,520,730393,SESSION_002,0,1,8191,2,32.85,64.25,1004.30,5.8,1,HIGH
2026-09-13T17:23:08.783+08:00,RUN_20260913_171419,521,731398,SESSION_002,1,1,8191,2,32.85,64.31,1004.30,5.8,1,HIGH
2026-09-13T17:23:09.788+08:00,RUN_20260913_171419,522,732403,SESSION_002,0,0,8191,2,32.85,64.31,1004.30,5.8,1,HIGH
2026-09-13T17:23:10.793+08:00,RUN_20260913_171419,523,733408,SESSION_002,0,0,8190,4,32.85,64.31,1004.30,5.8,1,HIGH
2026-09-13T17:23:11.798+08:00,RUN_20260913_171419,524,734413,SESSION_002,0,1,8190,4,32.86,64.30,1004.30,5.8,1,HIGH
2026-09-13T17:23:12.621+08:00,RUN_20260913_171419,525,735236,SESSION_002,1,1,8190,4,32.86,64.21,1004.30,5.8,1,HIGH
2026-09-13T17:23:13.624+08:00,RUN_20260913_171419,526,736239,SESSION_002,1,0,8190,4,32.86,64.22,1004.30,5.8,1,HIGH
2026-09-13T17:23:14.627+08:00,RUN_20260913_171419,527,737242,SESSION_002,1,0,8190,4,32.86,64.30,1004.30,6.7,1,HIGH
2026-09-13T17:23:15.812+08:00,RUN_20260913_171419,528,738427,SESSION_002,1,0,8191,2,32.86,64.25,1004.30,6.7,1,HIGH
2026-09-13T17:23:16.817+08:00,RUN_20260913_171419,529,739432,SESSION_002,1,0,835,0,32.86,64.30,1004.29,6.7,1,HIGH
2026-09-13T17:23:17.822+08:00,RUN_20260913_171419,530,740437,SESSION_002,1,0,436,0,32.86,64.30,1004.29,5.0,1,HIGH
2026-09-13T17:23:18.827+08:00,RUN_20260913_171419,531,741442,SESSION_002,0,1,8190,4,32.86,64.40,1004.29,5.8,1,HIGH
2026-09-13T17:23:19.832+08:00,RUN_20260913_171419,532,742447,SESSION_002,0,1,8190,4,32.86,64.30,1004.29,6.7,1,HIGH
2026-09-13T17:23:20.837+08:00,RUN_20260913_171419,533,743452,SESSION_002,0,0,8190,4,32.86,64.22,1004.29,6.7,1,HIGH
2026-09-13T17:23:21.842+08:00,RUN_20260913_171419,534,744457,SESSION_002,0,0,8191,2,32.86,64.37,1004.29,6.7,1,HIGH
2026-09-13T17:23:22.665+08:00,RUN_20260913_171419,535,745280,SESSION_002,0,1,8190,4,32.86,64.33,1004.29,6.7,1,HIGH
2026-09-13T17:23:23.850+08:00,RUN_20260913_171419,536,746465,SESSION_002,0,0,663,0,32.86,64.31,1004.29,5.8,1,HIGH
2026-09-13T17:23:24.855+08:00,RUN_20260913_171419,537,747470,SESSION_002,0,0,657,0,32.86,64.38,1004.30,5.0,1,HIGH
2026-09-13T17:23:25.860+08:00,RUN_20260913_171419,538,748475,SESSION_002,0,0,669,0,32.86,64.36,1004.30,5.8,1,HIGH
2026-09-13T17:23:26.865+08:00,RUN_20260913_171419,539,749480,SESSION_002,0,1,8190,4,32.86,64.36,1004.30,6.7,1,HIGH
2026-09-13T17:23:27.870+08:00,RUN_20260913_171419,540,750485,SESSION_002,1,1,8191,2,32.86,64.37,1004.30,6.7,1,HIGH
2026-09-13T17:23:28.875+08:00,RUN_20260913_171419,541,751490,SESSION_002,1,0,8190,4,32.86,64.34,1004.30,6.7,1,HIGH
2026-09-13T17:23:29.698+08:00,RUN_20260913_171419,542,752313,SESSION_002,1,0,8190,4,32.86,64.22,1004.30,6.7,1,HIGH
2026-09-13T17:23:30.701+08:00,RUN_20260913_171419,543,753316,SESSION_002,0,0,8190,4,32.86,64.30,1004.30,6.7,1,HIGH
2026-09-13T17:23:31.886+08:00,RUN_20260913_171419,544,754501,SESSION_002,0,0,8191,2,32.86,64.18,1004.30,6.7,1,HIGH
2026-09-13T17:23:32.891+08:00,RUN_20260913_171419,545,755506,SESSION_002,0,0,8191,2,32.86,64.19,1004.31,6.7,1,HIGH
2026-09-13T17:23:33.896+08:00,RUN_20260913_171419,546,756511,SESSION_002,1,0,430,0,32.86,64.19,1004.31,5.0,1,HIGH
2026-09-13T17:23:34.719+08:00,RUN_20260913_171419,547,757334,SESSION_002,1,1,8190,4,32.86,64.17,1004.31,5.8,1,HIGH
2026-09-13T17:23:35.722+08:00,RUN_20260913_171419,548,758337,SESSION_002,0,1,8190,4,32.86,64.17,1004.31,6.7,1,HIGH
2026-09-13T17:23:36.725+08:00,RUN_20260913_171419,549,759340,SESSION_002,0,0,8190,4,32.86,64.13,1004.31,6.7,1,HIGH
2026-09-13T17:23:37.910+08:00,RUN_20260913_171419,550,760525,SESSION_002,0,0,8190,4,32.86,64.12,1004.31,6.7,1,HIGH
2026-09-13T17:23:38.915+08:00,RUN_20260913_171419,551,761530,SESSION_002,0,0,555,0,32.86,64.13,1004.31,5.8,1,HIGH
2026-09-13T17:23:39.920+08:00,RUN_20260913_171419,552,762535,SESSION_002,0,1,540,0,32.86,64.16,1004.32,5.0,1,HIGH
2026-09-13T17:23:40.925+08:00,RUN_20260913_171419,553,763540,SESSION_002,0,0,8191,2,32.86,64.01,1004.32,5.8,1,HIGH
2026-09-13T17:23:41.748+08:00,RUN_20260913_171419,554,764363,SESSION_002,0,0,8190,4,32.86,64.10,1004.32,6.7,1,HIGH
2026-09-13T17:23:42.933+08:00,RUN_20260913_171419,555,765548,SESSION_002,0,0,8190,4,32.86,64.11,1004.32,5.8,1,HIGH
2026-09-13T17:23:43.938+08:00,RUN_20260913_171419,556,766553,SESSION_002,0,0,8190,4,32.86,64.05,1004.32,5.8,1,HIGH
2026-09-13T17:23:44.943+08:00,RUN_20260913_171419,557,767558,SESSION_002,1,0,8190,4,32.86,64.18,1004.32,6.7,1,HIGH
2026-09-13T17:23:45.948+08:00,RUN_20260913_171419,558,768563,SESSION_002,1,0,8190,4,32.86,64.17,1004.32,6.7,1,HIGH
2026-09-13T17:23:46.953+08:00,RUN_20260913_171419,559,769568,SESSION_002,1,0,8190,4,32.86,64.17,1004.33,6.7,1,HIGH
2026-09-13T17:23:47.958+08:00,RUN_20260913_171419,560,770573,SESSION_002,0,0,8190,4,32.86,64.07,1004.33,6.7,1,HIGH
2026-09-13T17:23:48.781+08:00,RUN_20260913_171419,561,771396,SESSION_002,0,0,8190,4,32.86,64.17,1004.33,6.7,1,HIGH
2026-09-13T17:23:49.784+08:00,RUN_20260913_171419,562,772399,SESSION_002,1,0,8190,4,32.86,64.16,1004.33,6.7,1,HIGH
2026-09-13T17:23:50.969+08:00,RUN_20260913_171419,563,773584,SESSION_002,1,0,8190,4,32.86,64.13,1004.33,5.8,1,HIGH
2026-09-13T17:23:51.974+08:00,RUN_20260913_171419,564,774589,SESSION_002,0,0,782,0,32.86,64.05,1004.32,5.0,1,HIGH
2026-09-13T17:23:52.979+08:00,RUN_20260913_171419,565,775594,SESSION_002,0,0,732,0,32.86,64.10,1004.32,5.0,1,HIGH
2026-09-13T17:23:53.984+08:00,RUN_20260913_171419,566,776599,SESSION_002,1,0,718,0,32.86,64.12,1004.32,5.0,1,HIGH
2026-09-13T17:23:54.989+08:00,RUN_20260913_171419,567,777604,SESSION_002,0,0,722,0,32.86,64.12,1004.32,4.2,1,HIGH
2026-09-13T17:23:55.994+08:00,RUN_20260913_171419,568,778609,SESSION_002,0,0,690,0,32.86,64.03,1004.32,4.2,1,HIGH
2026-09-13T17:23:56.999+08:00,RUN_20260913_171419,569,779614,SESSION_002,0,0,8191,2,32.86,64.09,1004.31,5.0,1,HIGH
2026-09-13T17:23:58.004+08:00,RUN_20260913_171419,570,780619,SESSION_002,0,0,8191,2,32.86,64.07,1004.31,4.2,1,HIGH
2026-09-13T17:23:59.009+08:00,RUN_20260913_171419,571,781624,SESSION_002,0,0,8191,2,32.86,64.09,1004.31,4.2,1,HIGH
2026-09-13T17:24:00.014+08:00,RUN_20260913_171419,572,782629,SESSION_002,0,0,8191,2,32.86,64.07,1004.31,4.2,1,HIGH
2026-09-13T17:24:01.019+08:00,RUN_20260913_171419,573,783634,SESSION_002,0,0,8191,2,32.86,64.04,1004.30,5.0,1,HIGH
2026-09-13T17:24:02.024+08:00,RUN_20260913_171419,574,784639,SESSION_002,0,0,8191,2,32.86,64.05,1004.30,5.0,1,HIGH
2026-09-13T17:24:03.029+08:00,RUN_20260913_171419,575,785644,SESSION_002,0,0,8191,2,32.86,64.05,1004.30,5.0,1,HIGH
2026-09-13T17:24:04.034+08:00,RUN_20260913_171419,576,786649,SESSION_002,0,0,8191,2,32.86,63.97,1004.30,5.0,1,HIGH
2026-09-13T17:24:05.039+08:00,RUN_20260913_171419,577,787654,SESSION_002,0,0,8191,2,32.86,63.95,1004.30,5.0,1,HIGH
2026-09-13T17:24:06.044+08:00,RUN_20260913_171419,578,788659,SESSION_002,0,0,8191,2,32.86,63.97,1004.30,5.0,1,HIGH
2026-09-13T17:24:07.049+08:00,RUN_20260913_171419,579,789664,SESSION_002,1,0,564,0,32.86,63.97,1004.30,5.8,1,HIGH
2026-09-13T17:24:08.054+08:00,RUN_20260913_171419,580,790669,SESSION_002,1,1,8190,4,32.86,64.04,1004.30,5.8,1,HIGH
2026-09-13T17:24:09.059+08:00,RUN_20260913_171419,581,791674,SESSION_002,0,0,8190,4,32.86,64.05,1004.30,5.8,1,HIGH
2026-09-13T17:24:10.064+08:00,RUN_20260913_171419,582,792679,SESSION_002,0,0,8190,4,32.86,64.05,1004.30,5.8,1,HIGH
2026-09-13T17:24:11.069+08:00,RUN_20260913_171419,583,793684,SESSION_002,0,1,8190,4,32.86,64.07,1004.30,5.8,1,HIGH
2026-09-13T17:24:12.074+08:00,RUN_20260913_171419,584,794689,SESSION_002,0,1,8190,4,32.86,63.95,1004.30,5.8,1,HIGH
2026-09-13T17:24:13.079+08:00,RUN_20260913_171419,585,795694,SESSION_002,0,0,8191,2,32.86,64.03,1004.30,5.8,1,HIGH
2026-09-13T17:24:14.084+08:00,RUN_20260913_171419,586,796699,SESSION_002,0,0,509,0,32.86,64.12,1004.30,5.8,1,HIGH
2026-09-13T17:24:15.089+08:00,RUN_20260913_171419,587,797704,SESSION_002,1,1,447,0,32.86,64.30,1004.30,5.8,1,HIGH
2026-09-13T17:24:16.094+08:00,RUN_20260913_171419,588,798709,SESSION_002,0,0,421,0,32.86,64.35,1004.30,5.0,1,HIGH
2026-09-13T17:24:17.099+08:00,RUN_20260913_171419,589,799714,SESSION_002,0,0,521,0,32.86,64.28,1004.30,5.0,1,HIGH
2026-09-13T17:24:18.104+08:00,RUN_20260913_171419,590,800719,SESSION_002,0,1,422,0,32.86,64.30,1004.30,5.0,1,HIGH
2026-09-13T17:24:19.109+08:00,RUN_20260913_171419,591,801724,SESSION_002,0,1,8191,2,32.86,64.31,1004.30,5.0,1,HIGH
2026-09-13T17:24:20.114+08:00,RUN_20260913_171419,592,802729,SESSION_002,0,0,8191,2,32.86,64.30,1004.30,5.0,1,HIGH
2026-09-13T17:24:21.119+08:00,RUN_20260913_171419,593,803734,SESSION_002,0,0,8191,2,32.86,64.33,1004.30,5.0,1,HIGH
2026-09-13T17:24:22.124+08:00,RUN_20260913_171419,594,804739,SESSION_002,0,1,8191,2,32.86,64.47,1004.30,5.0,1,HIGH
2026-09-13T17:24:23.129+08:00,RUN_20260913_171419,595,805744,SESSION_002,0,1,8191,2,32.86,64.54,1004.30,5.0,1,HIGH
2026-09-13T17:24:24.134+08:00,RUN_20260913_171419,596,806749,SESSION_002,0,1,8191,2,32.86,64.65,1004.30,5.0,1,HIGH
2026-09-13T17:24:25.139+08:00,RUN_20260913_171419,597,807754,SESSION_002,1,1,8191,2,32.86,64.78,1004.30,5.0,1,HIGH
2026-09-13T17:24:26.144+08:00,RUN_20260913_171419,598,808759,SESSION_002,1,1,8191,2,32.86,64.76,1004.30,5.0,1,HIGH
2026-09-13T17:24:27.149+08:00,RUN_20260913_171419,599,809764,SESSION_002,1,1,8191,2,32.86,64.90,1004.30,5.0,1,HIGH
2026-09-13T17:24:28.154+08:00,RUN_20260913_171419,600,810769,SESSION_002,1,1,8191,2,32.86,65.10,1004.30,5.0,1,HIGH
2026-09-13T17:24:29.159+08:00,RUN_20260913_171419,601,811774,SESSION_002,1,1,8191,2,32.86,65.13,1004.31,5.0,1,HIGH
2026-09-13T17:24:30.164+08:00,RUN_20260913_171419,602,812779,SESSION_002,0,1,8191,2,32.86,65.09,1004.31,5.0,1,HIGH
2026-09-13T17:24:31.169+08:00,RUN_20260913_171419,603,813784,SESSION_002,0,1,8191,2,32.86,65.13,1004.30,5.0,1,HIGH
2026-09-13T17:24:32.174+08:00,RUN_20260913_171419,604,814789,SESSION_002,1,1,8191,2,32.86,65.07,1004.30,5.0,1,HIGH
2026-09-13T17:24:33.179+08:00,RUN_20260913_171419,605,815794,SESSION_002,1,1,8191,2,32.86,65.09,1004.30,5.0,1,HIGH
2026-09-13T17:24:34.184+08:00,RUN_20260913_171419,606,816799,SESSION_002,1,1,496,0,32.86,64.98,1004.30,5.0,1,HIGH
2026-09-13T17:24:35.189+08:00,RUN_20260913_171419,607,817804,SESSION_002,0,1,8191,2,32.87,64.98,1004.30,5.8,1,HIGH
2026-09-13T17:24:36.012+08:00,RUN_20260913_171419,608,818627,SESSION_002,0,0,8190,4,32.87,64.95,1004.30,6.7,1,HIGH
2026-09-13T17:24:37.197+08:00,RUN_20260913_171419,609,819812,SESSION_002,0,1,8190,4,32.87,64.94,1004.30,6.7,1,HIGH
2026-09-13T17:24:38.202+08:00,RUN_20260913_171419,610,820817,SESSION_002,1,0,8190,4,32.87,64.96,1004.29,6.7,1,HIGH
2026-09-13T17:24:39.207+08:00,RUN_20260913_171419,611,821822,SESSION_002,0,0,8191,2,32.87,64.88,1004.29,6.7,1,HIGH
2026-09-13T17:24:40.030+08:00,RUN_20260913_171419,612,822645,SESSION_002,0,0,8190,4,32.87,64.85,1004.29,6.7,1,HIGH
2026-09-13T17:24:41.215+08:00,RUN_20260913_171419,613,823830,SESSION_002,0,0,8190,4,32.87,64.78,1004.29,6.7,1,HIGH
2026-09-13T17:24:42.220+08:00,RUN_20260913_171419,614,824835,SESSION_002,1,0,8190,4,32.87,64.67,1004.29,6.7,1,HIGH
2026-09-13T17:24:43.225+08:00,RUN_20260913_171419,615,825840,SESSION_002,1,0,8191,2,32.87,64.66,1004.29,6.7,1,HIGH
2026-09-13T17:24:44.048+08:00,RUN_20260913_171419,616,826663,SESSION_002,1,0,8190,4,32.87,64.58,1004.29,6.7,1,HIGH
2026-09-13T17:24:45.051+08:00,RUN_20260913_171419,617,827666,SESSION_002,0,0,8190,4,32.87,64.53,1004.29,6.7,1,HIGH
2026-09-13T17:24:46.054+08:00,RUN_20260913_171419,618,828669,SESSION_002,0,0,8190,4,32.87,64.52,1004.29,6.7,1,HIGH
2026-09-13T17:24:47.239+08:00,RUN_20260913_171419,619,829854,SESSION_002,0,0,8190,4,32.87,64.58,1004.29,6.7,1,HIGH
2026-09-13T17:24:48.062+08:00,RUN_20260913_171419,620,830677,SESSION_002,1,0,8190,4,32.87,64.54,1004.30,6.7,1,HIGH
2026-09-13T17:24:49.247+08:00,RUN_20260913_171419,621,831862,SESSION_002,0,0,8190,4,32.87,64.53,1004.30,6.7,1,HIGH
2026-09-13T17:24:50.252+08:00,RUN_20260913_171419,622,832867,SESSION_002,0,0,8190,4,32.87,64.63,1004.30,6.7,1,HIGH
2026-09-13T17:24:51.257+08:00,RUN_20260913_171419,623,833872,SESSION_002,1,0,8190,4,32.87,64.61,1004.30,6.7,1,HIGH
2026-09-13T17:24:52.262+08:00,RUN_20260913_171419,624,834877,SESSION_002,1,0,8191,2,32.87,64.58,1004.30,5.8,1,HIGH
2026-09-13T17:24:53.085+08:00,RUN_20260913_171419,625,835700,SESSION_002,1,0,8190,4,32.87,64.55,1004.30,6.7,1,HIGH
2026-09-13T17:24:54.270+08:00,RUN_20260913_171419,626,836885,SESSION_002,0,0,8190,4,32.87,64.52,1004.30,5.8,1,HIGH
2026-09-13T17:24:55.275+08:00,RUN_20260913_171419,627,837890,SESSION_002,0,0,8191,2,32.87,64.46,1004.30,5.8,1,HIGH
2026-09-13T17:24:56.280+08:00,RUN_20260913_171419,628,838895,SESSION_002,0,0,32,0,32.87,64.55,1004.30,5.0,1,HIGH
2026-09-13T17:26:07.163+08:00,RUN_20260913_171419,1,909778,SESSION_003,0,0,48,0,32.88,64.42,1004.31,45.0,1,HIGH
2026-09-13T18:09:20.798+08:00,RUN_20260913_171419,1,3503413,SESSION_004,0,0,79,0,32.57,64.82,1004.38,39.2,1,HIGH
2026-09-13T18:09:21.803+08:00,RUN_20260913_171419,2,3504418,SESSION_004,0,0,218,0,32.57,65.47,1004.38,39.2,1,HIGH
2026-09-13T18:09:22.808+08:00,RUN_20260913_171419,3,3505423,SESSION_004,0,1,333,0,32.57,64.74,1004.38,39.2,1,HIGH
2026-09-13T18:09:23.813+08:00,RUN_20260913_171419,4,3506428,SESSION_004,0,1,353,0,32.57,64.26,1004.37,39.2,1,HIGH
2026-09-13T18:09:24.818+08:00,RUN_20260913_171419,5,3507433,SESSION_004,1,0,8190,4,32.57,63.87,1004.38,39.2,1,HIGH
2026-09-13T18:09:25.823+08:00,RUN_20260913_171419,6,3508438,SESSION_004,0,0,8190,4,32.57,63.71,1004.38,39.2,1,HIGH
2026-09-13T18:09:26.646+08:00,RUN_20260913_171419,7,3509261,SESSION_004,0,0,8190,4,32.57,63.63,1004.38,40.0,1,HIGH
2026-09-13T18:09:27.649+08:00,RUN_20260913_171419,8,3510264,SESSION_004,1,1,8190,4,32.58,63.64,1004.38,39.2,1,HIGH
2026-09-13T18:09:28.652+08:00,RUN_20260913_171419,9,3511267,SESSION_004,1,0,8190,4,32.58,63.52,1004.38,39.2,1,HIGH
2026-09-13T18:09:29.655+08:00,RUN_20260913_171419,10,3512270,SESSION_004,1,0,8190,4,32.58,63.58,1004.38,39.2,1,HIGH
2026-09-13T18:09:30.840+08:00,RUN_20260913_171419,11,3513455,SESSION_004,1,0,8190,4,32.58,63.50,1004.38,39.2,1,HIGH
2026-09-13T18:09:31.845+08:00,RUN_20260913_171419,12,3514460,SESSION_004,1,0,505,0,32.58,63.54,1004.38,39.2,1,HIGH
2026-09-13T18:09:32.850+08:00,RUN_20260913_171419,13,3515465,SESSION_004,1,0,466,0,32.58,63.45,1004.38,39.2,1,HIGH
2026-09-13T18:09:33.855+08:00,RUN_20260913_171419,14,3516470,SESSION_004,1,0,489,0,32.58,63.40,1004.39,39.2,1,HIGH
2026-09-13T18:09:34.860+08:00,RUN_20260913_171419,15,3517475,SESSION_004,1,0,424,0,32.58,63.39,1004.39,39.2,1,HIGH
2026-09-13T18:09:35.865+08:00,RUN_20260913_171419,16,3518480,SESSION_004,1,0,477,0,32.58,63.45,1004.39,39.2,1,HIGH
2026-09-13T18:09:36.870+08:00,RUN_20260913_171419,17,3519485,SESSION_004,1,0,8190,4,32.58,63.44,1004.39,39.2,1,HIGH
2026-09-13T18:09:37.693+08:00,RUN_20260913_171419,18,3520308,SESSION_004,1,0,8190,4,32.58,63.33,1004.39,39.2,1,HIGH
2026-09-13T18:09:38.696+08:00,RUN_20260913_171419,19,3521311,SESSION_004,0,0,8190,4,32.58,63.34,1004.39,39.2,1,HIGH
2026-09-13T18:09:39.699+08:00,RUN_20260913_171419,20,3522314,SESSION_004,0,0,8190,4,32.58,63.40,1004.39,39.2,1,HIGH
2026-09-13T18:09:40.702+08:00,RUN_20260913_171419,21,3523317,SESSION_004,1,0,8190,4,32.58,63.35,1004.38,39.2,1,HIGH
2026-09-13T18:09:41.887+08:00,RUN_20260913_171419,22,3524502,SESSION_004,0,0,8190,4,32.58,63.33,1004.38,39.2,1,HIGH
2026-09-13T18:09:42.892+08:00,RUN_20260913_171419,23,3525507,SESSION_004,0,0,604,0,32.58,63.40,1004.38,39.2,1,HIGH
2026-09-13T18:09:43.897+08:00,RUN_20260913_171419,24,3526512,SESSION_004,0,0,8191,2,32.58,63.33,1004.39,39.2,1,HIGH
2026-09-13T18:09:44.902+08:00,RUN_20260913_171419,25,3527517,SESSION_004,0,1,8190,4,32.58,63.39,1004.39,39.2,1,HIGH
2026-09-13T18:09:45.725+08:00,RUN_20260913_171419,26,3528340,SESSION_004,1,1,8190,4,32.58,63.40,1004.39,39.2,1,HIGH
2026-09-13T18:09:46.910+08:00,RUN_20260913_171419,27,3529525,SESSION_004,0,1,8190,4,32.58,63.40,1004.39,39.2,1,HIGH
2026-09-13T18:09:47.915+08:00,RUN_20260913_171419,28,3530530,SESSION_004,0,1,8190,4,32.58,63.34,1004.39,39.2,1,HIGH
2026-09-13T18:09:48.738+08:00,RUN_20260913_171419,29,3531353,SESSION_004,0,0,8190,4,32.58,63.35,1004.39,39.2,1,HIGH
2026-09-13T18:09:49.923+08:00,RUN_20260913_171419,30,3532538,SESSION_004,0,0,8191,2,32.58,63.34,1004.39,39.2,1,HIGH
2026-09-13T18:09:50.928+08:00,RUN_20260913_171419,31,3533543,SESSION_004,0,1,8190,4,32.58,63.42,1004.38,39.2,1,HIGH
2026-09-13T18:09:51.933+08:00,RUN_20260913_171419,32,3534548,SESSION_004,1,0,8190,4,32.58,63.35,1004.38,39.2,1,HIGH
2026-09-13T18:09:52.938+08:00,RUN_20260913_171419,33,3535553,SESSION_004,1,0,8190,4,32.58,63.42,1004.38,39.2,1,HIGH
2026-09-13T18:09:53.943+08:00,RUN_20260913_171419,34,3536558,SESSION_004,0,1,8190,4,32.58,63.44,1004.38,39.2,1,HIGH
2026-09-13T18:09:54.948+08:00,RUN_20260913_171419,35,3537563,SESSION_004,0,0,8190,4,32.58,63.31,1004.38,39.2,1,HIGH
2026-09-13T18:09:55.771+08:00,RUN_20260913_171419,36,3538386,SESSION_004,0,0,8190,4,32.58,63.40,1004.38,38.3,1,HIGH
2026-09-13T18:09:56.774+08:00,RUN_20260913_171419,37,3539389,SESSION_004,1,1,8190,4,32.58,63.34,1004.38,39.2,1,HIGH
2026-09-13T18:09:57.777+08:00,RUN_20260913_171419,38,3540392,SESSION_004,1,1,8190,4,32.58,63.40,1004.38,39.2,1,HIGH
2026-09-13T18:09:58.780+08:00,RUN_20260913_171419,39,3541395,SESSION_004,0,0,8190,4,32.58,63.40,1004.38,39.2,1,HIGH
2026-09-13T18:09:59.965+08:00,RUN_20260913_171419,40,3542580,SESSION_004,1,0,8190,4,32.58,63.33,1004.38,39.2,1,HIGH
2026-09-13T18:10:00.970+08:00,RUN_20260913_171419,41,3543585,SESSION_004,1,0,8190,4,32.58,63.32,1004.38,39.2,1,HIGH
2026-09-13T18:10:01.975+08:00,RUN_20260913_171419,42,3544590,SESSION_004,1,1,642,0,32.58,63.40,1004.38,39.2,1,HIGH
2026-09-13T18:10:02.980+08:00,RUN_20260913_171419,43,3545595,SESSION_004,0,0,8190,4,32.58,63.41,1004.38,39.2,1,HIGH
2026-09-13T18:10:03.985+08:00,RUN_20260913_171419,44,3546600,SESSION_004,0,0,8190,4,32.58,63.32,1004.38,39.2,1,HIGH
2026-09-13T18:10:04.990+08:00,RUN_20260913_171419,45,3547605,SESSION_004,1,0,8190,4,32.58,63.31,1004.38,39.2,1,HIGH
2026-09-13T18:10:05.813+08:00,RUN_20260913_171419,46,3548428,SESSION_004,0,1,8190,4,32.58,63.32,1004.38,39.2,1,HIGH
2026-09-13T18:10:06.998+08:00,RUN_20260913_171419,47,3549613,SESSION_004,0,1,8190,4,32.58,63.32,1004.38,38.3,1,HIGH
2026-09-13T18:10:08.003+08:00,RUN_20260913_171419,48,3550618,SESSION_004,0,1,8190,4,32.58,63.27,1004.38,36.7,1,HIGH
2026-09-13T18:10:09.008+08:00,RUN_20260913_171419,49,3551623,SESSION_004,1,1,8190,4,32.58,63.32,1004.38,36.7,1,HIGH
2026-09-13T18:10:09.831+08:00,RUN_20260913_171419,50,3552446,SESSION_004,0,0,8190,4,32.58,63.28,1004.38,35.8,1,HIGH
2026-09-13T18:10:11.016+08:00,RUN_20260913_171419,51,3553631,SESSION_004,0,0,8190,4,32.58,63.40,1004.38,11.7,1,HIGH
2026-09-13T18:10:11.839+08:00,RUN_20260913_171419,52,3554454,SESSION_004,1,1,8190,4,32.58,63.40,1004.38,16.7,1,HIGH
2026-09-13T18:10:12.842+08:00,RUN_20260913_171419,53,3555457,SESSION_004,0,1,8190,4,32.58,63.41,1004.38,34.2,1,HIGH
2026-09-13T18:10:13.845+08:00,RUN_20260913_171419,54,3556460,SESSION_004,0,1,8190,4,32.58,63.34,1004.38,10.8,1,HIGH
2026-09-13T18:10:14.848+08:00,RUN_20260913_171419,55,3557463,SESSION_004,0,1,8190,4,32.58,63.34,1004.38,17.5,1,HIGH
2026-09-13T18:10:16.033+08:00,RUN_20260913_171419,56,3558648,SESSION_004,0,0,8190,4,32.58,63.33,1004.38,35.8,1,HIGH
2026-09-13T18:10:16.856+08:00,RUN_20260913_171419,57,3559471,SESSION_004,1,0,8190,4,32.58,63.34,1004.38,37.5,1,HIGH
2026-09-13T18:10:18.041+08:00,RUN_20260913_171419,58,3560656,SESSION_004,1,0,8190,4,32.58,63.35,1004.38,39.2,1,HIGH
2026-09-13T18:10:19.046+08:00,RUN_20260913_171419,59,3561661,SESSION_004,0,1,593,0,32.58,63.39,1004.38,39.2,1,HIGH
2026-09-13T18:10:20.051+08:00,RUN_20260913_171419,60,3562666,SESSION_004,0,0,543,0,32.58,63.33,1004.37,39.2,1,HIGH
2026-09-13T18:10:20.874+08:00,RUN_20260913_171419,61,3563489,SESSION_004,0,0,8190,4,32.58,63.32,1004.37,39.2,1,HIGH
2026-09-13T18:10:21.877+08:00,RUN_20260913_171419,62,3564492,SESSION_004,1,0,8190,4,32.58,63.32,1004.37,39.2,1,HIGH
2026-09-13T18:10:22.880+08:00,RUN_20260913_171419,63,3565495,SESSION_004,1,1,8190,4,32.58,63.34,1004.37,39.2,1,HIGH
2026-09-13T18:10:23.883+08:00,RUN_20260913_171419,64,3566498,SESSION_004,0,0,8190,4,32.58,63.35,1004.37,39.2,1,HIGH
2026-09-13T18:10:25.068+08:00,RUN_20260913_171419,65,3567683,SESSION_004,0,0,8190,4,32.58,63.41,1004.37,39.2,1,HIGH
2026-09-13T18:10:26.073+08:00,RUN_20260913_171419,66,3568688,SESSION_004,1,0,8190,4,32.58,63.31,1004.38,39.2,1,HIGH
2026-09-13T18:10:27.078+08:00,RUN_20260913_171419,67,3569693,SESSION_004,0,0,8190,4,32.58,63.42,1004.37,39.2,1,HIGH
2026-09-13T18:10:28.083+08:00,RUN_20260913_171419,68,3570698,SESSION_004,0,0,8190,4,32.58,63.42,1004.38,39.2,1,HIGH
2026-09-13T18:10:29.088+08:00,RUN_20260913_171419,69,3571703,SESSION_004,0,0,8191,2,32.58,63.42,1004.37,39.2,1,HIGH
2026-09-13T18:10:30.093+08:00,RUN_20260913_171419,70,3572708,SESSION_004,0,0,8191,2,32.58,63.34,1004.37,39.2,1,HIGH
2026-09-13T18:10:31.098+08:00,RUN_20260913_171419,71,3573713,SESSION_004,0,0,607,0,32.58,63.45,1004.37,39.2,1,HIGH
2026-09-13T18:10:32.103+08:00,RUN_20260913_171419,72,3574718,SESSION_004,0,1,497,0,32.58,63.45,1004.37,39.2,1,HIGH
2026-09-13T18:10:33.108+08:00,RUN_20260913_171419,73,3575723,SESSION_004,0,1,8191,2,32.58,63.47,1004.37,39.2,1,HIGH
2026-09-13T18:10:34.113+08:00,RUN_20260913_171419,74,3576728,SESSION_004,0,0,8191,2,32.58,63.44,1004.37,39.2,1,HIGH
2026-09-13T18:10:35.118+08:00,RUN_20260913_171419,75,3577733,SESSION_004,0,0,549,0,32.58,63.34,1004.37,39.2,1,HIGH
2026-09-13T18:10:36.123+08:00,RUN_20260913_171419,76,3578738,SESSION_004,0,1,8191,2,32.58,63.41,1004.37,39.2,1,HIGH
2026-09-13T18:10:37.128+08:00,RUN_20260913_171419,77,3579743,SESSION_004,0,1,8191,2,32.58,63.39,1004.37,39.2,1,HIGH
2026-09-13T18:10:38.133+08:00,RUN_20260913_171419,78,3580748,SESSION_004,0,0,8191,2,32.58,63.45,1004.37,39.2,1,HIGH
2026-09-13T18:10:39.138+08:00,RUN_20260913_171419,79,3581753,SESSION_004,0,0,8191,2,32.58,63.37,1004.37,39.2,1,HIGH
2026-09-13T18:10:40.143+08:00,RUN_20260913_171419,80,3582758,SESSION_004,0,0,8191,2,32.58,63.39,1004.37,39.2,1,HIGH
2026-09-13T18:10:41.148+08:00,RUN_20260913_171419,81,3583763,SESSION_004,0,1,8191,2,32.58,63.41,1004.37,39.2,1,HIGH
2026-09-13T18:10:42.153+08:00,RUN_20260913_171419,82,3584768,SESSION_004,0,0,8190,4,32.58,63.42,1004.38,39.2,1,HIGH
2026-09-13T18:10:43.158+08:00,RUN_20260913_171419,83,3585773,SESSION_004,0,0,8191,2,32.58,63.42,1004.38,39.2,1,HIGH
2026-09-13T18:10:44.163+08:00,RUN_20260913_171419,84,3586778,SESSION_004,0,1,8191,2,32.59,63.49,1004.38,39.2,1,HIGH
2026-09-13T18:10:45.168+08:00,RUN_20260913_171419,85,3587783,SESSION_004,0,1,8191,2,32.59,63.39,1004.38,39.2,1,HIGH
2026-09-13T18:10:46.173+08:00,RUN_20260913_171419,86,3588788,SESSION_004,0,0,8191,2,32.59,63.40,1004.38,39.2,1,HIGH
2026-09-13T18:10:47.178+08:00,RUN_20260913_171419,87,3589793,SESSION_004,0,0,8191,2,32.58,63.38,1004.38,39.2,1,HIGH
2026-09-13T18:10:48.183+08:00,RUN_20260913_171419,88,3590798,SESSION_004,0,0,8191,2,32.59,63.47,1004.38,39.2,1,HIGH
2026-09-13T18:10:49.188+08:00,RUN_20260913_171419,89,3591803,SESSION_004,0,0,8191,2,32.59,63.46,1004.38,39.2,1,HIGH
2026-09-13T18:10:50.193+08:00,RUN_20260913_171419,90,3592808,SESSION_004,0,1,8190,4,32.59,63.47,1004.38,39.2,1,HIGH
2026-09-13T18:10:51.198+08:00,RUN_20260913_171419,91,3593813,SESSION_004,1,1,218,0,32.59,63.40,1004.38,39.2,1,HIGH
2026-09-13T18:10:52.021+08:00,RUN_20260913_171419,92,3594636,SESSION_004,1,0,8190,4,32.59,63.39,1004.38,39.2,1,HIGH
2026-09-13T18:10:53.024+08:00,RUN_20260913_171419,93,3595639,SESSION_004,1,0,8190,4,32.59,63.38,1004.38,39.2,1,HIGH
2026-09-13T18:10:54.027+08:00,RUN_20260913_171419,94,3596642,SESSION_004,1,1,8190,4,32.59,63.40,1004.38,39.2,1,HIGH
2026-09-13T18:10:55.030+08:00,RUN_20260913_171419,95,3597645,SESSION_004,1,0,8190,4,32.59,63.49,1004.38,39.2,1,HIGH
2026-09-13T18:10:56.033+08:00,RUN_20260913_171419,96,3598648,SESSION_004,1,0,8190,4,32.59,63.41,1004.38,39.2,1,HIGH
2026-09-13T18:10:57.036+08:00,RUN_20260913_171419,97,3599651,SESSION_004,0,0,8190,4,32.59,63.49,1004.38,39.2,1,HIGH
2026-09-13T18:10:58.039+08:00,RUN_20260913_171419,98,3600654,SESSION_004,0,0,8190,4,32.59,63.41,1004.38,39.2,1,HIGH
2026-09-13T18:10:59.042+08:00,RUN_20260913_171419,99,3601657,SESSION_004,1,0,8190,4,32.58,63.39,1004.37,39.2,1,HIGH
2026-09-13T18:11:00.045+08:00,RUN_20260913_171419,100,3602660,SESSION_004,0,1,8190,4,32.59,63.49,1004.38,39.2,1,HIGH
2026-09-13T18:11:01.048+08:00,RUN_20260913_171419,101,3603663,SESSION_004,0,0,8190,4,32.58,63.42,1004.38,39.2,1,HIGH
2026-09-13T18:11:02.051+08:00,RUN_20260913_171419,102,3604666,SESSION_004,1,0,8190,4,32.58,63.50,1004.38,39.2,1,HIGH
2026-09-13T18:11:03.054+08:00,RUN_20260913_171419,103,3605669,SESSION_004,0,0,8190,4,32.58,63.50,1004.38,39.2,1,HIGH
2026-09-13T18:11:04.057+08:00,RUN_20260913_171419,104,3606672,SESSION_004,0,0,8190,4,32.59,63.50,1004.38,39.2,1,HIGH
2026-09-13T18:11:05.060+08:00,RUN_20260913_171419,105,3607675,SESSION_004,0,0,8190,4,32.59,63.41,1004.38,39.2,1,HIGH
2026-09-13T18:11:06.063+08:00,RUN_20260913_171419,106,3608678,SESSION_004,1,1,8190,4,32.59,63.41,1004.38,39.2,1,HIGH
2026-09-13T18:11:07.066+08:00,RUN_20260913_171419,107,3609681,SESSION_004,1,0,8190,4,32.59,63.50,1004.38,39.2,1,HIGH
2026-09-13T18:11:08.069+08:00,RUN_20260913_171419,108,3610684,SESSION_004,0,0,8190,4,32.59,63.41,1004.38,39.2,1,HIGH
2026-09-13T18:11:09.072+08:00,RUN_20260913_171419,109,3611687,SESSION_004,0,0,8190,4,32.59,63.46,1004.38,39.2,1,HIGH
2026-09-13T18:11:10.075+08:00,RUN_20260913_171419,110,3612690,SESSION_004,0,0,8190,4,32.59,63.43,1004.38,39.2,1,HIGH
2026-09-13T18:11:11.078+08:00,RUN_20260913_171419,111,3613693,SESSION_004,0,0,8190,4,32.59,63.51,1004.38,39.2,1,HIGH
2026-09-13T18:11:12.081+08:00,RUN_20260913_171419,112,3614696,SESSION_004,0,0,8190,4,32.59,63.45,1004.38,39.2,1,HIGH
2026-09-13T18:11:13.084+08:00,RUN_20260913_171419,113,3615699,SESSION_004,0,1,8190,4,32.59,63.43,1004.38,39.2,1,HIGH
2026-09-13T18:11:14.087+08:00,RUN_20260913_171419,114,3616702,SESSION_004,0,0,8190,4,32.59,63.44,1004.39,39.2,1,HIGH
2026-09-13T18:11:15.090+08:00,RUN_20260913_171419,115,3617705,SESSION_004,0,0,8190,4,32.59,63.52,1004.39,39.2,1,HIGH
2026-09-13T18:11:16.093+08:00,RUN_20260913_171419,116,3618708,SESSION_004,0,0,8190,4,32.59,63.45,1004.39,39.2,1,HIGH
2026-09-13T18:11:17.096+08:00,RUN_20260913_171419,117,3619711,SESSION_004,0,0,8190,4,32.59,63.44,1004.39,39.2,1,HIGH
2026-09-13T18:11:18.099+08:00,RUN_20260913_171419,118,3620714,SESSION_004,0,0,8190,4,32.59,63.51,1004.39,39.2,1,HIGH
2026-09-13T18:11:19.102+08:00,RUN_20260913_171419,119,3621717,SESSION_004,0,0,8190,4,32.59,63.46,1004.39,39.2,1,HIGH
2026-09-13T18:11:20.105+08:00,RUN_20260913_171419,120,3622720,SESSION_004,0,0,8190,4,32.59,63.46,1004.39,39.2,1,HIGH
2026-09-13T18:11:21.108+08:00,RUN_20260913_171419,121,3623723,SESSION_004,0,0,8190,4,32.59,63.56,1004.39,39.2,1,HIGH
2026-09-13T18:11:22.111+08:00,RUN_20260913_171419,122,3624726,SESSION_004,0,1,8190,4,32.59,63.53,1004.39,39.2,1,HIGH
2026-09-13T18:11:23.296+08:00,RUN_20260913_171419,123,3625911,SESSION_004,1,1,8190,4,32.59,63.45,1004.39,39.2,1,HIGH
2026-09-13T18:11:24.119+08:00,RUN_20260913_171419,124,3626734,SESSION_004,1,1,8190,4,32.59,63.46,1004.39,39.2,1,HIGH
2026-09-13T18:11:25.122+08:00,RUN_20260913_171419,125,3627737,SESSION_004,0,0,8190,4,32.59,63.47,1004.40,39.2,1,HIGH
2026-09-13T18:11:26.307+08:00,RUN_20260913_171419,126,3628922,SESSION_004,0,0,8190,4,32.59,63.50,1004.40,39.2,1,HIGH
2026-09-13T18:11:27.312+08:00,RUN_20260913_171419,127,3629927,SESSION_004,1,0,477,0,32.59,63.57,1004.40,39.2,1,HIGH
2026-09-13T18:11:28.317+08:00,RUN_20260913_171419,128,3630932,SESSION_004,1,0,464,0,32.59,63.52,1004.39,39.2,1,HIGH
2026-09-13T18:11:29.322+08:00,RUN_20260913_171419,129,3631937,SESSION_004,0,0,392,0,32.59,63.53,1004.39,39.2,1,HIGH
2026-09-13T18:11:30.327+08:00,RUN_20260913_171419,130,3632942,SESSION_004,0,0,600,0,32.59,63.52,1004.39,39.2,1,HIGH
2026-09-13T18:11:31.332+08:00,RUN_20260913_171419,131,3633947,SESSION_004,0,0,8190,4,32.59,63.52,1004.39,39.2,1,HIGH
2026-09-13T18:11:32.155+08:00,RUN_20260913_171419,132,3634770,SESSION_004,0,1,8190,4,32.59,63.56,1004.39,39.2,1,HIGH
2026-09-13T18:11:33.158+08:00,RUN_20260913_171419,133,3635773,SESSION_004,0,1,8190,4,32.59,63.57,1004.39,39.2,1,HIGH
2026-09-13T18:11:34.161+08:00,RUN_20260913_171419,134,3636776,SESSION_004,0,0,8190,4,32.59,63.51,1004.39,39.2,1,HIGH
2026-09-13T18:11:35.164+08:00,RUN_20260913_171419,135,3637779,SESSION_004,0,0,8190,4,32.59,63.58,1004.39,39.2,1,HIGH
2026-09-13T18:11:36.167+08:00,RUN_20260913_171419,136,3638782,SESSION_004,0,1,8190,4,32.59,63.51,1004.39,38.3,1,HIGH
2026-09-13T18:11:37.170+08:00,RUN_20260913_171419,137,3639785,SESSION_004,0,1,8190,4,32.59,63.49,1004.39,39.2,1,HIGH
2026-09-13T18:11:38.173+08:00,RUN_20260913_171419,138,3640788,SESSION_004,0,1,8190,4,32.59,63.50,1004.40,39.2,1,HIGH
2026-09-13T18:11:39.176+08:00,RUN_20260913_171419,139,3641791,SESSION_004,0,0,8190,4,32.59,63.56,1004.40,38.3,1,HIGH
2026-09-13T18:11:40.179+08:00,RUN_20260913_171419,140,3642794,SESSION_004,0,0,8190,4,32.59,63.57,1004.40,39.2,1,HIGH
2026-09-13T18:11:41.182+08:00,RUN_20260913_171419,141,3643797,SESSION_004,0,1,8190,4,32.59,63.57,1004.40,39.2,1,HIGH
2026-09-13T18:11:42.185+08:00,RUN_20260913_171419,142,3644800,SESSION_004,0,1,8190,4,32.59,63.58,1004.40,39.2,1,HIGH
2026-09-13T18:11:43.188+08:00,RUN_20260913_171419,143,3645803,SESSION_004,0,0,8190,4,32.59,63.58,1004.40,38.3,1,HIGH
2026-09-13T18:11:44.191+08:00,RUN_20260913_171419,144,3646806,SESSION_004,0,1,8190,4,32.59,63.58,1004.40,38.3,1,HIGH
2026-09-13T18:11:45.194+08:00,RUN_20260913_171419,145,3647809,SESSION_004,0,1,8190,4,32.59,63.51,1004.39,39.2,1,HIGH
2026-09-13T18:11:46.197+08:00,RUN_20260913_171419,146,3648812,SESSION_004,0,1,8190,4,32.59,63.52,1004.39,38.3,1,HIGH
2026-09-13T18:11:47.200+08:00,RUN_20260913_171419,147,3649815,SESSION_004,0,0,8190,4,32.59,63.56,1004.40,39.2,1,HIGH
2026-09-13T18:11:48.203+08:00,RUN_20260913_171419,148,3650818,SESSION_004,0,0,8190,4,32.59,63.57,1004.39,39.2,1,HIGH
2026-09-13T18:11:49.206+08:00,RUN_20260913_171419,149,3651821,SESSION_004,0,1,8190,4,32.59,63.56,1004.40,39.2,1,HIGH
2026-09-13T18:11:50.391+08:00,RUN_20260913_171419,150,3653006,SESSION_004,0,1,8190,4,32.59,63.57,1004.40,38.3,1,HIGH
2026-09-13T18:11:51.214+08:00,RUN_20260913_171419,151,3653829,SESSION_004,0,0,8190,4,32.59,63.55,1004.40,38.3,1,HIGH
2026-09-13T18:11:52.217+08:00,RUN_20260913_171419,152,3654832,SESSION_004,0,0,8190,4,32.59,63.49,1004.40,38.3,1,HIGH
2026-09-13T18:11:53.220+08:00,RUN_20260913_171419,153,3655835,SESSION_004,0,0,8190,4,32.59,63.50,1004.40,38.3,1,HIGH
2026-09-13T18:11:54.223+08:00,RUN_20260913_171419,154,3656838,SESSION_004,0,0,8190,4,32.59,63.56,1004.40,38.3,1,HIGH
2026-09-13T18:11:55.226+08:00,RUN_20260913_171419,155,3657841,SESSION_004,0,0,8190,4,32.59,63.49,1004.40,38.3,1,HIGH
2026-09-13T18:11:56.229+08:00,RUN_20260913_171419,156,3658844,SESSION_004,0,0,8190,4,32.59,63.52,1004.40,38.3,1,HIGH
2026-09-13T18:11:57.232+08:00,RUN_20260913_171419,157,3659847,SESSION_004,0,0,8190,4,32.59,63.61,1004.40,38.3,1,HIGH
2026-09-13T18:11:58.235+08:00,RUN_20260913_171419,158,3660850,SESSION_004,0,0,8190,4,32.59,63.52,1004.40,38.3,1,HIGH
2026-09-13T18:11:59.238+08:00,RUN_20260913_171419,159,3661853,SESSION_004,0,0,8190,4,32.59,63.52,1004.40,38.3,1,HIGH
2026-09-13T18:12:00.241+08:00,RUN_20260913_171419,160,3662856,SESSION_004,0,0,8190,4,32.59,63.58,1004.40,38.3,1,HIGH
2026-09-13T18:12:01.244+08:00,RUN_20260913_171419,161,3663859,SESSION_004,0,0,8190,4,32.59,63.61,1004.40,38.3,1,HIGH
2026-09-13T18:12:02.247+08:00,RUN_20260913_171419,162,3664862,SESSION_004,0,1,8190,4,32.59,63.58,1004.40,38.3,1,HIGH
2026-09-13T18:12:03.250+08:00,RUN_20260913_171419,163,3665865,SESSION_004,0,1,8190,4,32.59,63.59,1004.39,38.3,1,HIGH
2026-09-13T18:12:04.253+08:00,RUN_20260913_171419,164,3666868,SESSION_004,0,1,8190,4,32.59,63.58,1004.39,38.3,1,HIGH
2026-09-13T18:12:05.256+08:00,RUN_20260913_171419,165,3667871,SESSION_004,0,0,8190,4,32.59,63.51,1004.39,38.3,1,HIGH
2026-09-13T18:12:06.259+08:00,RUN_20260913_171419,166,3668874,SESSION_004,0,0,8190,4,32.59,63.50,1004.39,38.3,1,HIGH
2026-09-13T18:12:07.262+08:00,RUN_20260913_171419,167,3669877,SESSION_004,0,0,8190,4,32.59,63.52,1004.39,38.3,1,HIGH
2026-09-13T18:12:08.447+08:00,RUN_20260913_171419,168,3671062,SESSION_004,0,1,8190,4,32.59,63.53,1004.39,37.5,1,HIGH
2026-09-13T18:12:09.452+08:00,RUN_20260913_171419,169,3672067,SESSION_004,0,1,519,0,32.59,63.58,1004.39,38.3,1,HIGH
2026-09-13T18:12:10.457+08:00,RUN_20260913_171419,170,3673072,SESSION_004,0,0,8190,4,32.59,63.59,1004.39,37.5,1,HIGH
2026-09-13T18:12:11.280+08:00,RUN_20260913_171419,171,3673895,SESSION_004,1,0,8190,4,32.59,63.52,1004.39,37.5,1,HIGH
2026-09-13T18:12:12.283+08:00,RUN_20260913_171419,172,3674898,SESSION_004,1,1,8190,4,32.59,63.64,1004.39,36.7,1,HIGH
2026-09-13T18:12:13.286+08:00,RUN_20260913_171419,173,3675901,SESSION_004,0,0,8190,4,32.59,63.69,1004.39,36.7,1,HIGH
2026-09-13T18:12:14.289+08:00,RUN_20260913_171419,174,3676904,SESSION_004,0,0,8190,4,32.59,63.70,1004.39,36.7,1,HIGH
2026-09-13T18:12:15.292+08:00,RUN_20260913_171419,175,3677907,SESSION_004,0,0,8190,4,32.59,63.64,1004.39,36.7,1,HIGH
2026-09-13T18:12:16.295+08:00,RUN_20260913_171419,176,3678910,SESSION_004,0,0,8190,4,32.59,63.64,1004.39,36.7,1,HIGH
2026-09-13T18:12:17.298+08:00,RUN_20260913_171419,177,3679913,SESSION_004,0,0,8190,4,32.59,63.73,1004.39,36.7,1,HIGH
2026-09-13T18:12:18.301+08:00,RUN_20260913_171419,178,3680916,SESSION_004,0,0,8190,4,32.59,63.70,1004.39,36.7,1,HIGH
2026-09-13T18:12:19.304+08:00,RUN_20260913_171419,179,3681919,SESSION_004,0,0,8190,4,32.59,63.71,1004.39,36.7,1,HIGH
2026-09-13T18:12:20.489+08:00,RUN_20260913_171419,180,3683104,SESSION_004,1,1,764,0,32.59,63.73,1004.39,37.5,1,HIGH
2026-09-13T18:12:21.312+08:00,RUN_20260913_171419,181,3683927,SESSION_004,1,0,8190,4,32.59,63.70,1004.39,38.3,1,HIGH
2026-09-13T18:12:22.315+08:00,RUN_20260913_171419,182,3684930,SESSION_004,0,1,8190,4,32.59,63.67,1004.39,38.3,1,HIGH
2026-09-13T18:12:23.318+08:00,RUN_20260913_171419,183,3685933,SESSION_004,0,1,8190,4,32.59,63.65,1004.39,35.8,1,HIGH
2026-09-13T18:12:24.503+08:00,RUN_20260913_171419,184,3687118,SESSION_004,0,1,8190,4,32.59,63.73,1004.39,39.2,1,HIGH
2026-09-13T18:12:25.508+08:00,RUN_20260913_171419,185,3688123,SESSION_004,1,0,948,0,32.59,63.73,1004.39,39.2,1,HIGH
2026-09-13T18:12:26.331+08:00,RUN_20260913_171419,186,3688946,SESSION_004,0,1,8190,4,32.59,63.70,1004.39,39.2,1,HIGH
2026-09-13T18:12:27.334+08:00,RUN_20260913_171419,187,3689949,SESSION_004,0,1,8190,4,32.59,63.69,1004.39,39.2,1,HIGH
2026-09-13T18:12:28.337+08:00,RUN_20260913_171419,188,3690952,SESSION_004,0,0,8190,4,32.59,63.74,1004.39,39.2,1,HIGH
2026-09-13T18:12:29.340+08:00,RUN_20260913_171419,189,3691955,SESSION_004,0,0,8190,4,32.59,63.75,1004.38,39.2,1,HIGH
2026-09-13T18:12:30.343+08:00,RUN_20260913_171419,190,3692958,SESSION_004,1,0,8190,4,32.59,63.63,1004.38,39.2,1,HIGH
2026-09-13T18:12:31.346+08:00,RUN_20260913_171419,191,3693961,SESSION_004,0,0,8190,4,32.59,63.62,1004.38,39.2,1,HIGH
2026-09-13T18:12:32.349+08:00,RUN_20260913_171419,192,3694964,SESSION_004,0,0,8190,4,32.59,63.61,1004.38,39.2,1,HIGH
2026-09-13T18:12:33.352+08:00,RUN_20260913_171419,193,3695967,SESSION_004,0,0,8190,4,32.59,63.64,1004.38,39.2,1,HIGH
2026-09-13T18:12:34.355+08:00,RUN_20260913_171419,194,3696970,SESSION_004,0,0,8190,4,32.59,63.68,1004.38,39.2,1,HIGH
2026-09-13T18:12:35.540+08:00,RUN_20260913_171419,195,3698155,SESSION_004,1,0,8190,4,32.59,63.59,1004.38,39.2,1,HIGH
2026-09-13T18:12:36.363+08:00,RUN_20260913_171419,196,3698978,SESSION_004,1,0,8190,4,32.59,63.68,1004.39,39.2,1,HIGH
2026-09-13T18:12:37.366+08:00,RUN_20260913_171419,197,3699981,SESSION_004,0,0,8190,4,32.59,63.67,1004.39,39.2,1,HIGH
2026-09-13T18:12:38.369+08:00,RUN_20260913_171419,198,3700984,SESSION_004,0,0,8190,4,32.59,63.59,1004.39,39.2,1,HIGH
2026-09-13T18:12:39.554+08:00,RUN_20260913_171419,199,3702169,SESSION_004,1,0,8190,4,32.59,63.57,1004.39,39.2,1,HIGH
2026-09-13T18:12:40.377+08:00,RUN_20260913_171419,200,3702992,SESSION_004,0,0,8190,4,32.59,63.65,1004.39,39.2,1,HIGH
2026-09-13T18:12:41.380+08:00,RUN_20260913_171419,201,3703995,SESSION_004,0,0,8190,4,32.59,63.61,1004.39,39.2,1,HIGH
2026-09-13T18:12:42.383+08:00,RUN_20260913_171419,202,3704998,SESSION_004,0,0,8190,4,32.59,63.59,1004.38,39.2,1,HIGH
2026-09-13T18:12:43.386+08:00,RUN_20260913_171419,203,3706001,SESSION_004,0,0,8190,4,32.59,63.59,1004.38,39.2,1,HIGH
2026-09-13T18:12:44.389+08:00,RUN_20260913_171419,204,3707004,SESSION_004,0,0,8190,4,32.59,63.59,1004.38,39.2,1,HIGH
2026-09-13T18:12:45.392+08:00,RUN_20260913_171419,205,3708007,SESSION_004,0,0,8190,4,32.59,63.68,1004.39,39.2,1,HIGH
2026-09-13T18:12:46.395+08:00,RUN_20260913_171419,206,3709010,SESSION_004,0,0,8190,4,32.59,63.59,1004.39,39.2,1,HIGH
2026-09-13T18:12:47.398+08:00,RUN_20260913_171419,207,3710013,SESSION_004,0,0,8190,4,32.59,63.68,1004.39,39.2,1,HIGH
2026-09-13T18:12:48.401+08:00,RUN_20260913_171419,208,3711016,SESSION_004,1,0,8190,4,32.59,63.61,1004.39,39.2,1,HIGH
2026-09-13T18:12:49.404+08:00,RUN_20260913_171419,209,3712019,SESSION_004,1,0,8190,4,32.59,63.65,1004.38,39.2,1,HIGH
2026-09-13T18:12:50.407+08:00,RUN_20260913_171419,210,3713022,SESSION_004,1,0,8190,4,32.59,63.62,1004.38,39.2,1,HIGH
2026-09-13T18:12:51.410+08:00,RUN_20260913_171419,211,3714025,SESSION_004,1,0,8190,4,32.59,63.75,1004.38,39.2,1,HIGH
2026-09-13T18:12:52.413+08:00,RUN_20260913_171419,212,3715028,SESSION_004,0,0,8190,4,32.59,63.67,1004.38,39.2,1,HIGH
2026-09-13T18:12:53.416+08:00,RUN_20260913_171419,213,3716031,SESSION_004,0,0,8190,4,32.59,63.74,1004.38,39.2,1,HIGH
2026-09-13T18:12:54.419+08:00,RUN_20260913_171419,214,3717034,SESSION_004,1,0,8190,4,32.58,63.64,1004.38,39.2,1,HIGH
2026-09-13T18:12:55.422+08:00,RUN_20260913_171419,215,3718037,SESSION_004,0,0,8190,4,32.58,63.71,1004.38,39.2,1,HIGH
2026-09-13T18:12:56.425+08:00,RUN_20260913_171419,216,3719040,SESSION_004,1,0,8190,4,32.58,63.66,1004.38,39.2,1,HIGH
2026-09-13T18:12:57.610+08:00,RUN_20260913_171419,217,3720225,SESSION_004,1,0,8191,2,32.58,63.64,1004.38,39.2,1,HIGH
2026-09-13T18:12:58.615+08:00,RUN_20260913_171419,218,3721230,SESSION_004,1,0,8191,2,32.58,63.62,1004.39,39.2,1,HIGH
2026-09-13T18:12:59.620+08:00,RUN_20260913_171419,219,3722235,SESSION_004,0,1,8191,2,32.58,63.63,1004.39,39.2,1,HIGH
2026-09-13T18:13:00.625+08:00,RUN_20260913_171419,220,3723240,SESSION_004,1,1,270,0,32.58,63.71,1004.39,39.2,1,HIGH
2026-09-13T18:13:01.630+08:00,RUN_20260913_171419,221,3724245,SESSION_004,1,1,290,0,32.58,63.62,1004.39,39.2,1,HIGH
2026-09-13T18:13:02.635+08:00,RUN_20260913_171419,222,3725250,SESSION_004,1,1,278,0,32.58,63.63,1004.39,39.2,1,HIGH
2026-09-13T18:13:03.640+08:00,RUN_20260913_171419,223,3726255,SESSION_004,1,1,267,0,32.58,63.68,1004.38,39.2,1,HIGH
2026-09-13T18:13:04.645+08:00,RUN_20260913_171419,224,3727260,SESSION_004,0,1,288,0,32.58,63.78,1004.38,39.2,1,HIGH
2026-09-13T18:13:05.650+08:00,RUN_20260913_171419,225,3728265,SESSION_004,0,0,283,0,32.58,63.80,1004.39,39.2,1,HIGH
2026-09-13T18:13:06.655+08:00,RUN_20260913_171419,226,3729270,SESSION_004,1,0,288,0,32.58,63.83,1004.39,38.3,1,HIGH
2026-09-13T18:13:07.660+08:00,RUN_20260913_171419,227,3730275,SESSION_004,1,1,8191,2,32.58,63.86,1004.38,39.2,1,HIGH
2026-09-13T18:13:08.665+08:00,RUN_20260913_171419,228,3731280,SESSION_004,1,1,8191,2,32.58,63.86,1004.39,39.2,1,HIGH
2026-09-13T18:13:09.670+08:00,RUN_20260913_171419,229,3732285,SESSION_004,0,0,8191,2,32.58,63.87,1004.38,39.2,1,HIGH
2026-09-13T18:13:10.675+08:00,RUN_20260913_171419,230,3733290,SESSION_004,1,0,8191,2,32.58,63.77,1004.38,38.3,1,HIGH
2026-09-13T18:13:11.680+08:00,RUN_20260913_171419,231,3734295,SESSION_004,0,1,283,0,32.58,63.82,1004.39,38.3,1,HIGH
2026-09-13T18:13:12.685+08:00,RUN_20260913_171419,232,3735300,SESSION_004,0,1,8191,2,32.58,63.83,1004.39,39.2,1,HIGH
2026-09-13T18:13:13.690+08:00,RUN_20260913_171419,233,3736305,SESSION_004,0,1,357,0,32.58,63.86,1004.39,39.2,1,HIGH
2026-09-13T18:13:14.695+08:00,RUN_20260913_171419,234,3737310,SESSION_004,1,1,242,0,32.58,63.74,1004.39,39.2,1,HIGH
2026-09-13T18:13:15.700+08:00,RUN_20260913_171419,235,3738315,SESSION_004,0,1,264,0,32.58,63.83,1004.39,39.2,1,HIGH
2026-09-13T18:13:16.705+08:00,RUN_20260913_171419,236,3739320,SESSION_004,0,1,279,0,32.58,63.93,1004.39,39.2,1,HIGH
2026-09-13T18:13:17.710+08:00,RUN_20260913_171419,237,3740325,SESSION_004,1,1,8191,2,32.58,63.89,1004.39,39.2,1,HIGH
2026-09-13T18:13:18.715+08:00,RUN_20260913_171419,238,3741330,SESSION_004,1,1,8191,2,32.58,63.88,1004.39,39.2,1,HIGH
2026-09-13T18:13:19.720+08:00,RUN_20260913_171419,239,3742335,SESSION_004,1,0,8191,2,32.59,63.96,1004.39,39.2,1,HIGH
2026-09-13T18:13:20.725+08:00,RUN_20260913_171419,240,3743340,SESSION_004,0,0,8191,2,32.59,63.87,1004.39,39.2,1,HIGH
2026-09-13T18:13:21.548+08:00,RUN_20260913_171419,241,3744163,SESSION_004,0,0,8190,4,32.59,63.86,1004.39,39.2,1,HIGH
2026-09-13T18:13:22.551+08:00,RUN_20260913_171419,242,3745166,SESSION_004,0,0,8190,4,32.59,63.82,1004.39,39.2,1,HIGH
2026-09-13T18:13:23.736+08:00,RUN_20260913_171419,243,3746351,SESSION_004,0,0,8190,4,32.59,63.83,1004.39,39.2,1,HIGH
2026-09-13T18:13:24.741+08:00,RUN_20260913_171419,244,3747356,SESSION_004,1,0,8190,4,32.59,63.83,1004.39,39.2,1,HIGH
2026-09-13T18:13:25.564+08:00,RUN_20260913_171419,245,3748179,SESSION_004,1,0,8190,4,32.59,63.86,1004.39,39.2,1,HIGH
2026-09-13T18:13:26.567+08:00,RUN_20260913_171419,246,3749182,SESSION_004,1,0,8190,4,32.59,63.84,1004.39,39.2,1,HIGH
2026-09-13T18:13:27.570+08:00,RUN_20260913_171419,247,3750185,SESSION_004,1,0,8190,4,32.59,63.80,1004.39,39.2,1,HIGH
2026-09-13T18:13:28.573+08:00,RUN_20260913_171419,248,3751188,SESSION_004,0,0,8190,4,32.59,63.77,1004.39,39.2,1,HIGH
2026-09-13T18:13:29.576+08:00,RUN_20260913_171419,249,3752191,SESSION_004,0,0,8190,4,32.59,63.77,1004.39,39.2,1,HIGH
2026-09-13T18:13:30.579+08:00,RUN_20260913_171419,250,3753194,SESSION_004,0,0,8190,4,32.59,63.74,1004.39,39.2,1,HIGH
2026-09-13T18:13:31.582+08:00,RUN_20260913_171419,251,3754197,SESSION_004,1,0,8190,4,32.59,63.74,1004.39,39.2,1,HIGH
2026-09-13T18:13:32.585+08:00,RUN_20260913_171419,252,3755200,SESSION_004,1,0,8190,4,32.59,63.69,1004.39,39.2,1,HIGH
2026-09-13T18:13:33.588+08:00,RUN_20260913_171419,253,3756203,SESSION_004,1,0,8190,4,32.59,63.73,1004.39,39.2,1,HIGH
2026-09-13T18:13:34.591+08:00,RUN_20260913_171419,254,3757206,SESSION_004,1,0,8190,4,32.60,63.80,1004.39,39.2,1,HIGH
2026-09-13T18:13:35.594+08:00,RUN_20260913_171419,255,3758209,SESSION_004,1,0,8190,4,32.60,63.71,1004.39,39.2,1,HIGH
2026-09-13T18:13:36.597+08:00,RUN_20260913_171419,256,3759212,SESSION_004,0,0,8190,4,32.60,63.73,1004.39,39.2,1,HIGH
2026-09-13T18:13:37.600+08:00,RUN_20260913_171419,257,3760215,SESSION_004,0,0,8190,4,32.60,63.71,1004.39,39.2,1,HIGH
2026-09-13T18:13:38.603+08:00,RUN_20260913_171419,258,3761218,SESSION_004,1,0,8190,4,32.60,63.81,1004.39,39.2,1,HIGH
2026-09-13T18:13:39.606+08:00,RUN_20260913_171419,259,3762221,SESSION_004,0,0,8190,4,32.60,63.73,1004.39,39.2,1,HIGH
2026-09-13T18:13:40.609+08:00,RUN_20260913_171419,260,3763224,SESSION_004,0,0,8190,4,32.60,63.77,1004.39,39.2,1,HIGH
2026-09-13T18:13:41.612+08:00,RUN_20260913_171419,261,3764227,SESSION_004,0,0,8190,4,32.60,63.83,1004.39,39.2,1,HIGH
2026-09-13T18:13:42.615+08:00,RUN_20260913_171419,262,3765230,SESSION_004,1,0,8190,4,32.60,63.82,1004.39,39.2,1,HIGH
2026-09-13T18:13:43.618+08:00,RUN_20260913_171419,263,3766233,SESSION_004,0,0,8190,4,32.60,63.81,1004.39,39.2,1,HIGH
2026-09-13T18:13:44.621+08:00,RUN_20260913_171419,264,3767236,SESSION_004,0,0,8190,4,32.60,63.73,1004.39,39.2,1,HIGH
2026-09-13T18:13:45.806+08:00,RUN_20260913_171419,265,3768421,SESSION_004,0,0,338,0,32.60,63.71,1004.39,39.2,1,HIGH
2026-09-13T18:13:46.811+08:00,RUN_20260913_171419,266,3769426,SESSION_004,0,0,456,0,32.60,63.73,1004.39,39.2,1,HIGH
2026-09-13T18:13:47.816+08:00,RUN_20260913_171419,267,3770431,SESSION_004,0,0,8190,4,32.60,63.77,1004.39,39.2,1,HIGH
2026-09-13T18:13:48.639+08:00,RUN_20260913_171419,268,3771254,SESSION_004,1,0,8190,4,32.60,63.82,1004.39,39.2,1,HIGH
2026-09-13T18:13:49.642+08:00,RUN_20260913_171419,269,3772257,SESSION_004,0,1,8190,4,32.60,63.70,1004.39,39.2,1,HIGH
2026-09-13T18:13:50.645+08:00,RUN_20260913_171419,270,3773260,SESSION_004,0,1,8190,4,32.60,63.74,1004.39,39.2,1,HIGH
2026-09-13T18:13:51.648+08:00,RUN_20260913_171419,271,3774263,SESSION_004,0,1,8190,4,32.60,63.77,1004.39,38.3,1,HIGH
2026-09-13T18:13:52.651+08:00,RUN_20260913_171419,272,3775266,SESSION_004,1,1,8190,4,32.60,63.75,1004.39,39.2,1,HIGH
2026-09-13T18:13:53.654+08:00,RUN_20260913_171419,273,3776269,SESSION_004,0,0,8190,4,32.60,63.76,1004.39,39.2,1,HIGH
2026-09-13T18:13:54.657+08:00,RUN_20260913_171419,274,3777272,SESSION_004,0,0,8190,4,32.60,63.76,1004.39,39.2,1,HIGH
2026-09-13T18:13:55.660+08:00,RUN_20260913_171419,275,3778275,SESSION_004,0,1,8190,4,32.60,63.75,1004.39,39.2,1,HIGH
2026-09-13T18:13:56.663+08:00,RUN_20260913_171419,276,3779278,SESSION_004,0,0,8190,4,32.60,63.87,1004.39,39.2,1,HIGH
2026-09-13T18:13:57.666+08:00,RUN_20260913_171419,277,3780281,SESSION_004,0,0,8190,4,32.60,63.80,1004.39,38.3,1,HIGH
2026-09-13T18:13:58.669+08:00,RUN_20260913_171419,278,3781284,SESSION_004,0,0,8190,4,32.60,63.86,1004.39,38.3,1,HIGH
2026-09-13T18:13:59.672+08:00,RUN_20260913_171419,279,3782287,SESSION_004,0,0,8190,4,32.60,63.81,1004.39,38.3,1,HIGH
2026-09-13T18:14:00.675+08:00,RUN_20260913_171419,280,3783290,SESSION_004,0,1,8190,4,32.60,63.86,1004.39,38.3,1,HIGH
2026-09-13T18:14:01.678+08:00,RUN_20260913_171419,281,3784293,SESSION_004,0,1,8190,4,32.60,63.77,1004.39,38.3,1,HIGH
2026-09-13T18:14:02.681+08:00,RUN_20260913_171419,282,3785296,SESSION_004,1,1,8190,4,32.60,63.87,1004.39,39.2,1,HIGH
2026-09-13T18:14:03.684+08:00,RUN_20260913_171419,283,3786299,SESSION_004,0,0,8190,4,32.60,63.84,1004.39,39.2,1,HIGH
2026-09-13T18:14:04.687+08:00,RUN_20260913_171419,284,3787302,SESSION_004,0,0,8190,4,32.60,63.80,1004.39,39.2,1,HIGH
2026-09-13T18:14:05.872+08:00,RUN_20260913_171419,285,3788487,SESSION_004,1,0,8190,4,32.60,63.89,1004.39,39.2,1,HIGH
2026-09-13T18:14:06.877+08:00,RUN_20260913_171419,286,3789492,SESSION_004,0,0,448,0,32.60,63.88,1004.40,39.2,1,HIGH
2026-09-13T18:14:07.882+08:00,RUN_20260913_171419,287,3790497,SESSION_004,0,0,581,0,32.60,63.81,1004.40,39.2,1,HIGH
2026-09-13T18:14:08.705+08:00,RUN_20260913_171419,288,3791320,SESSION_004,0,1,8190,4,32.60,63.77,1004.40,39.2,1,HIGH
2026-09-13T18:14:09.708+08:00,RUN_20260913_171419,289,3792323,SESSION_004,0,1,8190,4,32.60,63.80,1004.40,39.2,1,HIGH
2026-09-13T18:14:10.893+08:00,RUN_20260913_171419,290,3793508,SESSION_004,0,0,8190,4,32.60,63.80,1004.40,38.3,1,HIGH
2026-09-13T18:14:11.716+08:00,RUN_20260913_171419,291,3794331,SESSION_004,0,0,8190,4,32.59,63.90,1004.39,39.2,1,HIGH
2026-09-13T18:14:12.719+08:00,RUN_20260913_171419,292,3795334,SESSION_004,0,1,8190,4,32.60,63.83,1004.40,39.2,1,HIGH
2026-09-13T18:14:13.722+08:00,RUN_20260913_171419,293,3796337,SESSION_004,0,0,8190,4,32.59,63.83,1004.39,39.2,1,HIGH
2026-09-13T18:14:14.907+08:00,RUN_20260913_171419,294,3797522,SESSION_004,0,0,406,0,32.59,63.83,1004.39,39.2,1,HIGH
2026-09-13T18:14:15.912+08:00,RUN_20260913_171419,295,3798527,SESSION_004,0,1,416,0,32.60,63.90,1004.40,39.2,1,HIGH
2026-09-13T18:14:16.735+08:00,RUN_20260913_171419,296,3799350,SESSION_004,1,0,8190,4,32.60,63.95,1004.40,39.2,1,HIGH
2026-09-13T18:14:17.738+08:00,RUN_20260913_171419,297,3800353,SESSION_004,1,0,8190,4,32.60,63.88,1004.40,39.2,1,HIGH
2026-09-13T18:14:18.741+08:00,RUN_20260913_171419,298,3801356,SESSION_004,1,1,8190,4,32.60,63.98,1004.40,39.2,1,HIGH
2026-09-13T18:14:19.744+08:00,RUN_20260913_171419,299,3802359,SESSION_004,1,0,8190,4,32.60,63.95,1004.40,39.2,1,HIGH
2026-09-13T18:14:20.747+08:00,RUN_20260913_171419,300,3803362,SESSION_004,0,0,8190,4,32.60,63.93,1004.40,39.2,1,HIGH
2026-09-13T18:14:21.750+08:00,RUN_20260913_171419,301,3804365,SESSION_004,0,0,8190,4,32.60,63.95,1004.40,39.2,1,HIGH
2026-09-13T18:14:22.753+08:00,RUN_20260913_171419,302,3805368,SESSION_004,1,0,8190,4,32.60,63.88,1004.40,39.2,1,HIGH
2026-09-13T18:14:23.756+08:00,RUN_20260913_171419,303,3806371,SESSION_004,0,0,8190,4,32.60,63.92,1004.40,39.2,1,HIGH
2026-09-13T18:14:24.759+08:00,RUN_20260913_171419,304,3807374,SESSION_004,0,0,8190,4,32.60,63.93,1004.40,39.2,1,HIGH
2026-09-13T18:14:25.762+08:00,RUN_20260913_171419,305,3808377,SESSION_004,0,0,8190,4,32.60,63.86,1004.40,39.2,1,HIGH
2026-09-13T18:14:26.765+08:00,RUN_20260913_171419,306,3809380,SESSION_004,0,0,8190,4,32.60,63.84,1004.40,39.2,1,HIGH
2026-09-13T18:14:27.768+08:00,RUN_20260913_171419,307,3810383,SESSION_004,1,0,8190,4,32.60,63.92,1004.40,39.2,1,HIGH
2026-09-13T18:14:28.771+08:00,RUN_20260913_171419,308,3811386,SESSION_004,0,0,8190,4,32.60,63.94,1004.40,39.2,1,HIGH
2026-09-13T18:14:29.774+08:00,RUN_20260913_171419,309,3812389,SESSION_004,0,0,8190,4,32.60,63.84,1004.40,39.2,1,HIGH
2026-09-13T18:14:30.777+08:00,RUN_20260913_171419,310,3813392,SESSION_004,1,0,8190,4,32.59,63.90,1004.39,39.2,1,HIGH
2026-09-13T18:14:31.962+08:00,RUN_20260913_171419,311,3814577,SESSION_004,0,0,8190,4,32.59,63.92,1004.39,39.2,1,HIGH
2026-09-13T18:14:32.967+08:00,RUN_20260913_171419,312,3815582,SESSION_004,1,0,426,0,32.60,63.83,1004.40,39.2,1,HIGH
2026-09-13T18:14:33.790+08:00,RUN_20260913_171419,313,3816405,SESSION_004,0,1,8190,4,32.60,63.83,1004.40,39.2,1,HIGH
2026-09-13T18:14:34.793+08:00,RUN_20260913_171419,314,3817408,SESSION_004,0,0,8190,4,32.60,63.83,1004.40,38.3,1,HIGH
2026-09-13T18:14:35.796+08:00,RUN_20260913_171419,315,3818411,SESSION_004,0,0,8190,4,32.59,63.86,1004.39,39.2,1,HIGH
2026-09-13T18:14:36.799+08:00,RUN_20260913_171419,316,3819414,SESSION_004,0,0,8190,4,32.59,63.86,1004.40,39.2,1,HIGH
2026-09-13T18:14:37.802+08:00,RUN_20260913_171419,317,3820417,SESSION_004,0,1,8190,4,32.59,63.95,1004.40,39.2,1,HIGH
2026-09-13T18:14:38.805+08:00,RUN_20260913_171419,318,3821420,SESSION_004,0,1,8190,4,32.59,63.94,1004.40,39.2,1,HIGH
2026-09-13T18:14:39.990+08:00,RUN_20260913_171419,319,3822605,SESSION_004,1,0,294,0,32.59,63.96,1004.40,39.2,1,HIGH
2026-09-13T18:14:40.995+08:00,RUN_20260913_171419,320,3823610,SESSION_004,0,0,8191,2,32.59,63.96,1004.40,39.2,1,HIGH
2026-09-13T18:14:41.818+08:00,RUN_20260913_171419,321,3824433,SESSION_004,0,0,8190,4,32.59,63.96,1004.40,39.2,1,HIGH
2026-09-13T18:14:42.821+08:00,RUN_20260913_171419,322,3825436,SESSION_004,1,1,8190,4,32.59,63.89,1004.40,39.2,1,HIGH
2026-09-13T18:14:43.824+08:00,RUN_20260913_171419,323,3826439,SESSION_004,1,1,8190,4,32.59,63.96,1004.40,39.2,1,HIGH
2026-09-13T18:14:44.827+08:00,RUN_20260913_171419,324,3827442,SESSION_004,0,0,8190,4,32.59,63.99,1004.40,39.2,1,HIGH
2026-09-13T18:14:45.830+08:00,RUN_20260913_171419,325,3828445,SESSION_004,0,0,8190,4,32.59,64.00,1004.40,39.2,1,HIGH
2026-09-13T18:14:46.833+08:00,RUN_20260913_171419,326,3829448,SESSION_004,1,0,8190,4,32.59,63.93,1004.40,39.2,1,HIGH
2026-09-13T18:14:47.836+08:00,RUN_20260913_171419,327,3830451,SESSION_004,0,0,8190,4,32.59,63.93,1004.40,39.2,1,HIGH
2026-09-13T18:14:48.839+08:00,RUN_20260913_171419,328,3831454,SESSION_004,1,0,8190,4,32.59,64.01,1004.40,39.2,1,HIGH
2026-09-13T18:14:49.842+08:00,RUN_20260913_171419,329,3832457,SESSION_004,0,0,8190,4,32.59,63.93,1004.40,39.2,1,HIGH
2026-09-13T18:14:50.845+08:00,RUN_20260913_171419,330,3833460,SESSION_004,0,0,8190,4,32.59,63.92,1004.40,39.2,1,HIGH
2026-09-13T18:14:51.848+08:00,RUN_20260913_171419,331,3834463,SESSION_004,0,0,8190,4,32.59,63.90,1004.39,39.2,1,HIGH
2026-09-13T18:14:52.851+08:00,RUN_20260913_171419,332,3835466,SESSION_004,1,0,8190,4,32.59,63.95,1004.39,39.2,1,HIGH
2026-09-13T18:14:53.854+08:00,RUN_20260913_171419,333,3836469,SESSION_004,0,0,8190,4,32.59,63.96,1004.39,39.2,1,HIGH
2026-09-13T18:14:54.857+08:00,RUN_20260913_171419,334,3837472,SESSION_004,0,0,8190,4,32.59,63.93,1004.39,39.2,1,HIGH
2026-09-13T18:14:56.042+08:00,RUN_20260913_171419,335,3838657,SESSION_004,0,0,8190,4,32.59,63.88,1004.39,39.2,1,HIGH
2026-09-13T18:14:56.865+08:00,RUN_20260913_171419,336,3839480,SESSION_004,0,0,8190,4,32.59,63.96,1004.39,39.2,1,HIGH
2026-09-13T18:14:57.868+08:00,RUN_20260913_171419,337,3840483,SESSION_004,0,0,8190,4,32.59,63.96,1004.39,39.2,1,HIGH
2026-09-13T18:14:58.871+08:00,RUN_20260913_171419,338,3841486,SESSION_004,0,0,8190,4,32.59,63.89,1004.39,39.2,1,HIGH
2026-09-13T18:14:59.874+08:00,RUN_20260913_171419,339,3842489,SESSION_004,0,0,8190,4,32.59,63.92,1004.39,39.2,1,HIGH
2026-09-13T18:15:00.877+08:00,RUN_20260913_171419,340,3843492,SESSION_004,1,0,8190,4,32.59,63.88,1004.38,39.2,1,HIGH
2026-09-13T18:15:01.880+08:00,RUN_20260913_171419,341,3844495,SESSION_004,0,0,8190,4,32.59,63.94,1004.39,39.2,1,HIGH
2026-09-13T18:15:02.883+08:00,RUN_20260913_171419,342,3845498,SESSION_004,1,0,8190,4,32.59,63.94,1004.39,39.2,1,HIGH
2026-09-13T18:15:03.886+08:00,RUN_20260913_171419,343,3846501,SESSION_004,1,0,8190,4,32.59,63.94,1004.39,39.2,1,HIGH
2026-09-13T18:15:04.889+08:00,RUN_20260913_171419,344,3847504,SESSION_004,1,0,8190,4,32.59,63.93,1004.39,39.2,1,HIGH
2026-09-13T18:15:06.074+08:00,RUN_20260913_171419,345,3848689,SESSION_004,0,0,419,0,32.59,63.88,1004.39,39.2,1,HIGH
2026-09-13T18:15:07.079+08:00,RUN_20260913_171419,346,3849694,SESSION_004,0,0,8190,4,32.59,63.88,1004.39,39.2,1,HIGH
2026-09-13T18:15:07.902+08:00,RUN_20260913_171419,347,3850517,SESSION_004,1,1,8190,4,32.59,63.88,1004.39,39.2,1,HIGH
2026-09-13T18:15:08.905+08:00,RUN_20260913_171419,348,3851520,SESSION_004,0,0,8190,4,32.59,63.84,1004.39,39.2,1,HIGH
2026-09-13T18:15:09.908+08:00,RUN_20260913_171419,349,3852523,SESSION_004,0,0,8190,4,32.59,63.88,1004.39,38.3,1,HIGH
2026-09-13T18:15:10.911+08:00,RUN_20260913_171419,350,3853526,SESSION_004,0,1,8190,4,32.59,63.87,1004.39,38.3,1,HIGH
2026-09-13T18:15:11.914+08:00,RUN_20260913_171419,351,3854529,SESSION_004,0,1,8190,4,32.59,63.92,1004.39,39.2,1,HIGH
2026-09-13T18:15:12.917+08:00,RUN_20260913_171419,352,3855532,SESSION_004,0,1,8190,4,32.59,63.95,1004.39,39.2,1,HIGH
2026-09-13T18:15:14.102+08:00,RUN_20260913_171419,353,3856717,SESSION_004,0,0,8190,4,32.59,63.96,1004.39,37.5,1,HIGH
2026-09-13T18:15:14.925+08:00,RUN_20260913_171419,354,3857540,SESSION_004,1,0,8190,4,32.59,63.95,1004.39,34.2,1,HIGH
2026-09-13T18:15:15.928+08:00,RUN_20260913_171419,355,3858543,SESSION_004,1,1,8190,4,32.59,64.01,1004.39,8.3,1,HIGH
2026-09-13T18:15:16.931+08:00,RUN_20260913_171419,356,3859546,SESSION_004,0,1,8190,4,32.59,64.01,1004.39,10.8,1,HIGH
2026-09-13T18:15:17.934+08:00,RUN_20260913_171419,357,3860549,SESSION_004,0,0,8190,4,32.59,64.00,1004.39,10.0,1,HIGH
2026-09-13T18:15:18.937+08:00,RUN_20260913_171419,358,3861552,SESSION_004,0,0,8190,4,32.59,63.92,1004.39,7.5,1,HIGH
2026-09-13T18:15:19.940+08:00,RUN_20260913_171419,359,3862555,SESSION_004,0,1,8190,4,32.59,63.95,1004.39,28.3,1,HIGH
2026-09-13T18:15:20.943+08:00,RUN_20260913_171419,360,3863558,SESSION_004,0,1,8190,4,32.59,63.95,1004.39,37.5,1,HIGH
2026-09-13T18:15:21.946+08:00,RUN_20260913_171419,361,3864561,SESSION_004,1,1,8190,4,32.59,64.05,1004.39,39.2,1,HIGH
2026-09-13T18:15:22.949+08:00,RUN_20260913_171419,362,3865564,SESSION_004,1,0,8190,4,32.59,63.99,1004.39,36.7,1,HIGH
2026-09-13T18:15:23.952+08:00,RUN_20260913_171419,363,3866567,SESSION_004,0,0,8190,4,32.59,64.01,1004.39,35.8,1,HIGH
2026-09-13T18:15:24.955+08:00,RUN_20260913_171419,364,3867570,SESSION_004,0,0,8190,4,32.59,63.95,1004.39,38.3,1,HIGH
2026-09-13T18:15:26.140+08:00,RUN_20260913_171419,365,3868755,SESSION_004,0,0,8191,2,32.59,63.99,1004.39,39.2,1,HIGH
2026-09-13T18:15:27.145+08:00,RUN_20260913_171419,366,3869760,SESSION_004,1,0,799,0,32.59,63.99,1004.39,39.2,1,HIGH
2026-09-13T18:15:28.150+08:00,RUN_20260913_171419,367,3870765,SESSION_004,0,0,8190,4,32.59,64.05,1004.39,39.2,1,HIGH
2026-09-13T18:15:29.155+08:00,RUN_20260913_171419,368,3871770,SESSION_004,0,1,479,0,32.59,64.06,1004.39,39.2,1,HIGH
2026-09-13T18:15:30.160+08:00,RUN_20260913_171419,369,3872775,SESSION_004,1,1,580,0,32.59,63.96,1004.39,39.2,1,HIGH
2026-09-13T18:15:31.165+08:00,RUN_20260913_171419,370,3873780,SESSION_004,0,0,8190,4,32.59,63.98,1004.39,39.2,1,HIGH
2026-09-13T18:15:32.170+08:00,RUN_20260913_171419,371,3874785,SESSION_004,0,0,8190,4,32.59,63.99,1004.39,38.3,1,HIGH
2026-09-13T18:15:32.993+08:00,RUN_20260913_171419,372,3875608,SESSION_004,0,0,8190,4,32.59,64.07,1004.39,39.2,1,HIGH
2026-09-13T18:15:33.996+08:00,RUN_20260913_171419,373,3876611,SESSION_004,1,1,8190,4,32.59,63.95,1004.39,38.3,1,HIGH
2026-09-13T18:15:35.181+08:00,RUN_20260913_171419,374,3877796,SESSION_004,0,0,509,0,32.59,64.06,1004.39,38.3,1,HIGH
2026-09-13T18:15:36.004+08:00,RUN_20260913_171419,375,3878619,SESSION_004,1,0,8190,4,32.59,64.06,1004.39,39.2,1,HIGH
2026-09-13T18:15:37.189+08:00,RUN_20260913_171419,376,3879804,SESSION_004,1,0,343,0,32.59,63.99,1004.39,39.2,1,HIGH
2026-09-13T18:15:38.012+08:00,RUN_20260913_171419,377,3880627,SESSION_004,0,1,8190,4,32.59,64.00,1004.39,39.2,1,HIGH
2026-09-13T18:15:39.015+08:00,RUN_20260913_171419,378,3881630,SESSION_004,0,0,8190,4,32.59,64.01,1004.39,39.2,1,HIGH
2026-09-13T18:15:40.200+08:00,RUN_20260913_171419,379,3882815,SESSION_004,0,0,8190,4,32.59,64.05,1004.39,39.2,1,HIGH
2026-09-13T18:15:41.205+08:00,RUN_20260913_171419,380,3883820,SESSION_004,0,1,8191,2,32.59,64.10,1004.39,39.2,1,HIGH
2026-09-13T18:15:42.210+08:00,RUN_20260913_171419,381,3884825,SESSION_004,0,1,8191,2,32.59,64.14,1004.39,39.2,1,HIGH
2026-09-13T18:15:43.215+08:00,RUN_20260913_171419,382,3885830,SESSION_004,0,1,8191,2,32.59,64.11,1004.39,39.2,1,HIGH
2026-09-13T18:15:44.220+08:00,RUN_20260913_171419,383,3886835,SESSION_004,0,1,8191,2,32.59,64.08,1004.39,39.2,1,HIGH
2026-09-13T18:15:45.225+08:00,RUN_20260913_171419,384,3887840,SESSION_004,1,0,622,0,32.59,64.06,1004.39,39.2,1,HIGH
2026-09-13T18:15:46.230+08:00,RUN_20260913_171419,385,3888845,SESSION_004,1,0,8190,4,32.59,64.05,1004.39,39.2,1,HIGH
2026-09-13T18:15:47.053+08:00,RUN_20260913_171419,386,3889668,SESSION_004,1,1,8190,4,32.59,64.02,1004.39,39.2,1,HIGH
2026-09-13T18:15:48.238+08:00,RUN_20260913_171419,387,3890853,SESSION_004,0,1,8190,4,32.59,64.02,1004.39,39.2,1,HIGH
2026-09-13T18:15:49.061+08:00,RUN_20260913_171419,388,3891676,SESSION_004,0,1,8190,4,32.59,64.10,1004.39,39.2,1,HIGH
2026-09-13T18:15:50.064+08:00,RUN_20260913_171419,389,3892679,SESSION_004,1,0,8190,4,32.59,64.16,1004.39,39.2,1,HIGH
2026-09-13T18:15:51.067+08:00,RUN_20260913_171419,390,3893682,SESSION_004,0,0,8190,4,32.60,64.06,1004.40,39.2,1,HIGH
2026-09-13T18:15:52.070+08:00,RUN_20260913_171419,391,3894685,SESSION_004,0,0,8190,4,32.60,64.16,1004.40,39.2,1,HIGH
2026-09-13T18:15:53.073+08:00,RUN_20260913_171419,392,3895688,SESSION_004,0,0,8190,4,32.60,64.06,1004.40,39.2,1,HIGH
2026-09-13T18:15:54.258+08:00,RUN_20260913_171419,393,3896873,SESSION_004,1,0,810,0,32.60,64.12,1004.40,39.2,1,HIGH
2026-09-13T18:15:55.081+08:00,RUN_20260913_171419,394,3897696,SESSION_004,0,0,8190,4,32.60,64.04,1004.40,39.2,1,HIGH
2026-09-13T18:15:56.084+08:00,RUN_20260913_171419,395,3898699,SESSION_004,1,0,8190,4,32.60,64.02,1004.40,39.2,1,HIGH
2026-09-13T18:15:57.087+08:00,RUN_20260913_171419,396,3899702,SESSION_004,1,0,8190,4,32.60,64.01,1004.40,39.2,1,HIGH
2026-09-13T18:15:58.090+08:00,RUN_20260913_171419,397,3900705,SESSION_004,0,0,8190,4,32.60,63.99,1004.40,39.2,1,HIGH
2026-09-13T18:15:59.093+08:00,RUN_20260913_171419,398,3901708,SESSION_004,1,0,8190,4,32.60,64.06,1004.40,39.2,1,HIGH
2026-09-13T18:16:00.096+08:00,RUN_20260913_171419,399,3902711,SESSION_004,0,0,8190,4,32.60,64.04,1004.40,39.2,1,HIGH
2026-09-13T18:16:01.099+08:00,RUN_20260913_171419,400,3903714,SESSION_004,0,0,8190,4,32.60,63.96,1004.40,39.2,1,HIGH
2026-09-13T18:16:02.102+08:00,RUN_20260913_171419,401,3904717,SESSION_004,0,0,8190,4,32.60,64.06,1004.40,38.3,1,HIGH
2026-09-13T18:16:03.105+08:00,RUN_20260913_171419,402,3905720,SESSION_004,0,0,8190,4,32.60,64.05,1004.40,38.3,1,HIGH
2026-09-13T18:16:04.108+08:00,RUN_20260913_171419,403,3906723,SESSION_004,0,0,8190,4,32.60,64.06,1004.40,38.3,1,HIGH
2026-09-13T18:16:05.111+08:00,RUN_20260913_171419,404,3907726,SESSION_004,0,0,8190,4,32.60,63.95,1004.40,39.2,1,HIGH
2026-09-13T18:16:06.114+08:00,RUN_20260913_171419,405,3908729,SESSION_004,1,0,8190,4,32.60,63.95,1004.41,38.3,1,HIGH
2026-09-13T18:16:07.117+08:00,RUN_20260913_171419,406,3909732,SESSION_004,1,0,8190,4,32.60,64.02,1004.40,38.3,1,HIGH
2026-09-13T18:16:08.120+08:00,RUN_20260913_171419,407,3910735,SESSION_004,0,1,8190,4,32.60,64.05,1004.41,38.3,1,HIGH
2026-09-13T18:16:09.123+08:00,RUN_20260913_171419,408,3911738,SESSION_004,0,0,8190,4,32.60,64.02,1004.41,38.3,1,HIGH
2026-09-13T18:16:10.126+08:00,RUN_20260913_171419,409,3912741,SESSION_004,0,0,8190,4,32.60,63.94,1004.41,38.3,1,HIGH
2026-09-13T18:16:11.129+08:00,RUN_20260913_171419,410,3913744,SESSION_004,0,0,8190,4,32.60,63.94,1004.41,38.3,1,HIGH
2026-09-13T18:16:12.132+08:00,RUN_20260913_171419,411,3914747,SESSION_004,0,1,8190,4,32.60,64.02,1004.40,38.3,1,HIGH
2026-09-13T18:16:13.135+08:00,RUN_20260913_171419,412,3915750,SESSION_004,0,1,8190,4,32.60,63.95,1004.40,38.3,1,HIGH
2026-09-13T18:16:14.138+08:00,RUN_20260913_171419,413,3916753,SESSION_004,0,0,8190,4,32.60,63.95,1004.40,39.2,1,HIGH
2026-09-13T18:16:15.141+08:00,RUN_20260913_171419,414,3917756,SESSION_004,0,0,8190,4,32.60,64.06,1004.40,39.2,1,HIGH
2026-09-13T18:16:16.144+08:00,RUN_20260913_171419,415,3918759,SESSION_004,1,0,8190,4,32.60,63.98,1004.40,39.2,1,HIGH
2026-09-13T18:16:17.147+08:00,RUN_20260913_171419,416,3919762,SESSION_004,0,1,8190,4,32.59,64.08,1004.40,38.3,1,HIGH
2026-09-13T18:16:18.150+08:00,RUN_20260913_171419,417,3920765,SESSION_004,0,0,8190,4,32.59,64.07,1004.40,38.3,1,HIGH
2026-09-13T18:16:19.153+08:00,RUN_20260913_171419,418,3921768,SESSION_004,0,0,8190,4,32.59,64.08,1004.40,38.3,1,HIGH
2026-09-13T18:16:20.156+08:00,RUN_20260913_171419,419,3922771,SESSION_004,1,0,8190,4,32.59,64.08,1004.40,38.3,1,HIGH
2026-09-13T18:16:21.159+08:00,RUN_20260913_171419,420,3923774,SESSION_004,1,1,8190,4,32.59,64.08,1004.40,38.3,1,HIGH
2026-09-13T18:16:22.162+08:00,RUN_20260913_171419,421,3924777,SESSION_004,1,1,8190,4,32.59,64.11,1004.40,38.3,1,HIGH
2026-09-13T18:16:23.165+08:00,RUN_20260913_171419,422,3925780,SESSION_004,0,0,8190,4,32.59,64.07,1004.40,38.3,1,HIGH
2026-09-13T18:16:24.168+08:00,RUN_20260913_171419,423,3926783,SESSION_004,0,0,8190,4,32.59,64.00,1004.40,38.3,1,HIGH
2026-09-13T18:16:25.171+08:00,RUN_20260913_171419,424,3927786,SESSION_004,0,0,8190,4,32.59,64.10,1004.40,38.3,1,HIGH
2026-09-13T18:16:26.174+08:00,RUN_20260913_171419,425,3928789,SESSION_004,0,1,8190,4,32.59,64.07,1004.40,38.3,1,HIGH
2026-09-13T18:16:27.177+08:00,RUN_20260913_171419,426,3929792,SESSION_004,0,0,8190,4,32.59,64.01,1004.40,38.3,1,HIGH
2026-09-13T18:16:28.180+08:00,RUN_20260913_171419,427,3930795,SESSION_004,1,0,8190,4,32.59,63.99,1004.40,38.3,1,HIGH
2026-09-13T18:16:29.183+08:00,RUN_20260913_171419,428,3931798,SESSION_004,0,0,8190,4,32.59,64.11,1004.40,38.3,1,HIGH
2026-09-13T18:16:30.186+08:00,RUN_20260913_171419,429,3932801,SESSION_004,0,0,8190,4,32.59,64.11,1004.40,38.3,1,HIGH
2026-09-13T18:16:31.189+08:00,RUN_20260913_171419,430,3933804,SESSION_004,0,1,8190,4,32.59,64.11,1004.40,36.7,1,HIGH
2026-09-13T18:16:32.192+08:00,RUN_20260913_171419,431,3934807,SESSION_004,1,1,8190,4,32.59,64.10,1004.40,36.7,1,HIGH
2026-09-13T18:16:33.195+08:00,RUN_20260913_171419,432,3935810,SESSION_004,0,1,8190,4,32.59,64.04,1004.40,36.7,1,HIGH
2026-09-13T18:16:34.198+08:00,RUN_20260913_171419,433,3936813,SESSION_004,1,1,8190,4,32.59,64.11,1004.40,38.3,1,HIGH
2026-09-13T18:16:35.201+08:00,RUN_20260913_171419,434,3937816,SESSION_004,1,0,8190,4,32.59,64.01,1004.40,39.2,1,HIGH
2026-09-13T18:16:36.204+08:00,RUN_20260913_171419,435,3938819,SESSION_004,1,1,8190,4,32.59,64.04,1004.40,39.2,1,HIGH
2026-09-13T18:16:37.207+08:00,RUN_20260913_171419,436,3939822,SESSION_004,1,0,8190,4,32.59,64.08,1004.40,39.2,1,HIGH
2026-09-13T18:16:38.210+08:00,RUN_20260913_171419,437,3940825,SESSION_004,1,0,8190,4,32.59,64.01,1004.40,39.2,1,HIGH
2026-09-13T18:16:39.213+08:00,RUN_20260913_171419,438,3941828,SESSION_004,0,1,8190,4,32.59,64.11,1004.40,39.2,1,HIGH
2026-09-13T18:16:40.216+08:00,RUN_20260913_171419,439,3942831,SESSION_004,0,1,8190,4,32.59,64.11,1004.40,39.2,1,HIGH
2026-09-13T18:16:41.219+08:00,RUN_20260913_171419,440,3943834,SESSION_004,0,0,8190,4,32.59,64.10,1004.40,39.2,1,HIGH
2026-09-13T18:16:42.222+08:00,RUN_20260913_171419,441,3944837,SESSION_004,0,0,8190,4,32.59,64.10,1004.40,39.2,1,HIGH
2026-09-13T18:16:43.225+08:00,RUN_20260913_171419,442,3945840,SESSION_004,0,0,8190,4,32.59,64.10,1004.40,39.2,1,HIGH
2026-09-13T18:16:44.410+08:00,RUN_20260913_171419,443,3947025,SESSION_004,0,1,8190,4,32.59,64.05,1004.40,39.2,1,HIGH
2026-09-13T18:16:45.415+08:00,RUN_20260913_171419,444,3948030,SESSION_004,0,0,521,0,32.59,64.10,1004.39,39.2,1,HIGH
2026-09-13T18:16:46.420+08:00,RUN_20260913_171419,445,3949035,SESSION_004,1,0,8190,4,32.59,64.02,1004.39,39.2,1,HIGH
2026-09-13T18:16:47.425+08:00,RUN_20260913_171419,446,3950040,SESSION_004,1,0,265,0,32.59,64.02,1004.39,39.2,1,HIGH
2026-09-13T18:16:48.248+08:00,RUN_20260913_171419,447,3950863,SESSION_004,0,0,8190,4,32.59,64.12,1004.39,39.2,1,HIGH
2026-09-13T18:16:49.251+08:00,RUN_20260913_171419,448,3951866,SESSION_004,0,1,8190,4,32.59,64.05,1004.39,39.2,1,HIGH
2026-09-13T18:16:50.254+08:00,RUN_20260913_171419,449,3952869,SESSION_004,1,1,8190,4,32.59,64.08,1004.39,39.2,1,HIGH
2026-09-13T18:16:51.439+08:00,RUN_20260913_171419,450,3954054,SESSION_004,0,1,8190,4,32.59,64.05,1004.39,39.2,1,HIGH
2026-09-13T18:16:52.444+08:00,RUN_20260913_171419,451,3955059,SESSION_004,0,0,8190,4,32.59,64.10,1004.39,39.2,1,HIGH
2026-09-13T18:16:53.267+08:00,RUN_20260913_171419,452,3955882,SESSION_004,0,0,8190,4,32.59,64.05,1004.39,39.2,1,HIGH
2026-09-13T18:16:54.270+08:00,RUN_20260913_171419,453,3956885,SESSION_004,1,0,8190,4,32.59,64.02,1004.39,39.2,1,HIGH
2026-09-13T18:16:55.455+08:00,RUN_20260913_171419,454,3958070,SESSION_004,0,0,8190,4,32.59,64.14,1004.39,39.2,1,HIGH
2026-09-13T18:16:56.278+08:00,RUN_20260913_171419,455,3958893,SESSION_004,0,0,8190,4,32.59,64.07,1004.39,39.2,1,HIGH
2026-09-13T18:16:57.281+08:00,RUN_20260913_171419,456,3959896,SESSION_004,0,0,8190,4,32.59,64.13,1004.39,39.2,1,HIGH
2026-09-13T18:16:58.284+08:00,RUN_20260913_171419,457,3960899,SESSION_004,1,0,8190,4,32.59,64.02,1004.39,39.2,1,HIGH
2026-09-13T18:16:59.287+08:00,RUN_20260913_171419,458,3961902,SESSION_004,0,0,8190,4,32.59,64.13,1004.39,39.2,1,HIGH
2026-09-13T18:17:00.290+08:00,RUN_20260913_171419,459,3962905,SESSION_004,0,0,8190,4,32.59,64.13,1004.39,39.2,1,HIGH
2026-09-13T18:17:01.293+08:00,RUN_20260913_171419,460,3963908,SESSION_004,1,0,8190,4,32.59,64.16,1004.39,39.2,1,HIGH
2026-09-13T18:17:02.296+08:00,RUN_20260913_171419,461,3964911,SESSION_004,1,0,8190,4,32.59,64.16,1004.39,39.2,1,HIGH
2026-09-13T18:17:03.299+08:00,RUN_20260913_171419,462,3965914,SESSION_004,0,0,8190,4,32.59,64.16,1004.39,39.2,1,HIGH
2026-09-13T18:17:04.302+08:00,RUN_20260913_171419,463,3966917,SESSION_004,0,0,8190,4,32.59,64.08,1004.39,39.2,1,HIGH
2026-09-13T18:17:05.305+08:00,RUN_20260913_171419,464,3967920,SESSION_004,0,0,8190,4,32.59,64.07,1004.39,39.2,1,HIGH
2026-09-13T18:17:06.308+08:00,RUN_20260913_171419,465,3968923,SESSION_004,1,0,8190,4,32.58,64.05,1004.39,39.2,1,HIGH
2026-09-13T18:17:07.493+08:00,RUN_20260913_171419,466,3970108,SESSION_004,0,0,519,0,32.58,64.08,1004.39,39.2,1,HIGH
2026-09-13T18:17:08.498+08:00,RUN_20260913_171419,467,3971113,SESSION_004,0,0,8190,4,32.58,64.07,1004.39,39.2,1,HIGH
2026-09-13T18:17:09.321+08:00,RUN_20260913_171419,468,3971936,SESSION_004,1,0,8190,4,32.58,64.18,1004.39,39.2,1,HIGH
2026-09-13T18:17:10.506+08:00,RUN_20260913_171419,469,3973121,SESSION_004,0,0,8190,4,32.58,64.20,1004.39,39.2,1,HIGH
2026-09-13T18:17:11.329+08:00,RUN_20260913_171419,470,3973944,SESSION_004,0,0,8190,4,32.58,64.20,1004.39,39.2,1,HIGH
2026-09-13T18:17:12.332+08:00,RUN_20260913_171419,471,3974947,SESSION_004,1,1,8190,4,32.58,64.23,1004.39,39.2,1,HIGH
2026-09-13T18:17:13.335+08:00,RUN_20260913_171419,472,3975950,SESSION_004,1,0,8190,4,32.58,64.20,1004.39,39.2,1,HIGH
2026-09-13T18:17:14.520+08:00,RUN_20260913_171419,473,3977135,SESSION_004,1,0,8190,4,32.58,64.12,1004.39,39.2,1,HIGH
2026-09-13T18:17:15.525+08:00,RUN_20260913_171419,474,3978140,SESSION_004,1,1,8190,4,32.58,64.09,1004.39,39.2,1,HIGH
2026-09-13T18:17:16.530+08:00,RUN_20260913_171419,475,3979145,SESSION_004,1,0,490,0,32.58,64.13,1004.39,39.2,1,HIGH
2026-09-13T18:17:17.535+08:00,RUN_20260913_171419,476,3980150,SESSION_004,0,0,8191,2,32.58,64.11,1004.39,39.2,1,HIGH
2026-09-13T18:17:18.540+08:00,RUN_20260913_171419,477,3981155,SESSION_004,0,1,8190,4,32.58,64.25,1004.39,39.2,1,HIGH
2026-09-13T18:17:19.545+08:00,RUN_20260913_171419,478,3982160,SESSION_004,1,0,8190,4,32.58,64.23,1004.40,39.2,1,HIGH
2026-09-13T18:17:20.368+08:00,RUN_20260913_171419,479,3982983,SESSION_004,0,0,8190,4,32.58,64.32,1004.40,39.2,1,HIGH
2026-09-13T18:17:21.553+08:00,RUN_20260913_171419,480,3984168,SESSION_004,0,0,8190,4,32.58,64.20,1004.40,39.2,1,HIGH
2026-09-13T18:17:22.558+08:00,RUN_20260913_171419,481,3985173,SESSION_004,0,0,8190,4,32.58,64.30,1004.40,39.2,1,HIGH
2026-09-13T18:17:23.563+08:00,RUN_20260913_171419,482,3986178,SESSION_004,0,0,8190,4,32.58,64.19,1004.40,39.2,1,HIGH
2026-09-13T18:17:24.568+08:00,RUN_20260913_171419,483,3987183,SESSION_004,0,0,8190,4,32.58,64.27,1004.40,39.2,1,HIGH
2026-09-13T18:17:25.573+08:00,RUN_20260913_171419,484,3988188,SESSION_004,0,0,8190,4,32.58,64.29,1004.40,39.2,1,HIGH
2026-09-13T18:17:26.578+08:00,RUN_20260913_171419,485,3989193,SESSION_004,0,0,8190,4,32.58,64.21,1004.40,39.2,1,HIGH
2026-09-13T18:17:27.583+08:00,RUN_20260913_171419,486,3990198,SESSION_004,0,0,8190,4,32.58,64.16,1004.40,39.2,1,HIGH
2026-09-13T18:17:28.406+08:00,RUN_20260913_171419,487,3991021,SESSION_004,0,0,8190,4,32.58,64.16,1004.40,39.2,1,HIGH
2026-09-13T18:17:29.591+08:00,RUN_20260913_171419,488,3992206,SESSION_004,0,0,8190,4,32.58,64.17,1004.40,39.2,1,HIGH
2026-09-13T18:17:30.596+08:00,RUN_20260913_171419,489,3993211,SESSION_004,0,0,8190,4,32.58,64.26,1004.40,39.2,1,HIGH
2026-09-13T18:17:31.419+08:00,RUN_20260913_171419,490,3994034,SESSION_004,0,0,8190,4,32.59,64.23,1004.40,39.2,1,HIGH
2026-09-13T18:17:32.604+08:00,RUN_20260913_171419,491,3995219,SESSION_004,0,0,8191,2,32.59,64.17,1004.41,39.2,1,HIGH
2026-09-13T18:17:33.427+08:00,RUN_20260913_171419,492,3996042,SESSION_004,1,0,8190,4,32.58,64.24,1004.40,39.2,1,HIGH
2026-09-13T18:17:34.430+08:00,RUN_20260913_171419,493,3997045,SESSION_004,1,0,8190,4,32.59,64.20,1004.41,39.2,1,HIGH
2026-09-13T18:17:35.433+08:00,RUN_20260913_171419,494,3998048,SESSION_004,1,0,8190,4,32.59,64.14,1004.41,39.2,1,HIGH
2026-09-13T18:17:36.436+08:00,RUN_20260913_171419,495,3999051,SESSION_004,1,0,8190,4,32.59,64.19,1004.41,39.2,1,HIGH
2026-09-13T18:17:37.439+08:00,RUN_20260913_171419,496,4000054,SESSION_004,1,0,8190,4,32.59,64.14,1004.41,39.2,1,HIGH
2026-09-13T18:17:38.442+08:00,RUN_20260913_171419,497,4001057,SESSION_004,0,0,8190,4,32.59,64.22,1004.41,39.2,1,HIGH
2026-09-13T18:17:39.445+08:00,RUN_20260913_171419,498,4002060,SESSION_004,0,0,8190,4,32.59,64.17,1004.41,39.2,1,HIGH
2026-09-13T18:17:40.448+08:00,RUN_20260913_171419,499,4003063,SESSION_004,0,0,8190,4,32.59,64.17,1004.41,39.2,1,HIGH
2026-09-13T18:17:41.451+08:00,RUN_20260913_171419,500,4004066,SESSION_004,1,0,8190,4,32.59,64.19,1004.41,39.2,1,HIGH
2026-09-13T18:17:42.454+08:00,RUN_20260913_171419,501,4005069,SESSION_004,0,0,8190,4,32.58,64.18,1004.40,39.2,1,HIGH
2026-09-13T18:17:43.457+08:00,RUN_20260913_171419,502,4006072,SESSION_004,0,0,8190,4,32.58,64.19,1004.41,39.2,1,HIGH
2026-09-13T18:17:44.460+08:00,RUN_20260913_171419,503,4007075,SESSION_004,0,0,8190,4,32.58,64.23,1004.41,39.2,1,HIGH
2026-09-13T18:17:45.463+08:00,RUN_20260913_171419,504,4008078,SESSION_004,1,0,8190,4,32.58,64.17,1004.41,39.2,1,HIGH
2026-09-13T18:17:46.466+08:00,RUN_20260913_171419,505,4009081,SESSION_004,1,1,8190,4,32.59,64.23,1004.41,39.2,1,HIGH
2026-09-13T18:17:47.469+08:00,RUN_20260913_171419,506,4010084,SESSION_004,0,1,8190,4,32.58,64.23,1004.41,39.2,1,HIGH
2026-09-13T18:17:48.472+08:00,RUN_20260913_171419,507,4011087,SESSION_004,0,1,8190,4,32.59,64.30,1004.41,39.2,1,HIGH
2026-09-13T18:17:49.475+08:00,RUN_20260913_171419,508,4012090,SESSION_004,1,0,8190,4,32.59,64.26,1004.41,39.2,1,HIGH
2026-09-13T18:17:50.478+08:00,RUN_20260913_171419,509,4013093,SESSION_004,0,0,8190,4,32.59,64.25,1004.41,39.2,1,HIGH
2026-09-13T18:17:51.481+08:00,RUN_20260913_171419,510,4014096,SESSION_004,0,1,8190,4,32.59,64.24,1004.41,39.2,1,HIGH
2026-09-13T18:17:52.484+08:00,RUN_20260913_171419,511,4015099,SESSION_004,0,0,8190,4,32.59,64.32,1004.41,39.2,1,HIGH
2026-09-13T18:17:53.487+08:00,RUN_20260913_171419,512,4016102,SESSION_004,0,0,8190,4,32.59,64.19,1004.41,39.2,1,HIGH
2026-09-13T18:17:54.490+08:00,RUN_20260913_171419,513,4017105,SESSION_004,0,0,8190,4,32.59,64.24,1004.41,39.2,1,HIGH
2026-09-13T18:17:55.493+08:00,RUN_20260913_171419,514,4018108,SESSION_004,0,0,8190,4,32.59,64.24,1004.41,39.2,1,HIGH
2026-09-13T18:17:56.496+08:00,RUN_20260913_171419,515,4019111,SESSION_004,0,0,8190,4,32.59,64.19,1004.42,39.2,1,HIGH
2026-09-13T18:17:57.499+08:00,RUN_20260913_171419,516,4020114,SESSION_004,0,0,8190,4,32.59,64.17,1004.42,39.2,1,HIGH
2026-09-13T18:17:58.502+08:00,RUN_20260913_171419,517,4021117,SESSION_004,0,0,8190,4,32.59,64.23,1004.42,39.2,1,HIGH
2026-09-13T18:17:59.505+08:00,RUN_20260913_171419,518,4022120,SESSION_004,0,0,8190,4,32.59,64.31,1004.42,39.2,1,HIGH
2026-09-13T18:18:00.508+08:00,RUN_20260913_171419,519,4023123,SESSION_004,0,0,8190,4,32.59,64.23,1004.42,39.2,1,HIGH
2026-09-13T18:18:01.511+08:00,RUN_20260913_171419,520,4024126,SESSION_004,0,0,8190,4,32.59,64.23,1004.42,39.2,1,HIGH
2026-09-13T18:18:02.514+08:00,RUN_20260913_171419,521,4025129,SESSION_004,0,0,8190,4,32.59,64.23,1004.42,39.2,1,HIGH
2026-09-13T18:18:03.517+08:00,RUN_20260913_171419,522,4026132,SESSION_004,0,0,8190,4,32.59,64.32,1004.42,39.2,1,HIGH
2026-09-13T18:18:04.520+08:00,RUN_20260913_171419,523,4027135,SESSION_004,0,0,8190,4,32.59,64.25,1004.41,39.2,1,HIGH
2026-09-13T18:18:05.523+08:00,RUN_20260913_171419,524,4028138,SESSION_004,0,0,8190,4,32.59,64.30,1004.41,39.2,1,HIGH
2026-09-13T18:18:06.526+08:00,RUN_20260913_171419,525,4029141,SESSION_004,1,0,8190,4,32.59,64.23,1004.41,39.2,1,HIGH
2026-09-13T18:18:07.529+08:00,RUN_20260913_171419,526,4030144,SESSION_004,0,0,8190,4,32.59,64.22,1004.41,39.2,1,HIGH
2026-09-13T18:18:08.532+08:00,RUN_20260913_171419,527,4031147,SESSION_004,0,0,8190,4,32.59,64.32,1004.41,39.2,1,HIGH
2026-09-13T18:18:09.535+08:00,RUN_20260913_171419,528,4032150,SESSION_004,0,0,8190,4,32.59,64.23,1004.41,39.2,1,HIGH
2026-09-13T18:18:10.538+08:00,RUN_20260913_171419,529,4033153,SESSION_004,1,0,8190,4,32.58,64.23,1004.41,39.2,1,HIGH
2026-09-13T18:18:11.541+08:00,RUN_20260913_171419,530,4034156,SESSION_004,0,0,8190,4,32.58,64.31,1004.41,39.2,1,HIGH
2026-09-13T18:18:12.544+08:00,RUN_20260913_171419,531,4035159,SESSION_004,0,0,8190,4,32.58,64.31,1004.41,39.2,1,HIGH
2026-09-13T18:18:13.547+08:00,RUN_20260913_171419,532,4036162,SESSION_004,0,0,8190,4,32.58,64.24,1004.41,39.2,1,HIGH
2026-09-13T18:18:14.550+08:00,RUN_20260913_171419,533,4037165,SESSION_004,1,0,8190,4,32.58,64.20,1004.41,39.2,1,HIGH
2026-09-13T18:18:15.553+08:00,RUN_20260913_171419,534,4038168,SESSION_004,1,0,8190,4,32.58,64.30,1004.41,39.2,1,HIGH
2026-09-13T18:18:16.556+08:00,RUN_20260913_171419,535,4039171,SESSION_004,0,0,8190,4,32.58,64.21,1004.41,39.2,1,HIGH
2026-09-13T18:18:17.559+08:00,RUN_20260913_171419,536,4040174,SESSION_004,0,0,8190,4,32.58,64.25,1004.41,39.2,1,HIGH
2026-09-13T18:18:18.562+08:00,RUN_20260913_171419,537,4041177,SESSION_004,0,0,8190,4,32.58,64.36,1004.42,39.2,1,HIGH
2026-09-13T18:18:19.565+08:00,RUN_20260913_171419,538,4042180,SESSION_004,0,0,8190,4,32.58,64.25,1004.42,39.2,1,HIGH
2026-09-13T18:18:20.568+08:00,RUN_20260913_171419,539,4043183,SESSION_004,1,0,8190,4,32.58,64.30,1004.42,39.2,1,HIGH
2026-09-13T18:18:21.571+08:00,RUN_20260913_171419,540,4044186,SESSION_004,1,0,8190,4,32.58,64.31,1004.42,39.2,1,HIGH
2026-09-13T18:18:22.574+08:00,RUN_20260913_171419,541,4045189,SESSION_004,0,0,8190,4,32.58,64.39,1004.41,39.2,1,HIGH
2026-09-13T18:18:23.577+08:00,RUN_20260913_171419,542,4046192,SESSION_004,0,0,8190,4,32.58,64.41,1004.41,39.2,1,HIGH
2026-09-13T18:18:24.580+08:00,RUN_20260913_171419,543,4047195,SESSION_004,1,0,8190,4,32.58,64.31,1004.41,39.2,1,HIGH
2026-09-13T18:18:25.583+08:00,RUN_20260913_171419,544,4048198,SESSION_004,1,0,8190,4,32.58,64.31,1004.41,39.2,1,HIGH
2026-09-13T18:18:26.586+08:00,RUN_20260913_171419,545,4049201,SESSION_004,0,0,8190,4,32.58,64.27,1004.41,39.2,1,HIGH
2026-09-13T18:18:27.589+08:00,RUN_20260913_171419,546,4050204,SESSION_004,0,0,8190,4,32.58,64.35,1004.41,39.2,1,HIGH
2026-09-13T18:18:28.592+08:00,RUN_20260913_171419,547,4051207,SESSION_004,0,0,8190,4,32.58,64.38,1004.41,39.2,1,HIGH
2026-09-13T18:18:29.595+08:00,RUN_20260913_171419,548,4052210,SESSION_004,0,0,8190,4,32.58,64.35,1004.41,39.2,1,HIGH
2026-09-13T18:18:30.598+08:00,RUN_20260913_171419,549,4053213,SESSION_004,0,0,8190,4,32.58,64.33,1004.41,39.2,1,HIGH
2026-09-13T18:18:31.601+08:00,RUN_20260913_171419,550,4054216,SESSION_004,0,0,8190,4,32.58,64.29,1004.41,39.2,1,HIGH
2026-09-13T18:18:32.604+08:00,RUN_20260913_171419,551,4055219,SESSION_004,0,0,8190,4,32.58,64.37,1004.41,39.2,1,HIGH
2026-09-13T18:18:33.607+08:00,RUN_20260913_171419,552,4056222,SESSION_004,0,0,8190,4,32.58,64.26,1004.41,39.2,1,HIGH
2026-09-13T18:18:34.610+08:00,RUN_20260913_171419,553,4057225,SESSION_004,0,0,8190,4,32.58,64.31,1004.41,39.2,1,HIGH
2026-09-13T18:18:35.613+08:00,RUN_20260913_171419,554,4058228,SESSION_004,1,0,8190,4,32.58,64.30,1004.41,39.2,1,HIGH
2026-09-13T18:18:36.616+08:00,RUN_20260913_171419,555,4059231,SESSION_004,0,0,8190,4,32.58,64.37,1004.41,39.2,1,HIGH
2026-09-13T18:18:37.619+08:00,RUN_20260913_171419,556,4060234,SESSION_004,0,0,8190,4,32.58,64.27,1004.41,39.2,1,HIGH
2026-09-13T18:18:38.622+08:00,RUN_20260913_171419,557,4061237,SESSION_004,1,0,8190,4,32.58,64.29,1004.41,39.2,1,HIGH
2026-09-13T18:18:39.807+08:00,RUN_20260913_171419,558,4062422,SESSION_004,0,0,8190,4,32.58,64.30,1004.41,39.2,1,HIGH
2026-09-13T18:18:40.630+08:00,RUN_20260913_171419,559,4063245,SESSION_004,0,0,8190,4,32.58,64.37,1004.41,39.2,1,HIGH
2026-09-13T18:18:41.633+08:00,RUN_20260913_171419,560,4064248,SESSION_004,0,0,8190,4,32.58,64.33,1004.41,39.2,1,HIGH
2026-09-13T18:18:42.636+08:00,RUN_20260913_171419,561,4065251,SESSION_004,1,0,8190,4,32.58,64.29,1004.41,39.2,1,HIGH
2026-09-13T18:18:43.639+08:00,RUN_20260913_171419,562,4066254,SESSION_004,0,0,8190,4,32.58,64.32,1004.41,39.2,1,HIGH
2026-09-13T18:18:44.642+08:00,RUN_20260913_171419,563,4067257,SESSION_004,0,0,8190,4,32.58,64.21,1004.41,39.2,1,HIGH
2026-09-13T18:18:45.645+08:00,RUN_20260913_171419,564,4068260,SESSION_004,0,0,8190,4,32.58,64.24,1004.41,39.2,1,HIGH
2026-09-13T18:18:46.648+08:00,RUN_20260913_171419,565,4069263,SESSION_004,0,0,8190,4,32.58,64.29,1004.41,39.2,1,HIGH
2026-09-13T18:18:47.651+08:00,RUN_20260913_171419,566,4070266,SESSION_004,1,0,8190,4,32.58,64.24,1004.41,39.2,1,HIGH
2026-09-13T18:18:48.654+08:00,RUN_20260913_171419,567,4071269,SESSION_004,0,0,8190,4,32.58,64.21,1004.41,39.2,1,HIGH
2026-09-13T18:18:49.657+08:00,RUN_20260913_171419,568,4072272,SESSION_004,0,0,8190,4,32.58,64.21,1004.41,39.2,1,HIGH
2026-09-13T18:18:50.842+08:00,RUN_20260913_171419,569,4073457,SESSION_004,0,0,8190,4,32.58,64.21,1004.41,39.2,1,HIGH
2026-09-13T18:18:51.665+08:00,RUN_20260913_171419,570,4074280,SESSION_004,0,0,8190,4,32.58,64.25,1004.41,39.2,1,HIGH
2026-09-13T18:18:52.668+08:00,RUN_20260913_171419,571,4075283,SESSION_004,1,0,8190,4,32.58,64.35,1004.41,39.2,1,HIGH
2026-09-13T18:18:53.671+08:00,RUN_20260913_171419,572,4076286,SESSION_004,1,0,8190,4,32.58,64.26,1004.41,39.2,1,HIGH
2026-09-13T18:18:54.674+08:00,RUN_20260913_171419,573,4077289,SESSION_004,1,0,8190,4,32.58,64.26,1004.41,39.2,1,HIGH
2026-09-13T18:18:55.677+08:00,RUN_20260913_171419,574,4078292,SESSION_004,1,0,8190,4,32.58,64.36,1004.41,39.2,1,HIGH
2026-09-13T18:18:56.680+08:00,RUN_20260913_171419,575,4079295,SESSION_004,0,0,8190,4,32.58,64.36,1004.41,39.2,1,HIGH
2026-09-13T18:18:57.683+08:00,RUN_20260913_171419,576,4080298,SESSION_004,0,0,8190,4,32.58,64.25,1004.41,39.2,1,HIGH
2026-09-13T18:18:58.686+08:00,RUN_20260913_171419,577,4081301,SESSION_004,1,0,8190,4,32.58,64.26,1004.41,39.2,1,HIGH
2026-09-13T18:18:59.689+08:00,RUN_20260913_171419,578,4082304,SESSION_004,0,0,8190,4,32.58,64.31,1004.41,39.2,1,HIGH
2026-09-13T18:19:00.692+08:00,RUN_20260913_171419,579,4083307,SESSION_004,0,0,8190,4,32.58,64.31,1004.41,39.2,1,HIGH
2026-09-13T18:19:01.695+08:00,RUN_20260913_171419,580,4084310,SESSION_004,0,0,8190,4,32.58,64.32,1004.41,39.2,1,HIGH
2026-09-13T18:19:02.698+08:00,RUN_20260913_171419,581,4085313,SESSION_004,0,0,8190,4,32.58,64.41,1004.41,39.2,1,HIGH
2026-09-13T18:19:03.701+08:00,RUN_20260913_171419,582,4086316,SESSION_004,0,0,8190,4,32.58,64.47,1004.41,39.2,1,HIGH
2026-09-13T18:19:04.886+08:00,RUN_20260913_171419,583,4087501,SESSION_004,1,1,358,0,32.58,64.47,1004.41,39.2,1,HIGH
2026-09-13T18:19:05.891+08:00,RUN_20260913_171419,584,4088506,SESSION_004,1,1,420,0,32.58,64.39,1004.41,39.2,1,HIGH
2026-09-13T18:19:06.896+08:00,RUN_20260913_171419,585,4089511,SESSION_004,0,1,401,0,32.58,64.41,1004.42,39.2,1,HIGH
2026-09-13T18:19:07.901+08:00,RUN_20260913_171419,586,4090516,SESSION_004,0,1,375,0,32.58,64.51,1004.42,39.2,1,HIGH
2026-09-13T18:19:08.724+08:00,RUN_20260913_171419,587,4091339,SESSION_004,1,0,8190,4,32.58,64.49,1004.42,39.2,1,HIGH
2026-09-13T18:19:09.727+08:00,RUN_20260913_171419,588,4092342,SESSION_004,0,0,8190,4,32.58,64.65,1004.42,39.2,1,HIGH
2026-09-13T18:19:10.730+08:00,RUN_20260913_171419,589,4093345,SESSION_004,0,1,8190,4,32.58,64.68,1004.42,39.2,1,HIGH
2026-09-13T18:19:11.733+08:00,RUN_20260913_171419,590,4094348,SESSION_004,0,0,8190,4,32.58,64.71,1004.42,39.2,1,HIGH
2026-09-13T18:19:12.736+08:00,RUN_20260913_171419,591,4095351,SESSION_004,1,0,8190,4,32.58,64.55,1004.42,39.2,1,HIGH
2026-09-13T18:19:13.739+08:00,RUN_20260913_171419,592,4096354,SESSION_004,0,0,8190,4,32.58,64.48,1004.42,39.2,1,HIGH
2026-09-13T18:19:14.742+08:00,RUN_20260913_171419,593,4097357,SESSION_004,0,0,8190,4,32.58,64.45,1004.42,39.2,1,HIGH
2026-09-13T18:19:15.745+08:00,RUN_20260913_171419,594,4098360,SESSION_004,0,0,8190,4,32.58,64.51,1004.42,39.2,1,HIGH
2026-09-13T18:19:16.748+08:00,RUN_20260913_171419,595,4099363,SESSION_004,0,0,8190,4,32.58,64.49,1004.42,39.2,1,HIGH
2026-09-13T18:19:17.751+08:00,RUN_20260913_171419,596,4100366,SESSION_004,0,0,8190,4,32.58,64.44,1004.43,39.2,1,HIGH
2026-09-13T18:19:18.754+08:00,RUN_20260913_171419,597,4101369,SESSION_004,0,1,8190,4,32.58,64.49,1004.43,37.5,1,HIGH
2026-09-13T18:19:19.757+08:00,RUN_20260913_171419,598,4102372,SESSION_004,0,1,8190,4,32.59,64.48,1004.43,38.3,1,HIGH
2026-09-13T18:19:20.942+08:00,RUN_20260913_171419,599,4103557,SESSION_004,0,0,8190,4,32.59,64.38,1004.43,39.2,1,HIGH
2026-09-13T18:19:21.947+08:00,RUN_20260913_171419,600,4104562,SESSION_004,1,0,8191,2,32.59,64.40,1004.43,39.2,1,HIGH
2026-09-13T18:19:22.952+08:00,RUN_20260913_171419,601,4105567,SESSION_004,0,1,8191,2,32.59,64.36,1004.43,38.3,1,HIGH
2026-09-13T18:19:23.957+08:00,RUN_20260913_171419,602,4106572,SESSION_004,0,1,358,0,32.59,64.37,1004.43,38.3,1,HIGH
2026-09-13T18:19:24.962+08:00,RUN_20260913_171419,603,4107577,SESSION_004,1,1,69,0,32.59,64.50,1004.43,38.3,1,HIGH
2026-09-13T18:19:25.967+08:00,RUN_20260913_171419,604,4108582,SESSION_004,1,0,58,0,32.59,64.58,1004.43,38.3,1,HIGH
2026-09-13T18:45:12.907+08:00,RUN_20260913_171419,1,5655522,SESSION_005,0,0,52,0,28.12,61.59,1004.76,37.5,1,HIGH
2026-09-13T18:45:13.912+08:00,RUN_20260913_171419,2,5656527,SESSION_005,0,0,244,0,28.12,61.62,1004.76,39.2,1,HIGH
2026-09-13T18:45:14.735+08:00,RUN_20260913_171419,3,5657350,SESSION_005,1,0,8190,4,28.12,61.53,1004.76,38.3,1,HIGH
2026-09-13T18:45:15.738+08:00,RUN_20260913_171419,4,5658353,SESSION_005,0,0,8190,4,28.12,61.40,1004.76,38.3,1,HIGH
2026-09-13T18:45:16.741+08:00,RUN_20260913_171419,5,5659356,SESSION_005,0,0,8190,4,28.12,61.36,1004.76,39.2,1,HIGH
2026-09-13T18:45:17.744+08:00,RUN_20260913_171419,6,5660359,SESSION_005,1,0,8190,4,28.12,61.31,1004.76,39.2,1,HIGH
2026-09-13T18:45:18.747+08:00,RUN_20260913_171419,7,5661362,SESSION_005,1,0,8190,4,28.12,61.29,1004.76,38.3,1,HIGH
2026-09-13T18:45:19.750+08:00,RUN_20260913_171419,8,5662365,SESSION_005,0,0,8190,4,28.12,61.24,1004.76,38.3,1,HIGH
2026-09-13T18:45:20.753+08:00,RUN_20260913_171419,9,5663368,SESSION_005,0,0,8190,4,28.12,61.27,1004.76,39.2,1,HIGH
2026-09-13T18:45:21.756+08:00,RUN_20260913_171419,10,5664371,SESSION_005,1,0,8190,4,28.12,61.33,1004.76,39.2,1,HIGH
2026-09-13T18:45:22.759+08:00,RUN_20260913_171419,11,5665374,SESSION_005,0,0,8190,4,28.12,61.31,1004.77,39.2,1,HIGH
2026-09-13T18:45:23.762+08:00,RUN_20260913_171419,12,5666377,SESSION_005,0,0,8190,4,28.12,61.31,1004.77,39.2,1,HIGH
2026-09-13T18:45:24.765+08:00,RUN_20260913_171419,13,5667380,SESSION_005,0,0,8190,4,28.12,61.27,1004.77,39.2,1,HIGH
2026-09-13T18:45:25.768+08:00,RUN_20260913_171419,14,5668383,SESSION_005,1,0,8190,4,28.12,61.23,1004.77,39.2,1,HIGH
2026-09-13T18:45:26.771+08:00,RUN_20260913_171419,15,5669386,SESSION_005,1,0,8190,4,28.11,61.21,1004.77,39.2,1,HIGH
2026-09-13T18:45:27.774+08:00,RUN_20260913_171419,16,5670389,SESSION_005,0,0,8190,4,28.11,61.18,1004.77,39.2,1,HIGH
2026-09-13T18:45:28.777+08:00,RUN_20260913_171419,17,5671392,SESSION_005,0,0,8190,4,28.11,61.27,1004.77,39.2,1,HIGH
2026-09-13T18:45:29.780+08:00,RUN_20260913_171419,18,5672395,SESSION_005,0,0,8190,4,28.11,61.17,1004.77,39.2,1,HIGH
2026-09-13T18:45:30.783+08:00,RUN_20260913_171419,19,5673398,SESSION_005,1,0,8190,4,28.11,61.16,1004.78,39.2,1,HIGH
2026-09-13T18:45:31.786+08:00,RUN_20260913_171419,20,5674401,SESSION_005,0,0,8190,4,28.11,61.16,1004.77,39.2,1,HIGH
2026-09-13T18:45:32.789+08:00,RUN_20260913_171419,21,5675404,SESSION_005,0,0,8190,4,28.11,61.19,1004.78,39.2,1,HIGH
2026-09-13T18:45:33.792+08:00,RUN_20260913_171419,22,5676407,SESSION_005,0,0,8190,4,28.11,61.28,1004.77,39.2,1,HIGH
2026-09-13T18:45:34.795+08:00,RUN_20260913_171419,23,5677410,SESSION_005,0,0,8190,4,28.11,61.18,1004.77,39.2,1,HIGH
2026-09-13T18:45:35.798+08:00,RUN_20260913_171419,24,5678413,SESSION_005,0,0,8190,4,28.11,61.25,1004.77,39.2,1,HIGH
2026-09-13T18:45:36.801+08:00,RUN_20260913_171419,25,5679416,SESSION_005,1,0,8190,4,28.10,61.18,1004.77,39.2,1,HIGH
2026-09-13T18:45:37.804+08:00,RUN_20260913_171419,26,5680419,SESSION_005,1,0,8190,4,28.10,61.23,1004.77,39.2,1,HIGH
2026-09-13T18:45:38.807+08:00,RUN_20260913_171419,27,5681422,SESSION_005,0,0,8190,4,28.10,61.21,1004.77,39.2,1,HIGH
2026-09-13T18:45:39.810+08:00,RUN_20260913_171419,28,5682425,SESSION_005,0,0,8190,4,28.10,61.21,1004.78,39.2,1,HIGH
2026-09-13T18:45:40.813+08:00,RUN_20260913_171419,29,5683428,SESSION_005,1,0,8190,4,28.10,61.25,1004.77,39.2,1,HIGH
2026-09-13T18:45:41.816+08:00,RUN_20260913_171419,30,5684431,SESSION_005,0,0,8190,4,28.10,61.13,1004.78,39.2,1,HIGH
2026-09-13T18:45:42.819+08:00,RUN_20260913_171419,31,5685434,SESSION_005,0,0,8190,4,28.10,61.12,1004.78,39.2,1,HIGH
2026-09-13T18:45:43.822+08:00,RUN_20260913_171419,32,5686437,SESSION_005,0,0,8190,4,28.10,61.24,1004.78,39.2,1,HIGH
2026-09-13T18:45:44.825+08:00,RUN_20260913_171419,33,5687440,SESSION_005,1,0,8190,4,28.09,61.24,1004.78,39.2,1,HIGH
2026-09-13T18:45:45.828+08:00,RUN_20260913_171419,34,5688443,SESSION_005,1,0,8190,4,28.09,61.28,1004.78,39.2,1,HIGH
2026-09-13T18:45:46.831+08:00,RUN_20260913_171419,35,5689446,SESSION_005,0,0,8190,4,28.09,61.33,1004.78,39.2,1,HIGH
2026-09-13T18:45:47.834+08:00,RUN_20260913_171419,36,5690449,SESSION_005,0,0,8190,4,28.09,61.32,1004.78,39.2,1,HIGH
2026-09-13T18:45:48.837+08:00,RUN_20260913_171419,37,5691452,SESSION_005,1,0,8190,4,28.09,61.31,1004.78,39.2,1,HIGH
2026-09-13T18:45:49.840+08:00,RUN_20260913_171419,38,5692455,SESSION_005,1,0,8190,4,28.09,61.26,1004.78,39.2,1,HIGH
2026-09-13T18:45:51.025+08:00,RUN_20260913_171419,39,5693640,SESSION_005,0,0,8190,4,28.09,61.18,1004.77,39.2,1,HIGH
2026-09-13T18:45:51.848+08:00,RUN_20260913_171419,40,5694463,SESSION_005,0,0,8190,4,28.09,61.13,1004.77,39.2,1,HIGH
2026-09-13T18:45:53.033+08:00,RUN_20260913_171419,41,5695648,SESSION_005,1,0,1003,0,28.09,61.23,1004.77,39.2,1,HIGH
2026-09-13T18:45:54.038+08:00,RUN_20260913_171419,42,5696653,SESSION_005,0,0,1067,0,28.08,61.27,1004.77,39.2,1,HIGH
2026-09-13T18:45:55.043+08:00,RUN_20260913_171419,43,5697658,SESSION_005,0,0,701,0,28.08,61.26,1004.77,39.2,1,HIGH
2026-09-13T18:45:55.866+08:00,RUN_20260913_171419,44,5698481,SESSION_005,0,0,8190,4,28.08,61.33,1004.77,39.2,1,HIGH
2026-09-13T18:45:56.869+08:00,RUN_20260913_171419,45,5699484,SESSION_005,1,1,8190,4,28.08,61.25,1004.77,39.2,1,HIGH
2026-09-13T18:45:57.872+08:00,RUN_20260913_171419,46,5700487,SESSION_005,0,1,8190,4,28.08,61.26,1004.78,39.2,1,HIGH
2026-09-13T18:45:58.875+08:00,RUN_20260913_171419,47,5701490,SESSION_005,1,1,8190,4,28.08,61.34,1004.78,39.2,1,HIGH
2026-09-13T18:45:59.878+08:00,RUN_20260913_171419,48,5702493,SESSION_005,0,1,8190,4,28.08,61.28,1004.78,39.2,1,HIGH
2026-09-13T18:46:00.881+08:00,RUN_20260913_171419,49,5703496,SESSION_005,0,1,8190,4,28.08,61.27,1004.78,39.2,1,HIGH
2026-09-13T18:46:01.884+08:00,RUN_20260913_171419,50,5704499,SESSION_005,1,0,8190,4,28.08,61.28,1004.78,39.2,1,HIGH
2026-09-13T18:46:02.887+08:00,RUN_20260913_171419,51,5705502,SESSION_005,1,0,8190,4,28.07,61.36,1004.78,39.2,1,HIGH
2026-09-13T18:46:03.890+08:00,RUN_20260913_171419,52,5706505,SESSION_005,1,0,8190,4,28.07,61.28,1004.78,39.2,1,HIGH
2026-09-13T18:46:04.893+08:00,RUN_20260913_171419,53,5707508,SESSION_005,0,1,8190,4,28.07,61.35,1004.78,39.2,1,HIGH
2026-09-13T18:46:05.896+08:00,RUN_20260913_171419,54,5708511,SESSION_005,0,0,8190,4,28.07,61.27,1004.78,39.2,1,HIGH
2026-09-13T18:46:06.899+08:00,RUN_20260913_171419,55,5709514,SESSION_005,0,0,8190,4,28.07,61.26,1004.78,39.2,1,HIGH
2026-09-13T18:46:07.902+08:00,RUN_20260913_171419,56,5710517,SESSION_005,0,1,8190,4,28.06,61.26,1004.78,39.2,1,HIGH
2026-09-13T18:46:08.905+08:00,RUN_20260913_171419,57,5711520,SESSION_005,1,1,8190,4,28.06,61.22,1004.78,38.3,1,HIGH
2026-09-13T18:46:09.908+08:00,RUN_20260913_171419,58,5712523,SESSION_005,0,1,8190,4,28.06,61.26,1004.78,39.2,1,HIGH
2026-09-13T18:46:10.911+08:00,RUN_20260913_171419,59,5713526,SESSION_005,0,0,8190,4,28.06,61.31,1004.78,39.2,1,HIGH
2026-09-13T18:46:11.914+08:00,RUN_20260913_171419,60,5714529,SESSION_005,1,0,8190,4,28.06,61.22,1004.78,39.2,1,HIGH
2026-09-13T18:46:12.917+08:00,RUN_20260913_171419,61,5715532,SESSION_005,1,1,8190,4,28.06,61.16,1004.78,39.2,1,HIGH
2026-09-13T18:46:13.920+08:00,RUN_20260913_171419,62,5716535,SESSION_005,1,1,8190,4,28.06,61.19,1004.78,38.3,1,HIGH
2026-09-13T18:46:14.923+08:00,RUN_20260913_171419,63,5717538,SESSION_005,0,0,8190,4,28.06,61.16,1004.78,38.3,1,HIGH
2026-09-13T18:46:15.926+08:00,RUN_20260913_171419,64,5718541,SESSION_005,0,0,8190,4,28.05,61.18,1004.78,38.3,1,HIGH
2026-09-13T18:46:16.929+08:00,RUN_20260913_171419,65,5719544,SESSION_005,1,0,8190,4,28.05,61.19,1004.78,38.3,1,HIGH
2026-09-13T18:46:17.932+08:00,RUN_20260913_171419,66,5720547,SESSION_005,0,1,8190,4,28.05,61.26,1004.78,38.3,1,HIGH
2026-09-13T18:46:18.935+08:00,RUN_20260913_171419,67,5721550,SESSION_005,0,1,8190,4,28.05,61.20,1004.78,38.3,1,HIGH
2026-09-13T18:46:19.938+08:00,RUN_20260913_171419,68,5722553,SESSION_005,1,0,8190,4,28.05,61.20,1004.78,38.3,1,HIGH
2026-09-13T18:46:20.941+08:00,RUN_20260913_171419,69,5723556,SESSION_005,0,0,8190,4,28.04,61.27,1004.77,39.2,1,HIGH
2026-09-13T18:46:21.944+08:00,RUN_20260913_171419,70,5724559,SESSION_005,0,1,8190,4,28.04,61.15,1004.78,39.2,1,HIGH
2026-09-13T18:46:22.947+08:00,RUN_20260913_171419,71,5725562,SESSION_005,0,0,8190,4,28.04,61.23,1004.77,39.2,1,HIGH
2026-09-13T18:46:24.132+08:00,RUN_20260913_171419,72,5726747,SESSION_005,1,0,753,0,28.04,61.15,1004.77,38.3,1,HIGH
2026-09-13T18:46:25.137+08:00,RUN_20260913_171419,73,5727752,SESSION_005,0,0,8191,2,28.04,61.16,1004.77,39.2,1,HIGH
2026-09-13T18:46:26.142+08:00,RUN_20260913_171419,74,5728757,SESSION_005,0,1,463,0,28.04,61.05,1004.77,39.2,1,HIGH
2026-09-13T18:46:27.147+08:00,RUN_20260913_171419,75,5729762,SESSION_005,0,1,372,0,28.04,61.01,1004.77,39.2,1,HIGH
2026-09-13T18:46:28.152+08:00,RUN_20260913_171419,76,5730767,SESSION_005,0,0,492,0,28.04,61.01,1004.77,39.2,1,HIGH
2026-09-13T18:46:29.157+08:00,RUN_20260913_171419,77,5731772,SESSION_005,0,0,374,0,28.04,61.07,1004.77,38.3,1,HIGH
2026-09-13T18:46:29.980+08:00,RUN_20260913_171419,78,5732595,SESSION_005,1,1,8190,4,28.04,61.09,1004.77,39.2,1,HIGH
2026-09-13T18:46:30.983+08:00,RUN_20260913_171419,79,5733598,SESSION_005,0,1,8190,4,28.04,61.11,1004.77,38.3,1,HIGH
2026-09-13T18:46:31.986+08:00,RUN_20260913_171419,80,5734601,SESSION_005,0,0,8190,4,28.04,61.08,1004.77,38.3,1,HIGH
2026-09-13T18:46:32.989+08:00,RUN_20260913_171419,81,5735604,SESSION_005,1,0,8190,4,28.04,60.92,1004.77,39.2,1,HIGH
2026-09-13T18:46:33.992+08:00,RUN_20260913_171419,82,5736607,SESSION_005,1,1,8190,4,28.04,61.04,1004.77,39.2,1,HIGH
2026-09-13T18:46:34.995+08:00,RUN_20260913_171419,83,5737610,SESSION_005,0,1,8190,4,28.04,60.98,1004.77,38.3,1,HIGH
2026-09-13T18:46:35.998+08:00,RUN_20260913_171419,84,5738613,SESSION_005,0,0,8190,4,28.04,61.04,1004.77,39.2,1,HIGH
2026-09-13T18:46:37.001+08:00,RUN_20260913_171419,85,5739616,SESSION_005,0,0,8190,4,28.03,61.14,1004.77,38.3,1,HIGH
2026-09-13T18:46:38.186+08:00,RUN_20260913_171419,86,5740801,SESSION_005,0,0,419,0,28.03,61.15,1004.77,39.2,1,HIGH
2026-09-13T18:46:39.191+08:00,RUN_20260913_171419,87,5741806,SESSION_005,0,1,8190,4,28.03,61.04,1004.77,39.2,1,HIGH
2026-09-13T18:46:40.196+08:00,RUN_20260913_171419,88,5742811,SESSION_005,1,0,8190,4,28.03,61.10,1004.77,39.2,1,HIGH
2026-09-13T18:46:41.201+08:00,RUN_20260913_171419,89,5743816,SESSION_005,0,0,8191,2,28.03,60.98,1004.77,39.2,1,HIGH
2026-09-13T18:46:42.206+08:00,RUN_20260913_171419,90,5744821,SESSION_005,0,0,545,0,28.03,60.98,1004.77,39.2,1,HIGH
2026-09-13T18:46:43.211+08:00,RUN_20260913_171419,91,5745826,SESSION_005,1,0,8191,2,28.03,60.98,1004.77,39.2,1,HIGH
2026-09-13T18:46:44.034+08:00,RUN_20260913_171419,92,5746649,SESSION_005,1,0,8190,4,28.03,60.99,1004.77,39.2,1,HIGH
2026-09-13T18:46:45.219+08:00,RUN_20260913_171419,93,5747834,SESSION_005,1,0,429,0,28.03,60.99,1004.77,39.2,1,HIGH
2026-09-13T18:46:46.042+08:00,RUN_20260913_171419,94,5748657,SESSION_005,0,1,8190,4,28.03,60.97,1004.77,39.2,1,HIGH
2026-09-13T18:46:47.227+08:00,RUN_20260913_171419,95,5749842,SESSION_005,0,1,8190,4,28.03,61.08,1004.77,39.2,1,HIGH
2026-09-13T18:46:48.232+08:00,RUN_20260913_171419,96,5750847,SESSION_005,1,0,358,0,28.03,60.96,1004.77,39.2,1,HIGH
2026-09-13T18:46:49.237+08:00,RUN_20260913_171419,97,5751852,SESSION_005,0,0,383,0,28.03,60.93,1004.77,39.2,1,HIGH
2026-09-13T18:46:50.242+08:00,RUN_20260913_171419,98,5752857,SESSION_005,0,1,402,0,28.03,60.89,1004.77,39.2,1,HIGH
2026-09-13T18:46:51.247+08:00,RUN_20260913_171419,99,5753862,SESSION_005,0,1,399,0,28.03,60.86,1004.76,39.2,1,HIGH
2026-09-13T18:46:52.252+08:00,RUN_20260913_171419,100,5754867,SESSION_005,1,0,390,0,28.03,60.76,1004.76,39.2,1,HIGH
2026-09-13T18:46:53.257+08:00,RUN_20260913_171419,101,5755872,SESSION_005,0,0,399,0,28.04,60.80,1004.77,39.2,1,HIGH
2026-09-13T18:46:54.262+08:00,RUN_20260913_171419,102,5756877,SESSION_005,0,1,398,0,28.04,60.88,1004.76,39.2,1,HIGH
2026-09-13T18:46:55.267+08:00,RUN_20260913_171419,103,5757882,SESSION_005,0,1,396,0,28.04,60.96,1004.76,39.2,1,HIGH
2026-09-13T18:46:56.272+08:00,RUN_20260913_171419,104,5758887,SESSION_005,0,1,401,0,28.04,60.90,1004.77,39.2,1,HIGH
2026-09-13T18:46:57.277+08:00,RUN_20260913_171419,105,5759892,SESSION_005,0,1,396,0,28.04,60.91,1004.77,39.2,1,HIGH
2026-09-13T18:46:58.282+08:00,RUN_20260913_171419,106,5760897,SESSION_005,0,1,394,0,28.04,60.99,1004.77,39.2,1,HIGH
2026-09-13T18:46:59.287+08:00,RUN_20260913_171419,107,5761902,SESSION_005,0,1,398,0,28.04,60.90,1004.77,39.2,1,HIGH
2026-09-13T18:47:00.292+08:00,RUN_20260913_171419,108,5762907,SESSION_005,0,0,387,0,28.04,60.89,1004.77,39.2,1,HIGH
2026-09-13T18:47:01.297+08:00,RUN_20260913_171419,109,5763912,SESSION_005,0,0,418,0,28.04,60.87,1004.77,39.2,1,HIGH
2026-09-13T18:47:02.302+08:00,RUN_20260913_171419,110,5764917,SESSION_005,0,1,398,0,28.04,60.88,1004.77,39.2,1,HIGH
2026-09-13T18:47:03.307+08:00,RUN_20260913_171419,111,5765922,SESSION_005,0,1,401,0,28.04,60.85,1004.77,39.2,1,HIGH
2026-09-13T18:47:04.312+08:00,RUN_20260913_171419,112,5766927,SESSION_005,0,1,392,0,28.04,60.85,1004.77,39.2,1,HIGH
2026-09-13T18:47:05.317+08:00,RUN_20260913_171419,113,5767932,SESSION_005,1,1,407,0,28.04,60.79,1004.77,39.2,1,HIGH
2026-09-13T18:47:06.322+08:00,RUN_20260913_171419,114,5768937,SESSION_005,1,0,411,0,28.04,60.81,1004.77,39.2,1,HIGH
2026-09-13T18:47:07.327+08:00,RUN_20260913_171419,115,5769942,SESSION_005,0,0,417,0,28.04,60.92,1004.77,39.2,1,HIGH
2026-09-13T18:47:08.150+08:00,RUN_20260913_171419,116,5770765,SESSION_005,0,0,8190,4,28.04,60.92,1004.77,39.2,1,HIGH
2026-09-13T18:47:09.335+08:00,RUN_20260913_171419,117,5771950,SESSION_005,0,1,431,0,28.04,60.92,1004.77,39.2,1,HIGH
2026-09-13T18:47:10.340+08:00,RUN_20260913_171419,118,5772955,SESSION_005,1,0,8190,4,28.05,60.83,1004.78,39.2,1,HIGH
2026-09-13T18:47:11.345+08:00,RUN_20260913_171419,119,5773960,SESSION_005,1,0,8191,2,28.05,60.81,1004.78,39.2,1,HIGH
2026-09-13T18:47:12.350+08:00,RUN_20260913_171419,120,5774965,SESSION_005,0,0,8190,4,28.05,60.81,1004.78,39.2,1,HIGH
2026-09-13T18:47:13.355+08:00,RUN_20260913_171419,121,5775970,SESSION_005,0,0,8190,4,28.05,60.75,1004.77,39.2,1,HIGH
2026-09-13T18:47:14.178+08:00,RUN_20260913_171419,122,5776793,SESSION_005,1,0,8190,4,28.05,60.70,1004.78,39.2,1,HIGH
2026-09-13T18:47:15.181+08:00,RUN_20260913_171419,123,5777796,SESSION_005,0,0,8190,4,28.05,60.65,1004.78,39.2,1,HIGH
2026-09-13T18:47:16.184+08:00,RUN_20260913_171419,124,5778799,SESSION_005,0,0,8190,4,28.05,60.72,1004.78,39.2,1,HIGH
2026-09-13T18:47:17.187+08:00,RUN_20260913_171419,125,5779802,SESSION_005,1,0,8190,4,28.05,60.71,1004.78,39.2,1,HIGH
2026-09-13T18:47:18.190+08:00,RUN_20260913_171419,126,5780805,SESSION_005,0,0,8190,4,28.05,60.65,1004.78,39.2,1,HIGH
2026-09-13T18:47:19.193+08:00,RUN_20260913_171419,127,5781808,SESSION_005,0,0,8190,4,28.05,60.65,1004.78,39.2,1,HIGH
2026-09-13T18:47:20.196+08:00,RUN_20260913_171419,128,5782811,SESSION_005,1,0,8190,4,28.05,60.62,1004.78,39.2,1,HIGH
2026-09-13T18:47:21.199+08:00,RUN_20260913_171419,129,5783814,SESSION_005,0,0,8190,4,28.05,60.64,1004.78,39.2,1,HIGH
2026-09-13T18:47:22.202+08:00,RUN_20260913_171419,130,5784817,SESSION_005,0,0,8190,4,28.05,60.75,1004.78,39.2,1,HIGH
2026-09-13T18:47:23.205+08:00,RUN_20260913_171419,131,5785820,SESSION_005,1,0,8190,4,28.06,60.72,1004.79,39.2,1,HIGH
2026-09-13T18:47:24.208+08:00,RUN_20260913_171419,132,5786823,SESSION_005,1,0,8190,4,28.06,60.75,1004.78,39.2,1,HIGH
2026-09-13T18:47:25.211+08:00,RUN_20260913_171419,133,5787826,SESSION_005,1,0,8190,4,28.06,60.84,1004.78,39.2,1,HIGH
2026-09-13T18:47:26.214+08:00,RUN_20260913_171419,134,5788829,SESSION_005,0,0,8190,4,28.06,60.86,1004.79,39.2,1,HIGH
2026-09-13T18:47:27.399+08:00,RUN_20260913_171419,135,5790014,SESSION_005,0,0,520,0,28.06,60.88,1004.78,39.2,1,HIGH
2026-09-13T18:47:28.404+08:00,RUN_20260913_171419,136,5791019,SESSION_005,1,0,8191,2,28.06,60.83,1004.78,39.2,1,HIGH
2026-09-13T18:47:29.409+08:00,RUN_20260913_171419,137,5792024,SESSION_005,0,1,8190,4,28.06,60.77,1004.78,39.2,1,HIGH
2026-09-13T18:47:30.232+08:00,RUN_20260913_171419,138,5792847,SESSION_005,0,1,8190,4,28.06,60.80,1004.78,39.2,1,HIGH
2026-09-13T18:47:31.235+08:00,RUN_20260913_171419,139,5793850,SESSION_005,0,1,8190,4,28.06,60.82,1004.78,39.2,1,HIGH
2026-09-13T18:47:32.420+08:00,RUN_20260913_171419,140,5795035,SESSION_005,1,0,8190,4,28.06,60.80,1004.79,38.3,1,HIGH
2026-09-13T18:47:33.425+08:00,RUN_20260913_171419,141,5796040,SESSION_005,0,0,8191,2,28.06,60.92,1004.78,38.3,1,HIGH
2026-09-13T18:47:34.248+08:00,RUN_20260913_171419,142,5796863,SESSION_005,0,1,8190,4,28.07,61.00,1004.78,38.3,1,HIGH
2026-09-13T18:47:35.251+08:00,RUN_20260913_171419,143,5797866,SESSION_005,1,1,8190,4,28.07,61.00,1004.78,38.3,1,HIGH
2026-09-13T18:47:36.254+08:00,RUN_20260913_171419,144,5798869,SESSION_005,1,0,8190,4,28.07,60.97,1004.78,38.3,1,HIGH
2026-09-13T18:47:37.257+08:00,RUN_20260913_171419,145,5799872,SESSION_005,0,0,8190,4,28.07,60.93,1004.78,38.3,1,HIGH
2026-09-13T18:47:38.442+08:00,RUN_20260913_171419,146,5801057,SESSION_005,0,0,8190,4,28.07,60.93,1004.79,38.3,1,HIGH
2026-09-13T18:47:39.447+08:00,RUN_20260913_171419,147,5802062,SESSION_005,1,1,272,0,28.07,61.01,1004.78,38.3,1,HIGH
2026-09-13T18:47:40.452+08:00,RUN_20260913_171419,148,5803067,SESSION_005,1,1,8190,4,28.07,61.00,1004.78,38.3,1,HIGH
2026-09-13T18:47:41.275+08:00,RUN_20260913_171419,149,5803890,SESSION_005,0,0,8190,4,28.08,61.05,1004.78,39.2,1,HIGH
2026-09-13T18:47:42.278+08:00,RUN_20260913_171419,150,5804893,SESSION_005,0,0,8190,4,28.08,61.06,1004.78,39.2,1,HIGH
2026-09-13T18:47:43.281+08:00,RUN_20260913_171419,151,5805896,SESSION_005,1,0,8190,4,28.08,61.06,1004.79,39.2,1,HIGH
2026-09-13T18:47:44.466+08:00,RUN_20260913_171419,152,5807081,SESSION_005,1,0,651,0,28.08,61.01,1004.79,39.2,1,HIGH
2026-09-13T18:47:45.471+08:00,RUN_20260913_171419,153,5808086,SESSION_005,0,0,374,0,28.09,61.07,1004.79,39.2,1,HIGH
2026-09-13T18:47:46.294+08:00,RUN_20260913_171419,154,5808909,SESSION_005,0,1,8190,4,28.09,61.08,1004.79,38.3,1,HIGH
2026-09-13T18:47:47.297+08:00,RUN_20260913_171419,155,5809912,SESSION_005,0,1,8190,4,28.09,61.07,1004.79,38.3,1,HIGH
2026-09-13T18:47:48.300+08:00,RUN_20260913_171419,156,5810915,SESSION_005,0,1,8190,4,28.09,61.05,1004.79,39.2,1,HIGH
2026-09-13T18:47:49.303+08:00,RUN_20260913_171419,157,5811918,SESSION_005,0,0,8190,4,28.09,61.00,1004.79,38.3,1,HIGH
2026-09-13T18:47:50.306+08:00,RUN_20260913_171419,158,5812921,SESSION_005,0,0,8190,4,28.09,60.98,1004.79,38.3,1,HIGH
2026-09-13T18:47:51.309+08:00,RUN_20260913_171419,159,5813924,SESSION_005,0,1,8190,4,28.10,60.97,1004.79,38.3,1,HIGH
2026-09-13T18:47:52.312+08:00,RUN_20260913_171419,160,5814927,SESSION_005,0,1,8190,4,28.10,60.97,1004.79,38.3,1,HIGH
2026-09-13T18:47:53.315+08:00,RUN_20260913_171419,161,5815930,SESSION_005,0,1,8190,4,28.10,61.06,1004.80,38.3,1,HIGH
2026-09-13T18:47:54.318+08:00,RUN_20260913_171419,162,5816933,SESSION_005,0,0,8190,4,28.10,60.97,1004.80,39.2,1,HIGH
2026-09-13T18:47:55.321+08:00,RUN_20260913_171419,163,5817936,SESSION_005,0,0,8190,4,28.10,60.98,1004.80,39.2,1,HIGH
2026-09-13T18:47:56.506+08:00,RUN_20260913_171419,164,5819121,SESSION_005,0,1,493,0,28.11,61.00,1004.80,38.3,1,HIGH
2026-09-13T18:47:57.329+08:00,RUN_20260913_171419,165,5819944,SESSION_005,0,1,8190,4,28.11,61.00,1004.80,38.3,1,HIGH
2026-09-13T18:47:58.332+08:00,RUN_20260913_171419,166,5820947,SESSION_005,0,0,8190,4,28.11,60.98,1004.80,30.0,1,HIGH
2026-09-13T18:47:59.335+08:00,RUN_20260913_171419,167,5821950,SESSION_005,0,0,8190,4,28.11,61.00,1004.80,30.0,1,HIGH
2026-09-13T18:48:00.338+08:00,RUN_20260913_171419,168,5822953,SESSION_005,1,1,8190,4,28.11,60.98,1004.80,6.7,1,HIGH
2026-09-13T18:48:01.341+08:00,RUN_20260913_171419,169,5823956,SESSION_005,1,1,8190,4,28.11,60.95,1004.80,25.0,1,HIGH
2026-09-13T18:48:02.344+08:00,RUN_20260913_171419,170,5824959,SESSION_005,1,0,8190,4,28.12,60.99,1004.80,28.3,1,HIGH
2026-09-13T18:48:03.347+08:00,RUN_20260913_171419,171,5825962,SESSION_005,0,1,8190,4,28.12,60.93,1004.80,20.0,1,HIGH
2026-09-13T18:48:04.350+08:00,RUN_20260913_171419,172,5826965,SESSION_005,0,0,8190,4,28.12,60.92,1004.80,10.8,1,HIGH
2026-09-13T18:48:05.353+08:00,RUN_20260913_171419,173,5827968,SESSION_005,1,0,8190,4,28.12,60.89,1004.81,29.2,1,HIGH
2026-09-13T18:48:06.356+08:00,RUN_20260913_171419,174,5828971,SESSION_005,0,1,8190,4,28.12,60.91,1004.80,17.5,1,HIGH
2026-09-13T18:48:07.359+08:00,RUN_20260913_171419,175,5829974,SESSION_005,0,1,8190,4,28.12,60.92,1004.81,39.2,1,HIGH
2026-09-13T18:48:08.544+08:00,RUN_20260913_171419,176,5831159,SESSION_005,0,0,881,0,28.12,60.97,1004.80,39.2,1,HIGH
2026-09-13T18:48:09.549+08:00,RUN_20260913_171419,177,5832164,SESSION_005,1,0,1268,0,28.13,60.95,1004.80,39.2,1,HIGH
2026-09-13T18:48:10.554+08:00,RUN_20260913_171419,178,5833169,SESSION_005,0,1,1160,0,28.13,60.97,1004.80,39.2,1,HIGH
2026-09-13T18:48:11.559+08:00,RUN_20260913_171419,179,5834174,SESSION_005,0,1,1155,0,28.13,60.96,1004.80,39.2,1,HIGH
2026-09-13T18:48:12.564+08:00,RUN_20260913_171419,180,5835179,SESSION_005,0,0,8190,4,28.13,60.95,1004.80,39.2,1,HIGH
2026-09-13T18:48:13.569+08:00,RUN_20260913_171419,181,5836184,SESSION_005,0,0,1082,0,28.13,61.00,1004.80,39.2,1,HIGH
2026-09-13T18:48:14.574+08:00,RUN_20260913_171419,182,5837189,SESSION_005,0,0,8190,4,28.13,60.97,1004.81,39.2,1,HIGH
2026-09-13T18:48:15.579+08:00,RUN_20260913_171419,183,5838194,SESSION_005,1,0,8190,4,28.14,61.00,1004.81,39.2,1,HIGH
2026-09-13T18:48:16.402+08:00,RUN_20260913_171419,184,5839017,SESSION_005,1,0,8190,4,28.14,60.97,1004.81,39.2,1,HIGH
2026-09-13T18:48:17.405+08:00,RUN_20260913_171419,185,5840020,SESSION_005,0,0,8190,4,28.14,60.91,1004.81,39.2,1,HIGH
2026-09-13T18:48:18.408+08:00,RUN_20260913_171419,186,5841023,SESSION_005,0,0,8190,4,28.14,60.97,1004.81,39.2,1,HIGH
2026-09-13T18:48:19.411+08:00,RUN_20260913_171419,187,5842026,SESSION_005,1,0,8190,4,28.15,60.97,1004.81,39.2,1,HIGH
2026-09-13T18:48:20.414+08:00,RUN_20260913_171419,188,5843029,SESSION_005,1,1,8190,4,28.15,60.93,1004.82,39.2,1,HIGH
2026-09-13T18:48:21.417+08:00,RUN_20260913_171419,189,5844032,SESSION_005,1,0,8190,4,28.15,60.99,1004.82,39.2,1,HIGH
2026-09-13T18:48:22.420+08:00,RUN_20260913_171419,190,5845035,SESSION_005,1,0,8190,4,28.15,61.00,1004.82,38.3,1,HIGH
2026-09-13T18:48:23.423+08:00,RUN_20260913_171419,191,5846038,SESSION_005,0,1,8190,4,28.15,61.00,1004.82,38.3,1,HIGH
2026-09-13T18:48:24.426+08:00,RUN_20260913_171419,192,5847041,SESSION_005,0,1,8190,4,28.16,60.94,1004.82,38.3,1,HIGH
2026-09-13T18:48:25.429+08:00,RUN_20260913_171419,193,5848044,SESSION_005,1,0,8190,4,28.16,60.95,1004.82,39.2,1,HIGH
2026-09-13T18:48:26.432+08:00,RUN_20260913_171419,194,5849047,SESSION_005,0,0,8190,4,28.16,60.90,1004.82,39.2,1,HIGH
2026-09-13T18:48:27.435+08:00,RUN_20260913_171419,195,5850050,SESSION_005,0,0,8190,4,28.16,60.99,1004.82,39.2,1,HIGH
2026-09-13T18:48:28.438+08:00,RUN_20260913_171419,196,5851053,SESSION_005,1,1,8190,4,28.16,60.92,1004.82,39.2,1,HIGH
2026-09-13T18:48:29.441+08:00,RUN_20260913_171419,197,5852056,SESSION_005,0,1,8190,4,28.16,60.92,1004.82,39.2,1,HIGH
2026-09-13T18:48:30.444+08:00,RUN_20260913_171419,198,5853059,SESSION_005,0,0,8190,4,28.17,61.00,1004.82,39.2,1,HIGH
2026-09-13T18:48:31.447+08:00,RUN_20260913_171419,199,5854062,SESSION_005,0,0,8190,4,28.17,61.01,1004.82,39.2,1,HIGH
2026-09-13T18:48:32.450+08:00,RUN_20260913_171419,200,5855065,SESSION_005,0,0,8190,4,28.17,61.00,1004.82,39.2,1,HIGH
2026-09-13T18:48:33.453+08:00,RUN_20260913_171419,201,5856068,SESSION_005,0,1,8190,4,28.17,60.91,1004.82,39.2,1,HIGH
2026-09-13T18:48:34.456+08:00,RUN_20260913_171419,202,5857071,SESSION_005,0,1,8190,4,28.17,60.88,1004.82,38.3,1,HIGH
2026-09-13T18:48:35.459+08:00,RUN_20260913_171419,203,5858074,SESSION_005,1,0,8190,4,28.17,60.95,1004.82,39.2,1,HIGH
2026-09-13T18:48:36.462+08:00,RUN_20260913_171419,204,5859077,SESSION_005,0,0,8190,4,28.18,60.94,1004.82,38.3,1,HIGH
2026-09-13T18:48:37.465+08:00,RUN_20260913_171419,205,5860080,SESSION_005,0,1,8190,4,28.18,60.91,1004.82,38.3,1,HIGH
2026-09-13T18:48:38.468+08:00,RUN_20260913_171419,206,5861083,SESSION_005,0,0,8190,4,28.18,60.91,1004.82,38.3,1,HIGH
2026-09-13T18:48:39.471+08:00,RUN_20260913_171419,207,5862086,SESSION_005,0,0,8190,4,28.18,60.91,1004.82,39.2,1,HIGH
2026-09-13T18:48:40.474+08:00,RUN_20260913_171419,208,5863089,SESSION_005,0,1,8190,4,28.18,61.03,1004.82,38.3,1,HIGH
2026-09-13T18:48:41.477+08:00,RUN_20260913_171419,209,5864092,SESSION_005,1,0,8190,4,28.18,61.01,1004.82,38.3,1,HIGH
2026-09-13T18:48:42.480+08:00,RUN_20260913_171419,210,5865095,SESSION_005,1,0,8190,4,28.19,61.01,1004.82,38.3,1,HIGH
2026-09-13T18:48:43.483+08:00,RUN_20260913_171419,211,5866098,SESSION_005,0,1,8190,4,28.19,60.98,1004.82,38.3,1,HIGH
2026-09-13T18:48:44.486+08:00,RUN_20260913_171419,212,5867101,SESSION_005,0,0,8190,4,28.19,60.96,1004.82,38.3,1,HIGH
2026-09-13T18:48:45.489+08:00,RUN_20260913_171419,213,5868104,SESSION_005,1,0,8190,4,28.19,60.84,1004.82,39.2,1,HIGH
2026-09-13T18:48:46.492+08:00,RUN_20260913_171419,214,5869107,SESSION_005,0,1,8190,4,28.19,60.83,1004.82,39.2,1,HIGH
2026-09-13T18:48:47.495+08:00,RUN_20260913_171419,215,5870110,SESSION_005,0,1,8190,4,28.19,60.85,1004.82,39.2,1,HIGH
2026-09-13T18:48:48.498+08:00,RUN_20260913_171419,216,5871113,SESSION_005,1,0,8190,4,28.20,60.83,1004.82,39.2,1,HIGH
2026-09-13T18:48:49.501+08:00,RUN_20260913_171419,217,5872116,SESSION_005,0,0,8190,4,28.20,60.84,1004.82,39.2,1,HIGH
2026-09-13T18:48:50.504+08:00,RUN_20260913_171419,218,5873119,SESSION_005,0,0,8190,4,28.20,60.84,1004.82,39.2,1,HIGH
2026-09-13T18:48:51.689+08:00,RUN_20260913_171419,219,5874304,SESSION_005,1,0,1178,0,28.20,60.86,1004.82,39.2,1,HIGH
2026-09-13T18:48:52.512+08:00,RUN_20260913_171419,220,5875127,SESSION_005,0,0,8190,4,28.20,60.93,1004.82,39.2,1,HIGH
2026-09-13T18:48:53.515+08:00,RUN_20260913_171419,221,5876130,SESSION_005,0,0,8190,4,28.20,60.78,1004.82,39.2,1,HIGH
2026-09-13T18:48:54.518+08:00,RUN_20260913_171419,222,5877133,SESSION_005,1,0,8190,4,28.20,60.71,1004.82,39.2,1,HIGH
2026-09-13T18:48:55.521+08:00,RUN_20260913_171419,223,5878136,SESSION_005,0,0,8190,4,28.21,60.70,1004.82,39.2,1,HIGH
2026-09-13T18:48:56.524+08:00,RUN_20260913_171419,224,5879139,SESSION_005,0,0,8190,4,28.21,60.70,1004.82,39.2,1,HIGH
2026-09-13T18:48:57.527+08:00,RUN_20260913_171419,225,5880142,SESSION_005,0,0,8190,4,28.21,60.57,1004.82,39.2,1,HIGH
2026-09-13T18:48:58.530+08:00,RUN_20260913_171419,226,5881145,SESSION_005,1,0,8190,4,28.21,60.57,1004.82,39.2,1,HIGH
2026-09-13T18:48:59.533+08:00,RUN_20260913_171419,227,5882148,SESSION_005,0,0,8190,4,28.21,60.48,1004.82,39.2,1,HIGH
2026-09-13T18:49:00.536+08:00,RUN_20260913_171419,228,5883151,SESSION_005,0,0,8190,4,28.21,60.48,1004.82,39.2,1,HIGH
2026-09-13T18:49:01.539+08:00,RUN_20260913_171419,229,5884154,SESSION_005,1,0,8190,4,28.21,60.46,1004.82,39.2,1,HIGH
2026-09-13T18:49:02.542+08:00,RUN_20260913_171419,230,5885157,SESSION_005,1,0,8190,4,28.21,60.39,1004.82,39.2,1,HIGH
2026-09-13T18:49:03.727+08:00,RUN_20260913_171419,231,5886342,SESSION_005,0,0,655,0,28.21,60.41,1004.82,39.2,1,HIGH
2026-09-13T18:49:04.550+08:00,RUN_20260913_171419,232,5887165,SESSION_005,0,0,8190,4,28.22,60.53,1004.82,39.2,1,HIGH
2026-09-13T18:49:05.553+08:00,RUN_20260913_171419,233,5888168,SESSION_005,1,1,8190,4,28.22,60.59,1004.82,39.2,1,HIGH
2026-09-13T18:49:06.556+08:00,RUN_20260913_171419,234,5889171,SESSION_005,1,1,8190,4,28.22,60.58,1004.82,39.2,1,HIGH
2026-09-13T18:49:07.559+08:00,RUN_20260913_171419,235,5890174,SESSION_005,1,1,8190,4,28.22,60.54,1004.82,39.2,1,HIGH
2026-09-13T18:49:08.562+08:00,RUN_20260913_171419,236,5891177,SESSION_005,0,1,8190,4,28.22,60.50,1004.82,39.2,1,HIGH
2026-09-13T18:49:09.565+08:00,RUN_20260913_171419,237,5892180,SESSION_005,0,1,8190,4,28.22,60.46,1004.82,39.2,1,HIGH
2026-09-13T18:49:10.568+08:00,RUN_20260913_171419,238,5893183,SESSION_005,1,1,8190,4,28.22,60.30,1004.82,39.2,1,HIGH
2026-09-13T18:49:11.571+08:00,RUN_20260913_171419,239,5894186,SESSION_005,0,1,8190,4,28.22,60.30,1004.82,39.2,1,HIGH
2026-09-13T18:49:12.574+08:00,RUN_20260913_171419,240,5895189,SESSION_005,0,1,8190,4,28.22,60.28,1004.82,39.2,1,HIGH
2026-09-13T18:49:13.577+08:00,RUN_20260913_171419,241,5896192,SESSION_005,1,0,8190,4,28.22,60.28,1004.82,39.2,1,HIGH
2026-09-13T18:49:14.580+08:00,RUN_20260913_171419,242,5897195,SESSION_005,1,0,8190,4,28.22,60.34,1004.82,39.2,1,HIGH
2026-09-13T18:49:15.583+08:00,RUN_20260913_171419,243,5898198,SESSION_005,0,1,8190,4,28.22,60.30,1004.82,39.2,1,HIGH
2026-09-13T18:49:16.586+08:00,RUN_20260913_171419,244,5899201,SESSION_005,0,0,8190,4,28.22,60.22,1004.82,39.2,1,HIGH
2026-09-13T18:49:17.589+08:00,RUN_20260913_171419,245,5900204,SESSION_005,1,0,8190,4,28.22,60.25,1004.82,38.3,1,HIGH
2026-09-13T18:49:18.592+08:00,RUN_20260913_171419,246,5901207,SESSION_005,0,1,8190,4,28.22,60.28,1004.82,39.2,1,HIGH
2026-09-13T18:49:19.595+08:00,RUN_20260913_171419,247,5902210,SESSION_005,0,1,8190,4,28.22,60.30,1004.82,39.2,1,HIGH
2026-09-13T18:49:20.598+08:00,RUN_20260913_171419,248,5903213,SESSION_005,0,1,8190,4,28.22,60.31,1004.82,39.2,1,HIGH
2026-09-13T18:49:21.601+08:00,RUN_20260913_171419,249,5904216,SESSION_005,1,0,8190,4,28.22,60.26,1004.82,38.3,1,HIGH
2026-09-13T18:49:22.604+08:00,RUN_20260913_171419,250,5905219,SESSION_005,0,0,8190,4,28.22,60.30,1004.82,39.2,1,HIGH
2026-09-13T18:49:23.607+08:00,RUN_20260913_171419,251,5906222,SESSION_005,1,1,8190,4,28.22,60.31,1004.83,39.2,1,HIGH
2026-09-13T18:49:24.610+08:00,RUN_20260913_171419,252,5907225,SESSION_005,0,0,8190,4,28.22,60.20,1004.82,39.2,1,HIGH
2026-09-13T18:49:25.613+08:00,RUN_20260913_171419,253,5908228,SESSION_005,0,0,8190,4,28.22,60.27,1004.82,39.2,1,HIGH
2026-09-13T18:49:26.616+08:00,RUN_20260913_171419,254,5909231,SESSION_005,1,1,8190,4,28.22,60.31,1004.82,39.2,1,HIGH
2026-09-13T18:49:27.619+08:00,RUN_20260913_171419,255,5910234,SESSION_005,1,1,8190,4,28.22,60.26,1004.83,39.2,1,HIGH
2026-09-13T18:49:28.622+08:00,RUN_20260913_171419,256,5911237,SESSION_005,1,1,8190,4,28.22,60.38,1004.82,39.2,1,HIGH
2026-09-13T18:49:29.625+08:00,RUN_20260913_171419,257,5912240,SESSION_005,1,1,8190,4,28.22,60.38,1004.83,40.0,1,HIGH
2026-09-13T18:49:30.628+08:00,RUN_20260913_171419,258,5913243,SESSION_005,0,0,8190,4,28.22,60.40,1004.83,39.2,1,HIGH
2026-09-13T18:49:31.813+08:00,RUN_20260913_171419,259,5914428,SESSION_005,0,0,642,0,28.22,60.28,1004.83,39.2,1,HIGH
2026-09-13T18:49:32.818+08:00,RUN_20260913_171419,260,5915433,SESSION_005,1,1,8190,4,28.22,60.25,1004.83,39.2,1,HIGH
2026-09-13T18:49:33.823+08:00,RUN_20260913_171419,261,5916438,SESSION_005,0,0,8190,4,28.22,60.37,1004.83,39.2,1,HIGH
2026-09-13T18:49:34.828+08:00,RUN_20260913_171419,262,5917443,SESSION_005,0,0,507,0,28.22,60.40,1004.83,39.2,1,HIGH
2026-09-13T18:49:35.833+08:00,RUN_20260913_171419,263,5918448,SESSION_005,0,1,8190,4,28.22,60.32,1004.83,39.2,1,HIGH
2026-09-13T18:49:36.838+08:00,RUN_20260913_171419,264,5919453,SESSION_005,0,1,8190,4,28.22,60.35,1004.83,39.2,1,HIGH
2026-09-13T18:49:37.661+08:00,RUN_20260913_171419,265,5920276,SESSION_005,0,0,8190,4,28.22,60.34,1004.83,39.2,1,HIGH
2026-09-13T18:49:38.664+08:00,RUN_20260913_171419,266,5921279,SESSION_005,0,0,8190,4,28.22,60.31,1004.83,39.2,1,HIGH
2026-09-13T18:49:39.667+08:00,RUN_20260913_171419,267,5922282,SESSION_005,0,1,8190,4,28.22,60.28,1004.83,39.2,1,HIGH
2026-09-13T18:49:40.852+08:00,RUN_20260913_171419,268,5923467,SESSION_005,0,1,8191,2,28.22,60.31,1004.83,39.2,1,HIGH
2026-09-13T18:49:41.857+08:00,RUN_20260913_171419,269,5924472,SESSION_005,1,0,614,0,28.22,60.31,1004.83,40.0,1,HIGH
2026-09-13T18:49:42.862+08:00,RUN_20260913_171419,270,5925477,SESSION_005,0,0,8190,4,28.22,60.38,1004.83,40.0,1,HIGH
2026-09-13T18:49:43.685+08:00,RUN_20260913_171419,271,5926300,SESSION_005,0,1,8190,4,28.22,60.28,1004.83,40.0,1,HIGH
2026-09-13T18:49:44.688+08:00,RUN_20260913_171419,272,5927303,SESSION_005,0,1,8190,4,28.22,60.30,1004.83,40.0,1,HIGH
2026-09-13T18:49:45.691+08:00,RUN_20260913_171419,273,5928306,SESSION_005,0,0,8190,4,28.22,60.34,1004.82,40.0,1,HIGH
2026-09-13T18:49:46.694+08:00,RUN_20260913_171419,274,5929309,SESSION_005,0,0,8190,4,28.23,60.32,1004.83,39.2,1,HIGH
2026-09-13T18:49:47.697+08:00,RUN_20260913_171419,275,5930312,SESSION_005,0,0,8190,4,28.23,60.30,1004.83,39.2,1,HIGH
2026-09-13T18:49:48.700+08:00,RUN_20260913_171419,276,5931315,SESSION_005,1,0,8190,4,28.23,60.32,1004.82,39.2,1,HIGH
2026-09-13T18:49:49.703+08:00,RUN_20260913_171419,277,5932318,SESSION_005,1,0,8190,4,28.23,60.31,1004.83,39.2,1,HIGH
2026-09-13T18:49:50.706+08:00,RUN_20260913_171419,278,5933321,SESSION_005,1,0,8190,4,28.23,60.29,1004.83,39.2,1,HIGH
2026-09-13T18:49:51.709+08:00,RUN_20260913_171419,279,5934324,SESSION_005,1,0,8190,4,28.23,60.38,1004.83,40.0,1,HIGH
2026-09-13T18:49:52.712+08:00,RUN_20260913_171419,280,5935327,SESSION_005,1,0,8190,4,28.23,60.44,1004.83,39.2,1,HIGH
2026-09-13T18:49:53.715+08:00,RUN_20260913_171419,281,5936330,SESSION_005,1,0,8190,4,28.23,60.32,1004.83,40.0,1,HIGH
2026-09-13T18:49:54.718+08:00,RUN_20260913_171419,282,5937333,SESSION_005,0,0,8190,4,28.23,60.31,1004.83,39.2,1,HIGH
2026-09-13T18:49:55.721+08:00,RUN_20260913_171419,283,5938336,SESSION_005,1,0,8190,4,28.23,60.36,1004.83,40.0,1,HIGH
2026-09-13T18:49:56.724+08:00,RUN_20260913_171419,284,5939339,SESSION_005,0,0,8190,4,28.24,60.35,1004.83,40.0,1,HIGH
2026-09-13T18:49:57.727+08:00,RUN_20260913_171419,285,5940342,SESSION_005,0,0,8190,4,28.24,60.31,1004.84,40.0,1,HIGH
2026-09-13T18:49:58.730+08:00,RUN_20260913_171419,286,5941345,SESSION_005,1,0,8190,4,28.24,60.23,1004.84,39.2,1,HIGH
2026-09-13T18:49:59.733+08:00,RUN_20260913_171419,287,5942348,SESSION_005,1,0,8190,4,28.24,60.25,1004.84,40.0,1,HIGH
2026-09-13T18:50:00.736+08:00,RUN_20260913_171419,288,5943351,SESSION_005,1,0,8190,4,28.24,60.24,1004.83,40.0,1,HIGH
2026-09-13T18:50:01.739+08:00,RUN_20260913_171419,289,5944354,SESSION_005,1,0,8190,4,28.24,60.26,1004.83,40.0,1,HIGH
2026-09-13T18:50:02.742+08:00,RUN_20260913_171419,290,5945357,SESSION_005,1,0,8190,4,28.24,60.20,1004.84,40.0,1,HIGH
2026-09-13T18:50:03.745+08:00,RUN_20260913_171419,291,5946360,SESSION_005,0,0,8190,4,28.24,60.33,1004.83,40.0,1,HIGH
2026-09-13T18:50:04.748+08:00,RUN_20260913_171419,292,5947363,SESSION_005,0,0,8190,4,28.24,60.33,1004.84,39.2,1,HIGH
2026-09-13T18:50:05.933+08:00,RUN_20260913_171419,293,5948548,SESSION_005,1,1,522,0,28.24,60.31,1004.83,39.2,1,HIGH
2026-09-13T18:50:06.938+08:00,RUN_20260913_171419,294,5949553,SESSION_005,0,0,394,0,28.25,60.24,1004.84,39.2,1,HIGH
2026-09-13T18:50:07.943+08:00,RUN_20260913_171419,295,5950558,SESSION_005,0,0,8190,4,28.25,60.24,1004.83,40.0,1,HIGH
2026-09-13T18:50:08.948+08:00,RUN_20260913_171419,296,5951563,SESSION_005,0,0,8190,4,28.25,60.14,1004.83,39.2,1,HIGH
2026-09-13T18:50:09.771+08:00,RUN_20260913_171419,297,5952386,SESSION_005,0,1,8190,4,28.25,60.12,1004.84,39.2,1,HIGH
2026-09-13T18:50:10.774+08:00,RUN_20260913_171419,298,5953389,SESSION_005,0,1,8190,4,28.25,59.99,1004.84,39.2,1,HIGH
2026-09-13T18:50:11.777+08:00,RUN_20260913_171419,299,5954392,SESSION_005,0,0,8190,4,28.25,59.92,1004.84,39.2,1,HIGH
2026-09-13T18:50:12.780+08:00,RUN_20260913_171419,300,5955395,SESSION_005,0,0,8190,4,28.25,59.98,1004.84,39.2,1,HIGH
2026-09-13T18:50:13.783+08:00,RUN_20260913_171419,301,5956398,SESSION_005,0,1,8190,4,28.25,59.96,1004.84,39.2,1,HIGH
2026-09-13T18:50:14.786+08:00,RUN_20260913_171419,302,5957401,SESSION_005,0,0,8190,4,28.25,60.09,1004.83,39.2,1,HIGH
2026-09-13T18:50:15.789+08:00,RUN_20260913_171419,303,5958404,SESSION_005,0,0,8190,4,28.25,59.96,1004.83,39.2,1,HIGH
2026-09-13T18:50:16.792+08:00,RUN_20260913_171419,304,5959407,SESSION_005,0,1,8190,4,28.25,59.99,1004.83,38.3,1,HIGH
2026-09-13T18:50:17.795+08:00,RUN_20260913_171419,305,5960410,SESSION_005,0,1,8190,4,28.25,60.00,1004.83,39.2,1,HIGH
2026-09-13T18:50:18.980+08:00,RUN_20260913_171419,306,5961595,SESSION_005,0,0,292,0,28.25,59.90,1004.83,39.2,1,HIGH
2026-09-13T18:50:19.803+08:00,RUN_20260913_171419,307,5962418,SESSION_005,1,0,8190,4,28.25,59.88,1004.83,39.2,1,HIGH
2026-09-13T18:50:20.806+08:00,RUN_20260913_171419,308,5963421,SESSION_005,0,1,8190,4,28.25,59.91,1004.83,37.5,1,HIGH
2026-09-13T18:50:21.809+08:00,RUN_20260913_171419,309,5964424,SESSION_005,0,1,8190,4,28.25,59.97,1004.83,28.3,1,HIGH
2026-09-13T18:50:22.812+08:00,RUN_20260913_171419,310,5965427,SESSION_005,1,0,8190,4,28.25,59.84,1004.83,36.7,1,HIGH
2026-09-13T18:50:23.997+08:00,RUN_20260913_171419,311,5966612,SESSION_005,0,0,529,0,28.25,59.92,1004.83,39.2,1,HIGH
2026-09-13T18:50:25.002+08:00,RUN_20260913_171419,312,5967617,SESSION_005,0,0,518,0,28.25,59.85,1004.83,39.2,1,HIGH
2026-09-13T18:50:26.007+08:00,RUN_20260913_171419,313,5968622,SESSION_005,0,1,609,0,28.25,59.98,1004.83,40.0,1,HIGH
2026-09-13T18:50:27.012+08:00,RUN_20260913_171419,314,5969627,SESSION_005,1,1,502,0,28.25,59.97,1004.83,40.0,1,HIGH
2026-09-13T18:50:27.835+08:00,RUN_20260913_171419,315,5970450,SESSION_005,1,0,8190,4,28.25,59.86,1004.83,40.0,1,HIGH
2026-09-13T18:50:28.838+08:00,RUN_20260913_171419,316,5971453,SESSION_005,0,0,8190,4,28.25,59.77,1004.83,40.0,1,HIGH
2026-09-13T18:50:29.841+08:00,RUN_20260913_171419,317,5972456,SESSION_005,0,0,8190,4,28.25,59.71,1004.83,40.0,1,HIGH
2026-09-13T18:50:30.844+08:00,RUN_20260913_171419,318,5973459,SESSION_005,0,0,8190,4,28.25,59.66,1004.83,40.0,1,HIGH
2026-09-13T18:50:31.847+08:00,RUN_20260913_171419,319,5974462,SESSION_005,1,0,8190,4,28.25,59.65,1004.83,40.0,1,HIGH
2026-09-13T18:50:32.850+08:00,RUN_20260913_171419,320,5975465,SESSION_005,1,0,8190,4,28.25,59.67,1004.83,40.0,1,HIGH
2026-09-13T18:50:33.853+08:00,RUN_20260913_171419,321,5976468,SESSION_005,0,0,8190,4,28.25,59.80,1004.83,40.0,1,HIGH
2026-09-13T18:50:34.856+08:00,RUN_20260913_171419,322,5977471,SESSION_005,0,0,8190,4,28.25,59.88,1004.83,40.0,1,HIGH
2026-09-13T18:50:35.859+08:00,RUN_20260913_171419,323,5978474,SESSION_005,1,0,8190,4,28.25,59.85,1004.83,39.2,1,HIGH
2026-09-13T18:50:36.862+08:00,RUN_20260913_171419,324,5979477,SESSION_005,1,1,8190,4,28.25,59.94,1004.83,38.3,1,HIGH
2026-09-13T18:50:37.866+08:00,RUN_20260913_171419,325,5980481,SESSION_005,0,1,8190,4,28.25,59.93,1004.84,39.2,1,HIGH
2026-09-13T18:50:38.869+08:00,RUN_20260913_171419,326,5981484,SESSION_005,0,0,8190,4,28.25,59.82,1004.84,39.2,1,HIGH
2026-09-13T18:50:39.872+08:00,RUN_20260913_171419,327,5982487,SESSION_005,1,0,8190,4,28.25,59.79,1004.84,39.2,1,HIGH
2026-09-13T18:50:40.875+08:00,RUN_20260913_171419,328,5983490,SESSION_005,1,0,8190,4,28.25,59.78,1004.84,39.2,1,HIGH
2026-09-13T18:50:41.878+08:00,RUN_20260913_171419,329,5984493,SESSION_005,0,1,8190,4,28.25,59.82,1004.84,39.2,1,HIGH
2026-09-13T18:50:42.881+08:00,RUN_20260913_171419,330,5985496,SESSION_005,0,0,8190,4,28.25,59.80,1004.85,39.2,1,HIGH
2026-09-13T18:50:43.884+08:00,RUN_20260913_171419,331,5986499,SESSION_005,0,0,8190,4,28.25,59.71,1004.85,39.2,1,HIGH
2026-09-13T18:50:44.887+08:00,RUN_20260913_171419,332,5987502,SESSION_005,0,1,8190,4,28.25,59.72,1004.85,37.5,1,HIGH
2026-09-13T18:50:45.890+08:00,RUN_20260913_171419,333,5988505,SESSION_005,1,1,8190,4,28.25,59.81,1004.85,40.0,1,HIGH
2026-09-13T18:50:46.894+08:00,RUN_20260913_171419,334,5989509,SESSION_005,0,0,8190,4,28.25,59.80,1004.86,40.0,1,HIGH
2026-09-13T18:50:47.897+08:00,RUN_20260913_171419,335,5990512,SESSION_005,0,0,8190,4,28.25,59.84,1004.86,40.0,1,HIGH
2026-09-13T18:50:49.082+08:00,RUN_20260913_171419,336,5991697,SESSION_005,0,0,8190,4,28.25,59.72,1004.85,40.0,1,HIGH
2026-09-13T18:50:50.087+08:00,RUN_20260913_171419,337,5992702,SESSION_005,0,0,479,0,28.25,59.71,1004.86,40.0,1,HIGH
2026-09-13T18:50:51.092+08:00,RUN_20260913_171419,338,5993707,SESSION_005,0,1,489,0,28.25,59.74,1004.86,40.0,1,HIGH
2026-09-13T18:50:52.097+08:00,RUN_20260913_171419,339,5994712,SESSION_005,0,0,485,0,28.25,59.79,1004.86,40.0,1,HIGH
2026-09-13T18:50:53.102+08:00,RUN_20260913_171419,340,5995717,SESSION_005,0,0,498,0,28.25,59.68,1004.86,40.0,1,HIGH
2026-09-13T18:50:54.107+08:00,RUN_20260913_171419,341,5996722,SESSION_005,0,1,579,0,28.25,59.66,1004.85,40.0,1,HIGH
2026-09-13T18:50:55.112+08:00,RUN_20260913_171419,342,5997727,SESSION_005,0,1,8190,4,28.26,59.68,1004.86,40.0,1,HIGH
2026-09-13T18:50:56.117+08:00,RUN_20260913_171419,343,5998732,SESSION_005,0,1,8191,2,28.26,59.68,1004.86,40.0,1,HIGH
2026-09-13T18:50:57.122+08:00,RUN_20260913_171419,344,5999737,SESSION_005,0,1,8191,2,28.26,59.68,1004.85,40.0,1,HIGH
2026-09-13T18:50:58.127+08:00,RUN_20260913_171419,345,6000742,SESSION_005,0,0,8191,2,28.26,59.75,1004.85,40.0,1,HIGH
2026-09-13T18:50:59.132+08:00,RUN_20260913_171419,346,6001747,SESSION_005,0,1,8191,2,28.26,59.75,1004.85,39.2,1,HIGH
2026-09-13T18:51:00.137+08:00,RUN_20260913_171419,347,6002752,SESSION_005,1,1,8191,2,28.26,59.65,1004.86,40.0,1,HIGH
2026-09-13T18:51:01.142+08:00,RUN_20260913_171419,348,6003757,SESSION_005,1,0,373,0,28.26,59.67,1004.86,39.2,1,HIGH
2026-09-13T18:51:01.965+08:00,RUN_20260913_171419,349,6004580,SESSION_005,0,0,8190,4,28.26,59.70,1004.85,40.0,1,HIGH
2026-09-13T18:51:03.150+08:00,RUN_20260913_171419,350,6005765,SESSION_005,0,1,8190,4,28.26,59.78,1004.85,40.0,1,HIGH
2026-09-13T18:51:04.155+08:00,RUN_20260913_171419,351,6006770,SESSION_005,0,1,8190,4,28.26,59.77,1004.86,40.0,1,HIGH
2026-09-13T18:51:05.160+08:00,RUN_20260913_171419,352,6007775,SESSION_005,1,0,439,0,28.26,59.74,1004.86,40.0,1,HIGH
2026-09-13T18:51:06.165+08:00,RUN_20260913_171419,353,6008780,SESSION_005,1,0,8190,4,28.26,59.66,1004.86,39.2,1,HIGH
2026-09-13T18:51:06.988+08:00,RUN_20260913_171419,354,6009603,SESSION_005,1,1,8190,4,28.26,59.70,1004.86,39.2,1,HIGH
2026-09-13T18:51:07.991+08:00,RUN_20260913_171419,355,6010606,SESSION_005,1,0,8190,4,28.26,59.70,1004.86,40.0,1,HIGH
2026-09-13T18:51:09.176+08:00,RUN_20260913_171419,356,6011791,SESSION_005,1,0,453,0,28.26,59.60,1004.86,39.2,1,HIGH
2026-09-13T18:51:09.999+08:00,RUN_20260913_171419,357,6012614,SESSION_005,0,1,8190,4,28.26,59.59,1004.85,39.2,1,HIGH
2026-09-13T18:51:11.002+08:00,RUN_20260913_171419,358,6013617,SESSION_005,0,1,8190,4,28.27,59.54,1004.86,39.2,1,HIGH
2026-09-13T18:51:12.005+08:00,RUN_20260913_171419,359,6014620,SESSION_005,1,0,8190,4,28.27,59.54,1004.85,38.3,1,HIGH
2026-09-13T18:51:13.008+08:00,RUN_20260913_171419,360,6015623,SESSION_005,0,0,8190,4,28.27,59.67,1004.85,37.5,1,HIGH
2026-09-13T18:51:14.011+08:00,RUN_20260913_171419,361,6016626,SESSION_005,0,1,8190,4,28.27,59.57,1004.85,36.7,1,HIGH
2026-09-13T18:51:15.014+08:00,RUN_20260913_171419,362,6017629,SESSION_005,0,1,8190,4,28.27,59.57,1004.85,36.7,1,HIGH
2026-09-13T18:51:16.017+08:00,RUN_20260913_171419,363,6018632,SESSION_005,0,0,8190,4,28.27,59.58,1004.85,37.5,1,HIGH
2026-09-13T18:51:17.020+08:00,RUN_20260913_171419,364,6019635,SESSION_005,1,0,8190,4,28.27,59.55,1004.85,39.2,1,HIGH
2026-09-13T18:51:18.023+08:00,RUN_20260913_171419,365,6020638,SESSION_005,1,1,8190,4,28.27,59.59,1004.85,38.3,1,HIGH
2026-09-13T18:51:19.026+08:00,RUN_20260913_171419,366,6021641,SESSION_005,0,1,8190,4,28.27,59.60,1004.85,38.3,1,HIGH
2026-09-13T18:51:20.029+08:00,RUN_20260913_171419,367,6022644,SESSION_005,0,1,8190,4,28.27,59.71,1004.85,39.2,1,HIGH
2026-09-13T18:51:21.032+08:00,RUN_20260913_171419,368,6023647,SESSION_005,0,1,8190,4,28.27,59.70,1004.84,39.2,1,HIGH
2026-09-13T18:51:22.035+08:00,RUN_20260913_171419,369,6024650,SESSION_005,1,0,8190,4,28.27,59.70,1004.85,39.2,1,HIGH
2026-09-13T18:51:23.038+08:00,RUN_20260913_171419,370,6025653,SESSION_005,1,0,8190,4,28.27,59.71,1004.84,40.0,1,HIGH
2026-09-13T18:51:24.041+08:00,RUN_20260913_171419,371,6026656,SESSION_005,0,0,8190,4,28.27,59.64,1004.84,40.0,1,HIGH
2026-09-13T18:51:25.226+08:00,RUN_20260913_171419,372,6027841,SESSION_005,0,0,8190,4,28.27,59.60,1004.84,39.2,1,HIGH
2026-09-13T18:51:26.231+08:00,RUN_20260913_171419,373,6028846,SESSION_005,0,0,605,0,28.27,59.66,1004.84,40.0,1,HIGH
2026-09-13T18:51:27.236+08:00,RUN_20260913_171419,374,6029851,SESSION_005,0,0,8191,2,28.27,59.57,1004.85,40.0,1,HIGH
2026-09-13T18:51:28.241+08:00,RUN_20260913_171419,375,6030856,SESSION_005,0,0,594,0,28.27,59.54,1004.85,40.0,1,HIGH
2026-09-13T18:51:29.246+08:00,RUN_20260913_171419,376,6031861,SESSION_005,0,0,8191,2,28.27,59.52,1004.85,40.0,1,HIGH
2026-09-13T18:51:30.251+08:00,RUN_20260913_171419,377,6032866,SESSION_005,0,0,8191,2,28.27,59.50,1004.85,40.0,1,HIGH
2026-09-13T18:51:31.256+08:00,RUN_20260913_171419,378,6033871,SESSION_005,0,0,8190,4,28.27,59.55,1004.85,39.2,1,HIGH
2026-09-13T18:51:32.261+08:00,RUN_20260913_171419,379,6034876,SESSION_005,0,1,8190,4,28.28,59.65,1004.85,39.2,1,HIGH
2026-09-13T18:51:33.084+08:00,RUN_20260913_171419,380,6035699,SESSION_005,0,1,8190,4,28.28,59.65,1004.85,39.2,1,HIGH
2026-09-13T18:51:34.087+08:00,RUN_20260913_171419,381,6036702,SESSION_005,0,1,8190,4,28.28,59.65,1004.85,39.2,1,HIGH
2026-09-13T18:51:35.090+08:00,RUN_20260913_171419,382,6037705,SESSION_005,0,1,8190,4,28.28,59.57,1004.86,39.2,1,HIGH
2026-09-13T18:51:36.275+08:00,RUN_20260913_171419,383,6038890,SESSION_005,0,1,318,0,28.28,59.60,1004.86,40.0,1,HIGH
2026-09-13T18:51:37.280+08:00,RUN_20260913_171419,384,6039895,SESSION_005,0,1,8191,2,28.28,59.52,1004.86,40.0,1,HIGH
2026-09-13T18:51:38.103+08:00,RUN_20260913_171419,385,6040718,SESSION_005,1,0,8190,4,28.28,59.50,1004.86,40.0,1,HIGH
2026-09-13T18:51:39.106+08:00,RUN_20260913_171419,386,6041721,SESSION_005,0,0,8190,4,28.28,59.50,1004.86,40.0,1,HIGH
2026-09-13T18:51:40.109+08:00,RUN_20260913_171419,387,6042724,SESSION_005,0,0,8190,4,28.28,59.60,1004.86,40.0,1,HIGH
2026-09-13T18:51:41.112+08:00,RUN_20260913_171419,388,6043727,SESSION_005,1,0,8190,4,28.28,59.55,1004.86,40.0,1,HIGH
2026-09-13T18:51:42.297+08:00,RUN_20260913_171419,389,6044912,SESSION_005,0,0,8190,4,28.28,59.59,1004.86,40.0,1,HIGH
2026-09-13T18:51:43.120+08:00,RUN_20260913_171419,390,6045735,SESSION_005,0,0,8190,4,28.28,59.54,1004.86,40.0,1,HIGH
2026-09-13T18:51:44.305+08:00,RUN_20260913_171419,391,6046920,SESSION_005,1,0,8190,4,28.28,59.51,1004.86,40.0,1,HIGH
2026-09-13T18:51:45.128+08:00,RUN_20260913_171419,392,6047743,SESSION_005,0,0,8190,4,28.28,59.60,1004.86,40.0,1,HIGH
2026-09-13T18:51:46.131+08:00,RUN_20260913_171419,393,6048746,SESSION_005,0,0,8190,4,28.28,59.60,1004.86,40.0,1,HIGH
2026-09-13T18:51:47.134+08:00,RUN_20260913_171419,394,6049749,SESSION_005,1,0,8190,4,28.28,59.53,1004.86,40.0,1,HIGH
2026-09-13T18:51:48.319+08:00,RUN_20260913_171419,395,6050934,SESSION_005,0,0,8191,2,28.28,59.51,1004.86,40.0,1,HIGH
2026-09-13T18:51:49.142+08:00,RUN_20260913_171419,396,6051757,SESSION_005,0,1,8190,4,28.28,59.53,1004.86,40.0,1,HIGH
2026-09-13T18:51:50.145+08:00,RUN_20260913_171419,397,6052760,SESSION_005,0,1,8190,4,28.28,59.53,1004.86,40.0,1,HIGH
2026-09-13T18:51:51.148+08:00,RUN_20260913_171419,398,6053763,SESSION_005,0,0,8190,4,28.28,59.62,1004.86,40.0,1,HIGH
2026-09-13T18:51:52.333+08:00,RUN_20260913_171419,399,6054948,SESSION_005,0,0,8190,4,28.28,59.53,1004.87,40.0,1,HIGH
2026-09-13T18:51:53.156+08:00,RUN_20260913_171419,400,6055771,SESSION_005,0,1,8190,4,28.28,59.53,1004.87,40.0,1,HIGH
2026-09-13T18:51:54.159+08:00,RUN_20260913_171419,401,6056774,SESSION_005,0,1,8190,4,28.28,59.52,1004.87,40.0,1,HIGH
2026-09-13T18:51:55.162+08:00,RUN_20260913_171419,402,6057777,SESSION_005,0,1,8190,4,28.28,59.60,1004.88,40.0,1,HIGH
2026-09-13T18:51:56.165+08:00,RUN_20260913_171419,403,6058780,SESSION_005,0,0,8190,4,28.28,59.56,1004.88,40.0,1,HIGH
2026-09-13T18:51:57.168+08:00,RUN_20260913_171419,404,6059783,SESSION_005,0,0,8190,4,28.28,59.54,1004.88,40.0,1,HIGH
2026-09-13T18:51:58.353+08:00,RUN_20260913_171419,405,6060968,SESSION_005,0,1,8190,4,28.28,59.62,1004.88,40.0,1,HIGH
2026-09-13T18:51:59.358+08:00,RUN_20260913_171419,406,6061973,SESSION_005,0,0,8191,2,28.29,59.57,1004.89,40.0,1,HIGH
2026-09-13T18:52:00.363+08:00,RUN_20260913_171419,407,6062978,SESSION_005,1,0,8191,2,28.29,59.64,1004.89,40.0,1,HIGH
2026-09-13T18:52:01.368+08:00,RUN_20260913_171419,408,6063983,SESSION_005,1,0,8191,2,28.29,59.62,1004.89,39.2,1,HIGH
2026-09-13T18:52:02.373+08:00,RUN_20260913_171419,409,6064988,SESSION_005,1,1,274,0,28.29,59.64,1004.89,39.2,1,HIGH
2026-09-13T18:52:03.378+08:00,RUN_20260913_171419,410,6065993,SESSION_005,1,0,278,0,28.29,59.66,1004.89,39.2,1,HIGH
2026-09-13T18:52:04.383+08:00,RUN_20260913_171419,411,6066998,SESSION_005,1,1,299,0,28.29,59.57,1004.89,39.2,1,HIGH
2026-09-13T18:52:05.388+08:00,RUN_20260913_171419,412,6068003,SESSION_005,0,1,284,0,28.29,59.64,1004.89,39.2,1,HIGH
2026-09-13T18:52:06.393+08:00,RUN_20260913_171419,413,6069008,SESSION_005,0,1,232,0,28.29,59.68,1004.89,39.2,1,HIGH
2026-09-13T18:52:07.398+08:00,RUN_20260913_171419,414,6070013,SESSION_005,1,1,353,0,28.29,59.69,1004.89,39.2,1,HIGH
2026-09-13T18:52:08.403+08:00,RUN_20260913_171419,415,6071018,SESSION_005,1,1,8191,2,28.29,59.68,1004.89,40.0,1,HIGH
2026-09-13T18:52:09.408+08:00,RUN_20260913_171419,416,6072023,SESSION_005,1,0,418,0,28.29,59.64,1004.89,40.0,1,HIGH
2026-09-13T18:52:10.231+08:00,RUN_20260913_171419,417,6072846,SESSION_005,1,0,8190,4,28.30,59.62,1004.89,40.0,1,HIGH
2026-09-13T18:52:11.416+08:00,RUN_20260913_171419,418,6074031,SESSION_005,1,0,8190,4,28.30,59.57,1004.88,39.2,1,HIGH
2026-09-13T18:52:12.239+08:00,RUN_20260913_171419,419,6074854,SESSION_005,1,1,8190,4,28.30,59.64,1004.88,40.0,1,HIGH
2026-09-13T18:52:13.242+08:00,RUN_20260913_171419,420,6075857,SESSION_005,1,0,8190,4,28.30,59.63,1004.88,40.0,1,HIGH
2026-09-13T18:52:14.427+08:00,RUN_20260913_171419,421,6077042,SESSION_005,0,0,309,0,28.30,59.56,1004.88,40.0,1,HIGH
2026-09-13T18:52:15.432+08:00,RUN_20260913_171419,422,6078047,SESSION_005,0,1,8190,4,28.30,59.67,1004.88,39.2,1,HIGH
2026-09-13T18:52:16.255+08:00,RUN_20260913_171419,423,6078870,SESSION_005,1,1,8190,4,28.30,59.69,1004.88,39.2,1,HIGH
2026-09-13T18:52:17.258+08:00,RUN_20260913_171419,424,6079873,SESSION_005,0,0,8190,4,28.30,59.55,1004.87,38.3,1,HIGH
2026-09-13T18:52:18.261+08:00,RUN_20260913_171419,425,6080876,SESSION_005,0,0,8190,4,28.30,59.55,1004.88,36.7,1,HIGH
2026-09-13T18:52:19.264+08:00,RUN_20260913_171419,426,6081879,SESSION_005,1,1,8190,4,28.30,59.54,1004.88,37.5,1,HIGH
2026-09-13T18:52:20.267+08:00,RUN_20260913_171419,427,6082882,SESSION_005,1,0,8190,4,28.30,59.62,1004.87,39.2,1,HIGH
2026-09-13T18:52:21.452+08:00,RUN_20260913_171419,428,6084067,SESSION_005,0,0,8190,4,28.31,59.62,1004.88,40.0,1,HIGH
2026-09-13T18:52:22.457+08:00,RUN_20260913_171419,429,6085072,SESSION_005,0,0,8190,4,28.31,59.61,1004.87,40.0,1,HIGH
2026-09-13T18:52:23.462+08:00,RUN_20260913_171419,430,6086077,SESSION_005,0,1,8190,4,28.31,59.61,1004.87,40.0,1,HIGH
2026-09-13T18:52:24.467+08:00,RUN_20260913_171419,431,6087082,SESSION_005,1,0,8190,4,28.31,59.63,1004.87,40.0,1,HIGH
2026-09-13T18:52:25.290+08:00,RUN_20260913_171419,432,6087905,SESSION_005,1,1,8190,4,28.31,59.57,1004.87,40.0,1,HIGH
2026-09-13T18:52:26.293+08:00,RUN_20260913_171419,433,6088908,SESSION_005,1,0,8190,4,28.31,59.64,1004.87,40.0,1,HIGH
2026-09-13T18:52:27.296+08:00,RUN_20260913_171419,434,6089911,SESSION_005,1,0,8190,4,28.31,59.61,1004.87,40.0,1,HIGH
2026-09-13T18:52:28.299+08:00,RUN_20260913_171419,435,6090914,SESSION_005,0,0,8190,4,28.31,59.55,1004.87,40.0,1,HIGH
2026-09-13T18:52:29.302+08:00,RUN_20260913_171419,436,6091917,SESSION_005,0,0,8190,4,28.31,59.54,1004.87,40.0,1,HIGH
2026-09-13T18:52:30.305+08:00,RUN_20260913_171419,437,6092920,SESSION_005,0,0,8190,4,28.31,59.55,1004.87,40.0,1,HIGH
2026-09-13T18:52:31.308+08:00,RUN_20260913_171419,438,6093923,SESSION_005,1,0,8190,4,28.31,59.58,1004.87,40.0,1,HIGH
2026-09-13T18:52:32.493+08:00,RUN_20260913_171419,439,6095108,SESSION_005,0,0,8190,4,28.31,59.60,1004.86,40.0,1,HIGH
2026-09-13T18:52:33.316+08:00,RUN_20260913_171419,440,6095931,SESSION_005,0,0,8190,4,28.31,59.60,1004.86,40.0,1,HIGH
2026-09-13T18:52:34.319+08:00,RUN_20260913_171419,441,6096934,SESSION_005,1,0,8190,4,28.31,59.58,1004.86,40.0,1,HIGH
2026-09-13T18:52:35.322+08:00,RUN_20260913_171419,442,6097937,SESSION_005,0,0,8190,4,28.31,59.60,1004.86,40.0,1,HIGH
2026-09-13T18:52:36.325+08:00,RUN_20260913_171419,443,6098940,SESSION_005,0,0,8190,4,28.31,59.62,1004.86,40.0,1,HIGH
2026-09-13T18:52:37.328+08:00,RUN_20260913_171419,444,6099943,SESSION_005,0,0,8190,4,28.31,59.64,1004.86,40.0,1,HIGH
2026-09-13T18:52:38.331+08:00,RUN_20260913_171419,445,6100946,SESSION_005,1,0,8190,4,28.31,59.69,1004.86,40.0,1,HIGH
2026-09-13T18:52:39.334+08:00,RUN_20260913_171419,446,6101949,SESSION_005,0,0,8190,4,28.31,59.69,1004.86,40.0,1,HIGH
2026-09-13T18:52:40.337+08:00,RUN_20260913_171419,447,6102952,SESSION_005,0,0,8190,4,28.31,59.69,1004.86,40.0,1,HIGH
2026-09-13T18:52:41.340+08:00,RUN_20260913_171419,448,6103955,SESSION_005,0,1,8190,4,28.32,59.69,1004.86,39.2,1,HIGH
2026-09-13T18:52:42.343+08:00,RUN_20260913_171419,449,6104958,SESSION_005,1,1,8190,4,28.32,59.77,1004.86,39.2,1,HIGH
2026-09-13T18:52:43.346+08:00,RUN_20260913_171419,450,6105961,SESSION_005,0,0,8190,4,28.32,59.62,1004.86,40.0,1,HIGH
2026-09-13T18:52:44.349+08:00,RUN_20260913_171419,451,6106964,SESSION_005,0,0,8190,4,28.32,59.68,1004.86,40.0,1,HIGH
2026-09-13T18:52:45.352+08:00,RUN_20260913_171419,452,6107967,SESSION_005,0,0,8190,4,28.32,59.73,1004.86,40.0,1,HIGH
2026-09-13T18:52:46.355+08:00,RUN_20260913_171419,453,6108970,SESSION_005,0,1,8190,4,28.32,59.66,1004.86,40.0,1,HIGH
2026-09-13T18:52:47.358+08:00,RUN_20260913_171419,454,6109973,SESSION_005,0,0,8190,4,28.32,59.62,1004.86,40.0,1,HIGH
2026-09-13T18:52:48.543+08:00,RUN_20260913_171419,455,6111158,SESSION_005,0,0,8190,4,28.32,59.64,1004.86,40.0,1,HIGH
2026-09-13T18:52:49.366+08:00,RUN_20260913_171419,456,6111981,SESSION_005,0,1,8190,4,28.32,59.66,1004.86,40.0,1,HIGH
2026-09-13T18:52:50.369+08:00,RUN_20260913_171419,457,6112984,SESSION_005,0,0,8190,4,28.32,59.69,1004.86,40.0,1,HIGH
2026-09-13T18:52:51.372+08:00,RUN_20260913_171419,458,6113987,SESSION_005,0,0,8190,4,28.32,59.63,1004.86,40.0,1,HIGH
2026-09-13T18:52:52.375+08:00,RUN_20260913_171419,459,6114990,SESSION_005,0,0,8190,4,28.32,59.63,1004.86,40.0,1,HIGH
2026-09-13T18:52:53.378+08:00,RUN_20260913_171419,460,6115993,SESSION_005,0,1,8190,4,28.32,59.64,1004.86,40.0,1,HIGH
2026-09-13T18:52:54.381+08:00,RUN_20260913_171419,461,6116996,SESSION_005,0,1,8190,4,28.32,59.74,1004.86,40.0,1,HIGH
2026-09-13T18:52:55.384+08:00,RUN_20260913_171419,462,6117999,SESSION_005,0,1,8190,4,28.32,59.75,1004.86,40.0,1,HIGH
2026-09-13T18:52:56.387+08:00,RUN_20260913_171419,463,6119002,SESSION_005,0,0,8190,4,28.32,59.74,1004.86,40.0,1,HIGH
2026-09-13T18:52:57.390+08:00,RUN_20260913_171419,464,6120005,SESSION_005,0,0,8190,4,28.32,59.67,1004.86,40.0,1,HIGH
2026-09-13T18:52:58.575+08:00,RUN_20260913_171419,465,6121190,SESSION_005,0,1,8190,4,28.32,59.73,1004.86,39.2,1,HIGH
2026-09-13T18:52:59.398+08:00,RUN_20260913_171419,466,6122013,SESSION_005,0,1,8190,4,28.32,59.79,1004.86,39.2,1,HIGH
2026-09-13T18:53:00.401+08:00,RUN_20260913_171419,467,6123016,SESSION_005,0,0,8190,4,28.32,59.77,1004.86,39.2,1,HIGH
2026-09-13T18:53:01.404+08:00,RUN_20260913_171419,468,6124019,SESSION_005,0,0,8190,4,28.32,59.65,1004.86,40.0,1,HIGH
2026-09-13T18:53:02.407+08:00,RUN_20260913_171419,469,6125022,SESSION_005,0,1,8190,4,28.32,59.74,1004.86,40.0,1,HIGH
2026-09-13T18:53:03.592+08:00,RUN_20260913_171419,470,6126207,SESSION_005,0,1,8190,4,28.32,59.61,1004.86,40.0,1,HIGH
2026-09-13T18:53:04.597+08:00,RUN_20260913_171419,471,6127212,SESSION_005,0,0,8190,4,28.32,59.70,1004.86,40.0,1,HIGH
2026-09-13T18:53:05.420+08:00,RUN_20260913_171419,472,6128035,SESSION_005,0,0,8190,4,28.32,59.68,1004.86,40.0,1,HIGH
2026-09-13T18:53:06.423+08:00,RUN_20260913_171419,473,6129038,SESSION_005,0,0,8190,4,28.32,59.67,1004.86,40.0,1,HIGH
2026-09-13T18:53:07.426+08:00,RUN_20260913_171419,474,6130041,SESSION_005,0,0,8190,4,28.32,59.63,1004.86,40.0,1,HIGH
2026-09-13T18:53:08.429+08:00,RUN_20260913_171419,475,6131044,SESSION_005,0,0,8190,4,28.32,59.69,1004.86,40.0,1,HIGH
2026-09-13T18:53:09.614+08:00,RUN_20260913_171419,476,6132229,SESSION_005,0,1,8190,4,28.32,59.57,1004.86,40.0,1,HIGH
2026-09-13T18:53:10.437+08:00,RUN_20260913_171419,477,6133052,SESSION_005,0,0,8190,4,28.32,59.60,1004.86,40.0,1,HIGH
2026-09-13T18:53:11.440+08:00,RUN_20260913_171419,478,6134055,SESSION_005,0,0,8190,4,28.32,59.65,1004.86,40.0,1,HIGH
2026-09-13T18:53:12.625+08:00,RUN_20260913_171419,479,6135240,SESSION_005,0,0,8190,4,28.32,59.61,1004.86,40.0,1,HIGH
2026-09-13T18:53:13.630+08:00,RUN_20260913_171419,480,6136245,SESSION_005,0,0,8190,4,28.32,59.61,1004.86,40.0,1,HIGH
2026-09-13T18:53:14.453+08:00,RUN_20260913_171419,481,6137068,SESSION_005,0,0,8190,4,28.32,59.66,1004.86,40.0,1,HIGH
2026-09-13T18:53:15.456+08:00,RUN_20260913_171419,482,6138071,SESSION_005,0,0,8190,4,28.32,59.66,1004.86,40.0,1,HIGH
2026-09-13T18:53:16.459+08:00,RUN_20260913_171419,483,6139074,SESSION_005,0,0,8190,4,28.32,59.60,1004.86,40.0,1,HIGH
2026-09-13T18:53:17.644+08:00,RUN_20260913_171419,484,6140259,SESSION_005,0,0,8190,4,28.33,59.68,1004.87,40.0,1,HIGH
2026-09-13T18:53:18.467+08:00,RUN_20260913_171419,485,6141082,SESSION_005,0,0,8190,4,28.33,59.69,1004.87,40.0,1,HIGH
2026-09-13T18:53:19.470+08:00,RUN_20260913_171419,486,6142085,SESSION_005,0,0,8190,4,28.33,59.69,1004.87,40.0,1,HIGH
2026-09-13T18:53:20.655+08:00,RUN_20260913_171419,487,6143270,SESSION_005,0,0,8190,4,28.33,59.69,1004.87,40.0,1,HIGH
2026-09-13T18:53:21.478+08:00,RUN_20260913_171419,488,6144093,SESSION_005,0,0,8190,4,28.33,59.69,1004.87,40.0,1,HIGH
2026-09-13T18:53:22.481+08:00,RUN_20260913_171419,489,6145096,SESSION_005,0,0,8190,4,28.33,59.59,1004.87,40.0,1,HIGH
2026-09-13T18:53:23.484+08:00,RUN_20260913_171419,490,6146099,SESSION_005,0,0,8190,4,28.33,59.57,1004.87,40.0,1,HIGH
2026-09-13T18:53:24.487+08:00,RUN_20260913_171419,491,6147102,SESSION_005,0,0,8190,4,28.33,59.63,1004.86,40.0,1,HIGH
2026-09-13T18:53:25.490+08:00,RUN_20260913_171419,492,6148105,SESSION_005,0,0,8190,4,28.33,59.62,1004.87,40.0,1,HIGH
2026-09-13T18:53:26.493+08:00,RUN_20260913_171419,493,6149108,SESSION_005,0,0,8190,4,28.33,59.54,1004.87,40.0,1,HIGH
2026-09-13T18:53:27.496+08:00,RUN_20260913_171419,494,6150111,SESSION_005,0,0,8190,4,28.33,59.51,1004.87,40.0,1,HIGH
2026-09-13T18:53:28.499+08:00,RUN_20260913_171419,495,6151114,SESSION_005,0,0,8190,4,28.33,59.44,1004.87,40.0,1,HIGH
2026-09-13T18:53:29.684+08:00,RUN_20260913_171419,496,6152299,SESSION_005,0,0,8190,4,28.33,59.48,1004.87,40.0,1,HIGH
2026-09-13T18:53:30.507+08:00,RUN_20260913_171419,497,6153122,SESSION_005,0,0,8190,4,28.33,59.46,1004.87,40.0,1,HIGH
2026-09-13T18:53:31.692+08:00,RUN_20260913_171419,498,6154307,SESSION_005,0,0,8190,4,28.33,59.34,1004.87,40.0,1,HIGH
2026-09-13T18:53:32.515+08:00,RUN_20260913_171419,499,6155130,SESSION_005,0,0,8190,4,28.33,59.34,1004.87,40.0,1,HIGH
2026-09-13T18:53:33.518+08:00,RUN_20260913_171419,500,6156133,SESSION_005,0,0,8190,4,28.33,59.35,1004.87,40.0,1,HIGH
2026-09-13T18:53:34.521+08:00,RUN_20260913_171419,501,6157136,SESSION_005,0,0,8190,4,28.33,59.35,1004.87,40.0,1,HIGH
2026-09-13T18:53:35.524+08:00,RUN_20260913_171419,502,6158139,SESSION_005,0,0,8190,4,28.33,59.36,1004.87,40.0,1,HIGH
2026-09-13T18:53:36.709+08:00,RUN_20260913_171419,503,6159324,SESSION_005,0,1,8190,4,28.33,59.40,1004.87,40.0,1,HIGH
2026-09-13T18:53:37.532+08:00,RUN_20260913_171419,504,6160147,SESSION_005,0,1,8190,4,28.33,59.47,1004.87,40.0,1,HIGH
2026-09-13T18:53:38.535+08:00,RUN_20260913_171419,505,6161150,SESSION_005,0,0,8190,4,28.33,59.43,1004.87,40.0,1,HIGH
2026-09-13T18:53:39.538+08:00,RUN_20260913_171419,506,6162153,SESSION_005,0,0,8190,4,28.33,59.48,1004.87,40.0,1,HIGH
2026-09-13T18:53:40.541+08:00,RUN_20260913_171419,507,6163156,SESSION_005,0,0,8190,4,28.33,59.49,1004.87,40.0,1,HIGH
2026-09-13T18:53:41.544+08:00,RUN_20260913_171419,508,6164159,SESSION_005,0,1,8190,4,28.33,59.54,1004.87,40.0,1,HIGH
2026-09-13T18:53:42.547+08:00,RUN_20260913_171419,509,6165162,SESSION_005,0,1,8190,4,28.33,59.51,1004.87,40.0,1,HIGH
2026-09-13T18:53:43.550+08:00,RUN_20260913_171419,510,6166165,SESSION_005,0,1,8190,4,28.33,59.46,1004.87,40.0,1,HIGH
2026-09-13T18:53:44.553+08:00,RUN_20260913_171419,511,6167168,SESSION_005,0,0,8190,4,28.33,59.41,1004.88,40.0,1,HIGH
2026-09-13T18:53:45.556+08:00,RUN_20260913_171419,512,6168171,SESSION_005,0,0,8190,4,28.33,59.43,1004.88,40.0,1,HIGH
2026-09-13T18:53:46.559+08:00,RUN_20260913_171419,513,6169174,SESSION_005,0,1,8190,4,28.33,59.41,1004.88,40.0,1,HIGH
2026-09-13T18:53:47.562+08:00,RUN_20260913_171419,514,6170177,SESSION_005,0,1,8190,4,28.33,59.46,1004.88,40.0,1,HIGH
2026-09-13T18:53:48.747+08:00,RUN_20260913_171419,515,6171362,SESSION_005,0,0,8190,4,28.33,59.54,1004.88,40.0,1,HIGH
2026-09-13T18:53:49.570+08:00,RUN_20260913_171419,516,6172185,SESSION_005,0,0,8190,4,28.33,59.55,1004.87,40.0,1,HIGH
2026-09-13T18:53:50.573+08:00,RUN_20260913_171419,517,6173188,SESSION_005,0,1,8190,4,28.33,59.44,1004.87,40.0,1,HIGH
2026-09-13T18:53:51.576+08:00,RUN_20260913_171419,518,6174191,SESSION_005,0,1,8190,4,28.33,59.44,1004.88,40.0,1,HIGH
2026-09-13T18:53:52.579+08:00,RUN_20260913_171419,519,6175194,SESSION_005,0,1,8190,4,28.33,59.38,1004.88,40.0,1,HIGH
2026-09-13T18:53:53.764+08:00,RUN_20260913_171419,520,6176379,SESSION_005,0,1,8191,2,28.33,59.38,1004.88,40.0,1,HIGH
2026-09-13T18:53:54.769+08:00,RUN_20260913_171419,521,6177384,SESSION_005,0,0,8191,2,28.33,59.35,1004.88,40.0,1,HIGH
2026-09-13T18:53:55.774+08:00,RUN_20260913_171419,522,6178389,SESSION_005,1,0,516,0,28.33,59.47,1004.88,40.0,1,HIGH
2026-09-13T18:53:56.779+08:00,RUN_20260913_171419,523,6179394,SESSION_005,1,0,8190,4,28.33,59.43,1004.88,40.0,1,HIGH
2026-09-13T18:53:57.602+08:00,RUN_20260913_171419,524,6180217,SESSION_005,0,0,8190,4,28.33,59.37,1004.88,40.0,1,HIGH
2026-09-13T18:53:58.605+08:00,RUN_20260913_171419,525,6181220,SESSION_005,0,0,8190,4,28.33,59.30,1004.88,40.0,1,HIGH
2026-09-13T18:53:59.608+08:00,RUN_20260913_171419,526,6182223,SESSION_005,1,0,8190,4,28.33,59.40,1004.88,40.0,1,HIGH
2026-09-13T18:54:00.611+08:00,RUN_20260913_171419,527,6183226,SESSION_005,0,0,8190,4,28.33,59.34,1004.88,40.0,1,HIGH
2026-09-13T18:54:01.614+08:00,RUN_20260913_171419,528,6184229,SESSION_005,0,0,8190,4,28.33,59.34,1004.88,40.0,1,HIGH
2026-09-13T18:54:02.617+08:00,RUN_20260913_171419,529,6185232,SESSION_005,0,0,8190,4,28.33,59.38,1004.88,40.0,1,HIGH
2026-09-13T18:54:03.620+08:00,RUN_20260913_171419,530,6186235,SESSION_005,1,0,8190,4,28.33,59.29,1004.88,40.0,1,HIGH
2026-09-13T18:54:04.623+08:00,RUN_20260913_171419,531,6187238,SESSION_005,1,0,8190,4,28.33,59.35,1004.88,40.0,1,HIGH
2026-09-13T18:54:05.626+08:00,RUN_20260913_171419,532,6188241,SESSION_005,0,1,8190,4,28.34,59.28,1004.88,39.2,1,HIGH
2026-09-13T18:54:06.629+08:00,RUN_20260913_171419,533,6189244,SESSION_005,0,1,8190,4,28.34,59.35,1004.88,39.2,1,HIGH
2026-09-13T18:54:07.814+08:00,RUN_20260913_171419,534,6190429,SESSION_005,1,1,8190,4,28.34,59.36,1004.88,39.2,1,HIGH
2026-09-13T18:54:08.819+08:00,RUN_20260913_171419,535,6191434,SESSION_005,1,0,234,0,28.34,59.33,1004.87,40.0,1,HIGH
2026-09-13T18:54:09.824+08:00,RUN_20260913_171419,536,6192439,SESSION_005,1,0,241,0,28.34,59.31,1004.88,40.0,1,HIGH
2026-09-13T18:54:10.829+08:00,RUN_20260913_171419,537,6193444,SESSION_005,1,1,248,0,28.34,59.34,1004.88,39.2,1,HIGH
2026-09-13T18:54:11.834+08:00,RUN_20260913_171419,538,6194449,SESSION_005,1,1,8190,4,28.34,59.36,1004.88,39.2,1,HIGH
2026-09-13T18:54:12.657+08:00,RUN_20260913_171419,539,6195272,SESSION_005,1,1,8190,4,28.34,59.46,1004.87,39.2,1,HIGH
2026-09-13T18:54:13.842+08:00,RUN_20260913_171419,540,6196457,SESSION_005,1,0,423,0,28.34,59.46,1004.87,39.2,1,HIGH
2026-09-13T18:54:14.847+08:00,RUN_20260913_171419,541,6197462,SESSION_005,1,0,8191,2,28.34,59.47,1004.88,40.0,1,HIGH
2026-09-13T18:54:15.852+08:00,RUN_20260913_171419,542,6198467,SESSION_005,0,1,8190,4,28.34,59.44,1004.88,38.3,1,HIGH
2026-09-13T18:54:16.675+08:00,RUN_20260913_171419,543,6199290,SESSION_005,0,1,8190,4,28.34,59.40,1004.87,37.5,1,HIGH
2026-09-13T18:54:17.860+08:00,RUN_20260913_171419,544,6200475,SESSION_005,0,1,8191,2,28.34,59.44,1004.87,39.2,1,HIGH
2026-09-13T18:54:18.865+08:00,RUN_20260913_171419,545,6201480,SESSION_005,1,1,8190,4,28.34,59.33,1004.88,40.0,1,HIGH
2026-09-13T18:54:19.870+08:00,RUN_20260913_171419,546,6202485,SESSION_005,1,0,8190,4,28.34,59.35,1004.87,40.0,1,HIGH
2026-09-13T18:54:20.693+08:00,RUN_20260913_171419,547,6203308,SESSION_005,0,0,8190,4,28.34,59.39,1004.87,40.0,1,HIGH
2026-09-13T18:54:21.696+08:00,RUN_20260913_171419,548,6204311,SESSION_005,0,0,8190,4,28.34,59.47,1004.88,40.0,1,HIGH
2026-09-13T18:54:22.699+08:00,RUN_20260913_171419,549,6205314,SESSION_005,1,0,8190,4,28.34,59.46,1004.88,40.0,1,HIGH
2026-09-13T18:54:23.702+08:00,RUN_20260913_171419,550,6206317,SESSION_005,1,0,8190,4,28.34,59.39,1004.87,40.0,1,HIGH
2026-09-13T18:54:24.705+08:00,RUN_20260913_171419,551,6207320,SESSION_005,0,0,8190,4,28.34,59.48,1004.87,40.0,1,HIGH
2026-09-13T18:54:25.708+08:00,RUN_20260913_171419,552,6208323,SESSION_005,0,0,8190,4,28.34,59.40,1004.87,40.0,1,HIGH
2026-09-13T18:54:26.711+08:00,RUN_20260913_171419,553,6209326,SESSION_005,0,0,8190,4,28.35,59.42,1004.88,40.0,1,HIGH
2026-09-13T18:54:27.714+08:00,RUN_20260913_171419,554,6210329,SESSION_005,1,0,8190,4,28.35,59.46,1004.88,40.0,1,HIGH
2026-09-13T18:54:28.717+08:00,RUN_20260913_171419,555,6211332,SESSION_005,1,0,8190,4,28.35,59.47,1004.88,40.0,1,HIGH
2026-09-13T18:54:29.720+08:00,RUN_20260913_171419,556,6212335,SESSION_005,0,0,8190,4,28.35,59.47,1004.89,40.0,1,HIGH
2026-09-13T18:54:30.905+08:00,RUN_20260913_171419,557,6213520,SESSION_005,0,0,475,0,28.35,59.47,1004.89,40.0,1,HIGH
2026-09-13T18:54:31.910+08:00,RUN_20260913_171419,558,6214525,SESSION_005,0,1,341,0,28.35,59.43,1004.89,40.0,1,HIGH
2026-09-13T18:54:32.733+08:00,RUN_20260913_171419,559,6215348,SESSION_005,1,1,8190,4,28.35,59.43,1004.89,40.0,1,HIGH
2026-09-13T18:54:33.736+08:00,RUN_20260913_171419,560,6216351,SESSION_005,0,1,8190,4,28.35,59.49,1004.89,40.0,1,HIGH
2026-09-13T18:54:34.739+08:00,RUN_20260913_171419,561,6217354,SESSION_005,0,0,8190,4,28.35,59.42,1004.89,40.0,1,HIGH
2026-09-13T18:54:35.742+08:00,RUN_20260913_171419,562,6218357,SESSION_005,0,0,8190,4,28.35,59.42,1004.89,40.0,1,HIGH
2026-09-13T18:54:36.745+08:00,RUN_20260913_171419,563,6219360,SESSION_005,0,0,8190,4,28.35,59.40,1004.89,40.0,1,HIGH
2026-09-13T18:54:37.748+08:00,RUN_20260913_171419,564,6220363,SESSION_005,0,1,8190,4,28.35,59.42,1004.89,40.0,1,HIGH
2026-09-13T18:54:38.751+08:00,RUN_20260913_171419,565,6221366,SESSION_005,0,1,8190,4,28.35,59.46,1004.89,40.0,1,HIGH
2026-09-13T18:54:39.754+08:00,RUN_20260913_171419,566,6222369,SESSION_005,0,0,8190,4,28.35,59.29,1004.89,40.0,1,HIGH
2026-09-13T18:54:40.757+08:00,RUN_20260913_171419,567,6223372,SESSION_005,0,0,8190,4,28.35,59.29,1004.89,40.0,1,HIGH
2026-09-13T18:54:41.760+08:00,RUN_20260913_171419,568,6224375,SESSION_005,0,1,8190,4,28.35,59.33,1004.89,40.0,1,HIGH
2026-09-13T18:54:42.763+08:00,RUN_20260913_171419,569,6225378,SESSION_005,0,1,8190,4,28.35,59.27,1004.90,40.0,1,HIGH
2026-09-13T18:54:43.766+08:00,RUN_20260913_171419,570,6226381,SESSION_005,0,0,8190,4,28.35,59.33,1004.90,40.0,1,HIGH
2026-09-13T18:54:44.769+08:00,RUN_20260913_171419,571,6227384,SESSION_005,0,0,8190,4,28.35,59.38,1004.90,40.0,1,HIGH
2026-09-13T18:54:45.772+08:00,RUN_20260913_171419,572,6228387,SESSION_005,0,0,8190,4,28.35,59.38,1004.90,40.0,1,HIGH
2026-09-13T18:54:46.775+08:00,RUN_20260913_171419,573,6229390,SESSION_005,0,1,8190,4,28.35,59.32,1004.90,39.2,1,HIGH
2026-09-13T18:54:47.778+08:00,RUN_20260913_171419,574,6230393,SESSION_005,0,1,8190,4,28.35,59.40,1004.90,40.0,1,HIGH
2026-09-13T18:54:48.781+08:00,RUN_20260913_171419,575,6231396,SESSION_005,0,1,8190,4,28.35,59.38,1004.90,39.2,1,HIGH
2026-09-13T18:54:49.966+08:00,RUN_20260913_171419,576,6232581,SESSION_005,0,1,8190,4,28.35,59.39,1004.89,39.2,1,HIGH
2026-09-13T18:54:50.971+08:00,RUN_20260913_171419,577,6233586,SESSION_005,0,1,8191,2,28.35,59.30,1004.89,40.0,1,HIGH
2026-09-13T18:54:51.794+08:00,RUN_20260913_171419,578,6234409,SESSION_005,1,1,8190,4,28.35,59.34,1004.89,40.0,1,HIGH
2026-09-13T18:54:52.979+08:00,RUN_20260913_171419,579,6235594,SESSION_005,1,0,484,0,28.35,59.36,1004.89,40.0,1,HIGH
2026-09-13T18:54:53.984+08:00,RUN_20260913_171419,580,6236599,SESSION_005,0,0,437,0,28.35,59.34,1004.89,40.0,1,HIGH
2026-09-13T18:54:54.989+08:00,RUN_20260913_171419,581,6237604,SESSION_005,0,1,8190,4,28.35,59.43,1004.89,40.0,1,HIGH
2026-09-13T18:54:55.994+08:00,RUN_20260913_171419,582,6238609,SESSION_005,1,1,8190,4,28.35,59.39,1004.89,40.0,1,HIGH
2026-09-13T18:54:56.817+08:00,RUN_20260913_171419,583,6239432,SESSION_005,1,1,8190,4,28.35,59.45,1004.88,40.0,1,HIGH
2026-09-13T18:54:57.820+08:00,RUN_20260913_171419,584,6240435,SESSION_005,0,0,8190,4,28.35,59.45,1004.89,40.0,1,HIGH
2026-09-13T18:54:59.005+08:00,RUN_20260913_171419,585,6241620,SESSION_005,0,0,8190,4,28.35,59.41,1004.89,40.0,1,HIGH
2026-09-13T18:55:00.010+08:00,RUN_20260913_171419,586,6242625,SESSION_005,0,0,8190,4,28.35,59.33,1004.89,40.0,1,HIGH
2026-09-13T18:55:00.833+08:00,RUN_20260913_171419,587,6243448,SESSION_005,0,1,8190,4,28.35,59.32,1004.88,39.2,1,HIGH
2026-09-13T18:55:01.836+08:00,RUN_20260913_171419,588,6244451,SESSION_005,0,1,8190,4,28.35,59.41,1004.88,39.2,1,HIGH
2026-09-13T18:55:02.839+08:00,RUN_20260913_171419,589,6245454,SESSION_005,0,1,8190,4,28.35,59.35,1004.88,40.0,1,HIGH
2026-09-13T18:55:03.842+08:00,RUN_20260913_171419,590,6246457,SESSION_005,0,0,8190,4,28.35,59.34,1004.89,40.0,1,HIGH
2026-09-13T18:55:04.845+08:00,RUN_20260913_171419,591,6247460,SESSION_005,0,0,8190,4,28.35,59.32,1004.89,40.0,1,HIGH
2026-09-13T18:55:05.848+08:00,RUN_20260913_171419,592,6248463,SESSION_005,0,0,8190,4,28.35,59.39,1004.89,40.0,1,HIGH
2026-09-13T18:55:06.851+08:00,RUN_20260913_171419,593,6249466,SESSION_005,0,0,8190,4,28.35,59.32,1004.89,40.0,1,HIGH
2026-09-13T18:55:07.854+08:00,RUN_20260913_171419,594,6250469,SESSION_005,0,0,8190,4,28.35,59.30,1004.89,39.2,1,HIGH
2026-09-13T18:55:08.857+08:00,RUN_20260913_171419,595,6251472,SESSION_005,0,0,8190,4,28.35,59.33,1004.89,40.0,1,HIGH
2026-09-13T18:55:09.860+08:00,RUN_20260913_171419,596,6252475,SESSION_005,0,0,8190,4,28.35,59.34,1004.88,39.2,1,HIGH
2026-09-13T18:55:10.863+08:00,RUN_20260913_171419,597,6253478,SESSION_005,0,0,8190,4,28.35,59.33,1004.88,40.0,1,HIGH
2026-09-13T18:55:11.866+08:00,RUN_20260913_171419,598,6254481,SESSION_005,0,0,8190,4,28.35,59.33,1004.88,39.2,1,HIGH
2026-09-13T18:55:12.869+08:00,RUN_20260913_171419,599,6255484,SESSION_005,0,1,8190,4,28.35,59.33,1004.88,39.2,1,HIGH
2026-09-13T18:55:13.872+08:00,RUN_20260913_171419,600,6256487,SESSION_005,0,0,8190,4,28.35,59.43,1004.88,39.2,1,HIGH
2026-09-13T18:55:14.875+08:00,RUN_20260913_171419,601,6257490,SESSION_005,0,0,8190,4,28.35,59.40,1004.88,39.2,1,HIGH
2026-09-13T18:55:16.060+08:00,RUN_20260913_171419,602,6258675,SESSION_005,0,1,8191,2,28.35,59.42,1004.88,40.0,1,HIGH
2026-09-13T18:55:16.883+08:00,RUN_20260913_171419,603,6259498,SESSION_005,1,0,8190,4,28.35,59.41,1004.88,40.0,1,HIGH
2026-09-13T18:55:17.886+08:00,RUN_20260913_171419,604,6260501,SESSION_005,1,0,8190,4,28.35,59.52,1004.88,40.0,1,HIGH
2026-09-13T18:55:18.889+08:00,RUN_20260913_171419,605,6261504,SESSION_005,0,0,8190,4,28.35,59.53,1004.88,40.0,1,HIGH
2026-09-13T18:55:19.892+08:00,RUN_20260913_171419,606,6262507,SESSION_005,0,0,8190,4,28.35,59.45,1004.88,40.0,1,HIGH
2026-09-13T18:55:20.895+08:00,RUN_20260913_171419,607,6263510,SESSION_005,0,0,8190,4,28.35,59.43,1004.88,40.0,1,HIGH
2026-09-13T18:55:21.898+08:00,RUN_20260913_171419,608,6264513,SESSION_005,0,0,8190,4,28.35,59.49,1004.88,40.0,1,HIGH
2026-09-13T18:55:22.901+08:00,RUN_20260913_171419,609,6265516,SESSION_005,0,0,8190,4,28.35,59.42,1004.88,40.0,1,HIGH
2026-09-13T18:55:23.904+08:00,RUN_20260913_171419,610,6266519,SESSION_005,0,0,8190,4,28.35,59.43,1004.89,40.0,1,HIGH
2026-09-13T18:55:24.907+08:00,RUN_20260913_171419,611,6267522,SESSION_005,1,0,8190,4,28.35,59.45,1004.89,40.0,1,HIGH
2026-09-13T18:55:25.910+08:00,RUN_20260913_171419,612,6268525,SESSION_005,0,0,8190,4,28.35,59.52,1004.89,40.0,1,HIGH
2026-09-13T18:55:26.913+08:00,RUN_20260913_171419,613,6269528,SESSION_005,0,0,8190,4,28.36,59.43,1004.89,40.0,1,HIGH
2026-09-13T18:55:27.916+08:00,RUN_20260913_171419,614,6270531,SESSION_005,1,0,8190,4,28.36,59.51,1004.89,40.0,1,HIGH
2026-09-13T18:55:28.919+08:00,RUN_20260913_171419,615,6271534,SESSION_005,1,0,8190,4,28.36,59.49,1004.89,40.0,1,HIGH
2026-09-13T18:55:29.922+08:00,RUN_20260913_171419,616,6272537,SESSION_005,0,0,8190,4,28.36,59.45,1004.89,40.0,1,HIGH
2026-09-13T18:55:30.925+08:00,RUN_20260913_171419,617,6273540,SESSION_005,0,0,8190,4,28.36,59.53,1004.89,40.0,1,HIGH
2026-09-13T18:55:31.928+08:00,RUN_20260913_171419,618,6274543,SESSION_005,0,0,8190,4,28.36,59.51,1004.89,40.0,1,HIGH
2026-09-13T18:55:32.931+08:00,RUN_20260913_171419,619,6275546,SESSION_005,0,0,8190,4,28.36,59.43,1004.88,40.0,1,HIGH
2026-09-13T18:55:33.934+08:00,RUN_20260913_171419,620,6276549,SESSION_005,1,0,8190,4,28.36,59.51,1004.88,40.0,1,HIGH
2026-09-13T18:55:34.937+08:00,RUN_20260913_171419,621,6277552,SESSION_005,0,0,8190,4,28.36,59.43,1004.88,40.0,1,HIGH
2026-09-13T18:55:35.940+08:00,RUN_20260913_171419,622,6278555,SESSION_005,0,0,8190,4,28.36,59.43,1004.88,40.0,1,HIGH
2026-09-13T18:55:36.943+08:00,RUN_20260913_171419,623,6279558,SESSION_005,0,0,8190,4,28.36,59.42,1004.88,40.0,1,HIGH
2026-09-13T18:55:37.946+08:00,RUN_20260913_171419,624,6280561,SESSION_005,0,0,8190,4,28.36,59.48,1004.88,40.0,1,HIGH
2026-09-13T18:55:38.949+08:00,RUN_20260913_171419,625,6281564,SESSION_005,0,0,8190,4,28.36,59.42,1004.88,40.0,1,HIGH
2026-09-13T18:55:39.952+08:00,RUN_20260913_171419,626,6282567,SESSION_005,1,0,8190,4,28.36,59.39,1004.87,40.0,1,HIGH
2026-09-13T18:55:40.955+08:00,RUN_20260913_171419,627,6283570,SESSION_005,0,0,8190,4,28.36,59.39,1004.87,40.0,1,HIGH
2026-09-13T18:55:41.958+08:00,RUN_20260913_171419,628,6284573,SESSION_005,0,0,8190,4,28.36,59.47,1004.88,40.0,1,HIGH
2026-09-13T18:55:42.961+08:00,RUN_20260913_171419,629,6285576,SESSION_005,0,0,8190,4,28.36,59.48,1004.88,40.0,1,HIGH
2026-09-13T18:55:43.964+08:00,RUN_20260913_171419,630,6286579,SESSION_005,0,0,8190,4,28.36,59.50,1004.88,40.0,1,HIGH
2026-09-13T18:55:44.967+08:00,RUN_20260913_171419,631,6287582,SESSION_005,0,0,8190,4,28.36,59.47,1004.88,40.0,1,HIGH
2026-09-13T18:55:45.970+08:00,RUN_20260913_171419,632,6288585,SESSION_005,0,0,8190,4,28.36,59.50,1004.88,40.0,1,HIGH
2026-09-13T18:55:46.973+08:00,RUN_20260913_171419,633,6289588,SESSION_005,0,0,8190,4,28.36,59.53,1004.88,40.0,1,HIGH
2026-09-13T18:55:47.976+08:00,RUN_20260913_171419,634,6290591,SESSION_005,0,0,8190,4,28.36,59.53,1004.88,40.0,1,HIGH
2026-09-13T18:55:48.979+08:00,RUN_20260913_171419,635,6291594,SESSION_005,0,0,8190,4,28.36,59.41,1004.88,40.0,1,HIGH
2026-09-13T18:55:49.982+08:00,RUN_20260913_171419,636,6292597,SESSION_005,0,0,8190,4,28.36,59.39,1004.88,40.0,1,HIGH
2026-09-13T18:55:50.985+08:00,RUN_20260913_171419,637,6293600,SESSION_005,0,0,8190,4,28.36,59.42,1004.88,40.0,1,HIGH
2026-09-13T18:55:51.988+08:00,RUN_20260913_171419,638,6294603,SESSION_005,0,0,8190,4,28.36,59.41,1004.88,40.0,1,HIGH
2026-09-13T18:55:52.991+08:00,RUN_20260913_171419,639,6295606,SESSION_005,0,0,8190,4,28.36,59.41,1004.88,40.0,1,HIGH
2026-09-13T18:55:53.994+08:00,RUN_20260913_171419,640,6296609,SESSION_005,1,0,8190,4,28.37,59.41,1004.88,40.0,1,HIGH
2026-09-13T18:55:54.997+08:00,RUN_20260913_171419,641,6297612,SESSION_005,0,0,8190,4,28.37,59.39,1004.88,40.0,1,HIGH
2026-09-13T18:55:56.000+08:00,RUN_20260913_171419,642,6298615,SESSION_005,0,0,8190,4,28.37,59.37,1004.87,40.0,1,HIGH
2026-09-13T18:55:57.003+08:00,RUN_20260913_171419,643,6299618,SESSION_005,0,0,8190,4,28.37,59.35,1004.87,40.0,1,HIGH
2026-09-13T18:55:58.006+08:00,RUN_20260913_171419,644,6300621,SESSION_005,1,0,8190,4,28.37,59.37,1004.87,40.0,1,HIGH
2026-09-13T18:55:59.009+08:00,RUN_20260913_171419,645,6301624,SESSION_005,0,0,8190,4,28.37,59.35,1004.87,40.0,1,HIGH
2026-09-13T18:56:00.012+08:00,RUN_20260913_171419,646,6302627,SESSION_005,0,0,8190,4,28.37,59.33,1004.87,40.0,1,HIGH
2026-09-13T18:56:01.015+08:00,RUN_20260913_171419,647,6303630,SESSION_005,0,0,8190,4,28.37,59.33,1004.87,40.0,1,HIGH
2026-09-13T18:56:02.018+08:00,RUN_20260913_171419,648,6304633,SESSION_005,1,0,8190,4,28.37,59.44,1004.87,40.0,1,HIGH
2026-09-13T18:56:03.021+08:00,RUN_20260913_171419,649,6305636,SESSION_005,0,0,8190,4,28.37,59.34,1004.87,40.0,1,HIGH
2026-09-13T18:56:04.024+08:00,RUN_20260913_171419,650,6306639,SESSION_005,0,0,8190,4,28.37,59.32,1004.87,40.0,1,HIGH
2026-09-13T18:56:05.027+08:00,RUN_20260913_171419,651,6307642,SESSION_005,1,0,8190,4,28.37,59.32,1004.87,40.0,1,HIGH
2026-09-13T18:56:06.030+08:00,RUN_20260913_171419,652,6308645,SESSION_005,1,0,8190,4,28.37,59.32,1004.87,40.0,1,HIGH
2026-09-13T18:56:07.033+08:00,RUN_20260913_171419,653,6309648,SESSION_005,0,0,8190,4,28.37,59.38,1004.87,40.0,1,HIGH
2026-09-13T18:56:08.218+08:00,RUN_20260913_171419,654,6310833,SESSION_005,0,0,8190,4,28.37,59.27,1004.87,40.0,1,HIGH
2026-09-13T18:56:09.223+08:00,RUN_20260913_171419,655,6311838,SESSION_005,1,0,8190,4,28.37,59.27,1004.87,40.0,1,HIGH
2026-09-13T18:56:10.228+08:00,RUN_20260913_171419,656,6312843,SESSION_005,0,0,8190,4,28.37,59.28,1004.87,40.0,1,HIGH
2026-09-13T18:56:11.233+08:00,RUN_20260913_171419,657,6313848,SESSION_005,0,0,8190,4,28.37,59.37,1004.87,40.0,1,HIGH
2026-09-13T18:56:12.238+08:00,RUN_20260913_171419,658,6314853,SESSION_005,0,0,8190,4,28.37,59.31,1004.87,40.0,1,HIGH
2026-09-13T18:56:13.243+08:00,RUN_20260913_171419,659,6315858,SESSION_005,0,0,8190,4,28.37,59.27,1004.87,40.0,1,HIGH
2026-09-13T18:56:14.248+08:00,RUN_20260913_171419,660,6316863,SESSION_005,0,0,8191,2,28.37,59.21,1004.87,40.0,1,HIGH
2026-09-13T18:56:15.253+08:00,RUN_20260913_171419,661,6317868,SESSION_005,0,0,391,0,28.37,59.18,1004.87,40.0,1,HIGH
2026-09-13T18:56:16.258+08:00,RUN_20260913_171419,662,6318873,SESSION_005,0,0,421,0,28.37,59.27,1004.87,40.0,1,HIGH
2026-09-13T18:56:17.081+08:00,RUN_20260913_171419,663,6319696,SESSION_005,0,1,8190,4,28.37,59.29,1004.87,40.0,1,HIGH
2026-09-13T18:56:18.084+08:00,RUN_20260913_171419,664,6320699,SESSION_005,0,1,8190,4,28.37,59.26,1004.86,40.0,1,HIGH
2026-09-13T18:56:19.087+08:00,RUN_20260913_171419,665,6321702,SESSION_005,0,0,8190,4,28.37,59.22,1004.86,39.2,1,HIGH
2026-09-13T18:56:20.090+08:00,RUN_20260913_171419,666,6322705,SESSION_005,0,0,8190,4,28.37,59.22,1004.86,40.0,1,HIGH
2026-09-13T18:56:21.093+08:00,RUN_20260913_171419,667,6323708,SESSION_005,0,0,8190,4,28.37,59.22,1004.86,40.0,1,HIGH
2026-09-13T18:56:22.096+08:00,RUN_20260913_171419,668,6324711,SESSION_005,0,0,8190,4,28.37,59.29,1004.86,40.0,1,HIGH
2026-09-13T18:56:23.099+08:00,RUN_20260913_171419,669,6325714,SESSION_005,0,0,8190,4,28.37,59.33,1004.86,40.0,1,HIGH
2026-09-13T18:56:24.102+08:00,RUN_20260913_171419,670,6326717,SESSION_005,0,1,8190,4,28.37,59.25,1004.87,40.0,1,HIGH
2026-09-13T18:56:25.105+08:00,RUN_20260913_171419,671,6327720,SESSION_005,0,1,8190,4,28.37,59.25,1004.87,40.0,1,HIGH
2026-09-13T18:56:26.108+08:00,RUN_20260913_171419,672,6328723,SESSION_005,0,1,8190,4,28.37,59.22,1004.87,39.2,1,HIGH
2026-09-13T18:56:27.293+08:00,RUN_20260913_171419,673,6329908,SESSION_005,1,0,61,0,28.37,59.32,1004.87,39.2,1,HIGH
2026-09-13T18:56:28.298+08:00,RUN_20260913_171419,674,6330913,SESSION_005,1,0,62,0,28.37,59.38,1004.86,39.2,1,HIGH
