timestamp,run_id,sequence,mcu_time_ms,session_id,pir_1,pir_2,tof_mm,tof_status,temperature_c,humidity_percent,pressure_hpa,light_lux,sample_valid,occupancy_label
2026-09-13T12:16:56.614+08:00,RUN_20260913_121444,1,226585,SESSION_001,0,0,27,0,32.39,65.49,1007.57,3.3,1,EMPTY
2026-09-13T12:16:57.619+08:00,RUN_20260913_121444,2,227590,SESSION_001,0,0,169,0,32.39,66.70,1007.57,4.2,1,EMPTY
2026-09-13T12:16:58.624+08:00,RUN_20260913_121444,3,228595,SESSION_001,1,0,8190,4,32.39,67.07,1007.57,5.0,1,EMPTY
2026-09-13T12:16:59.629+08:00,RUN_20260913_121444,4,229600,SESSION_001,0,0,8190,4,32.39,66.27,1007.57,5.8,1,EMPTY
2026-09-13T12:17:00.634+08:00,RUN_20260913_121444,5,230605,SESSION_001,0,0,8190,4,32.39,65.68,1007.57,5.8,1,EMPTY
2026-09-13T12:17:01.457+08:00,RUN_20260913_121444,6,231428,SESSION_001,1,0,8190,4,32.39,65.50,1007.56,5.8,1,EMPTY
2026-09-13T12:17:02.460+08:00,RUN_20260913_121444,7,232431,SESSION_001,0,0,8190,4,32.39,65.32,1007.56,5.8,1,EMPTY
2026-09-13T12:17:03.645+08:00,RUN_20260913_121444,8,233616,SESSION_001,0,0,8190,4,32.39,64.82,1007.56,5.8,1,EMPTY
2026-09-13T12:17:04.468+08:00,RUN_20260913_121444,9,234439,SESSION_001,0,0,8190,4,32.39,64.71,1007.56,5.8,1,EMPTY
2026-09-13T12:17:05.653+08:00,RUN_20260913_121444,10,235624,SESSION_001,0,0,8190,4,32.39,64.52,1007.56,5.8,1,EMPTY
2026-09-13T12:17:06.658+08:00,RUN_20260913_121444,11,236629,SESSION_001,0,0,8190,4,32.40,64.55,1007.56,5.8,1,EMPTY
2026-09-13T12:17:07.481+08:00,RUN_20260913_121444,12,237452,SESSION_001,0,0,8190,4,32.40,64.49,1007.56,5.8,1,EMPTY
2026-09-13T12:17:08.484+08:00,RUN_20260913_121444,13,238455,SESSION_001,0,0,8190,4,32.40,64.58,1007.56,5.8,1,EMPTY
2026-09-13T12:17:09.487+08:00,RUN_20260913_121444,14,239458,SESSION_001,0,0,8190,4,32.40,64.44,1007.56,5.8,1,EMPTY
2026-09-13T12:17:10.672+08:00,RUN_20260913_121444,15,240643,SESSION_001,0,0,8190,4,32.40,64.34,1007.56,5.8,1,EMPTY
2026-09-13T12:17:11.677+08:00,RUN_20260913_121444,16,241648,SESSION_001,0,0,8190,4,32.40,64.32,1007.56,5.8,1,EMPTY
2026-09-13T12:17:12.682+08:00,RUN_20260913_121444,17,242653,SESSION_001,0,0,8190,4,32.40,64.25,1007.56,5.8,1,EMPTY
2026-09-13T12:17:13.505+08:00,RUN_20260913_121444,18,243476,SESSION_001,0,0,8190,4,32.40,64.22,1007.56,5.8,1,EMPTY
2026-09-13T12:17:14.508+08:00,RUN_20260913_121444,19,244479,SESSION_001,0,0,8190,4,32.40,64.17,1007.56,5.8,1,EMPTY
2026-09-13T12:17:15.511+08:00,RUN_20260913_121444,20,245482,SESSION_001,0,0,8190,4,32.40,64.19,1007.56,5.8,1,EMPTY
2026-09-13T12:17:16.514+08:00,RUN_20260913_121444,21,246485,SESSION_001,0,0,8190,4,32.40,64.07,1007.56,5.8,1,EMPTY
2026-09-13T12:17:17.699+08:00,RUN_20260913_121444,22,247670,SESSION_001,0,0,8190,4,32.40,64.13,1007.55,5.8,1,EMPTY
2026-09-13T12:17:18.704+08:00,RUN_20260913_121444,23,248675,SESSION_001,0,0,8190,4,32.40,64.12,1007.55,5.8,1,EMPTY
2026-09-13T12:17:19.709+08:00,RUN_20260913_121444,24,249680,SESSION_001,0,0,8190,4,32.40,64.13,1007.55,5.8,1,EMPTY
2026-09-13T12:17:20.714+08:00,RUN_20260913_121444,25,250685,SESSION_001,0,0,8190,4,32.40,64.15,1007.55,5.8,1,EMPTY
2026-09-13T12:17:21.719+08:00,RUN_20260913_121444,26,251690,SESSION_001,0,0,8190,4,32.40,64.08,1007.55,5.8,1,EMPTY
2026-09-13T12:17:22.724+08:00,RUN_20260913_121444,27,252695,SESSION_001,0,0,8190,4,32.40,64.10,1007.55,5.8,1,EMPTY
2026-09-13T12:17:23.729+08:00,RUN_20260913_121444,28,253700,SESSION_001,0,0,8190,4,32.40,64.15,1007.56,5.8,1,EMPTY
2026-09-13T12:17:24.734+08:00,RUN_20260913_121444,29,254705,SESSION_001,0,0,8190,4,32.40,64.07,1007.56,5.8,1,EMPTY
2026-09-13T12:17:25.739+08:00,RUN_20260913_121444,30,255710,SESSION_001,0,0,8190,4,32.40,64.08,1007.56,5.8,1,EMPTY
2026-09-13T12:17:26.562+08:00,RUN_20260913_121444,31,256533,SESSION_001,0,0,8190,4,32.40,64.07,1007.56,5.8,1,EMPTY
2026-09-13T12:17:27.747+08:00,RUN_20260913_121444,32,257718,SESSION_001,0,0,8190,4,32.40,64.14,1007.56,5.8,1,EMPTY
2026-09-13T12:17:28.752+08:00,RUN_20260913_121444,33,258723,SESSION_001,0,0,8190,4,32.40,64.06,1007.56,5.8,1,EMPTY
2026-09-13T12:17:29.575+08:00,RUN_20260913_121444,34,259546,SESSION_001,0,0,8190,4,32.40,64.13,1007.56,5.8,1,EMPTY
2026-09-13T12:17:30.760+08:00,RUN_20260913_121444,35,260731,SESSION_001,0,0,8190,4,32.40,64.14,1007.56,5.8,1,EMPTY
2026-09-13T12:17:31.765+08:00,RUN_20260913_121444,36,261736,SESSION_001,0,0,8190,4,32.40,64.08,1007.56,5.8,1,EMPTY
2026-09-13T12:17:32.770+08:00,RUN_20260913_121444,37,262741,SESSION_001,0,0,8190,4,32.40,64.12,1007.56,5.8,1,EMPTY
2026-09-13T12:17:33.593+08:00,RUN_20260913_121444,38,263564,SESSION_001,0,0,8190,4,32.40,64.13,1007.56,5.8,1,EMPTY
2026-09-13T12:17:34.778+08:00,RUN_20260913_121444,39,264749,SESSION_001,0,0,8190,4,32.40,64.06,1007.56,5.8,1,EMPTY
2026-09-13T12:17:35.783+08:00,RUN_20260913_121444,40,265754,SESSION_001,0,0,8190,4,32.40,64.06,1007.56,5.8,1,EMPTY
2026-09-13T12:17:36.788+08:00,RUN_20260913_121444,41,266759,SESSION_001,0,0,8190,4,32.40,64.09,1007.56,5.8,1,EMPTY
2026-09-13T12:17:37.793+08:00,RUN_20260913_121444,42,267764,SESSION_001,0,0,8190,4,32.40,64.09,1007.56,5.8,1,EMPTY
2026-09-13T12:17:38.616+08:00,RUN_20260913_121444,43,268587,SESSION_001,0,0,8190,4,32.40,63.97,1007.56,5.8,1,EMPTY
2026-09-13T12:17:39.619+08:00,RUN_20260913_121444,44,269590,SESSION_001,0,0,8190,4,32.40,64.07,1007.57,5.8,1,EMPTY
2026-09-13T12:17:40.804+08:00,RUN_20260913_121444,45,270775,SESSION_001,0,0,8190,4,32.40,64.00,1007.57,5.8,1,EMPTY
2026-09-13T12:17:41.627+08:00,RUN_20260913_121444,46,271598,SESSION_001,0,0,8190,4,32.40,64.01,1007.57,5.8,1,EMPTY
2026-09-13T12:17:42.630+08:00,RUN_20260913_121444,47,272601,SESSION_001,0,0,8190,4,32.40,64.11,1007.57,5.8,1,EMPTY
2026-09-13T12:17:43.633+08:00,RUN_20260913_121444,48,273604,SESSION_001,0,0,8190,4,32.40,64.07,1007.57,5.8,1,EMPTY
2026-09-13T12:17:44.818+08:00,RUN_20260913_121444,49,274789,SESSION_001,0,0,8190,4,32.40,63.96,1007.57,5.8,1,EMPTY
2026-09-13T12:17:45.641+08:00,RUN_20260913_121444,50,275612,SESSION_001,0,0,8190,4,32.40,64.03,1007.57,5.8,1,EMPTY
2026-09-13T12:17:46.826+08:00,RUN_20260913_121444,51,276797,SESSION_001,0,0,8190,4,32.40,63.92,1007.57,5.8,1,EMPTY
2026-09-13T12:17:47.831+08:00,RUN_20260913_121444,52,277802,SESSION_001,0,0,8190,4,32.40,63.90,1007.57,5.8,1,EMPTY
2026-09-13T12:17:48.836+08:00,RUN_20260913_121444,53,278807,SESSION_001,0,0,8190,4,32.40,64.01,1007.57,5.8,1,EMPTY
2026-09-13T12:17:49.841+08:00,RUN_20260913_121444,54,279812,SESSION_001,0,0,8190,4,32.41,63.96,1007.57,5.8,1,EMPTY
2026-09-13T12:17:50.664+08:00,RUN_20260913_121444,55,280635,SESSION_001,0,0,8190,4,32.41,64.05,1007.57,5.8,1,EMPTY
2026-09-13T12:17:51.849+08:00,RUN_20260913_121444,56,281820,SESSION_001,0,0,8190,4,32.41,64.08,1007.57,5.8,1,EMPTY
2026-09-13T12:17:52.854+08:00,RUN_20260913_121444,57,282825,SESSION_001,0,0,8190,4,32.41,64.01,1007.57,5.8,1,EMPTY
2026-09-13T12:17:53.677+08:00,RUN_20260913_121444,58,283648,SESSION_001,0,0,8190,4,32.41,64.00,1007.57,5.8,1,EMPTY
2026-09-13T12:17:54.862+08:00,RUN_20260913_121444,59,284833,SESSION_001,0,0,8190,4,32.41,64.02,1007.56,5.8,1,EMPTY
2026-09-13T12:17:55.867+08:00,RUN_20260913_121444,60,285838,SESSION_001,0,0,8190,4,32.41,63.96,1007.56,5.8,1,EMPTY
2026-09-13T12:17:56.872+08:00,RUN_20260913_121444,61,286843,SESSION_001,0,0,8190,4,32.41,64.05,1007.56,5.8,1,EMPTY
2026-09-13T12:17:57.877+08:00,RUN_20260913_121444,62,287848,SESSION_001,0,0,8190,4,32.41,63.99,1007.56,5.8,1,EMPTY
2026-09-13T12:17:58.700+08:00,RUN_20260913_121444,63,288671,SESSION_001,0,0,8190,4,32.41,63.99,1007.56,5.8,1,EMPTY
2026-09-13T12:17:59.885+08:00,RUN_20260913_121444,64,289856,SESSION_001,0,0,8190,4,32.41,64.05,1007.56,5.8,1,EMPTY
2026-09-13T12:18:00.890+08:00,RUN_20260913_121444,65,290861,SESSION_001,0,0,8190,4,32.41,64.05,1007.56,5.8,1,EMPTY
2026-09-13T12:18:01.895+08:00,RUN_20260913_121444,66,291866,SESSION_001,0,0,8190,4,32.41,64.01,1007.56,5.8,1,EMPTY
2026-09-13T12:18:02.900+08:00,RUN_20260913_121444,67,292871,SESSION_001,0,0,8190,4,32.41,64.03,1007.55,5.8,1,EMPTY
2026-09-13T12:18:03.905+08:00,RUN_20260913_121444,68,293876,SESSION_001,0,0,8190,4,32.41,63.94,1007.55,5.8,1,EMPTY
2026-09-13T12:18:04.910+08:00,RUN_20260913_121444,69,294881,SESSION_001,0,0,8190,4,32.41,63.90,1007.55,5.8,1,EMPTY
2026-09-13T12:18:05.733+08:00,RUN_20260913_121444,70,295704,SESSION_001,0,0,8190,4,32.41,63.90,1007.55,5.8,1,EMPTY
2026-09-13T12:18:06.736+08:00,RUN_20260913_121444,71,296707,SESSION_001,0,0,8190,4,32.41,63.88,1007.55,5.8,1,EMPTY
2026-09-13T12:18:07.739+08:00,RUN_20260913_121444,72,297710,SESSION_001,0,0,8190,4,32.41,63.88,1007.55,5.8,1,EMPTY
2026-09-13T12:18:08.924+08:00,RUN_20260913_121444,73,298895,SESSION_001,0,0,8190,4,32.41,63.87,1007.55,5.8,1,EMPTY
2026-09-13T12:18:09.929+08:00,RUN_20260913_121444,74,299900,SESSION_001,0,0,8190,4,32.41,63.99,1007.55,5.8,1,EMPTY
2026-09-13T12:18:10.934+08:00,RUN_20260913_121444,75,300905,SESSION_001,0,0,8190,4,32.41,63.88,1007.55,5.8,1,EMPTY
2026-09-13T12:18:11.939+08:00,RUN_20260913_121444,76,301910,SESSION_001,0,0,8190,4,32.41,63.92,1007.55,5.8,1,EMPTY
2026-09-13T12:18:12.944+08:00,RUN_20260913_121444,77,302915,SESSION_001,0,0,8190,4,32.41,63.90,1007.55,5.8,1,EMPTY
2026-09-13T12:18:13.767+08:00,RUN_20260913_121444,78,303738,SESSION_001,0,0,8190,4,32.41,63.90,1007.55,5.8,1,EMPTY
2026-09-13T12:18:14.770+08:00,RUN_20260913_121444,79,304741,SESSION_001,0,0,8190,4,32.41,64.00,1007.55,5.8,1,EMPTY
2026-09-13T12:18:15.955+08:00,RUN_20260913_121444,80,305926,SESSION_001,0,0,8190,4,32.41,64.02,1007.55,5.8,1,EMPTY
2026-09-13T12:18:16.960+08:00,RUN_20260913_121444,81,306931,SESSION_001,0,0,8190,4,32.41,64.01,1007.54,5.8,1,EMPTY
2026-09-13T12:18:17.965+08:00,RUN_20260913_121444,82,307936,SESSION_001,0,0,8190,4,32.41,64.00,1007.54,5.8,1,EMPTY
2026-09-13T12:18:18.788+08:00,RUN_20260913_121444,83,308759,SESSION_001,0,0,8190,4,32.41,64.01,1007.54,5.8,1,EMPTY
2026-09-13T12:18:19.973+08:00,RUN_20260913_121444,84,309944,SESSION_001,0,0,8190,4,32.41,63.97,1007.54,5.8,1,EMPTY
2026-09-13T12:18:20.978+08:00,RUN_20260913_121444,85,310949,SESSION_001,0,0,8190,4,32.41,63.93,1007.54,5.8,1,EMPTY
2026-09-13T12:18:21.801+08:00,RUN_20260913_121444,86,311772,SESSION_001,0,0,8190,4,32.41,64.01,1007.54,5.8,1,EMPTY
2026-09-13T12:18:22.986+08:00,RUN_20260913_121444,87,312957,SESSION_001,0,0,8190,4,32.41,64.01,1007.54,5.8,1,EMPTY
2026-09-13T12:18:23.991+08:00,RUN_20260913_121444,88,313962,SESSION_001,0,0,8190,4,32.42,63.92,1007.54,5.8,1,EMPTY
2026-09-13T12:18:24.814+08:00,RUN_20260913_121444,89,314785,SESSION_001,0,0,8190,4,32.42,64.00,1007.54,5.8,1,EMPTY
2026-09-13T12:18:25.999+08:00,RUN_20260913_121444,90,315970,SESSION_001,0,0,8190,4,32.42,63.89,1007.54,5.8,1,EMPTY
2026-09-13T12:18:27.004+08:00,RUN_20260913_121444,91,316975,SESSION_001,0,0,8190,4,32.42,63.89,1007.54,5.8,1,EMPTY
2026-09-13T12:18:28.009+08:00,RUN_20260913_121444,92,317980,SESSION_001,0,0,8190,4,32.42,63.89,1007.54,5.8,1,EMPTY
2026-09-13T12:18:28.832+08:00,RUN_20260913_121444,93,318803,SESSION_001,0,0,8190,4,32.42,63.92,1007.54,5.8,1,EMPTY
2026-09-13T12:18:30.017+08:00,RUN_20260913_121444,94,319988,SESSION_001,0,0,8190,4,32.42,63.99,1007.54,5.8,1,EMPTY
2026-09-13T12:18:30.840+08:00,RUN_20260913_121444,95,320811,SESSION_001,0,0,8190,4,32.42,64.00,1007.54,5.8,1,EMPTY
2026-09-13T12:18:32.025+08:00,RUN_20260913_121444,96,321996,SESSION_001,0,0,8190,4,32.42,63.92,1007.55,5.8,1,EMPTY
2026-09-13T12:18:32.848+08:00,RUN_20260913_121444,97,322819,SESSION_001,0,0,8190,4,32.42,63.93,1007.54,5.8,1,EMPTY
2026-09-13T12:18:33.851+08:00,RUN_20260913_121444,98,323822,SESSION_001,0,0,8190,4,32.42,64.01,1007.54,5.8,1,EMPTY
2026-09-13T12:18:35.036+08:00,RUN_20260913_121444,99,325007,SESSION_001,0,0,8190,4,32.42,64.02,1007.54,5.8,1,EMPTY
2026-09-13T12:18:36.041+08:00,RUN_20260913_121444,100,326012,SESSION_001,0,0,8190,4,32.42,64.01,1007.54,5.8,1,EMPTY
2026-09-13T12:18:36.864+08:00,RUN_20260913_121444,101,326835,SESSION_001,0,0,8190,4,32.42,63.93,1007.54,5.8,1,EMPTY
2026-09-13T12:18:38.049+08:00,RUN_20260913_121444,102,328020,SESSION_001,0,0,8190,4,32.42,63.90,1007.54,5.8,1,EMPTY
2026-09-13T12:18:39.054+08:00,RUN_20260913_121444,103,329025,SESSION_001,0,0,8190,4,32.42,63.96,1007.55,5.8,1,EMPTY
2026-09-13T12:18:39.877+08:00,RUN_20260913_121444,104,329848,SESSION_001,0,0,8190,4,32.42,63.95,1007.55,5.8,1,EMPTY
2026-09-13T12:18:40.880+08:00,RUN_20260913_121444,105,330851,SESSION_001,0,0,8190,4,32.42,63.98,1007.55,5.8,1,EMPTY
2026-09-13T12:18:42.065+08:00,RUN_20260913_121444,106,332036,SESSION_001,0,0,8190,4,32.42,63.96,1007.55,5.8,1,EMPTY
2026-09-13T12:18:42.888+08:00,RUN_20260913_121444,107,332859,SESSION_001,0,0,8190,4,32.42,63.88,1007.55,5.8,1,EMPTY
2026-09-13T12:18:43.891+08:00,RUN_20260913_121444,108,333862,SESSION_001,0,0,8190,4,32.42,63.95,1007.55,5.8,1,EMPTY
2026-09-13T12:18:44.894+08:00,RUN_20260913_121444,109,334865,SESSION_001,0,0,8190,4,32.42,63.88,1007.55,5.8,1,EMPTY
2026-09-13T12:18:45.897+08:00,RUN_20260913_121444,110,335868,SESSION_001,0,0,8190,4,32.42,63.99,1007.55,5.8,1,EMPTY
2026-09-13T12:18:47.082+08:00,RUN_20260913_121444,111,337053,SESSION_001,0,0,8190,4,32.42,64.00,1007.55,5.8,1,EMPTY
2026-09-13T12:18:47.905+08:00,RUN_20260913_121444,112,337876,SESSION_001,0,0,8190,4,32.42,63.90,1007.56,5.8,1,EMPTY
2026-09-13T12:18:48.908+08:00,RUN_20260913_121444,113,338879,SESSION_001,0,0,8190,4,32.42,63.96,1007.56,5.8,1,EMPTY
2026-09-13T12:18:49.911+08:00,RUN_20260913_121444,114,339882,SESSION_001,0,0,8190,4,32.42,63.88,1007.56,5.8,1,EMPTY
2026-09-13T12:18:51.096+08:00,RUN_20260913_121444,115,341067,SESSION_001,0,0,8190,4,32.42,63.90,1007.56,5.8,1,EMPTY
2026-09-13T12:18:51.919+08:00,RUN_20260913_121444,116,341890,SESSION_001,0,0,8190,4,32.42,63.94,1007.56,5.8,1,EMPTY
2026-09-13T12:18:52.922+08:00,RUN_20260913_121444,117,342893,SESSION_001,0,0,8190,4,32.42,63.90,1007.56,5.8,1,EMPTY
2026-09-13T12:18:54.107+08:00,RUN_20260913_121444,118,344078,SESSION_001,0,0,8190,4,32.42,63.89,1007.56,5.8,1,EMPTY
2026-09-13T12:18:54.930+08:00,RUN_20260913_121444,119,344901,SESSION_001,0,0,8190,4,32.42,63.99,1007.56,5.8,1,EMPTY
2026-09-13T12:18:56.115+08:00,RUN_20260913_121444,120,346086,SESSION_001,0,0,8190,4,32.42,64.01,1007.56,5.8,1,EMPTY
2026-09-13T12:18:57.120+08:00,RUN_20260913_121444,121,347091,SESSION_001,0,0,8190,4,32.42,63.96,1007.56,5.8,1,EMPTY
2026-09-13T12:18:58.125+08:00,RUN_20260913_121444,122,348096,SESSION_001,0,0,8190,4,32.42,63.95,1007.56,5.8,1,EMPTY
2026-09-13T12:18:58.948+08:00,RUN_20260913_121444,123,348919,SESSION_001,0,0,8190,4,32.42,64.05,1007.56,5.8,1,EMPTY
2026-09-13T12:19:00.133+08:00,RUN_20260913_121444,124,350104,SESSION_001,0,0,8190,4,32.42,64.04,1007.56,5.8,1,EMPTY
2026-09-13T12:19:01.138+08:00,RUN_20260913_121444,125,351109,SESSION_001,0,0,8190,4,32.42,64.04,1007.56,5.8,1,EMPTY
2026-09-13T12:19:01.961+08:00,RUN_20260913_121444,126,351932,SESSION_001,0,0,8190,4,32.42,63.99,1007.57,5.8,1,EMPTY
2026-09-13T12:19:03.146+08:00,RUN_20260913_121444,127,353117,SESSION_001,0,0,8190,4,32.42,63.99,1007.57,5.8,1,EMPTY
2026-09-13T12:19:03.969+08:00,RUN_20260913_121444,128,353940,SESSION_001,0,0,8190,4,32.42,63.95,1007.57,5.8,1,EMPTY
2026-09-13T12:19:05.154+08:00,RUN_20260913_121444,129,355125,SESSION_001,0,0,8190,4,32.42,63.98,1007.58,5.8,1,EMPTY
2026-09-13T12:19:05.977+08:00,RUN_20260913_121444,130,355948,SESSION_001,0,0,8190,4,32.42,64.05,1007.58,5.8,1,EMPTY
2026-09-13T12:19:07.162+08:00,RUN_20260913_121444,131,357133,SESSION_001,0,0,8190,4,32.42,63.96,1007.58,5.8,1,EMPTY
2026-09-13T12:19:07.985+08:00,RUN_20260913_121444,132,357956,SESSION_001,0,0,8190,4,32.42,63.95,1007.59,5.8,1,EMPTY
2026-09-13T12:19:09.170+08:00,RUN_20260913_121444,133,359141,SESSION_001,0,0,8190,4,32.42,64.02,1007.59,5.8,1,EMPTY
2026-09-13T12:19:10.175+08:00,RUN_20260913_121444,134,360146,SESSION_001,0,0,8190,4,32.42,63.96,1007.60,5.8,1,EMPTY
2026-09-13T12:19:10.998+08:00,RUN_20260913_121444,135,360969,SESSION_001,0,0,8190,4,32.42,63.93,1007.60,5.8,1,EMPTY
2026-09-13T12:19:12.183+08:00,RUN_20260913_121444,136,362154,SESSION_001,0,0,8190,4,32.42,63.94,1007.61,5.8,1,EMPTY
2026-09-13T12:19:13.188+08:00,RUN_20260913_121444,137,363159,SESSION_001,0,0,8190,4,32.42,63.93,1007.61,5.8,1,EMPTY
2026-09-13T12:19:14.193+08:00,RUN_20260913_121444,138,364164,SESSION_001,0,0,8190,4,32.42,63.92,1007.60,5.8,1,EMPTY
2026-09-13T12:19:15.016+08:00,RUN_20260913_121444,139,364987,SESSION_001,0,0,8190,4,32.42,63.92,1007.60,5.8,1,EMPTY
2026-09-13T12:19:16.201+08:00,RUN_20260913_121444,140,366172,SESSION_001,0,0,8190,4,32.42,63.93,1007.60,5.8,1,EMPTY
2026-09-13T12:19:17.206+08:00,RUN_20260913_121444,141,367177,SESSION_001,0,0,8190,4,32.42,63.95,1007.59,5.8,1,EMPTY
2026-09-13T12:19:18.029+08:00,RUN_20260913_121444,142,368000,SESSION_001,0,0,8190,4,32.42,63.94,1007.59,5.8,1,EMPTY
2026-09-13T12:19:19.032+08:00,RUN_20260913_121444,143,369003,SESSION_001,0,0,8190,4,32.42,64.01,1007.59,5.8,1,EMPTY
2026-09-13T12:19:20.035+08:00,RUN_20260913_121444,144,370006,SESSION_001,0,0,8190,4,32.42,63.94,1007.59,5.8,1,EMPTY
2026-09-13T12:19:21.038+08:00,RUN_20260913_121444,145,371009,SESSION_001,0,0,8190,4,32.42,64.01,1007.59,5.8,1,EMPTY
2026-09-13T12:19:22.223+08:00,RUN_20260913_121444,146,372194,SESSION_001,0,0,8190,4,32.42,63.98,1007.58,5.8,1,EMPTY
2026-09-13T12:19:23.228+08:00,RUN_20260913_121444,147,373199,SESSION_001,0,0,8190,4,32.42,63.95,1007.58,5.8,1,EMPTY
2026-09-13T12:19:24.233+08:00,RUN_20260913_121444,148,374204,SESSION_001,0,0,8190,4,32.42,63.96,1007.58,5.8,1,EMPTY
2026-09-13T12:19:25.056+08:00,RUN_20260913_121444,149,375027,SESSION_001,0,0,8190,4,32.42,63.94,1007.58,5.8,1,EMPTY
2026-09-13T12:19:26.059+08:00,RUN_20260913_121444,150,376030,SESSION_001,0,0,8190,4,32.42,63.95,1007.57,5.8,1,EMPTY
2026-09-13T12:19:27.062+08:00,RUN_20260913_121444,151,377033,SESSION_001,0,0,8190,4,32.42,64.05,1007.57,5.8,1,EMPTY
2026-09-13T12:19:28.247+08:00,RUN_20260913_121444,152,378218,SESSION_001,0,0,8190,4,32.42,64.05,1007.57,5.8,1,EMPTY
2026-09-13T12:19:29.252+08:00,RUN_20260913_121444,153,379223,SESSION_001,0,0,8190,4,32.42,64.05,1007.57,5.8,1,EMPTY
2026-09-13T12:19:30.257+08:00,RUN_20260913_121444,154,380228,SESSION_001,0,0,8190,4,32.42,63.94,1007.56,5.8,1,EMPTY
2026-09-13T12:19:31.080+08:00,RUN_20260913_121444,155,381051,SESSION_001,0,0,8190,4,32.42,63.98,1007.56,5.8,1,EMPTY
2026-09-13T12:19:32.265+08:00,RUN_20260913_121444,156,382236,SESSION_001,0,0,8190,4,32.42,64.04,1007.56,5.8,1,EMPTY
2026-09-13T12:19:33.270+08:00,RUN_20260913_121444,157,383241,SESSION_001,0,0,8190,4,32.42,63.96,1007.57,5.8,1,EMPTY
2026-09-13T12:19:34.275+08:00,RUN_20260913_121444,158,384246,SESSION_001,0,0,8190,4,32.42,63.98,1007.57,5.8,1,EMPTY
2026-09-13T12:19:35.098+08:00,RUN_20260913_121444,159,385069,SESSION_001,0,0,8190,4,32.42,64.04,1007.57,5.8,1,EMPTY
2026-09-13T12:19:36.101+08:00,RUN_20260913_121444,160,386072,SESSION_001,0,0,8190,4,32.42,63.96,1007.57,5.8,1,EMPTY
2026-09-13T12:19:37.104+08:00,RUN_20260913_121444,161,387075,SESSION_001,0,0,8190,4,32.42,63.99,1007.58,5.8,1,EMPTY
2026-09-13T12:19:38.289+08:00,RUN_20260913_121444,162,388260,SESSION_001,0,0,8190,4,32.42,63.94,1007.58,5.8,1,EMPTY
2026-09-13T12:19:39.294+08:00,RUN_20260913_121444,163,389265,SESSION_001,0,0,8190,4,32.42,63.96,1007.58,5.8,1,EMPTY
2026-09-13T12:19:40.299+08:00,RUN_20260913_121444,164,390270,SESSION_001,0,0,8190,4,32.42,63.93,1007.58,5.8,1,EMPTY
2026-09-13T12:19:41.304+08:00,RUN_20260913_121444,165,391275,SESSION_001,0,0,8190,4,32.42,63.94,1007.58,5.8,1,EMPTY
2026-09-13T12:19:42.309+08:00,RUN_20260913_121444,166,392280,SESSION_001,0,0,8190,4,32.42,64.01,1007.58,5.8,1,EMPTY
2026-09-13T12:19:43.314+08:00,RUN_20260913_121444,167,393285,SESSION_001,0,0,8190,4,32.42,63.92,1007.58,5.8,1,EMPTY
2026-09-13T12:19:44.137+08:00,RUN_20260913_121444,168,394108,SESSION_001,0,0,8190,4,32.42,63.99,1007.58,5.8,1,EMPTY
2026-09-13T12:19:45.322+08:00,RUN_20260913_121444,169,395293,SESSION_001,0,0,8190,4,32.42,64.00,1007.57,5.8,1,EMPTY
2026-09-13T12:19:46.145+08:00,RUN_20260913_121444,170,396116,SESSION_001,0,0,8190,4,32.42,63.99,1007.57,5.8,1,EMPTY
2026-09-13T12:19:47.330+08:00,RUN_20260913_121444,171,397301,SESSION_001,0,0,8190,4,32.42,64.01,1007.57,5.8,1,EMPTY
2026-09-13T12:19:48.335+08:00,RUN_20260913_121444,172,398306,SESSION_001,0,0,8190,4,32.42,63.99,1007.57,5.8,1,EMPTY
2026-09-13T12:19:49.340+08:00,RUN_20260913_121444,173,399311,SESSION_001,0,0,8190,4,32.42,63.89,1007.56,5.8,1,EMPTY
2026-09-13T12:19:50.345+08:00,RUN_20260913_121444,174,400316,SESSION_001,0,0,8190,4,32.42,63.90,1007.56,5.8,1,EMPTY
2026-09-13T12:19:51.350+08:00,RUN_20260913_121444,175,401321,SESSION_001,0,0,8190,4,32.42,63.96,1007.56,5.8,1,EMPTY
2026-09-13T12:19:52.355+08:00,RUN_20260913_121444,176,402326,SESSION_001,0,0,8190,4,32.42,63.88,1007.56,5.8,1,EMPTY
2026-09-13T12:19:53.360+08:00,RUN_20260913_121444,177,403331,SESSION_001,0,0,8190,4,32.42,63.95,1007.56,5.8,1,EMPTY
2026-09-13T12:19:54.365+08:00,RUN_20260913_121444,178,404336,SESSION_001,0,0,8190,4,32.42,63.88,1007.56,5.8,1,EMPTY
2026-09-13T12:19:55.188+08:00,RUN_20260913_121444,179,405159,SESSION_001,0,0,8190,4,32.42,63.93,1007.55,5.8,1,EMPTY
2026-09-13T12:19:56.191+08:00,RUN_20260913_121444,180,406162,SESSION_001,0,0,8190,4,32.42,63.89,1007.55,5.8,1,EMPTY
2026-09-13T12:19:57.376+08:00,RUN_20260913_121444,181,407347,SESSION_001,0,0,8190,4,32.42,63.96,1007.55,5.8,1,EMPTY
2026-09-13T12:19:58.381+08:00,RUN_20260913_121444,182,408352,SESSION_001,0,0,8190,4,32.42,63.83,1007.55,5.8,1,EMPTY
2026-09-13T12:19:59.386+08:00,RUN_20260913_121444,183,409357,SESSION_001,0,0,8190,4,32.42,63.86,1007.55,5.8,1,EMPTY
2026-09-13T12:20:00.391+08:00,RUN_20260913_121444,184,410362,SESSION_001,0,0,8190,4,32.42,63.86,1007.54,5.8,1,EMPTY
2026-09-13T12:20:01.396+08:00,RUN_20260913_121444,185,411367,SESSION_001,0,0,8190,4,32.42,63.93,1007.54,5.8,1,EMPTY
2026-09-13T12:20:02.219+08:00,RUN_20260913_121444,186,412190,SESSION_001,0,0,8190,4,32.42,63.93,1007.54,5.8,1,EMPTY
2026-09-13T12:20:03.404+08:00,RUN_20260913_121444,187,413375,SESSION_001,0,0,8190,4,32.42,63.94,1007.54,5.8,1,EMPTY
2026-09-13T12:20:04.409+08:00,RUN_20260913_121444,188,414380,SESSION_001,0,0,8190,4,32.42,64.02,1007.54,5.8,1,EMPTY
2026-09-13T12:20:05.232+08:00,RUN_20260913_121444,189,415203,SESSION_001,0,0,8190,4,32.42,63.92,1007.54,5.8,1,EMPTY
2026-09-13T12:20:06.235+08:00,RUN_20260913_121444,190,416206,SESSION_001,0,0,8190,4,32.42,63.92,1007.54,5.8,1,EMPTY
2026-09-13T12:20:07.420+08:00,RUN_20260913_121444,191,417391,SESSION_001,0,0,8190,4,32.42,63.94,1007.54,5.8,1,EMPTY
2026-09-13T12:20:08.425+08:00,RUN_20260913_121444,192,418396,SESSION_001,0,0,8190,4,32.42,64.00,1007.54,5.8,1,EMPTY
2026-09-13T12:20:09.248+08:00,RUN_20260913_121444,193,419219,SESSION_001,0,0,8190,4,32.42,63.93,1007.54,5.8,1,EMPTY
2026-09-13T12:20:10.251+08:00,RUN_20260913_121444,194,420222,SESSION_001,0,0,8190,4,32.42,63.94,1007.54,6.7,1,EMPTY
2026-09-13T12:20:11.436+08:00,RUN_20260913_121444,195,421407,SESSION_001,0,0,8190,4,32.42,63.94,1007.54,5.8,1,EMPTY
2026-09-13T12:20:12.441+08:00,RUN_20260913_121444,196,422412,SESSION_001,0,0,8190,4,32.42,63.94,1007.54,5.8,1,EMPTY
2026-09-13T12:20:13.446+08:00,RUN_20260913_121444,197,423417,SESSION_001,0,0,8190,4,32.42,64.02,1007.55,5.8,1,EMPTY
2026-09-13T12:20:14.269+08:00,RUN_20260913_121444,198,424240,SESSION_001,0,0,8190,4,32.42,63.93,1007.55,5.8,1,EMPTY
2026-09-13T12:20:15.454+08:00,RUN_20260913_121444,199,425425,SESSION_001,0,0,8190,4,32.42,63.93,1007.55,5.8,1,EMPTY
2026-09-13T12:20:16.459+08:00,RUN_20260913_121444,200,426430,SESSION_001,0,0,8190,4,32.42,63.93,1007.55,5.8,1,EMPTY
2026-09-13T12:20:17.282+08:00,RUN_20260913_121444,201,427253,SESSION_001,0,0,8190,4,32.42,63.98,1007.55,5.8,1,EMPTY
2026-09-13T12:20:18.467+08:00,RUN_20260913_121444,202,428438,SESSION_001,0,0,8190,4,32.42,63.96,1007.54,5.8,1,EMPTY
2026-09-13T12:20:19.472+08:00,RUN_20260913_121444,203,429443,SESSION_001,0,0,8190,4,32.42,63.92,1007.54,5.8,1,EMPTY
2026-09-13T12:20:20.477+08:00,RUN_20260913_121444,204,430448,SESSION_001,0,0,8190,4,32.42,63.94,1007.54,5.8,1,EMPTY
2026-09-13T12:20:21.300+08:00,RUN_20260913_121444,205,431271,SESSION_001,0,0,8190,4,32.42,63.90,1007.54,5.8,1,EMPTY
2026-09-13T12:20:22.303+08:00,RUN_20260913_121444,206,432274,SESSION_001,0,0,8190,4,32.42,63.98,1007.54,5.8,1,EMPTY
2026-09-13T12:20:23.488+08:00,RUN_20260913_121444,207,433459,SESSION_001,0,0,8190,4,32.42,63.92,1007.54,5.8,1,EMPTY
2026-09-13T12:20:24.493+08:00,RUN_20260913_121444,208,434464,SESSION_001,0,0,8190,4,32.42,63.96,1007.55,5.8,1,EMPTY
2026-09-13T12:20:25.316+08:00,RUN_20260913_121444,209,435287,SESSION_001,0,0,8190,4,32.42,63.96,1007.55,5.8,1,EMPTY
2026-09-13T12:20:26.501+08:00,RUN_20260913_121444,210,436472,SESSION_001,0,0,8190,4,32.42,63.92,1007.55,5.8,1,EMPTY
2026-09-13T12:20:27.324+08:00,RUN_20260913_121444,211,437295,SESSION_001,0,0,8190,4,32.42,63.95,1007.55,5.8,1,EMPTY
2026-09-13T12:20:28.509+08:00,RUN_20260913_121444,212,438480,SESSION_001,0,0,8190,4,32.42,64.04,1007.55,5.8,1,EMPTY
2026-09-13T12:20:29.332+08:00,RUN_20260913_121444,213,439303,SESSION_001,0,0,8190,4,32.42,63.89,1007.55,6.7,1,EMPTY
2026-09-13T12:20:30.517+08:00,RUN_20260913_121444,214,440488,SESSION_001,0,0,8190,4,32.42,63.92,1007.55,5.8,1,EMPTY
2026-09-13T12:20:31.522+08:00,RUN_20260913_121444,215,441493,SESSION_001,0,0,8190,4,32.42,63.93,1007.55,5.8,1,EMPTY
2026-09-13T12:20:32.527+08:00,RUN_20260913_121444,216,442498,SESSION_001,0,0,8190,4,32.42,63.89,1007.55,5.8,1,EMPTY
2026-09-13T12:20:33.532+08:00,RUN_20260913_121444,217,443503,SESSION_001,0,0,8190,4,32.42,63.88,1007.55,5.8,1,EMPTY
2026-09-13T12:20:34.355+08:00,RUN_20260913_121444,218,444326,SESSION_001,0,0,8190,4,32.42,63.91,1007.55,5.8,1,EMPTY
2026-09-13T12:20:35.540+08:00,RUN_20260913_121444,219,445511,SESSION_001,0,0,8190,4,32.42,63.98,1007.55,5.8,1,EMPTY
2026-09-13T12:20:36.545+08:00,RUN_20260913_121444,220,446516,SESSION_001,0,0,8190,4,32.42,63.89,1007.55,5.8,1,EMPTY
2026-09-13T12:20:37.368+08:00,RUN_20260913_121444,221,447339,SESSION_001,0,0,8190,4,32.42,63.92,1007.55,5.8,1,EMPTY
2026-09-13T12:20:38.553+08:00,RUN_20260913_121444,222,448524,SESSION_001,0,0,8190,4,32.42,63.96,1007.55,5.8,1,EMPTY
2026-09-13T12:20:39.376+08:00,RUN_20260913_121444,223,449347,SESSION_001,0,0,8190,4,32.42,63.89,1007.55,5.8,1,EMPTY
2026-09-13T12:20:40.379+08:00,RUN_20260913_121444,224,450350,SESSION_001,0,0,8190,4,32.42,63.95,1007.55,5.8,1,EMPTY
2026-09-13T12:20:41.564+08:00,RUN_20260913_121444,225,451535,SESSION_001,0,0,8190,4,32.42,63.89,1007.54,5.8,1,EMPTY
2026-09-13T12:20:42.569+08:00,RUN_20260913_121444,226,452540,SESSION_001,0,0,8190,4,32.42,63.91,1007.54,5.8,1,EMPTY
2026-09-13T12:20:43.574+08:00,RUN_20260913_121444,227,453545,SESSION_001,0,0,8190,4,32.42,63.89,1007.54,5.8,1,EMPTY
2026-09-13T12:20:44.397+08:00,RUN_20260913_121444,228,454368,SESSION_001,0,0,8190,4,32.42,63.94,1007.54,5.8,1,EMPTY
2026-09-13T12:20:45.582+08:00,RUN_20260913_121444,229,455553,SESSION_001,0,0,8190,4,32.42,63.92,1007.54,5.8,1,EMPTY
2026-09-13T12:20:46.587+08:00,RUN_20260913_121444,230,456558,SESSION_001,0,0,8190,4,32.42,63.93,1007.54,5.8,1,EMPTY
2026-09-13T12:20:47.410+08:00,RUN_20260913_121444,231,457381,SESSION_001,0,0,8190,4,32.42,63.94,1007.54,5.8,1,EMPTY
2026-09-13T12:20:48.595+08:00,RUN_20260913_121444,232,458566,SESSION_001,0,0,8190,4,32.42,63.93,1007.54,5.8,1,EMPTY
2026-09-13T12:20:49.600+08:00,RUN_20260913_121444,233,459571,SESSION_001,0,0,8190,4,32.42,63.95,1007.54,5.8,1,EMPTY
2026-09-13T12:20:50.605+08:00,RUN_20260913_121444,234,460576,SESSION_001,0,0,8190,4,32.42,63.96,1007.54,5.8,1,EMPTY
2026-09-13T12:20:51.428+08:00,RUN_20260913_121444,235,461399,SESSION_001,0,0,8190,4,32.42,63.94,1007.54,5.8,1,EMPTY
2026-09-13T12:20:52.431+08:00,RUN_20260913_121444,236,462402,SESSION_001,0,0,8190,4,32.43,64.02,1007.54,5.8,1,EMPTY
2026-09-13T12:20:53.616+08:00,RUN_20260913_121444,237,463587,SESSION_001,0,0,8190,4,32.42,64.02,1007.53,5.8,1,EMPTY
2026-09-13T12:20:54.621+08:00,RUN_20260913_121444,238,464592,SESSION_001,0,0,8190,4,32.42,64.01,1007.53,5.8,1,EMPTY
2026-09-13T12:20:55.444+08:00,RUN_20260913_121444,239,465415,SESSION_001,0,0,8190,4,32.42,63.94,1007.53,6.7,1,EMPTY
2026-09-13T12:20:56.447+08:00,RUN_20260913_121444,240,466418,SESSION_001,0,0,8190,4,32.42,64.02,1007.53,5.8,1,EMPTY
2026-09-13T12:20:57.450+08:00,RUN_20260913_121444,241,467421,SESSION_001,0,0,8190,4,32.42,63.95,1007.53,5.8,1,EMPTY
2026-09-13T12:20:58.453+08:00,RUN_20260913_121444,242,468424,SESSION_001,0,0,8190,4,32.42,63.96,1007.53,6.7,1,EMPTY
2026-09-13T12:20:59.638+08:00,RUN_20260913_121444,243,469609,SESSION_001,0,0,8190,4,32.43,63.95,1007.54,5.8,1,EMPTY
2026-09-13T12:21:00.461+08:00,RUN_20260913_121444,244,470432,SESSION_001,0,0,8190,4,32.43,64.04,1007.53,6.7,1,EMPTY
2026-09-13T12:21:01.646+08:00,RUN_20260913_121444,245,471617,SESSION_001,0,0,8190,4,32.43,64.07,1007.53,5.8,1,EMPTY
2026-09-13T12:21:02.651+08:00,RUN_20260913_121444,246,472622,SESSION_001,0,0,8190,4,32.43,64.05,1007.53,5.8,1,EMPTY
2026-09-13T12:21:03.474+08:00,RUN_20260913_121444,247,473445,SESSION_001,0,0,8190,4,32.43,63.94,1007.53,5.8,1,EMPTY
2026-09-13T12:21:04.477+08:00,RUN_20260913_121444,248,474448,SESSION_001,0,0,8190,4,32.43,63.95,1007.53,5.8,1,EMPTY
2026-09-13T12:21:05.480+08:00,RUN_20260913_121444,249,475451,SESSION_001,0,0,8190,4,32.43,64.05,1007.53,5.8,1,EMPTY
2026-09-13T12:21:06.665+08:00,RUN_20260913_121444,250,476636,SESSION_001,0,0,8190,4,32.43,64.02,1007.53,5.8,1,EMPTY
2026-09-13T12:21:07.670+08:00,RUN_20260913_121444,251,477641,SESSION_001,0,0,8190,4,32.43,63.96,1007.53,5.8,1,EMPTY
2026-09-13T12:21:08.493+08:00,RUN_20260913_121444,252,478464,SESSION_001,0,0,8190,4,32.43,63.93,1007.53,5.8,1,EMPTY
2026-09-13T12:21:09.678+08:00,RUN_20260913_121444,253,479649,SESSION_001,0,0,8190,4,32.43,64.02,1007.53,5.8,1,EMPTY
2026-09-13T12:21:10.683+08:00,RUN_20260913_121444,254,480654,SESSION_001,0,0,8190,4,32.43,63.93,1007.53,5.8,1,EMPTY
2026-09-13T12:21:11.688+08:00,RUN_20260913_121444,255,481659,SESSION_001,0,0,8190,4,32.43,64.02,1007.53,5.8,1,EMPTY
2026-09-13T12:21:12.693+08:00,RUN_20260913_121444,256,482664,SESSION_001,0,0,8190,4,32.43,63.95,1007.53,5.8,1,EMPTY
2026-09-13T12:21:13.698+08:00,RUN_20260913_121444,257,483669,SESSION_001,0,0,8190,4,32.43,63.95,1007.53,5.8,1,EMPTY
2026-09-13T12:21:14.703+08:00,RUN_20260913_121444,258,484674,SESSION_001,0,0,8190,4,32.43,63.94,1007.53,5.8,1,EMPTY
2026-09-13T12:21:15.708+08:00,RUN_20260913_121444,259,485679,SESSION_001,0,0,8190,4,32.43,64.04,1007.53,5.8,1,EMPTY
2026-09-13T12:21:16.713+08:00,RUN_20260913_121444,260,486684,SESSION_001,0,0,8190,4,32.43,63.94,1007.53,5.8,1,EMPTY
2026-09-13T12:21:17.718+08:00,RUN_20260913_121444,261,487689,SESSION_001,0,0,8190,4,32.43,63.93,1007.53,5.8,1,EMPTY
2026-09-13T12:21:18.723+08:00,RUN_20260913_121444,262,488694,SESSION_001,0,0,8190,4,32.43,63.93,1007.53,5.8,1,EMPTY
2026-09-13T12:21:19.546+08:00,RUN_20260913_121444,263,489517,SESSION_001,0,0,8190,4,32.43,63.94,1007.53,5.8,1,EMPTY
2026-09-13T12:21:20.731+08:00,RUN_20260913_121444,264,490702,SESSION_001,0,0,8190,4,32.43,64.01,1007.53,5.8,1,EMPTY
2026-09-13T12:21:21.736+08:00,RUN_20260913_121444,265,491707,SESSION_001,0,0,8190,4,32.43,63.92,1007.53,5.8,1,EMPTY
2026-09-13T12:21:22.559+08:00,RUN_20260913_121444,266,492530,SESSION_001,0,0,8190,4,32.43,63.92,1007.53,5.8,1,EMPTY
2026-09-13T12:21:23.744+08:00,RUN_20260913_121444,267,493715,SESSION_001,0,0,8190,4,32.43,63.92,1007.53,5.8,1,EMPTY
2026-09-13T12:21:24.749+08:00,RUN_20260913_121444,268,494720,SESSION_001,0,0,8190,4,32.43,63.92,1007.53,5.8,1,EMPTY
2026-09-13T12:21:25.754+08:00,RUN_20260913_121444,269,495725,SESSION_001,0,0,8190,4,32.43,63.92,1007.53,5.8,1,EMPTY
2026-09-13T12:21:26.759+08:00,RUN_20260913_121444,270,496730,SESSION_001,0,0,8190,4,32.43,64.00,1007.52,5.8,1,EMPTY
2026-09-13T12:21:27.764+08:00,RUN_20260913_121444,271,497735,SESSION_001,0,0,8190,4,32.43,64.02,1007.52,5.8,1,EMPTY
2026-09-13T12:21:28.587+08:00,RUN_20260913_121444,272,498558,SESSION_001,0,0,8190,4,32.43,63.94,1007.52,5.8,1,EMPTY
2026-09-13T12:21:29.590+08:00,RUN_20260913_121444,273,499561,SESSION_001,0,0,8190,4,32.43,63.92,1007.52,5.8,1,EMPTY
2026-09-13T12:21:30.775+08:00,RUN_20260913_121444,274,500746,SESSION_001,0,0,8190,4,32.43,63.91,1007.52,5.8,1,EMPTY
2026-09-13T12:21:31.598+08:00,RUN_20260913_121444,275,501569,SESSION_001,0,0,8190,4,32.43,63.93,1007.52,6.7,1,EMPTY
2026-09-13T12:21:32.601+08:00,RUN_20260913_121444,276,502572,SESSION_001,0,0,8190,4,32.43,63.89,1007.53,5.8,1,EMPTY
2026-09-13T12:21:33.604+08:00,RUN_20260913_121444,277,503575,SESSION_001,0,0,8190,4,32.43,63.97,1007.52,5.8,1,EMPTY
2026-09-13T12:21:34.607+08:00,RUN_20260913_121444,278,504578,SESSION_001,0,0,8190,4,32.43,63.91,1007.52,5.8,1,EMPTY
2026-09-13T12:21:35.610+08:00,RUN_20260913_121444,279,505581,SESSION_001,0,0,8190,4,32.43,63.89,1007.52,6.7,1,EMPTY
2026-09-13T12:21:36.795+08:00,RUN_20260913_121444,280,506766,SESSION_001,0,0,8190,4,32.43,63.88,1007.52,5.8,1,EMPTY
2026-09-13T12:21:37.800+08:00,RUN_20260913_121444,281,507771,SESSION_001,0,0,8190,4,32.43,63.92,1007.52,5.8,1,EMPTY
2026-09-13T12:21:38.805+08:00,RUN_20260913_121444,282,508776,SESSION_001,0,0,8190,4,32.43,63.91,1007.52,5.8,1,EMPTY
2026-09-13T12:21:39.810+08:00,RUN_20260913_121444,283,509781,SESSION_001,0,0,8190,4,32.43,64.01,1007.52,5.8,1,EMPTY
2026-09-13T12:21:40.815+08:00,RUN_20260913_121444,284,510786,SESSION_001,0,0,8190,4,32.43,64.03,1007.52,5.8,1,EMPTY
2026-09-13T12:21:41.638+08:00,RUN_20260913_121444,285,511609,SESSION_001,0,0,8190,4,32.43,63.93,1007.51,5.8,1,EMPTY
2026-09-13T12:21:42.823+08:00,RUN_20260913_121444,286,512794,SESSION_001,0,0,8190,4,32.43,63.93,1007.51,5.8,1,EMPTY
2026-09-13T12:21:43.646+08:00,RUN_20260913_121444,287,513617,SESSION_001,0,0,8190,4,32.43,63.94,1007.51,5.8,1,EMPTY
2026-09-13T12:21:44.831+08:00,RUN_20260913_121444,288,514802,SESSION_001,0,0,8190,4,32.43,63.95,1007.51,5.8,1,EMPTY
2026-09-13T12:21:45.654+08:00,RUN_20260913_121444,289,515625,SESSION_001,0,0,8190,4,32.43,63.92,1007.51,5.8,1,EMPTY
2026-09-13T12:21:46.839+08:00,RUN_20260913_121444,290,516810,SESSION_001,0,0,8190,4,32.43,63.93,1007.51,5.8,1,EMPTY
2026-09-13T12:21:47.662+08:00,RUN_20260913_121444,291,517633,SESSION_001,0,0,8190,4,32.43,63.93,1007.51,5.8,1,EMPTY
2026-09-13T12:21:48.665+08:00,RUN_20260913_121444,292,518636,SESSION_001,0,0,8190,4,32.43,63.99,1007.50,6.7,1,EMPTY
2026-09-13T12:21:49.850+08:00,RUN_20260913_121444,293,519821,SESSION_001,0,0,8190,4,32.43,63.93,1007.50,5.8,1,EMPTY
2026-09-13T12:21:50.855+08:00,RUN_20260913_121444,294,520826,SESSION_001,0,0,8190,4,32.43,63.93,1007.50,5.8,1,EMPTY
2026-09-13T12:21:51.678+08:00,RUN_20260913_121444,295,521649,SESSION_001,0,0,8190,4,32.43,63.92,1007.50,6.7,1,EMPTY
2026-09-13T12:21:52.863+08:00,RUN_20260913_121444,296,522834,SESSION_001,0,0,8190,4,32.43,64.01,1007.50,5.8,1,EMPTY
2026-09-13T12:21:53.686+08:00,RUN_20260913_121444,297,523657,SESSION_001,0,0,8190,4,32.43,63.97,1007.50,5.8,1,EMPTY
2026-09-13T12:21:54.689+08:00,RUN_20260913_121444,298,524660,SESSION_001,0,0,8190,4,32.43,63.99,1007.50,6.7,1,EMPTY
2026-09-13T12:21:55.692+08:00,RUN_20260913_121444,299,525663,SESSION_001,0,0,8190,4,32.43,63.94,1007.50,5.8,1,EMPTY
2026-09-13T12:21:56.695+08:00,RUN_20260913_121444,300,526666,SESSION_001,0,0,8190,4,32.43,64.04,1007.49,6.7,1,EMPTY
2026-09-13T12:21:57.880+08:00,RUN_20260913_121444,301,527851,SESSION_001,0,0,8190,4,32.43,64.04,1007.49,5.8,1,EMPTY
2026-09-13T12:21:58.885+08:00,RUN_20260913_121444,302,528856,SESSION_001,0,0,8190,4,32.43,63.98,1007.49,5.8,1,EMPTY
2026-09-13T12:21:59.890+08:00,RUN_20260913_121444,303,529861,SESSION_001,0,0,8190,4,32.43,64.01,1007.49,5.8,1,EMPTY
2026-09-13T12:22:00.895+08:00,RUN_20260913_121444,304,530866,SESSION_001,0,0,8190,4,32.43,63.99,1007.49,5.8,1,EMPTY
2026-09-13T12:22:01.900+08:00,RUN_20260913_121444,305,531871,SESSION_001,0,0,8190,4,32.43,64.10,1007.49,5.8,1,EMPTY
2026-09-13T12:22:02.905+08:00,RUN_20260913_121444,306,532876,SESSION_001,0,0,8190,4,32.43,64.07,1007.49,5.8,1,EMPTY
2026-09-13T12:22:03.728+08:00,RUN_20260913_121444,307,533699,SESSION_001,0,0,8190,4,32.43,64.07,1007.49,5.8,1,EMPTY
2026-09-13T12:22:04.731+08:00,RUN_20260913_121444,308,534702,SESSION_001,0,0,8190,4,32.43,63.96,1007.49,6.7,1,EMPTY
2026-09-13T12:22:05.916+08:00,RUN_20260913_121444,309,535887,SESSION_001,0,0,8190,4,32.43,64.05,1007.49,5.8,1,EMPTY
2026-09-13T12:22:06.921+08:00,RUN_20260913_121444,310,536892,SESSION_001,0,0,8190,4,32.43,64.01,1007.49,5.8,1,EMPTY
2026-09-13T12:22:07.926+08:00,RUN_20260913_121444,311,537897,SESSION_001,0,0,8190,4,32.43,64.02,1007.49,5.8,1,EMPTY
2026-09-13T12:22:08.749+08:00,RUN_20260913_121444,312,538720,SESSION_001,0,0,8190,4,32.43,63.94,1007.49,5.8,1,EMPTY
2026-09-13T12:22:09.934+08:00,RUN_20260913_121444,313,539905,SESSION_001,0,0,8190,4,32.43,63.95,1007.50,5.8,1,EMPTY
2026-09-13T12:22:10.939+08:00,RUN_20260913_121444,314,540910,SESSION_001,0,0,8190,4,32.43,63.92,1007.50,5.8,1,EMPTY
2026-09-13T12:22:11.762+08:00,RUN_20260913_121444,315,541733,SESSION_001,0,0,8190,4,32.43,63.94,1007.50,5.8,1,EMPTY
2026-09-13T12:22:12.765+08:00,RUN_20260913_121444,316,542736,SESSION_001,0,0,8190,4,32.43,63.93,1007.50,5.8,1,EMPTY
2026-09-13T12:22:13.768+08:00,RUN_20260913_121444,317,543739,SESSION_001,0,0,8190,4,32.43,64.01,1007.50,5.8,1,EMPTY
2026-09-13T12:22:14.771+08:00,RUN_20260913_121444,318,544742,SESSION_001,0,0,8190,4,32.43,63.94,1007.50,6.7,1,EMPTY
2026-09-13T12:22:15.774+08:00,RUN_20260913_121444,319,545745,SESSION_001,0,0,8190,4,32.43,64.00,1007.50,5.8,1,EMPTY
2026-09-13T12:22:16.777+08:00,RUN_20260913_121444,320,546748,SESSION_001,0,0,8190,4,32.43,63.97,1007.50,5.8,1,EMPTY
2026-09-13T12:22:17.962+08:00,RUN_20260913_121444,321,547933,SESSION_001,0,0,8190,4,32.43,64.06,1007.50,5.8,1,EMPTY
2026-09-13T12:22:18.967+08:00,RUN_20260913_121444,322,548938,SESSION_001,0,0,8190,4,32.43,64.09,1007.51,5.8,1,EMPTY
2026-09-13T12:22:19.790+08:00,RUN_20260913_121444,323,549761,SESSION_001,0,0,8190,4,32.43,64.01,1007.51,5.8,1,EMPTY
2026-09-13T12:22:20.793+08:00,RUN_20260913_121444,324,550764,SESSION_001,0,0,8190,4,32.43,64.11,1007.51,6.7,1,EMPTY
2026-09-13T12:22:21.978+08:00,RUN_20260913_121444,325,551949,SESSION_001,0,0,8190,4,32.43,64.05,1007.51,5.8,1,EMPTY
2026-09-13T12:22:22.983+08:00,RUN_20260913_121444,326,552954,SESSION_001,0,0,8190,4,32.43,64.03,1007.51,5.8,1,EMPTY
2026-09-13T12:22:23.988+08:00,RUN_20260913_121444,327,553959,SESSION_001,0,0,8190,4,32.43,64.12,1007.51,5.8,1,EMPTY
2026-09-13T12:22:24.993+08:00,RUN_20260913_121444,328,554964,SESSION_001,0,0,8190,4,32.43,64.03,1007.52,5.8,1,EMPTY
2026-09-13T12:22:25.998+08:00,RUN_20260913_121444,329,555969,SESSION_001,0,0,8190,4,32.43,63.99,1007.52,5.8,1,EMPTY
2026-09-13T12:22:26.821+08:00,RUN_20260913_121444,330,556792,SESSION_001,0,0,8190,4,32.43,63.98,1007.53,5.8,1,EMPTY
2026-09-13T12:22:27.824+08:00,RUN_20260913_121444,331,557795,SESSION_001,0,0,8190,4,32.43,64.06,1007.53,5.8,1,EMPTY
2026-09-13T12:22:28.827+08:00,RUN_20260913_121444,332,558798,SESSION_001,0,0,8190,4,32.43,63.95,1007.53,5.8,1,EMPTY
2026-09-13T12:22:29.830+08:00,RUN_20260913_121444,333,559801,SESSION_001,0,0,8190,4,32.43,63.97,1007.53,5.8,1,EMPTY
2026-09-13T12:22:31.015+08:00,RUN_20260913_121444,334,560986,SESSION_001,0,0,8190,4,32.43,63.97,1007.53,5.8,1,EMPTY
2026-09-13T12:22:32.020+08:00,RUN_20260913_121444,335,561991,SESSION_001,0,0,8190,4,32.43,63.99,1007.53,5.8,1,EMPTY
2026-09-13T12:22:33.025+08:00,RUN_20260913_121444,336,562996,SESSION_001,0,0,8190,4,32.43,63.99,1007.53,5.8,1,EMPTY
2026-09-13T12:22:33.848+08:00,RUN_20260913_121444,337,563819,SESSION_001,0,0,8190,4,32.43,64.00,1007.53,5.8,1,EMPTY
2026-09-13T12:22:34.851+08:00,RUN_20260913_121444,338,564822,SESSION_001,0,0,8190,4,32.43,64.00,1007.53,5.8,1,EMPTY
2026-09-13T12:22:36.036+08:00,RUN_20260913_121444,339,566007,SESSION_001,0,0,8190,4,32.43,63.99,1007.53,5.8,1,EMPTY
2026-09-13T12:22:37.041+08:00,RUN_20260913_121444,340,567012,SESSION_001,0,0,8190,4,32.43,63.98,1007.54,5.8,1,EMPTY
2026-09-13T12:22:38.046+08:00,RUN_20260913_121444,341,568017,SESSION_001,0,0,8190,4,32.43,64.06,1007.54,5.8,1,EMPTY
2026-09-13T12:22:38.869+08:00,RUN_20260913_121444,342,568840,SESSION_001,0,0,8190,4,32.43,63.99,1007.54,5.8,1,EMPTY
2026-09-13T12:22:40.054+08:00,RUN_20260913_121444,343,570025,SESSION_001,0,0,8190,4,32.43,64.05,1007.54,5.8,1,EMPTY
2026-09-13T12:22:40.877+08:00,RUN_20260913_121444,344,570848,SESSION_001,0,0,8190,4,32.43,63.93,1007.54,5.8,1,EMPTY
2026-09-13T12:22:42.062+08:00,RUN_20260913_121444,345,572033,SESSION_001,0,0,8190,4,32.43,64.01,1007.54,5.8,1,EMPTY
2026-09-13T12:22:42.885+08:00,RUN_20260913_121444,346,572856,SESSION_001,0,0,8190,4,32.43,63.93,1007.54,5.8,1,EMPTY
2026-09-13T12:22:43.888+08:00,RUN_20260913_121444,347,573859,SESSION_001,0,0,8190,4,32.43,63.94,1007.54,5.8,1,EMPTY
2026-09-13T12:22:44.891+08:00,RUN_20260913_121444,348,574862,SESSION_001,0,0,8190,4,32.43,63.92,1007.54,6.7,1,EMPTY
2026-09-13T12:22:45.894+08:00,RUN_20260913_121444,349,575865,SESSION_001,0,0,8190,4,32.43,63.93,1007.55,6.7,1,EMPTY
2026-09-13T12:22:47.079+08:00,RUN_20260913_121444,350,577050,SESSION_001,0,0,8190,4,32.43,63.97,1007.54,5.8,1,EMPTY
2026-09-13T12:22:47.902+08:00,RUN_20260913_121444,351,577873,SESSION_001,0,0,8190,4,32.43,64.01,1007.55,6.7,1,EMPTY
2026-09-13T12:22:48.905+08:00,RUN_20260913_121444,352,578876,SESSION_001,0,0,8190,4,32.43,63.95,1007.54,5.8,1,EMPTY
2026-09-13T12:22:50.090+08:00,RUN_20260913_121444,353,580061,SESSION_001,0,0,8190,4,32.43,63.99,1007.54,5.8,1,EMPTY
2026-09-13T12:22:51.095+08:00,RUN_20260913_121444,354,581066,SESSION_001,0,0,8190,4,32.43,63.95,1007.54,5.8,1,EMPTY
2026-09-13T12:22:52.100+08:00,RUN_20260913_121444,355,582071,SESSION_001,0,0,8190,4,32.43,64.05,1007.53,5.8,1,EMPTY
2026-09-13T12:22:52.923+08:00,RUN_20260913_121444,356,582894,SESSION_001,0,0,8190,4,32.43,64.06,1007.53,6.7,1,EMPTY
2026-09-13T12:22:54.108+08:00,RUN_20260913_121444,357,584079,SESSION_001,0,0,8190,4,32.43,63.92,1007.53,5.8,1,EMPTY
2026-09-13T12:22:55.113+08:00,RUN_20260913_121444,358,585084,SESSION_001,0,0,8190,4,32.43,64.04,1007.53,5.8,1,EMPTY
2026-09-13T12:22:56.118+08:00,RUN_20260913_121444,359,586089,SESSION_001,0,0,8190,4,32.43,63.94,1007.52,5.8,1,EMPTY
2026-09-13T12:22:57.123+08:00,RUN_20260913_121444,360,587094,SESSION_001,0,0,8190,4,32.43,64.03,1007.52,5.8,1,EMPTY
2026-09-13T12:22:57.946+08:00,RUN_20260913_121444,361,587917,SESSION_001,0,0,8190,4,32.43,64.00,1007.52,6.7,1,EMPTY
2026-09-13T12:22:58.949+08:00,RUN_20260913_121444,362,588920,SESSION_001,0,0,8190,4,32.43,63.94,1007.52,5.8,1,EMPTY
2026-09-13T12:23:00.134+08:00,RUN_20260913_121444,363,590105,SESSION_001,0,0,8190,4,32.43,63.92,1007.51,5.8,1,EMPTY
2026-09-13T12:23:00.957+08:00,RUN_20260913_121444,364,590928,SESSION_001,0,0,8190,4,32.43,63.93,1007.52,5.8,1,EMPTY
2026-09-13T12:23:01.960+08:00,RUN_20260913_121444,365,591931,SESSION_001,0,0,8190,4,32.43,64.03,1007.52,5.8,1,EMPTY
2026-09-13T12:23:03.145+08:00,RUN_20260913_121444,366,593116,SESSION_001,0,0,8190,4,32.43,63.93,1007.52,5.8,1,EMPTY
2026-09-13T12:23:04.150+08:00,RUN_20260913_121444,367,594121,SESSION_001,0,0,8190,4,32.43,64.03,1007.52,5.8,1,EMPTY
2026-09-13T12:23:05.155+08:00,RUN_20260913_121444,368,595126,SESSION_001,0,0,8190,4,32.43,64.01,1007.52,5.8,1,EMPTY
2026-09-13T12:23:05.978+08:00,RUN_20260913_121444,369,595949,SESSION_001,0,0,8190,4,32.43,64.00,1007.52,6.7,1,EMPTY
2026-09-13T12:23:07.163+08:00,RUN_20260913_121444,370,597134,SESSION_001,0,0,8190,4,32.43,63.94,1007.51,5.8,1,EMPTY
2026-09-13T12:23:07.986+08:00,RUN_20260913_121444,371,597957,SESSION_001,0,0,8190,4,32.43,63.95,1007.51,6.7,1,EMPTY
2026-09-13T12:23:09.171+08:00,RUN_20260913_121444,372,599142,SESSION_001,0,0,8190,4,32.43,64.03,1007.51,5.8,1,EMPTY
2026-09-13T12:23:10.176+08:00,RUN_20260913_121444,373,600147,SESSION_001,0,0,8190,4,32.43,63.93,1007.51,5.8,1,EMPTY
2026-09-13T12:23:11.181+08:00,RUN_20260913_121444,374,601152,SESSION_001,0,0,8190,4,32.43,63.94,1007.51,5.8,1,EMPTY
2026-09-13T12:23:12.186+08:00,RUN_20260913_121444,375,602157,SESSION_001,0,0,8190,4,32.43,64.05,1007.51,5.8,1,EMPTY
2026-09-13T12:23:13.191+08:00,RUN_20260913_121444,376,603162,SESSION_001,0,0,8190,4,32.43,64.03,1007.51,5.8,1,EMPTY
2026-09-13T12:23:14.196+08:00,RUN_20260913_121444,377,604167,SESSION_001,0,0,8190,4,32.43,63.93,1007.51,5.8,1,EMPTY
2026-09-13T12:23:15.019+08:00,RUN_20260913_121444,378,604990,SESSION_001,0,0,8190,4,32.43,63.95,1007.52,6.7,1,EMPTY
2026-09-13T12:23:16.022+08:00,RUN_20260913_121444,379,605993,SESSION_001,0,0,8190,4,32.43,63.88,1007.52,5.8,1,EMPTY
2026-09-13T12:23:17.207+08:00,RUN_20260913_121444,380,607178,SESSION_001,0,0,8190,4,32.43,63.92,1007.52,5.8,1,EMPTY
2026-09-13T12:23:18.212+08:00,RUN_20260913_121444,381,608183,SESSION_001,0,0,8190,4,32.43,63.98,1007.53,5.8,1,EMPTY
2026-09-13T12:23:19.035+08:00,RUN_20260913_121444,382,609006,SESSION_001,0,0,8190,4,32.43,64.00,1007.53,6.7,1,EMPTY
2026-09-13T12:23:20.038+08:00,RUN_20260913_121444,383,610009,SESSION_001,0,0,8190,4,32.43,63.98,1007.53,5.8,1,EMPTY
2026-09-13T12:23:21.041+08:00,RUN_20260913_121444,384,611012,SESSION_001,0,0,8190,4,32.43,63.92,1007.53,6.7,1,EMPTY
2026-09-13T12:23:22.226+08:00,RUN_20260913_121444,385,612197,SESSION_001,0,0,8190,4,32.43,63.92,1007.52,5.8,1,EMPTY
2026-09-13T12:23:23.231+08:00,RUN_20260913_121444,386,613202,SESSION_001,0,0,8190,4,32.43,63.97,1007.52,5.8,1,EMPTY
2026-09-13T12:23:24.236+08:00,RUN_20260913_121444,387,614207,SESSION_001,0,0,8190,4,32.43,63.97,1007.53,5.8,1,EMPTY
2026-09-13T12:23:25.059+08:00,RUN_20260913_121444,388,615030,SESSION_001,0,0,8190,4,32.43,63.85,1007.53,5.8,1,EMPTY
2026-09-13T12:23:26.244+08:00,RUN_20260913_121444,389,616215,SESSION_001,0,0,8190,4,32.43,63.94,1007.53,5.8,1,EMPTY
2026-09-13T12:23:27.249+08:00,RUN_20260913_121444,390,617220,SESSION_001,0,0,8190,4,32.43,63.94,1007.53,5.8,1,EMPTY
2026-09-13T12:23:28.072+08:00,RUN_20260913_121444,391,618043,SESSION_001,0,0,8190,4,32.43,63.85,1007.53,6.7,1,EMPTY
2026-09-13T12:23:29.257+08:00,RUN_20260913_121444,392,619228,SESSION_001,0,0,8190,4,32.43,63.86,1007.53,5.8,1,EMPTY
2026-09-13T12:23:30.080+08:00,RUN_20260913_121444,393,620051,SESSION_001,0,0,8190,4,32.43,63.94,1007.53,5.8,1,EMPTY
2026-09-13T12:23:31.083+08:00,RUN_20260913_121444,394,621054,SESSION_001,0,0,8190,4,32.43,63.86,1007.53,6.7,1,EMPTY
2026-09-13T12:23:32.268+08:00,RUN_20260913_121444,395,622239,SESSION_001,0,0,8190,4,32.43,63.87,1007.53,5.8,1,EMPTY
2026-09-13T12:23:33.273+08:00,RUN_20260913_121444,396,623244,SESSION_001,0,0,8190,4,32.43,63.95,1007.53,5.8,1,EMPTY
2026-09-13T12:23:34.096+08:00,RUN_20260913_121444,397,624067,SESSION_001,0,0,8190,4,32.43,63.87,1007.53,6.7,1,EMPTY
2026-09-13T12:23:35.099+08:00,RUN_20260913_121444,398,625070,SESSION_001,0,0,8190,4,32.43,63.94,1007.53,5.8,1,EMPTY
2026-09-13T12:23:36.284+08:00,RUN_20260913_121444,399,626255,SESSION_001,0,0,8190,4,32.43,63.88,1007.53,5.8,1,EMPTY
2026-09-13T12:23:37.107+08:00,RUN_20260913_121444,400,627078,SESSION_001,0,0,8190,4,32.43,63.98,1007.53,5.8,1,EMPTY
2026-09-13T12:23:38.292+08:00,RUN_20260913_121444,401,628263,SESSION_001,0,0,8190,4,32.43,63.91,1007.53,5.8,1,EMPTY
2026-09-13T12:23:39.115+08:00,RUN_20260913_121444,402,629086,SESSION_001,0,0,8190,4,32.43,63.91,1007.53,5.8,1,EMPTY
2026-09-13T12:23:40.300+08:00,RUN_20260913_121444,403,630271,SESSION_001,0,0,8190,4,32.43,63.98,1007.53,5.8,1,EMPTY
2026-09-13T12:23:41.123+08:00,RUN_20260913_121444,404,631094,SESSION_001,0,0,8190,4,32.43,63.91,1007.53,5.8,1,EMPTY
2026-09-13T12:23:42.126+08:00,RUN_20260913_121444,405,632097,SESSION_001,0,0,8190,4,32.43,63.98,1007.53,6.7,1,EMPTY
2026-09-13T12:23:43.129+08:00,RUN_20260913_121444,406,633100,SESSION_001,0,0,8190,4,32.43,63.89,1007.53,6.7,1,EMPTY
2026-09-13T12:23:44.314+08:00,RUN_20260913_121444,407,634285,SESSION_001,0,0,8190,4,32.43,63.87,1007.53,5.8,1,EMPTY
2026-09-13T12:23:45.319+08:00,RUN_20260913_121444,408,635290,SESSION_001,0,0,8190,4,32.43,63.88,1007.53,5.8,1,EMPTY
2026-09-13T12:23:46.324+08:00,RUN_20260913_121444,409,636295,SESSION_001,0,0,8190,4,32.43,63.88,1007.52,5.8,1,EMPTY
2026-09-13T12:23:47.329+08:00,RUN_20260913_121444,410,637300,SESSION_001,0,0,8190,4,32.43,63.89,1007.52,5.8,1,EMPTY
2026-09-13T12:23:48.334+08:00,RUN_20260913_121444,411,638305,SESSION_001,0,0,8190,4,32.43,63.96,1007.52,5.8,1,EMPTY
2026-09-13T12:23:49.339+08:00,RUN_20260913_121444,412,639310,SESSION_001,0,0,8190,4,32.43,63.91,1007.51,5.8,1,EMPTY
2026-09-13T12:23:50.344+08:00,RUN_20260913_121444,413,640315,SESSION_001,0,0,8190,4,32.43,63.91,1007.51,5.8,1,EMPTY
2026-09-13T12:23:51.349+08:00,RUN_20260913_121444,414,641320,SESSION_001,0,0,8190,4,32.43,63.91,1007.51,5.8,1,EMPTY
2026-09-13T12:23:52.354+08:00,RUN_20260913_121444,415,642325,SESSION_001,0,0,8190,4,32.43,64.00,1007.51,5.8,1,EMPTY
2026-09-13T12:23:53.359+08:00,RUN_20260913_121444,416,643330,SESSION_001,0,0,8190,4,32.43,64.01,1007.51,5.8,1,EMPTY
2026-09-13T12:23:54.364+08:00,RUN_20260913_121444,417,644335,SESSION_001,0,0,8190,4,32.43,63.93,1007.51,5.8,1,EMPTY
2026-09-13T12:23:55.369+08:00,RUN_20260913_121444,418,645340,SESSION_001,0,0,8190,4,32.43,64.00,1007.51,5.8,1,EMPTY
2026-09-13T12:23:56.374+08:00,RUN_20260913_121444,419,646345,SESSION_001,0,0,8190,4,32.43,63.93,1007.51,5.8,1,EMPTY
2026-09-13T12:23:57.379+08:00,RUN_20260913_121444,420,647350,SESSION_001,0,0,8190,4,32.43,63.94,1007.51,5.8,1,EMPTY
2026-09-13T12:23:58.202+08:00,RUN_20260913_121444,421,648173,SESSION_001,0,0,8190,4,32.43,63.92,1007.50,6.7,1,EMPTY
2026-09-13T12:23:59.205+08:00,RUN_20260913_121444,422,649176,SESSION_001,0,0,8190,4,32.43,64.04,1007.50,6.7,1,EMPTY
2026-09-13T12:24:00.208+08:00,RUN_20260913_121444,423,650179,SESSION_001,0,0,8190,4,32.43,64.04,1007.50,5.8,1,EMPTY
2026-09-13T12:24:01.393+08:00,RUN_20260913_121444,424,651364,SESSION_001,0,0,8190,4,32.43,63.94,1007.50,5.8,1,EMPTY
2026-09-13T12:24:02.216+08:00,RUN_20260913_121444,425,652187,SESSION_001,0,0,8190,4,32.43,64.02,1007.50,5.8,1,EMPTY
2026-09-13T12:24:03.219+08:00,RUN_20260913_121444,426,653190,SESSION_001,0,0,8190,4,32.43,63.94,1007.49,6.7,1,EMPTY
2026-09-13T12:24:04.222+08:00,RUN_20260913_121444,427,654193,SESSION_001,0,0,8190,4,32.43,63.95,1007.49,6.7,1,EMPTY
2026-09-13T12:24:05.225+08:00,RUN_20260913_121444,428,655196,SESSION_001,0,0,8190,4,32.43,63.93,1007.50,6.7,1,EMPTY
2026-09-13T12:24:06.228+08:00,RUN_20260913_121444,429,656199,SESSION_001,0,0,8190,4,32.43,63.98,1007.50,6.7,1,EMPTY
2026-09-13T12:24:07.413+08:00,RUN_20260913_121444,430,657384,SESSION_001,0,0,8190,4,32.43,63.99,1007.50,6.7,1,EMPTY
2026-09-13T12:24:08.418+08:00,RUN_20260913_121444,431,658389,SESSION_001,1,0,8190,4,32.43,64.10,1007.50,6.7,1,EMPTY
2026-09-13T12:24:09.423+08:00,RUN_20260913_121444,432,659394,SESSION_001,1,0,74,0,32.43,64.06,1007.50,5.8,1,EMPTY
2026-09-13T12:24:10.428+08:00,RUN_20260913_121444,433,660399,SESSION_001,0,0,32,0,32.43,64.04,1007.50,5.0,1,EMPTY
2026-09-13T12:24:11.433+08:00,RUN_20260913_121444,434,661404,SESSION_001,0,0,33,0,32.43,64.01,1007.50,5.0,1,EMPTY
2026-09-13T12:24:12.438+08:00,RUN_20260913_121444,435,662409,SESSION_001,0,0,82,0,32.43,64.05,1007.50,5.0,1,EMPTY
2026-09-13T12:24:13.443+08:00,RUN_20260913_121444,436,663414,SESSION_001,1,0,78,0,32.43,64.13,1007.50,5.0,1,EMPTY
2026-09-13T12:24:14.448+08:00,RUN_20260913_121444,437,664419,SESSION_001,0,0,24,0,32.43,64.73,1007.50,5.0,1,EMPTY
2026-09-13T12:24:15.453+08:00,RUN_20260913_121444,438,665424,SESSION_001,0,0,31,0,32.43,66.41,1007.50,5.0,1,EMPTY
2026-09-13T12:24:16.458+08:00,RUN_20260913_121444,439,666429,SESSION_001,0,0,35,0,32.43,67.37,1007.50,5.0,1,EMPTY
2026-09-13T12:24:17.463+08:00,RUN_20260913_121444,440,667434,SESSION_001,1,0,21,0,32.43,67.46,1007.50,5.0,1,EMPTY
2026-09-13T12:24:18.468+08:00,RUN_20260913_121444,441,668439,SESSION_001,0,0,8190,4,32.44,66.93,1007.50,5.8,1,EMPTY
2026-09-13T12:24:19.473+08:00,RUN_20260913_121444,442,669444,SESSION_001,1,0,8190,4,32.44,67.16,1007.50,5.8,1,EMPTY
2026-09-13T12:24:20.296+08:00,RUN_20260913_121444,443,670267,SESSION_001,0,0,8190,4,32.44,67.00,1007.50,6.7,1,EMPTY
2026-09-13T12:24:21.299+08:00,RUN_20260913_121444,444,671270,SESSION_001,0,0,8190,4,32.44,66.28,1007.50,5.8,1,EMPTY
2026-09-13T12:24:22.484+08:00,RUN_20260913_121444,445,672455,SESSION_001,0,0,180,0,32.44,65.55,1007.50,5.8,1,EMPTY
2026-09-13T12:24:23.489+08:00,RUN_20260913_121444,446,673460,SESSION_001,1,0,36,0,32.44,65.15,1007.50,5.0,1,EMPTY
2026-09-13T12:33:26.588+08:00,RUN_20260913_121444,1,1216559,SESSION_002,1,0,41,0,32.55,66.84,1007.35,40.0,1,EMPTY
2026-09-13T12:33:27.411+08:00,RUN_20260913_121444,2,1217382,SESSION_002,0,0,8190,4,32.55,68.60,1007.35,42.5,1,EMPTY
2026-09-13T12:33:28.414+08:00,RUN_20260913_121444,3,1218385,SESSION_002,0,0,8190,4,32.56,69.42,1007.35,45.0,1,EMPTY
2026-09-13T12:33:29.417+08:00,RUN_20260913_121444,4,1219388,SESSION_002,1,0,8190,4,32.56,68.93,1007.35,45.0,1,EMPTY
2026-09-13T12:33:30.602+08:00,RUN_20260913_121444,5,1220573,SESSION_002,0,0,8190,4,32.56,67.38,1007.35,45.0,1,EMPTY
2026-09-13T12:33:31.425+08:00,RUN_20260913_121444,6,1221396,SESSION_002,0,0,8190,4,32.56,66.92,1007.35,45.0,1,EMPTY
2026-09-13T12:33:32.610+08:00,RUN_20260913_121444,7,1222581,SESSION_002,0,0,8190,4,32.56,66.90,1007.35,45.0,1,EMPTY
2026-09-13T12:33:33.615+08:00,RUN_20260913_121444,8,1223586,SESSION_002,0,0,8190,4,32.56,65.70,1007.35,45.0,1,EMPTY
2026-09-13T12:33:34.620+08:00,RUN_20260913_121444,9,1224591,SESSION_002,0,0,8190,4,32.57,64.88,1007.36,45.0,1,EMPTY
2026-09-13T12:33:35.443+08:00,RUN_20260913_121444,10,1225414,SESSION_002,0,0,8190,4,32.57,64.67,1007.36,45.0,1,EMPTY
2026-09-13T12:33:36.446+08:00,RUN_20260913_121444,11,1226417,SESSION_002,0,0,8190,4,32.57,64.48,1007.36,45.0,1,EMPTY
2026-09-13T12:33:37.449+08:00,RUN_20260913_121444,12,1227420,SESSION_002,0,0,8190,4,32.57,64.48,1007.36,45.0,1,EMPTY
2026-09-13T12:33:38.452+08:00,RUN_20260913_121444,13,1228423,SESSION_002,0,0,8190,4,32.57,64.68,1007.36,45.0,1,EMPTY
2026-09-13T12:33:39.455+08:00,RUN_20260913_121444,14,1229426,SESSION_002,0,0,8190,4,32.57,64.79,1007.36,45.0,1,EMPTY
2026-09-13T12:33:40.458+08:00,RUN_20260913_121444,15,1230429,SESSION_002,0,0,8190,4,32.57,64.83,1007.36,45.0,1,EMPTY
2026-09-13T12:33:41.461+08:00,RUN_20260913_121444,16,1231432,SESSION_002,0,0,8190,4,32.57,64.61,1007.36,45.0,1,EMPTY
2026-09-13T12:33:42.464+08:00,RUN_20260913_121444,17,1232435,SESSION_002,0,0,8190,4,32.57,64.39,1007.36,45.0,1,EMPTY
2026-09-13T12:33:43.649+08:00,RUN_20260913_121444,18,1233620,SESSION_002,0,0,8190,4,32.57,64.22,1007.36,45.0,1,EMPTY
2026-09-13T12:33:44.472+08:00,RUN_20260913_121444,19,1234443,SESSION_002,0,0,8190,4,32.57,64.14,1007.36,45.0,1,EMPTY
2026-09-13T12:33:45.475+08:00,RUN_20260913_121444,20,1235446,SESSION_002,0,0,8190,4,32.57,63.95,1007.35,45.0,1,EMPTY
2026-09-13T12:33:46.478+08:00,RUN_20260913_121444,21,1236449,SESSION_002,0,0,8190,4,32.57,63.89,1007.35,45.0,1,EMPTY
2026-09-13T12:33:47.481+08:00,RUN_20260913_121444,22,1237452,SESSION_002,0,0,8190,4,32.57,63.75,1007.35,45.0,1,EMPTY
2026-09-13T12:33:48.666+08:00,RUN_20260913_121444,23,1238637,SESSION_002,0,0,8190,4,32.57,63.78,1007.35,45.0,1,EMPTY
2026-09-13T12:33:49.671+08:00,RUN_20260913_121444,24,1239642,SESSION_002,0,0,8190,4,32.57,63.67,1007.35,45.0,1,EMPTY
2026-09-13T12:33:50.676+08:00,RUN_20260913_121444,25,1240647,SESSION_002,0,0,8190,4,32.57,63.69,1007.35,45.0,1,EMPTY
2026-09-13T12:33:51.681+08:00,RUN_20260913_121444,26,1241652,SESSION_002,0,0,8191,2,32.57,63.58,1007.35,45.0,1,EMPTY
2026-09-13T12:33:52.686+08:00,RUN_20260913_121444,27,1242657,SESSION_002,0,0,8190,4,32.57,63.58,1007.35,45.0,1,EMPTY
2026-09-13T12:33:53.691+08:00,RUN_20260913_121444,28,1243662,SESSION_002,0,0,8190,4,32.57,63.55,1007.35,45.0,1,EMPTY
2026-09-13T12:33:54.514+08:00,RUN_20260913_121444,29,1244485,SESSION_002,0,0,8190,4,32.57,63.61,1007.35,45.0,1,EMPTY
2026-09-13T12:33:55.517+08:00,RUN_20260913_121444,30,1245488,SESSION_002,0,0,8190,4,32.57,63.47,1007.35,45.0,1,EMPTY
2026-09-13T12:33:56.520+08:00,RUN_20260913_121444,31,1246491,SESSION_002,0,0,8190,4,32.57,63.41,1007.35,45.0,1,EMPTY
2026-09-13T12:33:57.523+08:00,RUN_20260913_121444,32,1247494,SESSION_002,0,0,8190,4,32.57,63.40,1007.35,45.0,1,EMPTY
2026-09-13T12:33:58.526+08:00,RUN_20260913_121444,33,1248497,SESSION_002,0,0,8190,4,32.57,63.45,1007.35,45.0,1,EMPTY
2026-09-13T12:33:59.711+08:00,RUN_20260913_121444,34,1249682,SESSION_002,0,0,8190,4,32.57,63.38,1007.35,45.0,1,EMPTY
2026-09-13T12:34:00.534+08:00,RUN_20260913_121444,35,1250505,SESSION_002,0,0,8190,4,32.57,63.42,1007.35,45.0,1,EMPTY
2026-09-13T12:34:01.537+08:00,RUN_20260913_121444,36,1251508,SESSION_002,0,0,8190,4,32.57,63.39,1007.35,45.0,1,EMPTY
2026-09-13T12:34:02.540+08:00,RUN_20260913_121444,37,1252511,SESSION_002,0,0,8190,4,32.57,63.36,1007.35,45.0,1,EMPTY
2026-09-13T12:34:03.543+08:00,RUN_20260913_121444,38,1253514,SESSION_002,0,0,8190,4,32.56,63.28,1007.35,45.0,1,EMPTY
2026-09-13T12:34:04.546+08:00,RUN_20260913_121444,39,1254517,SESSION_002,0,0,8190,4,32.56,63.25,1007.35,45.0,1,EMPTY
2026-09-13T12:34:05.731+08:00,RUN_20260913_121444,40,1255702,SESSION_002,0,0,8190,4,32.56,63.33,1007.35,45.0,1,EMPTY
2026-09-13T12:34:06.554+08:00,RUN_20260913_121444,41,1256525,SESSION_002,0,0,8190,4,32.56,63.29,1007.35,45.0,1,EMPTY
2026-09-13T12:34:07.739+08:00,RUN_20260913_121444,42,1257710,SESSION_002,0,0,8190,4,32.56,63.18,1007.35,45.0,1,EMPTY
2026-09-13T12:34:08.562+08:00,RUN_20260913_121444,43,1258533,SESSION_002,0,0,8190,4,32.56,63.25,1007.35,45.0,1,EMPTY
2026-09-13T12:34:09.565+08:00,RUN_20260913_121444,44,1259536,SESSION_002,0,0,8190,4,32.56,63.20,1007.35,45.0,1,EMPTY
2026-09-13T12:34:10.568+08:00,RUN_20260913_121444,45,1260539,SESSION_002,0,0,8190,4,32.56,63.14,1007.35,45.0,1,EMPTY
2026-09-13T12:34:11.571+08:00,RUN_20260913_121444,46,1261542,SESSION_002,0,0,8190,4,32.56,63.12,1007.35,45.0,1,EMPTY
2026-09-13T12:34:12.756+08:00,RUN_20260913_121444,47,1262727,SESSION_002,0,0,8190,4,32.56,63.17,1007.35,44.2,1,EMPTY
2026-09-13T12:34:13.579+08:00,RUN_20260913_121444,48,1263550,SESSION_002,0,0,8190,4,32.56,63.12,1007.34,45.0,1,EMPTY
2026-09-13T12:34:14.582+08:00,RUN_20260913_121444,49,1264553,SESSION_002,0,0,8190,4,32.56,63.06,1007.34,45.0,1,EMPTY
2026-09-13T12:34:15.585+08:00,RUN_20260913_121444,50,1265556,SESSION_002,0,0,8190,4,32.56,63.11,1007.34,45.0,1,EMPTY
2026-09-13T12:34:16.588+08:00,RUN_20260913_121444,51,1266559,SESSION_002,0,0,8190,4,32.56,63.01,1007.34,45.0,1,EMPTY
2026-09-13T12:34:17.773+08:00,RUN_20260913_121444,52,1267744,SESSION_002,0,0,8190,4,32.56,63.09,1007.33,44.2,1,EMPTY
2026-09-13T12:34:18.596+08:00,RUN_20260913_121444,53,1268567,SESSION_002,0,0,8190,4,32.56,63.06,1007.33,45.0,1,EMPTY
2026-09-13T12:34:19.781+08:00,RUN_20260913_121444,54,1269752,SESSION_002,0,0,8190,4,32.56,63.06,1007.33,44.2,1,EMPTY
2026-09-13T12:34:20.786+08:00,RUN_20260913_121444,55,1270757,SESSION_002,0,0,8190,4,32.56,63.07,1007.33,44.2,1,EMPTY
2026-09-13T12:34:21.609+08:00,RUN_20260913_121444,56,1271580,SESSION_002,0,0,8190,4,32.56,62.97,1007.33,45.0,1,EMPTY
2026-09-13T12:34:22.612+08:00,RUN_20260913_121444,57,1272583,SESSION_002,0,0,8190,4,32.56,62.97,1007.33,45.0,1,EMPTY
2026-09-13T12:34:23.615+08:00,RUN_20260913_121444,58,1273586,SESSION_002,0,0,8190,4,32.56,62.92,1007.33,45.0,1,EMPTY
2026-09-13T12:34:24.618+08:00,RUN_20260913_121444,59,1274589,SESSION_002,0,0,8190,4,32.56,62.91,1007.33,44.2,1,EMPTY
2026-09-13T12:34:25.803+08:00,RUN_20260913_121444,60,1275774,SESSION_002,0,0,8190,4,32.56,62.87,1007.33,44.2,1,EMPTY
2026-09-13T12:34:26.808+08:00,RUN_20260913_121444,61,1276779,SESSION_002,0,0,8190,4,32.56,62.85,1007.32,44.2,1,EMPTY
2026-09-13T12:34:27.631+08:00,RUN_20260913_121444,62,1277602,SESSION_002,0,0,8190,4,32.56,62.94,1007.32,45.0,1,EMPTY
2026-09-13T12:34:28.634+08:00,RUN_20260913_121444,63,1278605,SESSION_002,0,0,8190,4,32.56,62.87,1007.32,45.0,1,EMPTY
2026-09-13T12:34:29.637+08:00,RUN_20260913_121444,64,1279608,SESSION_002,0,0,8190,4,32.55,62.93,1007.32,45.0,1,EMPTY
2026-09-13T12:34:30.822+08:00,RUN_20260913_121444,65,1280793,SESSION_002,0,0,8190,4,32.55,62.86,1007.31,44.2,1,EMPTY
2026-09-13T12:34:31.645+08:00,RUN_20260913_121444,66,1281616,SESSION_002,0,0,8190,4,32.55,62.87,1007.31,45.0,1,EMPTY
2026-09-13T12:34:32.648+08:00,RUN_20260913_121444,67,1282619,SESSION_002,0,0,8190,4,32.55,62.85,1007.31,45.0,1,EMPTY
2026-09-13T12:34:33.651+08:00,RUN_20260913_121444,68,1283622,SESSION_002,0,0,8190,4,32.55,62.97,1007.31,44.2,1,EMPTY
2026-09-13T12:34:34.836+08:00,RUN_20260913_121444,69,1284807,SESSION_002,0,0,8190,4,32.55,62.87,1007.31,44.2,1,EMPTY
2026-09-13T12:34:35.659+08:00,RUN_20260913_121444,70,1285630,SESSION_002,0,0,8190,4,32.55,62.87,1007.31,44.2,1,EMPTY
2026-09-13T12:34:36.662+08:00,RUN_20260913_121444,71,1286633,SESSION_002,0,0,8190,4,32.55,62.98,1007.30,44.2,1,EMPTY
2026-09-13T12:34:37.665+08:00,RUN_20260913_121444,72,1287636,SESSION_002,0,0,8190,4,32.55,63.00,1007.30,44.2,1,EMPTY
2026-09-13T12:34:38.850+08:00,RUN_20260913_121444,73,1288821,SESSION_002,0,0,8190,4,32.55,62.95,1007.30,44.2,1,EMPTY
2026-09-13T12:34:39.855+08:00,RUN_20260913_121444,74,1289826,SESSION_002,0,0,8190,4,32.55,62.92,1007.30,44.2,1,EMPTY
2026-09-13T12:34:40.860+08:00,RUN_20260913_121444,75,1290831,SESSION_002,0,0,8190,4,32.55,62.92,1007.30,44.2,1,EMPTY
2026-09-13T12:34:41.683+08:00,RUN_20260913_121444,76,1291654,SESSION_002,0,0,8190,4,32.55,62.89,1007.29,44.2,1,EMPTY
2026-09-13T12:34:42.686+08:00,RUN_20260913_121444,77,1292657,SESSION_002,0,0,8190,4,32.55,62.91,1007.29,44.2,1,EMPTY
2026-09-13T12:34:43.689+08:00,RUN_20260913_121444,78,1293660,SESSION_002,0,0,8190,4,32.55,62.98,1007.29,44.2,1,EMPTY
2026-09-13T12:34:44.692+08:00,RUN_20260913_121444,79,1294663,SESSION_002,0,0,8190,4,32.55,62.88,1007.29,44.2,1,EMPTY
2026-09-13T12:34:45.695+08:00,RUN_20260913_121444,80,1295666,SESSION_002,0,0,8190,4,32.55,62.89,1007.29,44.2,1,EMPTY
2026-09-13T12:34:46.698+08:00,RUN_20260913_121444,81,1296669,SESSION_002,0,0,8190,4,32.55,62.91,1007.29,44.2,1,EMPTY
2026-09-13T12:34:47.701+08:00,RUN_20260913_121444,82,1297672,SESSION_002,0,0,8190,4,32.55,62.91,1007.29,44.2,1,EMPTY
2026-09-13T12:34:48.704+08:00,RUN_20260913_121444,83,1298675,SESSION_002,0,0,8190,4,32.55,62.87,1007.29,44.2,1,EMPTY
2026-09-13T12:34:49.889+08:00,RUN_20260913_121444,84,1299860,SESSION_002,0,0,8190,4,32.55,62.99,1007.29,44.2,1,EMPTY
2026-09-13T12:34:50.712+08:00,RUN_20260913_121444,85,1300683,SESSION_002,0,0,8190,4,32.55,62.98,1007.28,44.2,1,EMPTY
2026-09-13T12:34:51.715+08:00,RUN_20260913_121444,86,1301686,SESSION_002,0,0,8190,4,32.55,62.99,1007.28,44.2,1,EMPTY
2026-09-13T12:34:52.718+08:00,RUN_20260913_121444,87,1302689,SESSION_002,0,0,8190,4,32.55,62.93,1007.28,44.2,1,EMPTY
2026-09-13T12:34:53.721+08:00,RUN_20260913_121444,88,1303692,SESSION_002,0,0,8190,4,32.55,62.94,1007.28,44.2,1,EMPTY
2026-09-13T12:34:54.906+08:00,RUN_20260913_121444,89,1304877,SESSION_002,0,0,8190,4,32.55,62.93,1007.28,44.2,1,EMPTY
2026-09-13T12:34:55.911+08:00,RUN_20260913_121444,90,1305882,SESSION_002,0,0,8190,4,32.55,63.00,1007.28,44.2,1,EMPTY
2026-09-13T12:34:56.734+08:00,RUN_20260913_121444,91,1306705,SESSION_002,0,0,8190,4,32.55,62.95,1007.28,44.2,1,EMPTY
2026-09-13T12:34:57.737+08:00,RUN_20260913_121444,92,1307708,SESSION_002,0,0,8190,4,32.55,62.94,1007.28,44.2,1,EMPTY
2026-09-13T12:34:58.740+08:00,RUN_20260913_121444,93,1308711,SESSION_002,0,0,8190,4,32.55,62.93,1007.28,44.2,1,EMPTY
2026-09-13T12:34:59.743+08:00,RUN_20260913_121444,94,1309714,SESSION_002,0,0,8190,4,32.55,63.01,1007.28,44.2,1,EMPTY
2026-09-13T12:35:00.746+08:00,RUN_20260913_121444,95,1310717,SESSION_002,0,0,8190,4,32.55,62.87,1007.28,44.2,1,EMPTY
2026-09-13T12:35:01.749+08:00,RUN_20260913_121444,96,1311720,SESSION_002,0,0,8190,4,32.55,62.98,1007.28,44.2,1,EMPTY
2026-09-13T12:35:02.752+08:00,RUN_20260913_121444,97,1312723,SESSION_002,0,0,8190,4,32.55,62.92,1007.28,44.2,1,EMPTY
2026-09-13T12:35:03.755+08:00,RUN_20260913_121444,98,1313726,SESSION_002,0,0,8190,4,32.55,62.93,1007.28,44.2,1,EMPTY
2026-09-13T12:35:04.940+08:00,RUN_20260913_121444,99,1314911,SESSION_002,0,0,8190,4,32.55,62.88,1007.28,44.2,1,EMPTY
2026-09-13T12:35:05.763+08:00,RUN_20260913_121444,100,1315734,SESSION_002,0,0,8190,4,32.55,62.91,1007.28,44.2,1,EMPTY
2026-09-13T12:35:06.949+08:00,RUN_20260913_121444,101,1316920,SESSION_002,0,0,8190,4,32.55,62.91,1007.28,44.2,1,EMPTY
2026-09-13T12:35:07.949+08:00,RUN_20260913_121444,102,1317920,SESSION_002,0,0,8190,4,32.55,62.91,1007.28,44.2,1,EMPTY
2026-09-13T12:35:08.767+08:00,RUN_20260913_121444,103,1318738,SESSION_002,0,0,8190,4,32.55,62.87,1007.28,44.2,1,EMPTY
2026-09-13T12:35:09.771+08:00,RUN_20260913_121444,104,1319742,SESSION_002,0,0,8190,4,32.55,62.92,1007.28,44.2,1,EMPTY
2026-09-13T12:35:10.775+08:00,RUN_20260913_121444,105,1320746,SESSION_002,0,0,8190,4,32.55,62.89,1007.29,44.2,1,EMPTY
2026-09-13T12:35:11.779+08:00,RUN_20260913_121444,106,1321750,SESSION_002,0,0,8190,4,32.55,62.95,1007.29,44.2,1,EMPTY
2026-09-13T12:35:12.783+08:00,RUN_20260913_121444,107,1322754,SESSION_002,0,0,8190,4,32.55,62.88,1007.29,44.2,1,EMPTY
2026-09-13T12:35:13.787+08:00,RUN_20260913_121444,108,1323758,SESSION_002,0,0,8190,4,32.55,62.94,1007.29,44.2,1,EMPTY
2026-09-13T12:35:14.791+08:00,RUN_20260913_121444,109,1324762,SESSION_002,0,0,8190,4,32.55,62.88,1007.29,44.2,1,EMPTY
2026-09-13T12:35:15.795+08:00,RUN_20260913_121444,110,1325766,SESSION_002,0,0,8190,4,32.55,62.88,1007.29,44.2,1,EMPTY
2026-09-13T12:35:16.799+08:00,RUN_20260913_121444,111,1326770,SESSION_002,0,0,8190,4,32.55,62.95,1007.29,44.2,1,EMPTY
2026-09-13T12:35:17.803+08:00,RUN_20260913_121444,112,1327774,SESSION_002,0,0,8190,4,32.55,62.94,1007.29,44.2,1,EMPTY
2026-09-13T12:35:18.989+08:00,RUN_20260913_121444,113,1328960,SESSION_002,0,0,8190,4,32.55,62.88,1007.29,44.2,1,EMPTY
2026-09-13T12:35:19.807+08:00,RUN_20260913_121444,114,1329778,SESSION_002,0,0,8190,4,32.55,62.91,1007.29,44.2,1,EMPTY
2026-09-13T12:35:20.993+08:00,RUN_20260913_121444,115,1330964,SESSION_002,0,0,8190,4,32.55,62.91,1007.28,44.2,1,EMPTY
2026-09-13T12:35:21.811+08:00,RUN_20260913_121444,116,1331782,SESSION_002,0,0,8190,4,32.55,62.89,1007.28,44.2,1,EMPTY
2026-09-13T12:35:22.815+08:00,RUN_20260913_121444,117,1332786,SESSION_002,0,0,8190,4,32.55,62.88,1007.28,44.2,1,EMPTY
2026-09-13T12:35:23.819+08:00,RUN_20260913_121444,118,1333790,SESSION_002,0,0,8190,4,32.55,62.89,1007.28,44.2,1,EMPTY
2026-09-13T12:35:25.005+08:00,RUN_20260913_121444,119,1334976,SESSION_002,0,0,8190,4,32.55,62.88,1007.28,44.2,1,EMPTY
2026-09-13T12:35:25.823+08:00,RUN_20260913_121444,120,1335794,SESSION_002,0,0,8190,4,32.55,62.99,1007.28,44.2,1,EMPTY
2026-09-13T12:35:26.827+08:00,RUN_20260913_121444,121,1336798,SESSION_002,0,0,8190,4,32.55,62.88,1007.28,44.2,1,EMPTY
2026-09-13T12:35:27.831+08:00,RUN_20260913_121444,122,1337802,SESSION_002,0,0,8190,4,32.55,62.88,1007.28,44.2,1,EMPTY
2026-09-13T12:35:28.835+08:00,RUN_20260913_121444,123,1338806,SESSION_002,0,0,8190,4,32.55,62.97,1007.28,44.2,1,EMPTY
2026-09-13T12:35:29.839+08:00,RUN_20260913_121444,124,1339810,SESSION_002,0,0,8190,4,32.55,62.97,1007.28,44.2,1,EMPTY
2026-09-13T12:35:31.025+08:00,RUN_20260913_121444,125,1340996,SESSION_002,0,0,8190,4,32.55,62.88,1007.28,44.2,1,EMPTY
2026-09-13T12:35:32.025+08:00,RUN_20260913_121444,126,1341996,SESSION_002,0,0,8190,4,32.55,62.87,1007.28,44.2,1,EMPTY
2026-09-13T12:35:32.843+08:00,RUN_20260913_121444,127,1342814,SESSION_002,0,0,8190,4,32.55,62.95,1007.28,44.2,1,EMPTY
2026-09-13T12:35:34.029+08:00,RUN_20260913_121444,128,1344000,SESSION_002,0,0,8190,4,32.55,62.87,1007.28,44.2,1,EMPTY
2026-09-13T12:35:35.029+08:00,RUN_20260913_121444,129,1345000,SESSION_002,0,0,8190,4,32.55,62.95,1007.27,44.2,1,EMPTY
2026-09-13T12:35:35.847+08:00,RUN_20260913_121444,130,1345818,SESSION_002,0,0,8190,4,32.55,62.87,1007.27,44.2,1,EMPTY
2026-09-13T12:35:37.033+08:00,RUN_20260913_121444,131,1347004,SESSION_002,0,0,8190,4,32.55,62.86,1007.27,44.2,1,EMPTY
2026-09-13T12:35:37.851+08:00,RUN_20260913_121444,132,1347822,SESSION_002,0,0,8190,4,32.55,62.88,1007.27,44.2,1,EMPTY
2026-09-13T12:35:39.037+08:00,RUN_20260913_121444,133,1349008,SESSION_002,0,0,8190,4,32.55,62.88,1007.27,44.2,1,EMPTY
2026-09-13T12:35:39.855+08:00,RUN_20260913_121444,134,1349826,SESSION_002,0,0,8190,4,32.55,62.87,1007.27,44.2,1,EMPTY
2026-09-13T12:35:41.041+08:00,RUN_20260913_121444,135,1351012,SESSION_002,0,0,8190,4,32.55,62.93,1007.27,44.2,1,EMPTY
2026-09-13T12:35:42.041+08:00,RUN_20260913_121444,136,1352012,SESSION_002,0,0,8190,4,32.55,62.88,1007.27,44.2,1,EMPTY
2026-09-13T12:35:42.859+08:00,RUN_20260913_121444,137,1352830,SESSION_002,0,0,8190,4,32.55,62.87,1007.27,44.2,1,EMPTY
2026-09-13T12:35:43.863+08:00,RUN_20260913_121444,138,1353834,SESSION_002,0,0,8190,4,32.55,62.88,1007.27,44.2,1,EMPTY
2026-09-13T12:35:45.049+08:00,RUN_20260913_121444,139,1355020,SESSION_002,0,0,8190,4,32.55,62.87,1007.27,44.2,1,EMPTY
2026-09-13T12:35:45.867+08:00,RUN_20260913_121444,140,1355838,SESSION_002,0,0,8190,4,32.55,62.89,1007.27,44.2,1,EMPTY
2026-09-13T12:35:46.871+08:00,RUN_20260913_121444,141,1356842,SESSION_002,0,0,8190,4,32.55,62.86,1007.27,44.2,1,EMPTY
2026-09-13T12:35:47.875+08:00,RUN_20260913_121444,142,1357846,SESSION_002,0,0,8190,4,32.55,62.95,1007.26,44.2,1,EMPTY
2026-09-13T12:35:48.879+08:00,RUN_20260913_121444,143,1358850,SESSION_002,0,0,8190,4,32.55,62.96,1007.26,44.2,1,EMPTY
2026-09-13T12:35:50.065+08:00,RUN_20260913_121444,144,1360036,SESSION_002,0,0,8190,4,32.55,63.00,1007.26,44.2,1,EMPTY
2026-09-13T12:35:50.883+08:00,RUN_20260913_121444,145,1360854,SESSION_002,0,0,8190,4,32.55,62.92,1007.26,44.2,1,EMPTY
2026-09-13T12:35:52.069+08:00,RUN_20260913_121444,146,1362040,SESSION_002,0,0,8190,4,32.55,62.93,1007.26,44.2,1,EMPTY
2026-09-13T12:35:52.887+08:00,RUN_20260913_121444,147,1362858,SESSION_002,0,0,8190,4,32.55,62.92,1007.26,44.2,1,EMPTY
2026-09-13T12:35:53.891+08:00,RUN_20260913_121444,148,1363862,SESSION_002,0,0,8190,4,32.55,62.91,1007.26,44.2,1,EMPTY
2026-09-13T12:35:54.895+08:00,RUN_20260913_121444,149,1364866,SESSION_002,0,0,8190,4,32.55,62.95,1007.26,44.2,1,EMPTY
2026-09-13T12:35:55.899+08:00,RUN_20260913_121444,150,1365870,SESSION_002,0,0,8190,4,32.55,62.96,1007.26,44.2,1,EMPTY
2026-09-13T12:35:57.085+08:00,RUN_20260913_121444,151,1367056,SESSION_002,0,0,8190,4,32.55,62.96,1007.26,44.2,1,EMPTY
2026-09-13T12:35:57.903+08:00,RUN_20260913_121444,152,1367874,SESSION_002,0,0,8190,4,32.55,63.00,1007.26,44.2,1,EMPTY
2026-09-13T12:35:58.907+08:00,RUN_20260913_121444,153,1368878,SESSION_002,0,0,8190,4,32.55,62.95,1007.25,44.2,1,EMPTY
2026-09-13T12:35:59.911+08:00,RUN_20260913_121444,154,1369882,SESSION_002,0,0,8190,4,32.55,62.93,1007.25,44.2,1,EMPTY
2026-09-13T12:36:01.097+08:00,RUN_20260913_121444,155,1371068,SESSION_002,0,0,8190,4,32.55,62.93,1007.25,44.2,1,EMPTY
2026-09-13T12:36:02.097+08:00,RUN_20260913_121444,156,1372068,SESSION_002,0,0,8190,4,32.55,62.94,1007.25,44.2,1,EMPTY
2026-09-13T12:36:02.915+08:00,RUN_20260913_121444,157,1372886,SESSION_002,0,0,8190,4,32.55,62.94,1007.25,44.2,1,EMPTY
2026-09-13T12:36:04.101+08:00,RUN_20260913_121444,158,1374072,SESSION_002,0,0,8190,4,32.55,62.99,1007.25,44.2,1,EMPTY
2026-09-13T12:36:05.101+08:00,RUN_20260913_121444,159,1375072,SESSION_002,0,0,8190,4,32.55,62.99,1007.25,44.2,1,EMPTY
2026-09-13T12:36:06.101+08:00,RUN_20260913_121444,160,1376072,SESSION_002,0,0,8190,4,32.55,62.92,1007.25,44.2,1,EMPTY
2026-09-13T12:36:07.101+08:00,RUN_20260913_121444,161,1377072,SESSION_002,0,0,8190,4,32.55,62.92,1007.25,44.2,1,EMPTY
2026-09-13T12:36:07.919+08:00,RUN_20260913_121444,162,1377890,SESSION_002,0,0,8190,4,32.55,62.95,1007.25,44.2,1,EMPTY
2026-09-13T12:36:08.923+08:00,RUN_20260913_121444,163,1378894,SESSION_002,0,0,8190,4,32.55,62.92,1007.25,44.2,1,EMPTY
2026-09-13T12:36:09.927+08:00,RUN_20260913_121444,164,1379898,SESSION_002,0,0,8190,4,32.55,62.94,1007.25,44.2,1,EMPTY
2026-09-13T12:36:11.113+08:00,RUN_20260913_121444,165,1381084,SESSION_002,0,0,8190,4,32.55,63.06,1007.25,44.2,1,EMPTY
2026-09-13T12:36:11.931+08:00,RUN_20260913_121444,166,1381902,SESSION_002,0,0,8190,4,32.55,62.94,1007.25,44.2,1,EMPTY
2026-09-13T12:36:12.935+08:00,RUN_20260913_121444,167,1382906,SESSION_002,0,0,8190,4,32.55,62.94,1007.25,44.2,1,EMPTY
2026-09-13T12:36:14.121+08:00,RUN_20260913_121444,168,1384092,SESSION_002,0,0,8190,4,32.55,63.01,1007.26,44.2,1,EMPTY
2026-09-13T12:36:14.939+08:00,RUN_20260913_121444,169,1384910,SESSION_002,0,0,8190,4,32.55,62.95,1007.26,44.2,1,EMPTY
2026-09-13T12:36:15.943+08:00,RUN_20260913_121444,170,1385914,SESSION_002,0,0,8190,4,32.55,62.93,1007.26,44.2,1,EMPTY
2026-09-13T12:36:16.947+08:00,RUN_20260913_121444,171,1386918,SESSION_002,0,0,8190,4,32.55,62.96,1007.26,44.2,1,EMPTY
2026-09-13T12:36:17.951+08:00,RUN_20260913_121444,172,1387922,SESSION_002,0,0,8190,4,32.55,62.95,1007.26,44.2,1,EMPTY
2026-09-13T12:36:19.137+08:00,RUN_20260913_121444,173,1389108,SESSION_002,0,0,8190,4,32.55,63.00,1007.26,44.2,1,EMPTY
2026-09-13T12:36:19.955+08:00,RUN_20260913_121444,174,1389926,SESSION_002,0,0,8190,4,32.55,63.00,1007.26,44.2,1,EMPTY
2026-09-13T12:36:20.959+08:00,RUN_20260913_121444,175,1390930,SESSION_002,0,0,8190,4,32.55,63.05,1007.26,44.2,1,EMPTY
2026-09-13T12:36:21.963+08:00,RUN_20260913_121444,176,1391934,SESSION_002,0,0,8190,4,32.55,62.96,1007.26,44.2,1,EMPTY
2026-09-13T12:36:23.149+08:00,RUN_20260913_121444,177,1393120,SESSION_002,0,0,8190,4,32.55,62.95,1007.26,44.2,1,EMPTY
2026-09-13T12:36:23.967+08:00,RUN_20260913_121444,178,1393938,SESSION_002,0,0,8190,4,32.55,62.88,1007.26,44.2,1,EMPTY
2026-09-13T12:36:25.153+08:00,RUN_20260913_121444,179,1395124,SESSION_002,0,0,8190,4,32.55,62.88,1007.26,44.2,1,EMPTY
2026-09-13T12:36:25.971+08:00,RUN_20260913_121444,180,1395942,SESSION_002,0,0,8190,4,32.55,62.91,1007.26,44.2,1,EMPTY
2026-09-13T12:36:27.157+08:00,RUN_20260913_121444,181,1397128,SESSION_002,0,0,8190,4,32.55,62.98,1007.26,44.2,1,EMPTY
2026-09-13T12:36:28.157+08:00,RUN_20260913_121444,182,1398128,SESSION_002,0,0,8190,4,32.55,62.88,1007.26,44.2,1,EMPTY
2026-09-13T12:36:29.157+08:00,RUN_20260913_121444,183,1399128,SESSION_002,0,0,8190,4,32.55,62.88,1007.26,44.2,1,EMPTY
2026-09-13T12:36:30.157+08:00,RUN_20260913_121444,184,1400128,SESSION_002,0,0,8190,4,32.55,62.95,1007.25,44.2,1,EMPTY
2026-09-13T12:36:30.975+08:00,RUN_20260913_121444,185,1400946,SESSION_002,0,0,8190,4,32.55,62.99,1007.25,44.2,1,EMPTY
2026-09-13T12:36:31.979+08:00,RUN_20260913_121444,186,1401950,SESSION_002,0,0,8190,4,32.55,62.91,1007.26,44.2,1,EMPTY
2026-09-13T12:36:32.983+08:00,RUN_20260913_121444,187,1402954,SESSION_002,0,0,8190,4,32.55,62.94,1007.26,44.2,1,EMPTY
2026-09-13T12:36:34.169+08:00,RUN_20260913_121444,188,1404140,SESSION_002,0,0,8190,4,32.55,62.99,1007.26,44.2,1,EMPTY
2026-09-13T12:36:34.987+08:00,RUN_20260913_121444,189,1404958,SESSION_002,0,0,8190,4,32.55,62.99,1007.26,44.2,1,EMPTY
2026-09-13T12:36:35.991+08:00,RUN_20260913_121444,190,1405962,SESSION_002,0,0,8190,4,32.55,62.98,1007.26,44.2,1,EMPTY
2026-09-13T12:36:36.995+08:00,RUN_20260913_121444,191,1406966,SESSION_002,0,0,8190,4,32.55,62.96,1007.27,44.2,1,EMPTY
2026-09-13T12:36:37.999+08:00,RUN_20260913_121444,192,1407970,SESSION_002,0,0,8190,4,32.55,63.03,1007.27,44.2,1,EMPTY
2026-09-13T12:36:39.003+08:00,RUN_20260913_121444,193,1408974,SESSION_002,0,0,8190,4,32.55,62.95,1007.27,44.2,1,EMPTY
2026-09-13T12:36:40.007+08:00,RUN_20260913_121444,194,1409978,SESSION_002,0,0,8190,4,32.55,62.95,1007.27,44.2,1,EMPTY
2026-09-13T12:36:41.193+08:00,RUN_20260913_121444,195,1411164,SESSION_002,0,0,8190,4,32.55,62.92,1007.28,44.2,1,EMPTY
2026-09-13T12:36:42.011+08:00,RUN_20260913_121444,196,1411982,SESSION_002,0,0,8190,4,32.55,62.89,1007.28,44.2,1,EMPTY
2026-09-13T12:36:43.015+08:00,RUN_20260913_121444,197,1412986,SESSION_002,0,0,8190,4,32.55,63.00,1007.28,44.2,1,EMPTY
2026-09-13T12:36:44.201+08:00,RUN_20260913_121444,198,1414172,SESSION_002,0,0,8190,4,32.55,62.94,1007.28,44.2,1,EMPTY
2026-09-13T12:36:45.201+08:00,RUN_20260913_121444,199,1415172,SESSION_002,0,0,8190,4,32.55,63.03,1007.28,44.2,1,EMPTY
2026-09-13T12:36:46.019+08:00,RUN_20260913_121444,200,1415990,SESSION_002,0,0,8190,4,32.55,62.91,1007.28,44.2,1,EMPTY
2026-09-13T12:36:47.205+08:00,RUN_20260913_121444,201,1417176,SESSION_002,0,0,8190,4,32.55,62.95,1007.28,44.2,1,EMPTY
2026-09-13T12:36:48.023+08:00,RUN_20260913_121444,202,1417994,SESSION_002,0,0,8190,4,32.55,62.88,1007.28,44.2,1,EMPTY
2026-09-13T12:36:49.209+08:00,RUN_20260913_121444,203,1419180,SESSION_002,0,0,8190,4,32.55,62.93,1007.28,44.2,1,EMPTY
2026-09-13T12:36:50.209+08:00,RUN_20260913_121444,204,1420180,SESSION_002,0,0,8190,4,32.55,62.98,1007.28,44.2,1,EMPTY
2026-09-13T12:36:51.209+08:00,RUN_20260913_121444,205,1421180,SESSION_002,0,0,8190,4,32.55,62.89,1007.28,44.2,1,EMPTY
2026-09-13T12:36:52.027+08:00,RUN_20260913_121444,206,1421998,SESSION_002,0,0,8190,4,32.55,62.87,1007.28,44.2,1,EMPTY
2026-09-13T12:36:53.031+08:00,RUN_20260913_121444,207,1423002,SESSION_002,0,0,8190,4,32.55,62.88,1007.28,44.2,1,EMPTY
2026-09-13T12:36:54.217+08:00,RUN_20260913_121444,208,1424188,SESSION_002,0,0,8190,4,32.55,62.85,1007.28,44.2,1,EMPTY
2026-09-13T12:36:55.217+08:00,RUN_20260913_121444,209,1425188,SESSION_002,0,0,8190,4,32.54,62.87,1007.28,44.2,1,EMPTY
2026-09-13T12:36:56.217+08:00,RUN_20260913_121444,210,1426188,SESSION_002,0,0,8190,4,32.54,62.95,1007.28,44.2,1,EMPTY
2026-09-13T12:36:57.035+08:00,RUN_20260913_121444,211,1427006,SESSION_002,0,0,8190,4,32.54,62.90,1007.28,44.2,1,EMPTY
2026-09-13T12:36:58.039+08:00,RUN_20260913_121444,212,1428010,SESSION_002,0,0,8190,4,32.54,62.96,1007.27,44.2,1,EMPTY
2026-09-13T12:36:59.043+08:00,RUN_20260913_121444,213,1429014,SESSION_002,0,0,8190,4,32.54,62.88,1007.27,44.2,1,EMPTY
2026-09-13T12:37:00.047+08:00,RUN_20260913_121444,214,1430018,SESSION_002,0,0,8190,4,32.54,62.88,1007.27,44.2,1,EMPTY
2026-09-13T12:37:01.051+08:00,RUN_20260913_121444,215,1431022,SESSION_002,0,0,8190,4,32.54,62.88,1007.26,44.2,1,EMPTY
2026-09-13T12:37:02.055+08:00,RUN_20260913_121444,216,1432026,SESSION_002,0,0,8190,4,32.54,62.87,1007.26,44.2,1,EMPTY
2026-09-13T12:37:03.059+08:00,RUN_20260913_121444,217,1433030,SESSION_002,0,0,8190,4,32.54,62.88,1007.26,44.2,1,EMPTY
2026-09-13T12:37:04.245+08:00,RUN_20260913_121444,218,1434216,SESSION_002,0,0,8190,4,32.54,62.89,1007.26,44.2,1,EMPTY
2026-09-13T12:37:05.063+08:00,RUN_20260913_121444,219,1435034,SESSION_002,0,0,8190,4,32.54,62.98,1007.26,44.2,1,EMPTY
2026-09-13T12:37:06.067+08:00,RUN_20260913_121444,220,1436038,SESSION_002,0,0,8190,4,32.54,62.89,1007.26,44.2,1,EMPTY
2026-09-13T12:37:07.071+08:00,RUN_20260913_121444,221,1437042,SESSION_002,0,0,8190,4,32.54,62.89,1007.26,44.2,1,EMPTY
2026-09-13T12:37:08.075+08:00,RUN_20260913_121444,222,1438046,SESSION_002,0,0,8190,4,32.54,62.88,1007.26,44.2,1,EMPTY
2026-09-13T12:37:09.261+08:00,RUN_20260913_121444,223,1439232,SESSION_002,0,0,8190,4,32.54,62.96,1007.26,44.2,1,EMPTY
2026-09-13T12:37:10.261+08:00,RUN_20260913_121444,224,1440232,SESSION_002,0,0,8190,4,32.54,62.95,1007.26,44.2,1,EMPTY
2026-09-13T12:37:11.261+08:00,RUN_20260913_121444,225,1441232,SESSION_002,0,0,8190,4,32.54,62.92,1007.26,44.2,1,EMPTY
2026-09-13T12:37:12.079+08:00,RUN_20260913_121444,226,1442050,SESSION_002,0,0,8190,4,32.54,62.89,1007.26,44.2,1,EMPTY
2026-09-13T12:37:13.265+08:00,RUN_20260913_121444,227,1443236,SESSION_002,0,0,8190,4,32.54,62.90,1007.26,44.2,1,EMPTY
2026-09-13T12:37:14.265+08:00,RUN_20260913_121444,228,1444236,SESSION_002,0,0,8190,4,32.54,62.90,1007.26,44.2,1,EMPTY
2026-09-13T12:37:15.265+08:00,RUN_20260913_121444,229,1445236,SESSION_002,0,0,8190,4,32.54,62.87,1007.26,44.2,1,EMPTY
2026-09-13T12:37:16.083+08:00,RUN_20260913_121444,230,1446054,SESSION_002,0,0,8190,4,32.54,62.96,1007.26,44.2,1,EMPTY
2026-09-13T12:37:17.269+08:00,RUN_20260913_121444,231,1447240,SESSION_002,0,0,8190,4,32.54,62.96,1007.25,44.2,1,EMPTY
2026-09-13T12:37:18.269+08:00,RUN_20260913_121444,232,1448240,SESSION_002,0,0,8190,4,32.54,62.90,1007.25,43.3,1,EMPTY
2026-09-13T12:37:19.087+08:00,RUN_20260913_121444,233,1449058,SESSION_002,0,0,8190,4,32.54,62.98,1007.25,44.2,1,EMPTY
2026-09-13T12:37:20.091+08:00,RUN_20260913_121444,234,1450062,SESSION_002,0,0,8190,4,32.54,62.95,1007.25,44.2,1,EMPTY
2026-09-13T12:37:21.095+08:00,RUN_20260913_121444,235,1451066,SESSION_002,0,0,8190,4,32.54,62.90,1007.25,44.2,1,EMPTY
2026-09-13T12:37:22.281+08:00,RUN_20260913_121444,236,1452252,SESSION_002,0,0,8190,4,32.54,62.93,1007.24,43.3,1,EMPTY
2026-09-13T12:37:23.281+08:00,RUN_20260913_121444,237,1453252,SESSION_002,0,0,8190,4,32.54,62.95,1007.24,43.3,1,EMPTY
2026-09-13T12:37:24.099+08:00,RUN_20260913_121444,238,1454070,SESSION_002,0,0,8190,4,32.54,63.02,1007.24,44.2,1,EMPTY
2026-09-13T12:37:25.103+08:00,RUN_20260913_121444,239,1455074,SESSION_002,0,0,8190,4,32.54,62.92,1007.24,44.2,1,EMPTY
2026-09-13T12:37:26.289+08:00,RUN_20260913_121444,240,1456260,SESSION_002,0,0,8190,4,32.54,62.92,1007.24,43.3,1,EMPTY
2026-09-13T12:37:27.107+08:00,RUN_20260913_121444,241,1457078,SESSION_002,0,0,8190,4,32.54,63.06,1007.24,44.2,1,EMPTY
2026-09-13T12:37:28.111+08:00,RUN_20260913_121444,242,1458082,SESSION_002,0,0,8190,4,32.54,62.96,1007.23,44.2,1,EMPTY
2026-09-13T12:37:29.115+08:00,RUN_20260913_121444,243,1459086,SESSION_002,0,0,8190,4,32.54,63.04,1007.24,44.2,1,EMPTY
2026-09-13T12:37:30.301+08:00,RUN_20260913_121444,244,1460272,SESSION_002,0,0,8190,4,32.54,63.01,1007.24,43.3,1,EMPTY
2026-09-13T12:37:31.119+08:00,RUN_20260913_121444,245,1461090,SESSION_002,0,0,8190,4,32.54,62.94,1007.24,44.2,1,EMPTY
2026-09-13T12:37:32.305+08:00,RUN_20260913_121444,246,1462276,SESSION_002,0,0,8190,4,32.54,62.95,1007.24,44.2,1,EMPTY
2026-09-13T12:37:33.123+08:00,RUN_20260913_121444,247,1463094,SESSION_002,0,0,8190,4,32.54,62.98,1007.24,44.2,1,EMPTY
2026-09-13T12:37:34.127+08:00,RUN_20260913_121444,248,1464098,SESSION_002,0,0,8190,4,32.54,62.99,1007.25,44.2,1,EMPTY
2026-09-13T12:37:35.131+08:00,RUN_20260913_121444,249,1465102,SESSION_002,0,0,8190,4,32.54,62.99,1007.25,44.2,1,EMPTY
2026-09-13T12:37:36.135+08:00,RUN_20260913_121444,250,1466106,SESSION_002,0,0,8190,4,32.54,62.98,1007.25,44.2,1,EMPTY
2026-09-13T12:37:37.321+08:00,RUN_20260913_121444,251,1467292,SESSION_002,0,0,8190,4,32.54,62.96,1007.26,44.2,1,EMPTY
2026-09-13T12:37:38.139+08:00,RUN_20260913_121444,252,1468110,SESSION_002,0,0,8190,4,32.54,62.98,1007.26,44.2,1,EMPTY
2026-09-13T12:37:39.325+08:00,RUN_20260913_121444,253,1469296,SESSION_002,0,0,8190,4,32.54,62.99,1007.27,43.3,1,EMPTY
2026-09-13T12:37:40.143+08:00,RUN_20260913_121444,254,1470114,SESSION_002,0,0,8190,4,32.54,62.99,1007.27,44.2,1,EMPTY
2026-09-13T12:37:41.147+08:00,RUN_20260913_121444,255,1471118,SESSION_002,0,0,8190,4,32.54,62.94,1007.27,44.2,1,EMPTY
2026-09-13T12:37:42.333+08:00,RUN_20260913_121444,256,1472304,SESSION_002,0,0,8190,4,32.54,62.96,1007.27,43.3,1,EMPTY
2026-09-13T12:37:43.151+08:00,RUN_20260913_121444,257,1473122,SESSION_002,0,0,8190,4,32.54,63.04,1007.27,44.2,1,EMPTY
2026-09-13T12:37:44.337+08:00,RUN_20260913_121444,258,1474308,SESSION_002,0,0,8190,4,32.54,62.94,1007.28,43.3,1,EMPTY
2026-09-13T12:37:45.337+08:00,RUN_20260913_121444,259,1475308,SESSION_002,0,0,8190,4,32.54,62.95,1007.28,43.3,1,EMPTY
2026-09-13T12:37:46.155+08:00,RUN_20260913_121444,260,1476126,SESSION_002,0,0,8190,4,32.54,63.04,1007.27,44.2,1,EMPTY
2026-09-13T12:37:47.159+08:00,RUN_20260913_121444,261,1477130,SESSION_002,0,0,8190,4,32.54,62.96,1007.27,44.2,1,EMPTY
2026-09-13T12:37:48.345+08:00,RUN_20260913_121444,262,1478316,SESSION_002,0,0,8190,4,32.54,62.96,1007.27,43.3,1,EMPTY
2026-09-13T12:37:49.163+08:00,RUN_20260913_121444,263,1479134,SESSION_002,0,0,8190,4,32.54,62.94,1007.27,44.2,1,EMPTY
2026-09-13T12:37:50.167+08:00,RUN_20260913_121444,264,1480138,SESSION_002,0,0,8190,4,32.54,63.04,1007.27,44.2,1,EMPTY
2026-09-13T12:37:51.171+08:00,RUN_20260913_121444,265,1481142,SESSION_002,0,0,8190,4,32.54,62.95,1007.26,44.2,1,EMPTY
2026-09-13T12:37:52.357+08:00,RUN_20260913_121444,266,1482328,SESSION_002,0,0,8190,4,32.54,63.04,1007.26,43.3,1,EMPTY
2026-09-13T12:37:53.175+08:00,RUN_20260913_121444,267,1483146,SESSION_002,0,0,8190,4,32.54,62.98,1007.26,44.2,1,EMPTY
2026-09-13T12:37:54.179+08:00,RUN_20260913_121444,268,1484150,SESSION_002,0,0,8190,4,32.54,63.05,1007.26,44.2,1,EMPTY
2026-09-13T12:37:55.365+08:00,RUN_20260913_121444,269,1485336,SESSION_002,0,0,8190,4,32.54,62.96,1007.26,43.3,1,EMPTY
2026-09-13T12:37:56.183+08:00,RUN_20260913_121444,270,1486154,SESSION_002,0,0,8190,4,32.54,62.95,1007.26,44.2,1,EMPTY
2026-09-13T12:37:57.369+08:00,RUN_20260913_121444,271,1487340,SESSION_002,0,0,8190,4,32.54,63.04,1007.26,43.3,1,EMPTY
2026-09-13T12:37:58.187+08:00,RUN_20260913_121444,272,1488158,SESSION_002,0,0,8190,4,32.54,62.96,1007.26,44.2,1,EMPTY
2026-09-13T12:37:59.373+08:00,RUN_20260913_121444,273,1489344,SESSION_002,0,0,8190,4,32.54,62.98,1007.26,43.3,1,EMPTY
2026-09-13T12:38:00.191+08:00,RUN_20260913_121444,274,1490162,SESSION_002,0,0,8190,4,32.54,62.96,1007.26,44.2,1,EMPTY
2026-09-13T12:38:01.195+08:00,RUN_20260913_121444,275,1491166,SESSION_002,0,0,8190,4,32.54,62.96,1007.26,44.2,1,EMPTY
2026-09-13T12:38:02.199+08:00,RUN_20260913_121444,276,1492170,SESSION_002,0,0,8190,4,32.54,63.04,1007.26,44.2,1,EMPTY
2026-09-13T12:38:03.203+08:00,RUN_20260913_121444,277,1493174,SESSION_002,0,0,8190,4,32.54,63.02,1007.26,44.2,1,EMPTY
2026-09-13T12:38:04.207+08:00,RUN_20260913_121444,278,1494178,SESSION_002,0,0,8190,4,32.54,62.96,1007.26,44.2,1,EMPTY
2026-09-13T12:38:05.211+08:00,RUN_20260913_121444,279,1495182,SESSION_002,0,0,8190,4,32.54,63.04,1007.26,44.2,1,EMPTY
2026-09-13T12:38:06.397+08:00,RUN_20260913_121444,280,1496368,SESSION_002,0,0,8190,4,32.54,62.93,1007.26,43.3,1,EMPTY
2026-09-13T12:38:07.397+08:00,RUN_20260913_121444,281,1497368,SESSION_002,0,0,8190,4,32.54,62.94,1007.26,43.3,1,EMPTY
2026-09-13T12:38:08.215+08:00,RUN_20260913_121444,282,1498186,SESSION_002,0,0,8190,4,32.54,62.98,1007.27,44.2,1,EMPTY
2026-09-13T12:38:09.219+08:00,RUN_20260913_121444,283,1499190,SESSION_002,0,0,8190,4,32.54,62.94,1007.27,44.2,1,EMPTY
2026-09-13T12:38:10.223+08:00,RUN_20260913_121444,284,1500194,SESSION_002,0,0,8190,4,32.54,62.94,1007.27,44.2,1,EMPTY
2026-09-13T12:38:11.227+08:00,RUN_20260913_121444,285,1501198,SESSION_002,0,0,8190,4,32.54,62.92,1007.27,44.2,1,EMPTY
2026-09-13T12:38:12.413+08:00,RUN_20260913_121444,286,1502384,SESSION_002,0,0,8190,4,32.54,62.96,1007.27,43.3,1,EMPTY
2026-09-13T12:38:13.413+08:00,RUN_20260913_121444,287,1503384,SESSION_002,0,0,8190,4,32.54,63.04,1007.27,43.3,1,EMPTY
2026-09-13T12:38:14.413+08:00,RUN_20260913_121444,288,1504384,SESSION_002,0,0,8190,4,32.54,63.04,1007.27,43.3,1,EMPTY
2026-09-13T12:38:15.413+08:00,RUN_20260913_121444,289,1505384,SESSION_002,0,0,8190,4,32.54,63.04,1007.27,43.3,1,EMPTY
2026-09-13T12:38:16.231+08:00,RUN_20260913_121444,290,1506202,SESSION_002,0,0,8190,4,32.54,62.96,1007.27,44.2,1,EMPTY
2026-09-13T12:38:17.417+08:00,RUN_20260913_121444,291,1507388,SESSION_002,0,0,8190,4,32.54,62.96,1007.27,43.3,1,EMPTY
2026-09-13T12:38:18.417+08:00,RUN_20260913_121444,292,1508388,SESSION_002,0,0,8190,4,32.54,62.95,1007.27,43.3,1,EMPTY
2026-09-13T12:38:19.417+08:00,RUN_20260913_121444,293,1509388,SESSION_002,0,0,8190,4,32.54,62.96,1007.27,43.3,1,EMPTY
2026-09-13T12:38:20.235+08:00,RUN_20260913_121444,294,1510206,SESSION_002,0,0,8190,4,32.54,62.95,1007.27,44.2,1,EMPTY
2026-09-13T12:38:21.421+08:00,RUN_20260913_121444,295,1511392,SESSION_002,0,0,8190,4,32.54,62.95,1007.27,43.3,1,EMPTY
2026-09-13T12:38:22.421+08:00,RUN_20260913_121444,296,1512392,SESSION_002,0,0,8190,4,32.54,63.00,1007.27,43.3,1,EMPTY
2026-09-13T12:38:23.421+08:00,RUN_20260913_121444,297,1513392,SESSION_002,0,0,8190,4,32.54,62.92,1007.27,43.3,1,EMPTY
2026-09-13T12:38:24.239+08:00,RUN_20260913_121444,298,1514210,SESSION_002,0,0,8190,4,32.54,62.92,1007.27,44.2,1,EMPTY
2026-09-13T12:38:25.243+08:00,RUN_20260913_121444,299,1515214,SESSION_002,0,0,8190,4,32.54,62.89,1007.28,44.2,1,EMPTY
2026-09-13T12:38:26.247+08:00,RUN_20260913_121444,300,1516218,SESSION_002,0,0,8190,4,32.54,62.90,1007.28,44.2,1,EMPTY
2026-09-13T12:38:27.251+08:00,RUN_20260913_121444,301,1517222,SESSION_002,0,0,8190,4,32.54,62.93,1007.28,44.2,1,EMPTY
2026-09-13T12:38:28.255+08:00,RUN_20260913_121444,302,1518226,SESSION_002,0,0,8190,4,32.54,63.00,1007.28,44.2,1,EMPTY
2026-09-13T12:38:29.259+08:00,RUN_20260913_121444,303,1519230,SESSION_002,0,0,8190,4,32.54,62.93,1007.29,44.2,1,EMPTY
2026-09-13T12:38:30.445+08:00,RUN_20260913_121444,304,1520416,SESSION_002,0,0,8190,4,32.54,62.99,1007.29,43.3,1,EMPTY
2026-09-13T12:38:31.263+08:00,RUN_20260913_121444,305,1521234,SESSION_002,0,0,8190,4,32.54,62.96,1007.29,43.3,1,EMPTY
2026-09-13T12:38:32.267+08:00,RUN_20260913_121444,306,1522238,SESSION_002,0,0,8190,4,32.54,62.93,1007.29,44.2,1,EMPTY
2026-09-13T12:38:33.453+08:00,RUN_20260913_121444,307,1523424,SESSION_002,0,0,8190,4,32.54,62.90,1007.29,43.3,1,EMPTY
2026-09-13T12:38:34.453+08:00,RUN_20260913_121444,308,1524424,SESSION_002,0,0,8190,4,32.54,62.90,1007.29,43.3,1,EMPTY
2026-09-13T12:38:35.271+08:00,RUN_20260913_121444,309,1525242,SESSION_002,0,0,8190,4,32.54,62.95,1007.30,44.2,1,EMPTY
2026-09-13T12:38:36.457+08:00,RUN_20260913_121444,310,1526428,SESSION_002,0,0,8190,4,32.54,62.94,1007.30,43.3,1,EMPTY
2026-09-13T12:38:37.275+08:00,RUN_20260913_121444,311,1527246,SESSION_002,0,0,8190,4,32.54,63.04,1007.31,43.3,1,EMPTY
2026-09-13T12:38:38.461+08:00,RUN_20260913_121444,312,1528432,SESSION_002,0,0,8190,4,32.54,63.04,1007.31,43.3,1,EMPTY
2026-09-13T12:38:39.279+08:00,RUN_20260913_121444,313,1529250,SESSION_002,0,0,8190,4,32.54,62.95,1007.31,43.3,1,EMPTY
2026-09-13T12:38:40.465+08:00,RUN_20260913_121444,314,1530436,SESSION_002,0,0,8190,4,32.54,62.95,1007.31,43.3,1,EMPTY
2026-09-13T12:38:41.465+08:00,RUN_20260913_121444,315,1531436,SESSION_002,0,0,8190,4,32.53,62.96,1007.30,43.3,1,EMPTY
2026-09-13T12:38:42.283+08:00,RUN_20260913_121444,316,1532254,SESSION_002,0,0,8190,4,32.54,63.04,1007.31,43.3,1,EMPTY
2026-09-13T12:38:43.287+08:00,RUN_20260913_121444,317,1533258,SESSION_002,0,0,8190,4,32.54,62.98,1007.31,44.2,1,EMPTY
2026-09-13T12:38:44.291+08:00,RUN_20260913_121444,318,1534262,SESSION_002,0,0,8190,4,32.54,63.06,1007.31,44.2,1,EMPTY
2026-09-13T12:38:45.477+08:00,RUN_20260913_121444,319,1535448,SESSION_002,0,0,8190,4,32.54,62.98,1007.31,43.3,1,EMPTY
2026-09-13T12:38:46.477+08:00,RUN_20260913_121444,320,1536448,SESSION_002,0,0,8190,4,32.54,62.98,1007.31,43.3,1,EMPTY
2026-09-13T12:38:47.295+08:00,RUN_20260913_121444,321,1537266,SESSION_002,0,0,8190,4,32.54,62.99,1007.31,44.2,1,EMPTY
2026-09-13T12:38:48.299+08:00,RUN_20260913_121444,322,1538270,SESSION_002,0,0,8190,4,32.54,62.99,1007.31,44.2,1,EMPTY
2026-09-13T12:38:49.303+08:00,RUN_20260913_121444,323,1539274,SESSION_002,0,0,8190,4,32.54,63.00,1007.31,44.2,1,EMPTY
2026-09-13T12:38:50.307+08:00,RUN_20260913_121444,324,1540278,SESSION_002,0,0,8190,4,32.53,62.99,1007.30,43.3,1,EMPTY
2026-09-13T12:38:51.311+08:00,RUN_20260913_121444,325,1541282,SESSION_002,0,0,8190,4,32.53,63.00,1007.30,43.3,1,EMPTY
2026-09-13T12:38:52.315+08:00,RUN_20260913_121444,326,1542286,SESSION_002,0,0,8190,4,32.53,63.01,1007.31,43.3,1,EMPTY
2026-09-13T12:38:53.501+08:00,RUN_20260913_121444,327,1543472,SESSION_002,0,0,8190,4,32.53,63.06,1007.31,43.3,1,EMPTY
2026-09-13T12:38:54.319+08:00,RUN_20260913_121444,328,1544290,SESSION_002,0,0,8190,4,32.53,63.00,1007.31,43.3,1,EMPTY
2026-09-13T12:38:55.505+08:00,RUN_20260913_121444,329,1545476,SESSION_002,0,0,8190,4,32.53,63.00,1007.31,43.3,1,EMPTY
2026-09-13T12:38:56.323+08:00,RUN_20260913_121444,330,1546294,SESSION_002,0,0,8190,4,32.53,63.07,1007.31,43.3,1,EMPTY
2026-09-13T12:38:57.327+08:00,RUN_20260913_121444,331,1547298,SESSION_002,0,0,8190,4,32.53,62.99,1007.30,44.2,1,EMPTY
2026-09-13T12:38:58.513+08:00,RUN_20260913_121444,332,1548484,SESSION_002,0,0,8190,4,32.53,63.08,1007.31,43.3,1,EMPTY
2026-09-13T12:38:59.331+08:00,RUN_20260913_121444,333,1549302,SESSION_002,0,0,8190,4,32.53,63.12,1007.31,43.3,1,EMPTY
2026-09-13T12:39:00.335+08:00,RUN_20260913_121444,334,1550306,SESSION_002,0,0,8190,4,32.53,63.13,1007.31,43.3,1,EMPTY
2026-09-13T12:39:01.339+08:00,RUN_20260913_121444,335,1551310,SESSION_002,0,0,8190,4,32.53,63.12,1007.31,43.3,1,EMPTY
2026-09-13T12:39:02.343+08:00,RUN_20260913_121444,336,1552314,SESSION_002,0,0,8190,4,32.53,63.11,1007.31,43.3,1,EMPTY
2026-09-13T12:39:03.529+08:00,RUN_20260913_121444,337,1553500,SESSION_002,0,0,8190,4,32.53,63.11,1007.30,43.3,1,EMPTY
2026-09-13T12:39:04.347+08:00,RUN_20260913_121444,338,1554318,SESSION_002,0,0,8190,4,32.53,63.13,1007.30,44.2,1,EMPTY
2026-09-13T12:39:05.533+08:00,RUN_20260913_121444,339,1555504,SESSION_002,0,0,8190,4,32.53,63.03,1007.30,43.3,1,EMPTY
2026-09-13T12:39:06.351+08:00,RUN_20260913_121444,340,1556322,SESSION_002,0,0,8190,4,32.53,63.05,1007.30,43.3,1,EMPTY
2026-09-13T12:39:07.355+08:00,RUN_20260913_121444,341,1557326,SESSION_002,0,0,8190,4,32.53,63.11,1007.29,43.3,1,EMPTY
2026-09-13T12:39:08.359+08:00,RUN_20260913_121444,342,1558330,SESSION_002,0,0,8190,4,32.53,63.02,1007.29,43.3,1,EMPTY
2026-09-13T12:39:09.545+08:00,RUN_20260913_121444,343,1559516,SESSION_002,0,0,8190,4,32.53,63.11,1007.29,43.3,1,EMPTY
2026-09-13T12:39:10.363+08:00,RUN_20260913_121444,344,1560334,SESSION_002,0,0,8190,4,32.53,63.02,1007.29,43.3,1,EMPTY
2026-09-13T12:39:11.367+08:00,RUN_20260913_121444,345,1561338,SESSION_002,0,0,8190,4,32.53,63.05,1007.29,43.3,1,EMPTY
2026-09-13T12:39:12.371+08:00,RUN_20260913_121444,346,1562342,SESSION_002,0,0,8190,4,32.53,63.02,1007.29,43.3,1,EMPTY
2026-09-13T12:39:13.375+08:00,RUN_20260913_121444,347,1563346,SESSION_002,0,0,8190,4,32.53,62.99,1007.29,43.3,1,EMPTY
2026-09-13T12:39:14.379+08:00,RUN_20260913_121444,348,1564350,SESSION_002,0,0,8190,4,32.53,63.02,1007.30,43.3,1,EMPTY
2026-09-13T12:39:15.383+08:00,RUN_20260913_121444,349,1565354,SESSION_002,0,0,8190,4,32.53,63.06,1007.30,43.3,1,EMPTY
2026-09-13T12:39:16.387+08:00,RUN_20260913_121444,350,1566358,SESSION_002,0,0,8190,4,32.53,63.00,1007.30,43.3,1,EMPTY
2026-09-13T12:39:17.391+08:00,RUN_20260913_121444,351,1567362,SESSION_002,0,0,8190,4,32.53,62.99,1007.30,43.3,1,EMPTY
2026-09-13T12:39:18.395+08:00,RUN_20260913_121444,352,1568366,SESSION_002,0,0,8190,4,32.53,62.96,1007.30,43.3,1,EMPTY
2026-09-13T12:39:19.399+08:00,RUN_20260913_121444,353,1569370,SESSION_002,0,0,8190,4,32.53,63.06,1007.30,43.3,1,EMPTY
2026-09-13T12:39:20.585+08:00,RUN_20260913_121444,354,1570556,SESSION_002,0,0,8190,4,32.53,62.97,1007.30,43.3,1,EMPTY
2026-09-13T12:39:21.403+08:00,RUN_20260913_121444,355,1571374,SESSION_002,0,0,8190,4,32.53,63.00,1007.29,44.2,1,EMPTY
2026-09-13T12:39:22.407+08:00,RUN_20260913_121444,356,1572378,SESSION_002,0,0,8190,4,32.53,62.99,1007.29,43.3,1,EMPTY
2026-09-13T12:39:23.411+08:00,RUN_20260913_121444,357,1573382,SESSION_002,0,0,8190,4,32.53,62.96,1007.29,43.3,1,EMPTY
2026-09-13T12:39:24.597+08:00,RUN_20260913_121444,358,1574568,SESSION_002,0,0,8190,4,32.53,63.12,1007.29,43.3,1,EMPTY
2026-09-13T12:39:25.415+08:00,RUN_20260913_121444,359,1575386,SESSION_002,1,0,8190,4,32.53,63.05,1007.29,43.3,1,EMPTY
2026-09-13T12:39:26.419+08:00,RUN_20260913_121444,360,1576390,SESSION_002,1,0,8190,4,32.53,63.03,1007.29,43.3,1,EMPTY
2026-09-13T12:39:27.605+08:00,RUN_20260913_121444,361,1577576,SESSION_002,1,0,8190,4,32.53,62.99,1007.29,42.5,1,EMPTY
2026-09-13T12:39:28.605+08:00,RUN_20260913_121444,362,1578576,SESSION_002,1,0,40,0,32.53,63.00,1007.29,41.7,1,EMPTY
2026-09-13T12:39:29.610+08:00,RUN_20260913_121444,363,1579581,SESSION_002,1,0,29,0,32.53,63.12,1007.29,40.8,1,EMPTY
2026-09-13T12:39:30.615+08:00,RUN_20260913_121444,364,1580586,SESSION_002,0,0,25,0,32.53,63.88,1007.29,40.8,1,EMPTY
2026-09-13T12:39:31.620+08:00,RUN_20260913_121444,365,1581591,SESSION_002,0,0,31,0,32.53,65.69,1007.29,40.8,1,EMPTY
2026-09-13T13:02:55.182+08:00,RUN_20260913_121444,1,2985153,SESSION_003,1,0,28,0,29.16,60.59,1006.94,40.0,1,EMPTY
2026-09-13T13:02:56.187+08:00,RUN_20260913_121444,2,2986158,SESSION_003,0,0,8190,4,29.15,60.56,1006.94,41.7,1,EMPTY
2026-09-13T13:02:57.192+08:00,RUN_20260913_121444,3,2987163,SESSION_003,0,0,8190,4,29.15,60.60,1006.94,41.7,1,EMPTY
2026-09-13T13:02:58.197+08:00,RUN_20260913_121444,4,2988168,SESSION_003,1,0,456,0,29.15,60.56,1006.94,42.5,1,EMPTY
2026-09-13T13:02:59.202+08:00,RUN_20260913_121444,5,2989173,SESSION_003,1,0,8190,4,29.15,60.31,1006.94,42.5,1,EMPTY
2026-09-13T13:03:00.207+08:00,RUN_20260913_121444,6,2990178,SESSION_003,1,0,8190,4,29.15,60.22,1006.94,43.3,1,EMPTY
2026-09-13T13:03:01.030+08:00,RUN_20260913_121444,7,2991001,SESSION_003,0,0,8190,4,29.15,60.25,1006.94,43.3,1,EMPTY
2026-09-13T13:03:02.215+08:00,RUN_20260913_121444,8,2992186,SESSION_003,0,0,8190,4,29.15,60.03,1006.94,43.3,1,EMPTY
2026-09-13T13:03:03.220+08:00,RUN_20260913_121444,9,2993191,SESSION_003,0,0,8190,4,29.15,60.06,1006.94,43.3,1,EMPTY
2026-09-13T13:03:04.225+08:00,RUN_20260913_121444,10,2994196,SESSION_003,1,0,8190,4,29.15,59.88,1006.94,43.3,1,EMPTY
2026-09-13T13:03:05.230+08:00,RUN_20260913_121444,11,2995201,SESSION_003,0,0,8190,4,29.15,59.88,1006.94,43.3,1,EMPTY
2026-09-13T13:03:06.235+08:00,RUN_20260913_121444,12,2996206,SESSION_003,0,0,8190,4,29.15,59.91,1006.94,43.3,1,EMPTY
2026-09-13T13:03:07.058+08:00,RUN_20260913_121444,13,2997029,SESSION_003,0,0,8190,4,29.15,59.93,1006.94,43.3,1,EMPTY
2026-09-13T13:03:08.061+08:00,RUN_20260913_121444,14,2998032,SESSION_003,0,0,8190,4,29.15,59.99,1006.94,43.3,1,EMPTY
2026-09-13T13:03:09.064+08:00,RUN_20260913_121444,15,2999035,SESSION_003,1,0,8190,4,29.14,60.01,1006.94,43.3,1,EMPTY
2026-09-13T13:03:10.067+08:00,RUN_20260913_121444,16,3000038,SESSION_003,1,0,8190,4,29.14,59.97,1006.94,43.3,1,EMPTY
2026-09-13T13:03:11.252+08:00,RUN_20260913_121444,17,3001223,SESSION_003,1,0,8190,4,29.14,59.95,1006.93,43.3,1,EMPTY
2026-09-13T13:03:12.075+08:00,RUN_20260913_121444,18,3002046,SESSION_003,0,0,8190,4,29.14,59.91,1006.94,43.3,1,EMPTY
2026-09-13T13:03:13.260+08:00,RUN_20260913_121444,19,3003231,SESSION_003,0,0,8190,4,29.14,59.97,1006.94,43.3,1,EMPTY
2026-09-13T13:03:14.083+08:00,RUN_20260913_121444,20,3004054,SESSION_003,1,0,8190,4,29.14,60.00,1006.94,43.3,1,EMPTY
2026-09-13T13:03:15.086+08:00,RUN_20260913_121444,21,3005057,SESSION_003,0,0,8190,4,29.14,59.91,1006.94,43.3,1,EMPTY
2026-09-13T13:03:16.089+08:00,RUN_20260913_121444,22,3006060,SESSION_003,0,0,8190,4,29.14,59.91,1006.94,43.3,1,EMPTY
2026-09-13T13:03:17.092+08:00,RUN_20260913_121444,23,3007063,SESSION_003,0,0,8190,4,29.14,59.99,1006.94,43.3,1,EMPTY
2026-09-13T13:03:18.095+08:00,RUN_20260913_121444,24,3008066,SESSION_003,0,0,8190,4,29.14,59.94,1006.94,43.3,1,EMPTY
2026-09-13T13:03:19.098+08:00,RUN_20260913_121444,25,3009069,SESSION_003,0,0,8190,4,29.14,59.91,1006.94,43.3,1,EMPTY
2026-09-13T13:03:20.283+08:00,RUN_20260913_121444,26,3010254,SESSION_003,0,0,8190,4,29.13,59.91,1006.94,43.3,1,EMPTY
2026-09-13T13:03:21.288+08:00,RUN_20260913_121444,27,3011259,SESSION_003,1,0,8190,4,29.13,60.00,1006.94,43.3,1,EMPTY
2026-09-13T13:03:22.293+08:00,RUN_20260913_121444,28,3012264,SESSION_003,1,0,8190,4,29.13,60.00,1006.94,43.3,1,EMPTY
2026-09-13T13:03:23.116+08:00,RUN_20260913_121444,29,3013087,SESSION_003,0,0,8190,4,29.13,59.93,1006.94,43.3,1,EMPTY
2026-09-13T13:03:24.301+08:00,RUN_20260913_121444,30,3014272,SESSION_003,0,0,8190,4,29.13,59.89,1006.95,43.3,1,EMPTY
2026-09-13T13:03:25.306+08:00,RUN_20260913_121444,31,3015277,SESSION_003,0,0,8190,4,29.13,59.96,1006.95,43.3,1,EMPTY
2026-09-13T13:03:26.129+08:00,RUN_20260913_121444,32,3016100,SESSION_003,0,0,8190,4,29.13,59.94,1006.95,43.3,1,EMPTY
2026-09-13T13:03:27.314+08:00,RUN_20260913_121444,33,3017285,SESSION_003,0,0,8190,4,29.13,59.87,1006.96,43.3,1,EMPTY
2026-09-13T13:03:28.137+08:00,RUN_20260913_121444,34,3018108,SESSION_003,0,0,8190,4,29.13,59.89,1006.96,43.3,1,EMPTY
2026-09-13T13:03:29.322+08:00,RUN_20260913_121444,35,3019293,SESSION_003,0,0,8190,4,29.13,59.90,1006.96,43.3,1,EMPTY
2026-09-13T13:03:30.145+08:00,RUN_20260913_121444,36,3020116,SESSION_003,0,0,8190,4,29.12,59.99,1006.96,43.3,1,EMPTY
2026-09-13T13:03:31.148+08:00,RUN_20260913_121444,37,3021119,SESSION_003,0,0,8190,4,29.12,59.94,1006.96,43.3,1,EMPTY
2026-09-13T13:03:32.333+08:00,RUN_20260913_121444,38,3022304,SESSION_003,0,0,8190,4,29.12,59.95,1006.96,43.3,1,EMPTY
2026-09-13T13:03:33.338+08:00,RUN_20260913_121444,39,3023309,SESSION_003,0,0,8190,4,29.12,59.98,1006.96,43.3,1,EMPTY
2026-09-13T13:03:34.161+08:00,RUN_20260913_121444,40,3024132,SESSION_003,1,0,8190,4,29.12,59.94,1006.96,43.3,1,EMPTY
2026-09-13T13:03:35.164+08:00,RUN_20260913_121444,41,3025135,SESSION_003,0,0,8190,4,29.12,59.92,1006.96,43.3,1,EMPTY
2026-09-13T13:03:36.167+08:00,RUN_20260913_121444,42,3026138,SESSION_003,0,0,8190,4,29.12,59.99,1006.96,43.3,1,EMPTY
2026-09-13T13:03:37.170+08:00,RUN_20260913_121444,43,3027141,SESSION_003,0,0,8190,4,29.12,60.02,1006.96,43.3,1,EMPTY
2026-09-13T13:03:38.355+08:00,RUN_20260913_121444,44,3028326,SESSION_003,0,0,8190,4,29.11,60.00,1006.96,43.3,1,EMPTY
2026-09-13T13:03:39.178+08:00,RUN_20260913_121444,45,3029149,SESSION_003,0,0,8190,4,29.11,59.97,1006.96,43.3,1,EMPTY
2026-09-13T13:03:40.181+08:00,RUN_20260913_121444,46,3030152,SESSION_003,0,0,8190,4,29.11,60.03,1006.96,43.3,1,EMPTY
2026-09-13T13:03:41.184+08:00,RUN_20260913_121444,47,3031155,SESSION_003,0,0,8190,4,29.11,60.07,1006.96,43.3,1,EMPTY
2026-09-13T13:03:42.187+08:00,RUN_20260913_121444,48,3032158,SESSION_003,0,0,8190,4,29.11,60.08,1006.96,43.3,1,EMPTY
2026-09-13T13:03:43.190+08:00,RUN_20260913_121444,49,3033161,SESSION_003,0,0,8190,4,29.11,59.97,1006.95,43.3,1,EMPTY
2026-09-13T13:03:44.193+08:00,RUN_20260913_121444,50,3034164,SESSION_003,1,0,8190,4,29.11,59.99,1006.96,43.3,1,EMPTY
2026-09-13T13:03:45.378+08:00,RUN_20260913_121444,51,3035349,SESSION_003,0,0,8190,4,29.11,59.96,1006.95,43.3,1,EMPTY
2026-09-13T13:03:46.383+08:00,RUN_20260913_121444,52,3036354,SESSION_003,0,0,8190,4,29.11,59.96,1006.95,43.3,1,EMPTY
2026-09-13T13:03:47.206+08:00,RUN_20260913_121444,53,3037177,SESSION_003,0,0,8190,4,29.11,59.97,1006.95,43.3,1,EMPTY
2026-09-13T13:03:48.209+08:00,RUN_20260913_121444,54,3038180,SESSION_003,0,0,8190,4,29.11,60.03,1006.95,43.3,1,EMPTY
2026-09-13T13:03:49.212+08:00,RUN_20260913_121444,55,3039183,SESSION_003,0,0,8190,4,29.10,60.04,1006.95,43.3,1,EMPTY
2026-09-13T13:03:50.215+08:00,RUN_20260913_121444,56,3040186,SESSION_003,0,0,8190,4,29.10,60.06,1006.95,43.3,1,EMPTY
2026-09-13T13:03:51.218+08:00,RUN_20260913_121444,57,3041189,SESSION_003,1,0,8190,4,29.10,59.96,1006.95,43.3,1,EMPTY
2026-09-13T13:03:52.403+08:00,RUN_20260913_121444,58,3042374,SESSION_003,0,0,8190,4,29.10,59.96,1006.95,43.3,1,EMPTY
2026-09-13T13:03:53.226+08:00,RUN_20260913_121444,59,3043197,SESSION_003,0,0,8190,4,29.10,60.08,1006.95,43.3,1,EMPTY
2026-09-13T13:03:54.229+08:00,RUN_20260913_121444,60,3044200,SESSION_003,1,0,8190,4,29.10,60.13,1006.95,43.3,1,EMPTY
2026-09-13T13:03:55.232+08:00,RUN_20260913_121444,61,3045203,SESSION_003,0,0,8190,4,29.10,60.08,1006.95,43.3,1,EMPTY
2026-09-13T13:03:56.235+08:00,RUN_20260913_121444,62,3046206,SESSION_003,0,0,8190,4,29.10,60.17,1006.95,43.3,1,EMPTY
2026-09-13T13:03:57.238+08:00,RUN_20260913_121444,63,3047209,SESSION_003,0,0,8190,4,29.10,60.14,1006.95,43.3,1,EMPTY
2026-09-13T13:03:58.241+08:00,RUN_20260913_121444,64,3048212,SESSION_003,0,0,8190,4,29.10,60.08,1006.95,43.3,1,EMPTY
2026-09-13T13:03:59.426+08:00,RUN_20260913_121444,65,3049397,SESSION_003,0,0,8190,4,29.10,60.00,1006.95,43.3,1,EMPTY
2026-09-13T13:04:00.249+08:00,RUN_20260913_121444,66,3050220,SESSION_003,0,0,8190,4,29.10,59.92,1006.95,43.3,1,EMPTY
2026-09-13T13:04:01.252+08:00,RUN_20260913_121444,67,3051223,SESSION_003,1,0,8190,4,29.10,59.90,1006.95,43.3,1,EMPTY
2026-09-13T13:04:02.437+08:00,RUN_20260913_121444,68,3052408,SESSION_003,1,0,8190,4,29.10,59.89,1006.94,43.3,1,EMPTY
2026-09-13T13:04:03.260+08:00,RUN_20260913_121444,69,3053231,SESSION_003,1,0,8190,4,29.10,59.92,1006.94,43.3,1,EMPTY
2026-09-13T13:04:04.445+08:00,RUN_20260913_121444,70,3054416,SESSION_003,0,0,8190,4,29.10,59.91,1006.94,43.3,1,EMPTY
2026-09-13T13:04:05.268+08:00,RUN_20260913_121444,71,3055239,SESSION_003,0,0,8190,4,29.10,59.90,1006.95,43.3,1,EMPTY
2026-09-13T13:04:06.271+08:00,RUN_20260913_121444,72,3056242,SESSION_003,0,0,8190,4,29.10,59.92,1006.94,43.3,1,EMPTY
2026-09-13T13:04:07.274+08:00,RUN_20260913_121444,73,3057245,SESSION_003,0,0,8190,4,29.10,59.87,1006.94,43.3,1,EMPTY
2026-09-13T13:04:08.277+08:00,RUN_20260913_121444,74,3058248,SESSION_003,0,0,8190,4,29.10,59.77,1006.94,43.3,1,EMPTY
2026-09-13T13:04:09.280+08:00,RUN_20260913_121444,75,3059251,SESSION_003,0,0,8190,4,29.10,59.85,1006.94,43.3,1,EMPTY
2026-09-13T13:04:10.283+08:00,RUN_20260913_121444,76,3060254,SESSION_003,0,0,8190,4,29.10,59.77,1006.94,43.3,1,EMPTY
2026-09-13T13:04:11.286+08:00,RUN_20260913_121444,77,3061257,SESSION_003,0,0,8190,4,29.10,59.73,1006.94,43.3,1,EMPTY
2026-09-13T13:04:12.289+08:00,RUN_20260913_121444,78,3062260,SESSION_003,0,0,8190,4,29.10,59.68,1006.94,43.3,1,EMPTY
2026-09-13T13:04:13.292+08:00,RUN_20260913_121444,79,3063263,SESSION_003,0,0,8190,4,29.10,59.83,1006.94,43.3,1,EMPTY
2026-09-13T13:04:14.295+08:00,RUN_20260913_121444,80,3064266,SESSION_003,0,0,8190,4,29.10,59.84,1006.94,43.3,1,EMPTY
2026-09-13T13:04:15.298+08:00,RUN_20260913_121444,81,3065269,SESSION_003,0,0,8190,4,29.09,59.84,1006.94,43.3,1,EMPTY
2026-09-13T13:04:16.301+08:00,RUN_20260913_121444,82,3066272,SESSION_003,1,0,8190,4,29.09,59.73,1006.94,43.3,1,EMPTY
2026-09-13T13:04:17.304+08:00,RUN_20260913_121444,83,3067275,SESSION_003,0,0,8190,4,29.09,59.71,1006.94,43.3,1,EMPTY
2026-09-13T13:04:18.489+08:00,RUN_20260913_121444,84,3068460,SESSION_003,0,0,8190,4,29.09,59.73,1006.94,43.3,1,EMPTY
2026-09-13T13:04:19.312+08:00,RUN_20260913_121444,85,3069283,SESSION_003,1,0,8190,4,29.09,59.75,1006.95,43.3,1,EMPTY
2026-09-13T13:04:20.315+08:00,RUN_20260913_121444,86,3070286,SESSION_003,0,0,8190,4,29.09,59.76,1006.94,43.3,1,EMPTY
2026-09-13T13:04:21.318+08:00,RUN_20260913_121444,87,3071289,SESSION_003,0,0,8190,4,29.09,59.80,1006.94,43.3,1,EMPTY
2026-09-13T13:04:22.321+08:00,RUN_20260913_121444,88,3072292,SESSION_003,0,0,8190,4,29.09,59.84,1006.95,43.3,1,EMPTY
2026-09-13T13:04:23.324+08:00,RUN_20260913_121444,89,3073295,SESSION_003,0,0,8190,4,29.08,59.86,1006.95,43.3,1,EMPTY
2026-09-13T13:04:24.327+08:00,RUN_20260913_121444,90,3074298,SESSION_003,0,0,8190,4,29.08,59.83,1006.96,43.3,1,EMPTY
2026-09-13T13:04:25.330+08:00,RUN_20260913_121444,91,3075301,SESSION_003,0,0,8190,4,29.08,59.84,1006.96,43.3,1,EMPTY
2026-09-13T13:04:26.333+08:00,RUN_20260913_121444,92,3076304,SESSION_003,1,0,8190,4,29.08,59.83,1006.96,43.3,1,EMPTY
2026-09-13T13:04:27.336+08:00,RUN_20260913_121444,93,3077307,SESSION_003,0,0,8190,4,29.08,59.83,1006.96,43.3,1,EMPTY
2026-09-13T13:04:28.521+08:00,RUN_20260913_121444,94,3078492,SESSION_003,0,0,8190,4,29.08,59.88,1006.96,43.3,1,EMPTY
2026-09-13T13:04:29.344+08:00,RUN_20260913_121444,95,3079315,SESSION_003,0,0,8190,4,29.08,59.77,1006.96,43.3,1,EMPTY
2026-09-13T13:04:30.347+08:00,RUN_20260913_121444,96,3080318,SESSION_003,1,0,8190,4,29.08,59.81,1006.96,43.3,1,EMPTY
2026-09-13T13:04:31.532+08:00,RUN_20260913_121444,97,3081503,SESSION_003,1,0,8190,4,29.08,59.74,1006.96,43.3,1,EMPTY
2026-09-13T13:04:32.355+08:00,RUN_20260913_121444,98,3082326,SESSION_003,0,0,8190,4,29.08,59.74,1006.96,43.3,1,EMPTY
2026-09-13T13:04:33.540+08:00,RUN_20260913_121444,99,3083511,SESSION_003,0,0,8190,4,29.08,59.73,1006.96,43.3,1,EMPTY
2026-09-13T13:04:34.363+08:00,RUN_20260913_121444,100,3084334,SESSION_003,0,0,8190,4,29.07,59.80,1006.96,43.3,1,EMPTY
2026-09-13T13:04:35.367+08:00,RUN_20260913_121444,101,3085338,SESSION_003,0,0,8190,4,29.07,59.70,1006.97,43.3,1,EMPTY
2026-09-13T13:04:36.371+08:00,RUN_20260913_121444,102,3086342,SESSION_003,0,0,8190,4,29.07,59.67,1006.97,43.3,1,EMPTY
2026-09-13T13:04:37.375+08:00,RUN_20260913_121444,103,3087346,SESSION_003,0,0,8190,4,29.07,59.74,1006.97,43.3,1,EMPTY
2026-09-13T13:04:38.379+08:00,RUN_20260913_121444,104,3088350,SESSION_003,0,0,8190,4,29.07,59.73,1006.97,43.3,1,EMPTY
2026-09-13T13:04:39.383+08:00,RUN_20260913_121444,105,3089354,SESSION_003,0,0,8190,4,29.07,59.83,1006.97,43.3,1,EMPTY
2026-09-13T13:04:40.387+08:00,RUN_20260913_121444,106,3090358,SESSION_003,0,0,8190,4,29.06,59.83,1006.97,43.3,1,EMPTY
2026-09-13T13:04:41.391+08:00,RUN_20260913_121444,107,3091362,SESSION_003,0,0,8190,4,29.06,59.84,1006.96,43.3,1,EMPTY
2026-09-13T13:04:42.577+08:00,RUN_20260913_121444,108,3092548,SESSION_003,0,0,8190,4,29.06,59.85,1006.96,43.3,1,EMPTY
2026-09-13T13:04:43.395+08:00,RUN_20260913_121444,109,3093366,SESSION_003,0,0,8190,4,29.06,59.80,1006.96,43.3,1,EMPTY
2026-09-13T13:04:44.399+08:00,RUN_20260913_121444,110,3094370,SESSION_003,0,0,8190,4,29.06,59.78,1006.95,43.3,1,EMPTY
2026-09-13T13:04:45.585+08:00,RUN_20260913_121444,111,3095556,SESSION_003,0,0,8190,4,29.06,59.90,1006.96,43.3,1,EMPTY
2026-09-13T13:04:46.403+08:00,RUN_20260913_121444,112,3096374,SESSION_003,0,0,8190,4,29.05,59.91,1006.95,43.3,1,EMPTY
2026-09-13T13:04:47.407+08:00,RUN_20260913_121444,113,3097378,SESSION_003,0,0,8190,4,29.05,59.93,1006.95,43.3,1,EMPTY
2026-09-13T13:04:48.593+08:00,RUN_20260913_121444,114,3098564,SESSION_003,0,0,8190,4,29.05,59.91,1006.95,43.3,1,EMPTY
2026-09-13T13:04:49.593+08:00,RUN_20260913_121444,115,3099564,SESSION_003,0,0,8190,4,29.05,59.86,1006.95,43.3,1,EMPTY
2026-09-13T13:04:50.411+08:00,RUN_20260913_121444,116,3100382,SESSION_003,1,0,8190,4,29.05,59.82,1006.95,43.3,1,EMPTY
2026-09-13T13:04:51.415+08:00,RUN_20260913_121444,117,3101386,SESSION_003,0,0,8190,4,29.05,59.86,1006.94,43.3,1,EMPTY
2026-09-13T13:04:52.601+08:00,RUN_20260913_121444,118,3102572,SESSION_003,0,0,8190,4,29.05,59.92,1006.94,43.3,1,EMPTY
2026-09-13T13:04:53.601+08:00,RUN_20260913_121444,119,3103572,SESSION_003,0,0,8190,4,29.05,59.82,1006.94,43.3,1,EMPTY
2026-09-13T13:04:54.419+08:00,RUN_20260913_121444,120,3104390,SESSION_003,0,0,8190,4,29.05,59.85,1006.94,43.3,1,EMPTY
2026-09-13T13:04:55.423+08:00,RUN_20260913_121444,121,3105394,SESSION_003,0,0,8190,4,29.05,59.87,1006.94,43.3,1,EMPTY
2026-09-13T13:04:56.427+08:00,RUN_20260913_121444,122,3106398,SESSION_003,0,0,8190,4,29.05,59.85,1006.94,43.3,1,EMPTY
2026-09-13T13:04:57.431+08:00,RUN_20260913_121444,123,3107402,SESSION_003,0,0,8190,4,29.05,59.78,1006.94,43.3,1,EMPTY
2026-09-13T13:04:58.435+08:00,RUN_20260913_121444,124,3108406,SESSION_003,0,0,8190,4,29.05,59.79,1006.94,43.3,1,EMPTY
2026-09-13T13:04:59.439+08:00,RUN_20260913_121444,125,3109410,SESSION_003,0,0,8190,4,29.05,59.83,1006.93,43.3,1,EMPTY
2026-09-13T13:05:00.443+08:00,RUN_20260913_121444,126,3110414,SESSION_003,0,0,8190,4,29.05,59.83,1006.93,43.3,1,EMPTY
2026-09-13T13:05:01.629+08:00,RUN_20260913_121444,127,3111600,SESSION_003,1,0,8190,4,29.05,59.87,1006.93,43.3,1,EMPTY
2026-09-13T13:05:02.447+08:00,RUN_20260913_121444,128,3112418,SESSION_003,0,0,8190,4,29.05,59.86,1006.93,43.3,1,EMPTY
2026-09-13T13:05:03.633+08:00,RUN_20260913_121444,129,3113604,SESSION_003,0,0,8190,4,29.05,59.85,1006.94,43.3,1,EMPTY
2026-09-13T13:05:04.633+08:00,RUN_20260913_121444,130,3114604,SESSION_003,0,0,8190,4,29.04,59.91,1006.93,43.3,1,EMPTY
2026-09-13T13:05:05.451+08:00,RUN_20260913_121444,131,3115422,SESSION_003,0,0,8190,4,29.04,59.85,1006.94,43.3,1,EMPTY
2026-09-13T13:05:06.455+08:00,RUN_20260913_121444,132,3116426,SESSION_003,0,0,8190,4,29.04,59.82,1006.94,43.3,1,EMPTY
2026-09-13T13:05:07.459+08:00,RUN_20260913_121444,133,3117430,SESSION_003,0,0,8190,4,29.04,59.82,1006.94,43.3,1,EMPTY
2026-09-13T13:05:08.463+08:00,RUN_20260913_121444,134,3118434,SESSION_003,0,0,8190,4,29.04,59.81,1006.94,43.3,1,EMPTY
2026-09-13T13:05:09.649+08:00,RUN_20260913_121444,135,3119620,SESSION_003,1,0,8190,4,29.04,59.83,1006.94,43.3,1,EMPTY
2026-09-13T13:05:10.467+08:00,RUN_20260913_121444,136,3120438,SESSION_003,0,0,8190,4,29.04,59.76,1006.94,43.3,1,EMPTY
2026-09-13T13:05:11.471+08:00,RUN_20260913_121444,137,3121442,SESSION_003,0,0,8190,4,29.04,59.79,1006.94,43.3,1,EMPTY
2026-09-13T13:05:12.475+08:00,RUN_20260913_121444,138,3122446,SESSION_003,0,0,8190,4,29.04,59.81,1006.94,43.3,1,EMPTY
2026-09-13T13:05:13.661+08:00,RUN_20260913_121444,139,3123632,SESSION_003,0,0,8190,4,29.04,59.89,1006.94,43.3,1,EMPTY
2026-09-13T13:05:14.479+08:00,RUN_20260913_121444,140,3124450,SESSION_003,0,0,8190,4,29.04,59.83,1006.94,43.3,1,EMPTY
2026-09-13T13:05:15.483+08:00,RUN_20260913_121444,141,3125454,SESSION_003,0,0,8190,4,29.04,59.79,1006.94,43.3,1,EMPTY
2026-09-13T13:05:16.669+08:00,RUN_20260913_121444,142,3126640,SESSION_003,0,0,8190,4,29.04,59.79,1006.94,43.3,1,EMPTY
2026-09-13T13:05:17.669+08:00,RUN_20260913_121444,143,3127640,SESSION_003,0,0,8190,4,29.04,59.76,1006.95,43.3,1,EMPTY
2026-09-13T13:05:18.487+08:00,RUN_20260913_121444,144,3128458,SESSION_003,0,0,8190,4,29.04,59.73,1006.95,43.3,1,EMPTY
2026-09-13T13:05:19.673+08:00,RUN_20260913_121444,145,3129644,SESSION_003,1,0,8190,4,29.04,59.70,1006.96,43.3,1,EMPTY
2026-09-13T13:05:20.673+08:00,RUN_20260913_121444,146,3130644,SESSION_003,1,0,8190,4,29.04,59.77,1006.96,43.3,1,EMPTY
2026-09-13T13:05:21.491+08:00,RUN_20260913_121444,147,3131462,SESSION_003,0,0,8190,4,29.04,59.76,1006.96,43.3,1,EMPTY
2026-09-13T13:05:22.495+08:00,RUN_20260913_121444,148,3132466,SESSION_003,0,0,8190,4,29.04,59.64,1006.96,43.3,1,EMPTY
2026-09-13T13:05:23.499+08:00,RUN_20260913_121444,149,3133470,SESSION_003,0,0,8190,4,29.04,59.67,1006.96,43.3,1,EMPTY
2026-09-13T13:05:24.685+08:00,RUN_20260913_121444,150,3134656,SESSION_003,0,0,8190,4,29.03,59.73,1006.96,43.3,1,EMPTY
2026-09-13T13:05:25.503+08:00,RUN_20260913_121444,151,3135474,SESSION_003,0,0,8190,4,29.03,59.80,1006.96,43.3,1,EMPTY
2026-09-13T13:05:26.507+08:00,RUN_20260913_121444,152,3136478,SESSION_003,0,0,8190,4,29.03,59.71,1006.97,43.3,1,EMPTY
2026-09-13T13:05:27.693+08:00,RUN_20260913_121444,153,3137664,SESSION_003,0,0,8190,4,29.03,59.71,1006.96,43.3,1,EMPTY
2026-09-13T13:05:28.693+08:00,RUN_20260913_121444,154,3138664,SESSION_003,0,0,8190,4,29.03,59.76,1006.96,43.3,1,EMPTY
2026-09-13T13:05:29.511+08:00,RUN_20260913_121444,155,3139482,SESSION_003,1,0,8190,4,29.03,59.76,1006.96,43.3,1,EMPTY
2026-09-13T13:05:30.697+08:00,RUN_20260913_121444,156,3140668,SESSION_003,1,0,8190,4,29.03,59.82,1006.96,43.3,1,EMPTY
2026-09-13T13:05:31.697+08:00,RUN_20260913_121444,157,3141668,SESSION_003,0,0,8190,4,29.03,59.77,1006.96,43.3,1,EMPTY
2026-09-13T13:05:32.697+08:00,RUN_20260913_121444,158,3142668,SESSION_003,0,0,8190,4,29.03,59.78,1006.96,43.3,1,EMPTY
2026-09-13T13:05:33.515+08:00,RUN_20260913_121444,159,3143486,SESSION_003,0,0,8190,4,29.02,59.75,1006.95,43.3,1,EMPTY
2026-09-13T13:05:34.519+08:00,RUN_20260913_121444,160,3144490,SESSION_003,0,0,8190,4,29.02,59.75,1006.95,43.3,1,EMPTY
2026-09-13T13:05:35.523+08:00,RUN_20260913_121444,161,3145494,SESSION_003,0,0,8190,4,29.02,59.72,1006.95,43.3,1,EMPTY
2026-09-13T13:05:36.709+08:00,RUN_20260913_121444,162,3146680,SESSION_003,0,0,8190,4,29.02,59.83,1006.95,43.3,1,EMPTY
2026-09-13T13:05:37.527+08:00,RUN_20260913_121444,163,3147498,SESSION_003,1,0,8190,4,29.02,59.82,1006.95,43.3,1,EMPTY
2026-09-13T13:05:38.713+08:00,RUN_20260913_121444,164,3148684,SESSION_003,1,0,8190,4,29.02,59.81,1006.94,43.3,1,EMPTY
2026-09-13T13:05:39.531+08:00,RUN_20260913_121444,165,3149502,SESSION_003,0,0,8190,4,29.02,59.68,1006.94,43.3,1,EMPTY
2026-09-13T13:05:40.535+08:00,RUN_20260913_121444,166,3150506,SESSION_003,0,0,8190,4,29.02,59.63,1006.94,43.3,1,EMPTY
2026-09-13T13:05:41.539+08:00,RUN_20260913_121444,167,3151510,SESSION_003,0,0,8190,4,29.01,59.71,1006.94,43.3,1,EMPTY
2026-09-13T13:05:42.543+08:00,RUN_20260913_121444,168,3152514,SESSION_003,0,0,8190,4,29.01,59.62,1006.93,43.3,1,EMPTY
2026-09-13T13:05:43.547+08:00,RUN_20260913_121444,169,3153518,SESSION_003,0,0,8190,4,29.01,59.72,1006.94,43.3,1,EMPTY
2026-09-13T13:05:44.551+08:00,RUN_20260913_121444,170,3154522,SESSION_003,0,0,8190,4,29.01,59.70,1006.94,43.3,1,EMPTY
2026-09-13T13:05:45.737+08:00,RUN_20260913_121444,171,3155708,SESSION_003,0,0,8190,4,29.01,59.62,1006.93,43.3,1,EMPTY
2026-09-13T13:05:46.555+08:00,RUN_20260913_121444,172,3156526,SESSION_003,0,0,8190,4,29.00,59.62,1006.93,43.3,1,EMPTY
2026-09-13T13:05:47.559+08:00,RUN_20260913_121444,173,3157530,SESSION_003,0,0,8190,4,29.00,59.65,1006.94,43.3,1,EMPTY
2026-09-13T13:05:48.563+08:00,RUN_20260913_121444,174,3158534,SESSION_003,0,0,8190,4,29.00,59.67,1006.94,43.3,1,EMPTY
2026-09-13T13:05:49.567+08:00,RUN_20260913_121444,175,3159538,SESSION_003,0,0,8190,4,29.00,59.71,1006.94,43.3,1,EMPTY
2026-09-13T13:05:50.753+08:00,RUN_20260913_121444,176,3160724,SESSION_003,0,0,8190,4,29.00,59.78,1006.94,43.3,1,EMPTY
2026-09-13T13:05:51.571+08:00,RUN_20260913_121444,177,3161542,SESSION_003,0,0,8190,4,28.99,59.71,1006.94,43.3,1,EMPTY
2026-09-13T13:05:52.575+08:00,RUN_20260913_121444,178,3162546,SESSION_003,0,0,8190,4,28.99,59.79,1006.94,43.3,1,EMPTY
2026-09-13T13:05:53.579+08:00,RUN_20260913_121444,179,3163550,SESSION_003,0,0,8190,4,28.99,59.79,1006.94,43.3,1,EMPTY
2026-09-13T13:05:54.583+08:00,RUN_20260913_121444,180,3164554,SESSION_003,0,0,8190,4,28.99,59.72,1006.94,43.3,1,EMPTY
2026-09-13T13:05:55.587+08:00,RUN_20260913_121444,181,3165558,SESSION_003,0,0,8190,4,28.98,59.74,1006.94,43.3,1,EMPTY
2026-09-13T13:05:56.591+08:00,RUN_20260913_121444,182,3166562,SESSION_003,0,0,8190,4,28.98,59.73,1006.94,43.3,1,EMPTY
2026-09-13T13:05:57.595+08:00,RUN_20260913_121444,183,3167566,SESSION_003,1,0,8190,4,28.98,59.84,1006.94,43.3,1,EMPTY
2026-09-13T13:05:58.781+08:00,RUN_20260913_121444,184,3168752,SESSION_003,1,0,8191,2,28.98,59.77,1006.94,43.3,1,EMPTY
2026-09-13T13:05:59.599+08:00,RUN_20260913_121444,185,3169570,SESSION_003,1,0,8190,4,28.98,59.81,1006.94,43.3,1,EMPTY
2026-09-13T13:06:00.603+08:00,RUN_20260913_121444,186,3170574,SESSION_003,0,0,8190,4,28.98,59.81,1006.93,43.3,1,EMPTY
2026-09-13T13:06:01.789+08:00,RUN_20260913_121444,187,3171760,SESSION_003,0,0,8190,4,28.98,59.84,1006.93,43.3,1,EMPTY
2026-09-13T13:06:02.607+08:00,RUN_20260913_121444,188,3172578,SESSION_003,0,0,8190,4,28.97,59.91,1006.93,43.3,1,EMPTY
2026-09-13T13:06:03.793+08:00,RUN_20260913_121444,189,3173764,SESSION_003,1,0,8190,4,28.97,59.92,1006.93,43.3,1,EMPTY
2026-09-13T13:06:04.611+08:00,RUN_20260913_121444,190,3174582,SESSION_003,0,0,8190,4,28.97,59.99,1006.93,43.3,1,EMPTY
2026-09-13T13:06:05.615+08:00,RUN_20260913_121444,191,3175586,SESSION_003,0,0,8190,4,28.97,59.92,1006.93,43.3,1,EMPTY
2026-09-13T13:06:06.619+08:00,RUN_20260913_121444,192,3176590,SESSION_003,0,0,8190,4,28.97,59.87,1006.93,43.3,1,EMPTY
2026-09-13T13:06:07.623+08:00,RUN_20260913_121444,193,3177594,SESSION_003,0,0,8190,4,28.97,59.87,1006.93,43.3,1,EMPTY
2026-09-13T13:06:08.627+08:00,RUN_20260913_121444,194,3178598,SESSION_003,0,0,8190,4,28.97,59.85,1006.93,43.3,1,EMPTY
2026-09-13T13:06:09.631+08:00,RUN_20260913_121444,195,3179602,SESSION_003,0,0,8190,4,28.97,59.82,1006.93,43.3,1,EMPTY
2026-09-13T13:06:10.635+08:00,RUN_20260913_121444,196,3180606,SESSION_003,1,0,8190,4,28.96,59.81,1006.93,43.3,1,EMPTY
2026-09-13T13:06:11.639+08:00,RUN_20260913_121444,197,3181610,SESSION_003,1,0,8190,4,28.96,59.81,1006.93,43.3,1,EMPTY
2026-09-13T13:06:12.643+08:00,RUN_20260913_121444,198,3182614,SESSION_003,0,0,8190,4,28.96,59.88,1006.93,43.3,1,EMPTY
2026-09-13T13:06:13.829+08:00,RUN_20260913_121444,199,3183800,SESSION_003,0,0,8190,4,28.96,59.87,1006.93,43.3,1,EMPTY
2026-09-13T13:06:14.829+08:00,RUN_20260913_121444,200,3184800,SESSION_003,1,0,8190,4,28.96,59.88,1006.93,43.3,1,EMPTY
2026-09-13T13:06:15.829+08:00,RUN_20260913_121444,201,3185800,SESSION_003,0,0,8190,4,28.96,59.75,1006.93,43.3,1,EMPTY
2026-09-13T13:06:16.647+08:00,RUN_20260913_121444,202,3186618,SESSION_003,0,0,8190,4,28.96,59.84,1006.93,43.3,1,EMPTY
2026-09-13T13:06:17.651+08:00,RUN_20260913_121444,203,3187622,SESSION_003,0,0,8190,4,28.96,59.75,1006.93,43.3,1,EMPTY
2026-09-13T13:06:18.655+08:00,RUN_20260913_121444,204,3188626,SESSION_003,0,0,8190,4,28.96,59.78,1006.93,43.3,1,EMPTY
2026-09-13T13:06:19.841+08:00,RUN_20260913_121444,205,3189812,SESSION_003,0,0,8190,4,28.96,59.68,1006.93,43.3,1,EMPTY
2026-09-13T13:06:20.841+08:00,RUN_20260913_121444,206,3190812,SESSION_003,0,0,8190,4,28.96,59.78,1006.93,43.3,1,EMPTY
2026-09-13T13:06:21.659+08:00,RUN_20260913_121444,207,3191630,SESSION_003,0,0,8190,4,28.96,59.75,1006.93,43.3,1,EMPTY
2026-09-13T13:06:22.663+08:00,RUN_20260913_121444,208,3192634,SESSION_003,0,0,8190,4,28.96,59.75,1006.93,43.3,1,EMPTY
2026-09-13T13:06:23.849+08:00,RUN_20260913_121444,209,3193820,SESSION_003,0,0,8190,4,28.95,59.69,1006.93,43.3,1,EMPTY
2026-09-13T13:06:24.667+08:00,RUN_20260913_121444,210,3194638,SESSION_003,1,0,8190,4,28.95,59.70,1006.93,43.3,1,EMPTY
2026-09-13T13:06:25.853+08:00,RUN_20260913_121444,211,3195824,SESSION_003,0,0,8190,4,28.95,59.70,1006.93,43.3,1,EMPTY
2026-09-13T13:06:26.671+08:00,RUN_20260913_121444,212,3196642,SESSION_003,0,0,8190,4,28.95,59.69,1006.93,43.3,1,EMPTY
2026-09-13T13:06:27.675+08:00,RUN_20260913_121444,213,3197646,SESSION_003,1,0,8190,4,28.95,59.81,1006.93,43.3,1,EMPTY
2026-09-13T13:06:28.679+08:00,RUN_20260913_121444,214,3198650,SESSION_003,0,0,8190,4,28.94,59.76,1006.93,43.3,1,EMPTY
2026-09-13T13:06:29.683+08:00,RUN_20260913_121444,215,3199654,SESSION_003,0,0,8190,4,28.94,59.80,1006.93,43.3,1,EMPTY
2026-09-13T13:06:30.869+08:00,RUN_20260913_121444,216,3200840,SESSION_003,0,0,8190,4,28.94,59.87,1006.93,43.3,1,EMPTY
2026-09-13T13:06:31.869+08:00,RUN_20260913_121444,217,3201840,SESSION_003,0,0,8190,4,28.94,59.84,1006.94,43.3,1,EMPTY
2026-09-13T13:06:32.687+08:00,RUN_20260913_121444,218,3202658,SESSION_003,0,0,8190,4,28.94,59.82,1006.94,43.3,1,EMPTY
2026-09-13T13:06:33.691+08:00,RUN_20260913_121444,219,3203662,SESSION_003,0,0,8190,4,28.93,59.73,1006.94,43.3,1,EMPTY
2026-09-13T13:06:34.695+08:00,RUN_20260913_121444,220,3204666,SESSION_003,0,0,8190,4,28.93,59.73,1006.94,43.3,1,EMPTY
2026-09-13T13:06:35.699+08:00,RUN_20260913_121444,221,3205670,SESSION_003,0,0,8190,4,28.93,59.84,1006.95,43.3,1,EMPTY
2026-09-13T13:06:36.703+08:00,RUN_20260913_121444,222,3206674,SESSION_003,0,0,8190,4,28.93,59.83,1006.95,43.3,1,EMPTY
2026-09-13T13:06:37.889+08:00,RUN_20260913_121444,223,3207860,SESSION_003,0,0,8190,4,28.93,59.90,1006.94,43.3,1,EMPTY
2026-09-13T13:06:38.889+08:00,RUN_20260913_121444,224,3208860,SESSION_003,0,0,8190,4,28.93,59.82,1006.95,43.3,1,EMPTY
2026-09-13T13:06:39.889+08:00,RUN_20260913_121444,225,3209860,SESSION_003,0,0,8190,4,28.93,59.82,1006.95,43.3,1,EMPTY
2026-09-13T13:06:40.707+08:00,RUN_20260913_121444,226,3210678,SESSION_003,0,0,8190,4,28.93,59.89,1006.94,43.3,1,EMPTY
2026-09-13T13:06:41.711+08:00,RUN_20260913_121444,227,3211682,SESSION_003,0,0,8190,4,28.92,59.89,1006.94,43.3,1,EMPTY
2026-09-13T13:06:42.897+08:00,RUN_20260913_121444,228,3212868,SESSION_003,0,0,8190,4,28.92,59.88,1006.94,43.3,1,EMPTY
2026-09-13T13:06:43.897+08:00,RUN_20260913_121444,229,3213868,SESSION_003,0,0,8190,4,28.92,59.88,1006.94,43.3,1,EMPTY
2026-09-13T13:06:44.715+08:00,RUN_20260913_121444,230,3214686,SESSION_003,1,0,8190,4,28.92,59.90,1006.94,43.3,1,EMPTY
2026-09-13T13:06:45.719+08:00,RUN_20260913_121444,231,3215690,SESSION_003,0,0,8190,4,28.92,59.88,1006.94,43.3,1,EMPTY
2026-09-13T13:06:46.723+08:00,RUN_20260913_121444,232,3216694,SESSION_003,0,0,8190,4,28.92,59.88,1006.95,43.3,1,EMPTY
2026-09-13T13:06:47.727+08:00,RUN_20260913_121444,233,3217698,SESSION_003,1,0,8190,4,28.92,59.94,1006.95,43.3,1,EMPTY
2026-09-13T13:06:48.913+08:00,RUN_20260913_121444,234,3218884,SESSION_003,0,0,8190,4,28.92,59.90,1006.95,43.3,1,EMPTY
2026-09-13T13:06:49.913+08:00,RUN_20260913_121444,235,3219884,SESSION_003,0,0,8190,4,28.92,59.97,1006.95,43.3,1,EMPTY
2026-09-13T13:06:50.731+08:00,RUN_20260913_121444,236,3220702,SESSION_003,0,0,8190,4,28.92,59.96,1006.95,43.3,1,EMPTY
2026-09-13T13:06:51.917+08:00,RUN_20260913_121444,237,3221888,SESSION_003,0,0,8190,4,28.92,59.87,1006.95,43.3,1,EMPTY
2026-09-13T13:06:52.917+08:00,RUN_20260913_121444,238,3222888,SESSION_003,1,0,8190,4,28.92,59.95,1006.94,43.3,1,EMPTY
2026-09-13T13:06:53.735+08:00,RUN_20260913_121444,239,3223706,SESSION_003,0,0,8190,4,28.92,59.84,1006.94,43.3,1,EMPTY
2026-09-13T13:06:54.921+08:00,RUN_20260913_121444,240,3224892,SESSION_003,0,0,8190,4,28.91,59.78,1006.94,43.3,1,EMPTY
2026-09-13T13:06:55.921+08:00,RUN_20260913_121444,241,3225892,SESSION_003,0,0,8190,4,28.91,59.76,1006.94,43.3,1,EMPTY
2026-09-13T13:06:56.921+08:00,RUN_20260913_121444,242,3226892,SESSION_003,1,0,8190,4,28.91,59.71,1006.94,43.3,1,EMPTY
2026-09-13T13:06:57.921+08:00,RUN_20260913_121444,243,3227892,SESSION_003,0,0,8190,4,28.91,59.81,1006.94,43.3,1,EMPTY
2026-09-13T13:06:58.739+08:00,RUN_20260913_121444,244,3228710,SESSION_003,0,0,8190,4,28.91,59.82,1006.93,43.3,1,EMPTY
2026-09-13T13:06:59.925+08:00,RUN_20260913_121444,245,3229896,SESSION_003,0,0,8190,4,28.91,59.88,1006.93,43.3,1,EMPTY
2026-09-13T13:07:00.743+08:00,RUN_20260913_121444,246,3230714,SESSION_003,0,0,8190,4,28.91,59.82,1006.93,43.3,1,EMPTY
2026-09-13T13:07:01.929+08:00,RUN_20260913_121444,247,3231900,SESSION_003,0,0,8190,4,28.91,59.82,1006.93,43.3,1,EMPTY
2026-09-13T13:07:02.747+08:00,RUN_20260913_121444,248,3232718,SESSION_003,0,0,8190,4,28.91,59.85,1006.93,43.3,1,EMPTY
2026-09-13T13:07:03.751+08:00,RUN_20260913_121444,249,3233722,SESSION_003,0,0,8190,4,28.91,59.75,1006.94,43.3,1,EMPTY
2026-09-13T13:07:04.937+08:00,RUN_20260913_121444,250,3234908,SESSION_003,1,0,8190,4,28.91,59.73,1006.94,43.3,1,EMPTY
2026-09-13T13:07:05.755+08:00,RUN_20260913_121444,251,3235726,SESSION_003,0,0,8190,4,28.91,59.70,1006.95,43.3,1,EMPTY
2026-09-13T13:07:06.759+08:00,RUN_20260913_121444,252,3236730,SESSION_003,0,0,8190,4,28.90,59.69,1006.95,43.3,1,EMPTY
2026-09-13T13:07:07.763+08:00,RUN_20260913_121444,253,3237734,SESSION_003,0,0,8190,4,28.90,59.67,1006.95,43.3,1,EMPTY
2026-09-13T13:07:08.949+08:00,RUN_20260913_121444,254,3238920,SESSION_003,0,0,8190,4,28.90,59.67,1006.95,43.3,1,EMPTY
2026-09-13T13:07:09.767+08:00,RUN_20260913_121444,255,3239738,SESSION_003,0,0,8190,4,28.90,59.69,1006.95,43.3,1,EMPTY
2026-09-13T13:07:10.771+08:00,RUN_20260913_121444,256,3240742,SESSION_003,0,0,8190,4,28.90,59.70,1006.95,43.3,1,EMPTY
2026-09-13T13:07:11.775+08:00,RUN_20260913_121444,257,3241746,SESSION_003,0,0,8190,4,28.90,59.67,1006.95,43.3,1,EMPTY
2026-09-13T13:07:12.961+08:00,RUN_20260913_121444,258,3242932,SESSION_003,0,0,8190,4,28.90,59.66,1006.95,43.3,1,EMPTY
2026-09-13T13:07:13.779+08:00,RUN_20260913_121444,259,3243750,SESSION_003,0,0,8190,4,28.90,59.76,1006.95,43.3,1,EMPTY
2026-09-13T13:07:14.783+08:00,RUN_20260913_121444,260,3244754,SESSION_003,0,0,8190,4,28.89,59.68,1006.95,43.3,1,EMPTY
2026-09-13T13:07:15.787+08:00,RUN_20260913_121444,261,3245758,SESSION_003,0,0,8190,4,28.89,59.80,1006.95,43.3,1,EMPTY
2026-09-13T13:07:16.973+08:00,RUN_20260913_121444,262,3246944,SESSION_003,0,0,8190,4,28.89,59.75,1006.95,43.3,1,EMPTY
2026-09-13T13:07:17.973+08:00,RUN_20260913_121444,263,3247944,SESSION_003,0,0,8190,4,28.89,59.77,1006.95,43.3,1,EMPTY
2026-09-13T13:07:18.791+08:00,RUN_20260913_121444,264,3248762,SESSION_003,0,0,8190,4,28.89,59.80,1006.95,43.3,1,EMPTY
2026-09-13T13:07:19.977+08:00,RUN_20260913_121444,265,3249948,SESSION_003,0,0,8190,4,28.89,59.84,1006.95,43.3,1,EMPTY
2026-09-13T13:07:20.795+08:00,RUN_20260913_121444,266,3250766,SESSION_003,0,0,8190,4,28.89,59.80,1006.95,43.3,1,EMPTY
2026-09-13T13:07:21.799+08:00,RUN_20260913_121444,267,3251770,SESSION_003,0,0,8190,4,28.88,59.86,1006.95,43.3,1,EMPTY
2026-09-13T13:07:22.803+08:00,RUN_20260913_121444,268,3252774,SESSION_003,0,0,8190,4,28.88,59.90,1006.96,43.3,1,EMPTY
2026-09-13T13:07:23.989+08:00,RUN_20260913_121444,269,3253960,SESSION_003,0,0,8190,4,28.88,59.80,1006.95,43.3,1,EMPTY
2026-09-13T13:07:24.807+08:00,RUN_20260913_121444,270,3254778,SESSION_003,0,0,8190,4,28.88,59.75,1006.95,43.3,1,EMPTY
2026-09-13T13:07:25.811+08:00,RUN_20260913_121444,271,3255782,SESSION_003,0,0,8190,4,28.88,59.73,1006.96,43.3,1,EMPTY
2026-09-13T13:07:26.815+08:00,RUN_20260913_121444,272,3256786,SESSION_003,0,0,8190,4,28.88,59.71,1006.96,43.3,1,EMPTY
2026-09-13T13:07:27.819+08:00,RUN_20260913_121444,273,3257790,SESSION_003,0,0,8190,4,28.87,59.81,1006.96,43.3,1,EMPTY
2026-09-13T13:07:28.823+08:00,RUN_20260913_121444,274,3258794,SESSION_003,0,0,8190,4,28.87,59.83,1006.96,43.3,1,EMPTY
2026-09-13T13:07:29.827+08:00,RUN_20260913_121444,275,3259798,SESSION_003,0,0,8190,4,28.87,59.81,1006.96,43.3,1,EMPTY
2026-09-13T13:07:30.831+08:00,RUN_20260913_121444,276,3260802,SESSION_003,0,0,8190,4,28.87,59.81,1006.96,43.3,1,EMPTY
2026-09-13T13:07:32.017+08:00,RUN_20260913_121444,277,3261988,SESSION_003,1,0,8190,4,28.87,59.82,1006.96,43.3,1,EMPTY
2026-09-13T13:07:33.017+08:00,RUN_20260913_121444,278,3262988,SESSION_003,1,0,8190,4,28.87,59.91,1006.97,43.3,1,EMPTY
2026-09-13T13:07:34.017+08:00,RUN_20260913_121444,279,3263988,SESSION_003,0,0,8190,4,28.86,59.89,1006.96,43.3,1,EMPTY
2026-09-13T13:07:35.017+08:00,RUN_20260913_121444,280,3264988,SESSION_003,0,0,8190,4,28.86,59.92,1006.96,43.3,1,EMPTY
2026-09-13T13:07:35.835+08:00,RUN_20260913_121444,281,3265806,SESSION_003,0,0,8190,4,28.86,59.91,1006.96,43.3,1,EMPTY
2026-09-13T13:07:36.839+08:00,RUN_20260913_121444,282,3266810,SESSION_003,1,0,8190,4,28.86,59.85,1006.96,43.3,1,EMPTY
2026-09-13T13:07:38.025+08:00,RUN_20260913_121444,283,3267996,SESSION_003,1,0,8190,4,28.86,59.83,1006.96,43.3,1,EMPTY
2026-09-13T13:07:38.843+08:00,RUN_20260913_121444,284,3268814,SESSION_003,1,0,8190,4,28.86,59.77,1006.95,43.3,1,EMPTY
2026-09-13T13:07:40.029+08:00,RUN_20260913_121444,285,3270000,SESSION_003,0,0,8190,4,28.85,59.75,1006.95,43.3,1,EMPTY
2026-09-13T13:07:41.029+08:00,RUN_20260913_121444,286,3271000,SESSION_003,0,0,8190,4,28.85,59.76,1006.95,43.3,1,EMPTY
2026-09-13T13:07:41.847+08:00,RUN_20260913_121444,287,3271818,SESSION_003,0,0,8190,4,28.85,59.86,1006.95,43.3,1,EMPTY
2026-09-13T13:07:42.851+08:00,RUN_20260913_121444,288,3272822,SESSION_003,0,0,8190,4,28.85,59.82,1006.95,43.3,1,EMPTY
2026-09-13T13:07:44.037+08:00,RUN_20260913_121444,289,3274008,SESSION_003,0,0,8190,4,28.85,59.80,1006.95,43.3,1,EMPTY
2026-09-13T13:07:45.037+08:00,RUN_20260913_121444,290,3275008,SESSION_003,0,0,8190,4,28.85,59.89,1006.95,43.3,1,EMPTY
2026-09-13T13:07:46.037+08:00,RUN_20260913_121444,291,3276008,SESSION_003,0,0,8190,4,28.85,59.88,1006.95,43.3,1,EMPTY
2026-09-13T13:07:46.855+08:00,RUN_20260913_121444,292,3276826,SESSION_003,0,0,8190,4,28.85,59.90,1006.95,43.3,1,EMPTY
2026-09-13T13:07:48.041+08:00,RUN_20260913_121444,293,3278012,SESSION_003,0,0,8190,4,28.85,59.83,1006.95,43.3,1,EMPTY
2026-09-13T13:07:49.041+08:00,RUN_20260913_121444,294,3279012,SESSION_003,0,0,8190,4,28.85,59.89,1006.95,43.3,1,EMPTY
2026-09-13T13:07:49.859+08:00,RUN_20260913_121444,295,3279830,SESSION_003,0,0,8190,4,28.84,59.94,1006.94,43.3,1,EMPTY
2026-09-13T13:07:51.045+08:00,RUN_20260913_121444,296,3281016,SESSION_003,0,0,8190,4,28.84,59.82,1006.94,43.3,1,EMPTY
2026-09-13T13:07:52.045+08:00,RUN_20260913_121444,297,3282016,SESSION_003,0,0,8190,4,28.84,59.88,1006.94,43.3,1,EMPTY
2026-09-13T13:07:52.863+08:00,RUN_20260913_121444,298,3282834,SESSION_003,0,0,8190,4,28.84,59.89,1006.94,43.3,1,EMPTY
2026-09-13T13:07:54.049+08:00,RUN_20260913_121444,299,3284020,SESSION_003,1,0,8190,4,28.84,59.90,1006.94,43.3,1,EMPTY
2026-09-13T13:07:55.049+08:00,RUN_20260913_121444,300,3285020,SESSION_003,0,0,8190,4,28.84,59.81,1006.94,43.3,1,EMPTY
2026-09-13T13:07:56.049+08:00,RUN_20260913_121444,301,3286020,SESSION_003,0,0,8190,4,28.84,59.81,1006.94,43.3,1,EMPTY
2026-09-13T13:07:57.049+08:00,RUN_20260913_121444,302,3287020,SESSION_003,0,0,8190,4,28.83,59.81,1006.94,43.3,1,EMPTY
2026-09-13T13:07:57.867+08:00,RUN_20260913_121444,303,3287838,SESSION_003,0,0,8190,4,28.83,59.79,1006.95,43.3,1,EMPTY
2026-09-13T13:07:59.053+08:00,RUN_20260913_121444,304,3289024,SESSION_003,0,0,8190,4,28.83,59.87,1006.95,43.3,1,EMPTY
2026-09-13T13:07:59.871+08:00,RUN_20260913_121444,305,3289842,SESSION_003,0,0,8190,4,28.83,59.82,1006.95,43.3,1,EMPTY
2026-09-13T13:08:00.875+08:00,RUN_20260913_121444,306,3290846,SESSION_003,0,0,8190,4,28.83,59.83,1006.94,43.3,1,EMPTY
2026-09-13T13:08:01.879+08:00,RUN_20260913_121444,307,3291850,SESSION_003,0,0,8190,4,28.83,59.82,1006.95,43.3,1,EMPTY
2026-09-13T13:08:03.065+08:00,RUN_20260913_121444,308,3293036,SESSION_003,0,0,8190,4,28.83,59.90,1006.95,43.3,1,EMPTY
2026-09-13T13:08:04.065+08:00,RUN_20260913_121444,309,3294036,SESSION_003,1,0,8190,4,28.83,59.82,1006.95,43.3,1,EMPTY
2026-09-13T13:08:05.065+08:00,RUN_20260913_121444,310,3295036,SESSION_003,0,0,8190,4,28.83,59.84,1006.94,43.3,1,EMPTY
2026-09-13T13:08:06.065+08:00,RUN_20260913_121444,311,3296036,SESSION_003,0,0,8190,4,28.83,59.73,1006.95,43.3,1,EMPTY
2026-09-13T13:08:07.065+08:00,RUN_20260913_121444,312,3297036,SESSION_003,1,0,8190,4,28.83,59.73,1006.95,43.3,1,EMPTY
2026-09-13T13:08:07.883+08:00,RUN_20260913_121444,313,3297854,SESSION_003,0,0,8190,4,28.82,59.76,1006.94,43.3,1,EMPTY
2026-09-13T13:08:08.887+08:00,RUN_20260913_121444,314,3298858,SESSION_003,0,0,8190,4,28.82,59.75,1006.94,43.3,1,EMPTY
2026-09-13T13:08:09.891+08:00,RUN_20260913_121444,315,3299862,SESSION_003,0,0,8190,4,28.82,59.70,1006.95,43.3,1,EMPTY
2026-09-13T13:08:11.077+08:00,RUN_20260913_121444,316,3301048,SESSION_003,0,0,8190,4,28.82,59.82,1006.94,43.3,1,EMPTY
2026-09-13T13:08:11.895+08:00,RUN_20260913_121444,317,3301866,SESSION_003,0,0,8190,4,28.82,59.77,1006.94,43.3,1,EMPTY
2026-09-13T13:08:12.899+08:00,RUN_20260913_121444,318,3302870,SESSION_003,0,0,8190,4,28.82,59.76,1006.94,43.3,1,EMPTY
2026-09-13T13:08:13.903+08:00,RUN_20260913_121444,319,3303874,SESSION_003,0,0,8190,4,28.82,59.78,1006.94,43.3,1,EMPTY
2026-09-13T13:08:14.907+08:00,RUN_20260913_121444,320,3304878,SESSION_003,0,0,8190,4,28.82,59.79,1006.95,43.3,1,EMPTY
2026-09-13T13:08:15.911+08:00,RUN_20260913_121444,321,3305882,SESSION_003,0,0,8190,4,28.82,59.79,1006.95,43.3,1,EMPTY
2026-09-13T13:08:16.915+08:00,RUN_20260913_121444,322,3306886,SESSION_003,1,0,8190,4,28.82,59.79,1006.95,43.3,1,EMPTY
2026-09-13T13:08:17.919+08:00,RUN_20260913_121444,323,3307890,SESSION_003,0,0,8190,4,28.82,59.85,1006.95,43.3,1,EMPTY
2026-09-13T13:08:18.923+08:00,RUN_20260913_121444,324,3308894,SESSION_003,0,0,8190,4,28.82,59.82,1006.95,43.3,1,EMPTY
2026-09-13T13:08:20.109+08:00,RUN_20260913_121444,325,3310080,SESSION_003,0,0,8190,4,28.82,59.73,1006.95,43.3,1,EMPTY
2026-09-13T13:08:20.927+08:00,RUN_20260913_121444,326,3310898,SESSION_003,0,0,8190,4,28.82,59.70,1006.95,43.3,1,EMPTY
2026-09-13T13:08:21.931+08:00,RUN_20260913_121444,327,3311902,SESSION_003,1,0,8190,4,28.82,59.80,1006.95,43.3,1,EMPTY
2026-09-13T13:08:22.935+08:00,RUN_20260913_121444,328,3312906,SESSION_003,1,0,8190,4,28.82,59.73,1006.95,43.3,1,EMPTY
2026-09-13T13:08:23.939+08:00,RUN_20260913_121444,329,3313910,SESSION_003,0,0,8190,4,28.82,59.76,1006.95,43.3,1,EMPTY
2026-09-13T13:08:24.943+08:00,RUN_20260913_121444,330,3314914,SESSION_003,0,0,8190,4,28.82,59.80,1006.95,43.3,1,EMPTY
2026-09-13T13:08:25.947+08:00,RUN_20260913_121444,331,3315918,SESSION_003,0,0,8190,4,28.82,59.79,1006.95,43.3,1,EMPTY
2026-09-13T13:08:26.951+08:00,RUN_20260913_121444,332,3316922,SESSION_003,0,0,8190,4,28.81,59.79,1006.95,43.3,1,EMPTY
2026-09-13T13:08:28.137+08:00,RUN_20260913_121444,333,3318108,SESSION_003,0,0,8190,4,28.81,59.79,1006.94,43.3,1,EMPTY
2026-09-13T13:08:28.955+08:00,RUN_20260913_121444,334,3318926,SESSION_003,0,0,8190,4,28.81,59.85,1006.95,43.3,1,EMPTY
2026-09-13T13:08:29.959+08:00,RUN_20260913_121444,335,3319930,SESSION_003,1,0,8190,4,28.81,59.86,1006.95,43.3,1,EMPTY
2026-09-13T13:08:30.963+08:00,RUN_20260913_121444,336,3320934,SESSION_003,0,0,8190,4,28.81,59.85,1006.95,43.3,1,EMPTY
2026-09-13T13:08:31.967+08:00,RUN_20260913_121444,337,3321938,SESSION_003,0,0,8190,4,28.81,59.77,1006.94,43.3,1,EMPTY
2026-09-13T13:08:32.971+08:00,RUN_20260913_121444,338,3322942,SESSION_003,1,0,8190,4,28.81,59.77,1006.94,43.3,1,EMPTY
2026-09-13T13:08:33.975+08:00,RUN_20260913_121444,339,3323946,SESSION_003,0,0,8190,4,28.81,59.77,1006.94,43.3,1,EMPTY
2026-09-13T13:08:35.161+08:00,RUN_20260913_121444,340,3325132,SESSION_003,0,0,8190,4,28.81,59.77,1006.94,43.3,1,EMPTY
2026-09-13T13:08:36.161+08:00,RUN_20260913_121444,341,3326132,SESSION_003,0,0,8190,4,28.81,59.78,1006.94,43.3,1,EMPTY
2026-09-13T13:08:36.979+08:00,RUN_20260913_121444,342,3326950,SESSION_003,0,0,8190,4,28.81,59.86,1006.94,43.3,1,EMPTY
2026-09-13T13:08:38.165+08:00,RUN_20260913_121444,343,3328136,SESSION_003,0,0,8190,4,28.81,59.80,1006.93,43.3,1,EMPTY
2026-09-13T13:08:38.983+08:00,RUN_20260913_121444,344,3328954,SESSION_003,0,0,8190,4,28.81,59.84,1006.93,43.3,1,EMPTY
2026-09-13T13:08:39.987+08:00,RUN_20260913_121444,345,3329958,SESSION_003,0,0,8190,4,28.81,59.86,1006.93,43.3,1,EMPTY
2026-09-13T13:08:40.991+08:00,RUN_20260913_121444,346,3330962,SESSION_003,0,0,8190,4,28.81,59.95,1006.93,43.3,1,EMPTY
2026-09-13T13:08:41.995+08:00,RUN_20260913_121444,347,3331966,SESSION_003,1,0,8190,4,28.81,59.85,1006.93,43.3,1,EMPTY
2026-09-13T13:08:43.181+08:00,RUN_20260913_121444,348,3333152,SESSION_003,1,0,8190,4,28.81,59.92,1006.93,43.3,1,EMPTY
2026-09-13T13:08:44.181+08:00,RUN_20260913_121444,349,3334152,SESSION_003,0,0,8190,4,28.81,59.79,1006.93,43.3,1,EMPTY
2026-09-13T13:08:44.999+08:00,RUN_20260913_121444,350,3334970,SESSION_003,0,0,8190,4,28.81,59.78,1006.93,43.3,1,EMPTY
2026-09-13T13:08:46.003+08:00,RUN_20260913_121444,351,3335974,SESSION_003,1,0,8190,4,28.81,59.78,1006.93,43.3,1,EMPTY
2026-09-13T13:08:47.189+08:00,RUN_20260913_121444,352,3337160,SESSION_003,1,0,8190,4,28.81,59.83,1006.93,43.3,1,EMPTY
2026-09-13T13:08:48.007+08:00,RUN_20260913_121444,353,3337978,SESSION_003,0,0,8190,4,28.80,59.83,1006.93,43.3,1,EMPTY
2026-09-13T13:08:49.193+08:00,RUN_20260913_121444,354,3339164,SESSION_003,0,0,8190,4,28.80,59.73,1006.93,43.3,1,EMPTY
2026-09-13T13:08:50.193+08:00,RUN_20260913_121444,355,3340164,SESSION_003,0,0,8190,4,28.80,59.74,1006.94,43.3,1,EMPTY
2026-09-13T13:08:51.011+08:00,RUN_20260913_121444,356,3340982,SESSION_003,0,0,8190,4,28.80,59.74,1006.94,43.3,1,EMPTY
2026-09-13T13:08:52.197+08:00,RUN_20260913_121444,357,3342168,SESSION_003,0,0,8190,4,28.80,59.73,1006.93,43.3,1,EMPTY
2026-09-13T13:08:53.197+08:00,RUN_20260913_121444,358,3343168,SESSION_003,0,0,8190,4,28.80,59.73,1006.93,43.3,1,EMPTY
2026-09-13T13:08:54.015+08:00,RUN_20260913_121444,359,3343986,SESSION_003,0,0,8190,4,28.80,59.82,1006.93,43.3,1,EMPTY
2026-09-13T13:08:55.201+08:00,RUN_20260913_121444,360,3345172,SESSION_003,0,0,8190,4,28.80,59.74,1006.93,43.3,1,EMPTY
2026-09-13T13:08:56.201+08:00,RUN_20260913_121444,361,3346172,SESSION_003,1,0,8190,4,28.80,59.72,1006.92,43.3,1,EMPTY
2026-09-13T13:08:57.201+08:00,RUN_20260913_121444,362,3347172,SESSION_003,1,0,8190,4,28.80,59.68,1006.92,43.3,1,EMPTY
2026-09-13T13:08:58.019+08:00,RUN_20260913_121444,363,3347990,SESSION_003,0,0,8190,4,28.80,59.74,1006.92,43.3,1,EMPTY
2026-09-13T13:08:59.023+08:00,RUN_20260913_121444,364,3348994,SESSION_003,0,0,8190,4,28.80,59.65,1006.92,43.3,1,EMPTY
2026-09-13T13:09:00.027+08:00,RUN_20260913_121444,365,3349998,SESSION_003,0,0,8190,4,28.80,59.75,1006.92,43.3,1,EMPTY
2026-09-13T13:09:01.031+08:00,RUN_20260913_121444,366,3351002,SESSION_003,0,0,8190,4,28.79,59.68,1006.93,43.3,1,EMPTY
2026-09-13T13:09:02.035+08:00,RUN_20260913_121444,367,3352006,SESSION_003,0,0,8190,4,28.79,59.72,1006.93,43.3,1,EMPTY
2026-09-13T13:09:03.221+08:00,RUN_20260913_121444,368,3353192,SESSION_003,0,0,8190,4,28.79,59.73,1006.93,43.3,1,EMPTY
2026-09-13T13:09:04.221+08:00,RUN_20260913_121444,369,3354192,SESSION_003,0,0,8190,4,28.79,59.80,1006.93,43.3,1,EMPTY
2026-09-13T13:09:05.039+08:00,RUN_20260913_121444,370,3355010,SESSION_003,0,0,8190,4,28.79,59.79,1006.93,43.3,1,EMPTY
2026-09-13T13:09:06.225+08:00,RUN_20260913_121444,371,3356196,SESSION_003,0,0,8190,4,28.79,59.80,1006.93,43.3,1,EMPTY
2026-09-13T13:09:07.225+08:00,RUN_20260913_121444,372,3357196,SESSION_003,0,0,8190,4,28.78,59.83,1006.93,43.3,1,EMPTY
2026-09-13T13:09:08.043+08:00,RUN_20260913_121444,373,3358014,SESSION_003,0,0,8190,4,28.78,59.82,1006.93,43.3,1,EMPTY
2026-09-13T13:09:09.047+08:00,RUN_20260913_121444,374,3359018,SESSION_003,0,0,8190,4,28.78,59.82,1006.92,43.3,1,EMPTY
2026-09-13T13:09:10.051+08:00,RUN_20260913_121444,375,3360022,SESSION_003,0,0,8190,4,28.77,59.81,1006.92,43.3,1,EMPTY
2026-09-13T13:09:11.055+08:00,RUN_20260913_121444,376,3361026,SESSION_003,0,0,8190,4,28.77,59.77,1006.92,43.3,1,EMPTY
2026-09-13T13:09:12.059+08:00,RUN_20260913_121444,377,3362030,SESSION_003,0,0,8190,4,28.77,59.73,1006.92,43.3,1,EMPTY
2026-09-13T13:09:13.063+08:00,RUN_20260913_121444,378,3363034,SESSION_003,0,0,8190,4,28.76,59.67,1006.92,43.3,1,EMPTY
2026-09-13T13:09:14.249+08:00,RUN_20260913_121444,379,3364220,SESSION_003,0,0,8190,4,28.76,59.79,1006.91,43.3,1,EMPTY
2026-09-13T13:09:15.249+08:00,RUN_20260913_121444,380,3365220,SESSION_003,0,0,8190,4,28.76,59.80,1006.91,43.3,1,EMPTY
2026-09-13T13:09:16.067+08:00,RUN_20260913_121444,381,3366038,SESSION_003,0,0,8190,4,28.76,59.75,1006.91,43.3,1,EMPTY
2026-09-13T13:09:17.071+08:00,RUN_20260913_121444,382,3367042,SESSION_003,0,0,8190,4,28.75,59.83,1006.90,43.3,1,EMPTY
2026-09-13T13:09:18.257+08:00,RUN_20260913_121444,383,3368228,SESSION_003,0,0,8190,4,28.75,59.84,1006.90,43.3,1,EMPTY
2026-09-13T13:09:19.075+08:00,RUN_20260913_121444,384,3369046,SESSION_003,0,0,8190,4,28.75,59.77,1006.90,43.3,1,EMPTY
2026-09-13T13:09:20.079+08:00,RUN_20260913_121444,385,3370050,SESSION_003,0,0,8190,4,28.75,59.80,1006.90,43.3,1,EMPTY
2026-09-13T13:09:21.083+08:00,RUN_20260913_121444,386,3371054,SESSION_003,0,0,8190,4,28.75,59.80,1006.90,43.3,1,EMPTY
2026-09-13T13:09:22.269+08:00,RUN_20260913_121444,387,3372240,SESSION_003,1,0,8190,4,28.75,59.76,1006.90,43.3,1,EMPTY
2026-09-13T13:09:23.087+08:00,RUN_20260913_121444,388,3373058,SESSION_003,1,0,8190,4,28.75,59.71,1006.90,43.3,1,EMPTY
2026-09-13T13:09:24.091+08:00,RUN_20260913_121444,389,3374062,SESSION_003,0,0,8190,4,28.75,59.83,1006.90,43.3,1,EMPTY
2026-09-13T13:09:25.095+08:00,RUN_20260913_121444,390,3375066,SESSION_003,0,0,8190,4,28.74,59.76,1006.90,43.3,1,EMPTY
2026-09-13T13:09:26.099+08:00,RUN_20260913_121444,391,3376070,SESSION_003,1,0,8190,4,28.74,59.87,1006.90,43.3,1,EMPTY
2026-09-13T13:09:27.285+08:00,RUN_20260913_121444,392,3377256,SESSION_003,1,0,8190,4,28.74,59.95,1006.90,43.3,1,EMPTY
2026-09-13T13:09:28.103+08:00,RUN_20260913_121444,393,3378074,SESSION_003,0,0,8190,4,28.74,59.91,1006.90,43.3,1,EMPTY
2026-09-13T13:09:29.107+08:00,RUN_20260913_121444,394,3379078,SESSION_003,0,0,8190,4,28.74,59.91,1006.90,43.3,1,EMPTY
2026-09-13T13:09:30.293+08:00,RUN_20260913_121444,395,3380264,SESSION_003,0,0,8190,4,28.74,60.02,1006.90,43.3,1,EMPTY
2026-09-13T13:09:31.293+08:00,RUN_20260913_121444,396,3381264,SESSION_003,0,0,8190,4,28.74,59.94,1006.89,43.3,1,EMPTY
2026-09-13T13:09:32.111+08:00,RUN_20260913_121444,397,3382082,SESSION_003,0,0,8190,4,28.74,60.02,1006.89,43.3,1,EMPTY
2026-09-13T13:09:33.115+08:00,RUN_20260913_121444,398,3383086,SESSION_003,0,0,8190,4,28.74,59.94,1006.89,43.3,1,EMPTY
2026-09-13T13:09:34.119+08:00,RUN_20260913_121444,399,3384090,SESSION_003,0,0,8190,4,28.74,59.92,1006.89,43.3,1,EMPTY
2026-09-13T13:09:35.123+08:00,RUN_20260913_121444,400,3385094,SESSION_003,0,0,8190,4,28.73,59.98,1006.88,43.3,1,EMPTY
2026-09-13T13:09:36.127+08:00,RUN_20260913_121444,401,3386098,SESSION_003,0,0,8190,4,28.73,59.90,1006.88,43.3,1,EMPTY
2026-09-13T13:09:37.313+08:00,RUN_20260913_121444,402,3387284,SESSION_003,0,0,8190,4,28.73,59.90,1006.88,43.3,1,EMPTY
2026-09-13T13:09:38.131+08:00,RUN_20260913_121444,403,3388102,SESSION_003,0,0,8190,4,28.73,59.88,1006.88,43.3,1,EMPTY
2026-09-13T13:09:39.317+08:00,RUN_20260913_121444,404,3389288,SESSION_003,0,0,8190,4,28.73,59.86,1006.88,43.3,1,EMPTY
2026-09-13T13:09:40.135+08:00,RUN_20260913_121444,405,3390106,SESSION_003,0,0,8190,4,28.73,59.96,1006.88,43.3,1,EMPTY
2026-09-13T13:09:41.139+08:00,RUN_20260913_121444,406,3391110,SESSION_003,0,0,8190,4,28.73,59.86,1006.87,43.3,1,EMPTY
2026-09-13T13:09:42.325+08:00,RUN_20260913_121444,407,3392296,SESSION_003,0,0,8190,4,28.73,59.94,1006.87,43.3,1,EMPTY
2026-09-13T13:09:43.143+08:00,RUN_20260913_121444,408,3393114,SESSION_003,0,0,8190,4,28.73,59.85,1006.87,43.3,1,EMPTY
2026-09-13T13:09:44.329+08:00,RUN_20260913_121444,409,3394300,SESSION_003,0,0,8190,4,28.72,59.94,1006.87,43.3,1,EMPTY
2026-09-13T13:09:45.329+08:00,RUN_20260913_121444,410,3395300,SESSION_003,0,0,8190,4,28.72,59.85,1006.87,43.3,1,EMPTY
2026-09-13T13:09:46.329+08:00,RUN_20260913_121444,411,3396300,SESSION_003,0,0,8190,4,28.72,59.80,1006.87,43.3,1,EMPTY
2026-09-13T13:09:47.147+08:00,RUN_20260913_121444,412,3397118,SESSION_003,1,0,8190,4,28.72,59.89,1006.87,43.3,1,EMPTY
2026-09-13T13:09:48.333+08:00,RUN_20260913_121444,413,3398304,SESSION_003,1,0,8190,4,28.72,59.78,1006.86,43.3,1,EMPTY
2026-09-13T13:09:49.151+08:00,RUN_20260913_121444,414,3399122,SESSION_003,0,0,8190,4,28.72,59.86,1006.86,43.3,1,EMPTY
2026-09-13T13:09:50.337+08:00,RUN_20260913_121444,415,3400308,SESSION_003,0,0,8190,4,28.72,59.79,1006.86,43.3,1,EMPTY
2026-09-13T13:09:51.155+08:00,RUN_20260913_121444,416,3401126,SESSION_003,0,0,8190,4,28.72,59.78,1006.87,43.3,1,EMPTY
2026-09-13T13:09:52.159+08:00,RUN_20260913_121444,417,3402130,SESSION_003,0,0,8190,4,28.72,59.79,1006.87,43.3,1,EMPTY
2026-09-13T13:09:53.345+08:00,RUN_20260913_121444,418,3403316,SESSION_003,0,0,8190,4,28.72,59.80,1006.87,43.3,1,EMPTY
2026-09-13T13:09:54.163+08:00,RUN_20260913_121444,419,3404134,SESSION_003,0,0,8190,4,28.72,59.89,1006.87,43.3,1,EMPTY
2026-09-13T13:09:55.167+08:00,RUN_20260913_121444,420,3405138,SESSION_003,0,0,8190,4,28.72,59.88,1006.87,43.3,1,EMPTY
2026-09-13T13:09:56.171+08:00,RUN_20260913_121444,421,3406142,SESSION_003,0,0,8190,4,28.72,59.85,1006.87,43.3,1,EMPTY
2026-09-13T13:09:57.175+08:00,RUN_20260913_121444,422,3407146,SESSION_003,1,0,8190,4,28.72,59.82,1006.87,43.3,1,EMPTY
2026-09-13T13:09:58.361+08:00,RUN_20260913_121444,423,3408332,SESSION_003,0,0,8190,4,28.72,59.80,1006.87,43.3,1,EMPTY
2026-09-13T13:09:59.361+08:00,RUN_20260913_121444,424,3409332,SESSION_003,0,0,8190,4,28.72,59.80,1006.87,43.3,1,EMPTY
2026-09-13T13:10:00.361+08:00,RUN_20260913_121444,425,3410332,SESSION_003,1,0,8190,4,28.72,59.90,1006.87,43.3,1,EMPTY
2026-09-13T13:10:01.361+08:00,RUN_20260913_121444,426,3411332,SESSION_003,0,0,8190,4,28.72,59.80,1006.87,43.3,1,EMPTY
2026-09-13T13:10:02.361+08:00,RUN_20260913_121444,427,3412332,SESSION_003,0,0,8190,4,28.72,59.84,1006.87,43.3,1,EMPTY
2026-09-13T13:10:03.179+08:00,RUN_20260913_121444,428,3413150,SESSION_003,0,0,8190,4,28.72,59.76,1006.87,43.3,1,EMPTY
2026-09-13T13:10:04.183+08:00,RUN_20260913_121444,429,3414154,SESSION_003,0,0,8190,4,28.72,59.85,1006.87,43.3,1,EMPTY
2026-09-13T13:10:05.369+08:00,RUN_20260913_121444,430,3415340,SESSION_003,0,0,8190,4,28.72,59.83,1006.87,43.3,1,EMPTY
2026-09-13T13:10:06.369+08:00,RUN_20260913_121444,431,3416340,SESSION_003,0,0,8190,4,28.72,59.86,1006.86,43.3,1,EMPTY
2026-09-13T13:10:07.369+08:00,RUN_20260913_121444,432,3417340,SESSION_003,0,0,8190,4,28.72,59.88,1006.86,43.3,1,EMPTY
2026-09-13T13:10:08.187+08:00,RUN_20260913_121444,433,3418158,SESSION_003,0,0,8190,4,28.72,59.80,1006.86,43.3,1,EMPTY
2026-09-13T13:10:09.191+08:00,RUN_20260913_121444,434,3419162,SESSION_003,0,0,8190,4,28.72,59.80,1006.86,43.3,1,EMPTY
2026-09-13T13:10:10.195+08:00,RUN_20260913_121444,435,3420166,SESSION_003,0,0,8190,4,28.72,59.85,1006.87,43.3,1,EMPTY
2026-09-13T13:10:11.199+08:00,RUN_20260913_121444,436,3421170,SESSION_003,1,0,8190,4,28.72,59.77,1006.87,43.3,1,EMPTY
2026-09-13T13:10:12.203+08:00,RUN_20260913_121444,437,3422174,SESSION_003,0,0,8190,4,28.72,59.79,1006.87,43.3,1,EMPTY
2026-09-13T13:10:13.389+08:00,RUN_20260913_121444,438,3423360,SESSION_003,0,0,8190,4,28.72,59.78,1006.87,42.5,1,EMPTY
2026-09-13T13:10:14.389+08:00,RUN_20260913_121444,439,3424360,SESSION_003,1,0,8190,4,28.72,59.74,1006.87,42.5,1,EMPTY
2026-09-13T13:10:15.207+08:00,RUN_20260913_121444,440,3425178,SESSION_003,1,0,8190,4,28.72,59.73,1006.87,42.5,1,EMPTY
2026-09-13T13:10:16.393+08:00,RUN_20260913_121444,441,3426364,SESSION_003,1,0,403,0,28.72,59.71,1006.87,42.5,1,EMPTY
2026-09-13T13:10:17.398+08:00,RUN_20260913_121444,442,3427369,SESSION_003,0,1,8190,4,28.72,59.78,1006.87,42.5,1,EMPTY
2026-09-13T13:10:18.216+08:00,RUN_20260913_121444,443,3428187,SESSION_003,0,1,8190,4,28.72,59.83,1006.87,42.5,1,EMPTY
2026-09-13T13:10:19.402+08:00,RUN_20260913_121444,444,3429373,SESSION_003,0,1,8190,4,28.72,59.86,1006.87,42.5,1,EMPTY
2026-09-13T13:10:20.220+08:00,RUN_20260913_121444,445,3430191,SESSION_003,1,1,8190,4,28.72,59.79,1006.87,42.5,1,EMPTY
2026-09-13T13:10:21.406+08:00,RUN_20260913_121444,446,3431377,SESSION_003,1,0,8190,4,28.71,59.86,1006.87,42.5,1,EMPTY
2026-09-13T13:10:22.406+08:00,RUN_20260913_121444,447,3432377,SESSION_003,0,1,88,0,28.71,59.77,1006.87,33.3,1,EMPTY
2026-09-13T13:10:23.411+08:00,RUN_20260913_121444,448,3433382,SESSION_003,0,0,55,0,28.71,59.77,1006.87,40.0,1,EMPTY
2026-09-13T13:10:24.416+08:00,RUN_20260913_121444,449,3434387,SESSION_003,0,0,63,0,28.71,59.96,1006.87,40.0,1,EMPTY
2026-09-13T13:20:08.532+08:00,RUN_20260913_121444,1,4018503,SESSION_004,0,0,40,0,28.52,61.04,1006.72,40.8,1,EMPTY
2026-09-13T13:20:09.537+08:00,RUN_20260913_121444,2,4019508,SESSION_004,0,0,8190,4,28.53,61.04,1006.72,42.5,1,EMPTY
2026-09-13T13:20:10.542+08:00,RUN_20260913_121444,3,4020513,SESSION_004,1,0,432,0,28.53,61.00,1006.71,42.5,1,EMPTY
2026-09-13T13:20:11.547+08:00,RUN_20260913_121444,4,4021518,SESSION_004,1,0,8190,4,28.53,60.72,1006.72,42.5,1,EMPTY
2026-09-13T13:20:12.370+08:00,RUN_20260913_121444,5,4022341,SESSION_004,1,0,8190,4,28.53,60.69,1006.72,43.3,1,EMPTY
2026-09-13T13:20:13.373+08:00,RUN_20260913_121444,6,4023344,SESSION_004,0,0,8190,4,28.53,60.56,1006.72,43.3,1,EMPTY
2026-09-13T13:20:14.376+08:00,RUN_20260913_121444,7,4024347,SESSION_004,0,0,8190,4,28.53,60.38,1006.72,43.3,1,EMPTY
2026-09-13T13:20:15.561+08:00,RUN_20260913_121444,8,4025532,SESSION_004,0,0,8190,4,28.53,60.37,1006.72,43.3,1,EMPTY
2026-09-13T13:20:16.384+08:00,RUN_20260913_121444,9,4026355,SESSION_004,1,0,8190,4,28.53,60.39,1006.72,44.2,1,EMPTY
2026-09-13T13:20:17.387+08:00,RUN_20260913_121444,10,4027358,SESSION_004,0,0,8190,4,28.54,60.48,1006.72,43.3,1,EMPTY
2026-09-13T13:20:18.390+08:00,RUN_20260913_121444,11,4028361,SESSION_004,0,0,8190,4,28.54,60.42,1006.72,44.2,1,EMPTY
2026-09-13T13:20:19.575+08:00,RUN_20260913_121444,12,4029546,SESSION_004,0,0,8190,4,28.54,60.40,1006.72,43.3,1,EMPTY
2026-09-13T13:20:20.580+08:00,RUN_20260913_121444,13,4030551,SESSION_004,0,0,8190,4,28.54,60.43,1006.72,43.3,1,EMPTY
2026-09-13T13:20:21.403+08:00,RUN_20260913_121444,14,4031374,SESSION_004,0,0,8190,4,28.54,60.42,1006.72,44.2,1,EMPTY
2026-09-13T13:20:22.406+08:00,RUN_20260913_121444,15,4032377,SESSION_004,0,0,8190,4,28.54,60.52,1006.72,44.2,1,EMPTY
2026-09-13T13:20:23.409+08:00,RUN_20260913_121444,16,4033380,SESSION_004,0,0,8190,4,28.54,60.41,1006.72,44.2,1,EMPTY
2026-09-13T13:20:24.412+08:00,RUN_20260913_121444,17,4034383,SESSION_004,0,0,8190,4,28.54,60.46,1006.71,44.2,1,EMPTY
2026-09-13T13:20:25.415+08:00,RUN_20260913_121444,18,4035386,SESSION_004,0,0,8190,4,28.54,60.42,1006.71,44.2,1,EMPTY
2026-09-13T13:20:26.600+08:00,RUN_20260913_121444,19,4036571,SESSION_004,0,0,8190,4,28.55,60.48,1006.71,43.3,1,EMPTY
2026-09-13T13:20:27.423+08:00,RUN_20260913_121444,20,4037394,SESSION_004,0,0,8190,4,28.55,60.45,1006.71,44.2,1,EMPTY
2026-09-13T13:20:28.426+08:00,RUN_20260913_121444,21,4038397,SESSION_004,0,0,8190,4,28.55,60.36,1006.71,44.2,1,EMPTY
2026-09-13T13:20:29.611+08:00,RUN_20260913_121444,22,4039582,SESSION_004,0,0,8190,4,28.55,60.49,1006.71,44.2,1,EMPTY
2026-09-13T13:20:30.616+08:00,RUN_20260913_121444,23,4040587,SESSION_004,0,0,8190,4,28.55,60.40,1006.71,43.3,1,EMPTY
2026-09-13T13:20:31.621+08:00,RUN_20260913_121444,24,4041592,SESSION_004,0,0,8190,4,28.55,60.48,1006.71,44.2,1,EMPTY
2026-09-13T13:20:32.444+08:00,RUN_20260913_121444,25,4042415,SESSION_004,0,0,8190,4,28.55,60.47,1006.71,44.2,1,EMPTY
2026-09-13T13:20:33.447+08:00,RUN_20260913_121444,26,4043418,SESSION_004,0,0,8190,4,28.55,60.47,1006.71,44.2,1,EMPTY
2026-09-13T13:20:34.632+08:00,RUN_20260913_121444,27,4044603,SESSION_004,0,0,8190,4,28.55,60.48,1006.71,44.2,1,EMPTY
2026-09-13T13:20:35.455+08:00,RUN_20260913_121444,28,4045426,SESSION_004,0,0,8190,4,28.55,60.47,1006.71,44.2,1,EMPTY
2026-09-13T13:20:36.458+08:00,RUN_20260913_121444,29,4046429,SESSION_004,0,0,8190,4,28.55,60.47,1006.71,44.2,1,EMPTY
2026-09-13T13:20:37.643+08:00,RUN_20260913_121444,30,4047614,SESSION_004,0,0,8190,4,28.56,60.48,1006.71,44.2,1,EMPTY
2026-09-13T13:20:38.466+08:00,RUN_20260913_121444,31,4048437,SESSION_004,0,0,8190,4,28.56,60.42,1006.71,44.2,1,EMPTY
2026-09-13T13:20:39.651+08:00,RUN_20260913_121444,32,4049622,SESSION_004,0,0,8190,4,28.56,60.48,1006.71,43.3,1,EMPTY
2026-09-13T13:20:40.474+08:00,RUN_20260913_121444,33,4050445,SESSION_004,0,0,8190,4,28.56,60.47,1006.71,44.2,1,EMPTY
2026-09-13T13:20:41.659+08:00,RUN_20260913_121444,34,4051630,SESSION_004,0,0,8190,4,28.56,60.40,1006.70,44.2,1,EMPTY
2026-09-13T13:20:42.664+08:00,RUN_20260913_121444,35,4052635,SESSION_004,0,0,8190,4,28.56,60.40,1006.70,44.2,1,EMPTY
2026-09-13T13:20:43.487+08:00,RUN_20260913_121444,36,4053458,SESSION_004,0,0,8190,4,28.56,60.41,1006.70,44.2,1,EMPTY
2026-09-13T13:20:44.672+08:00,RUN_20260913_121444,37,4054643,SESSION_004,0,0,8190,4,28.57,60.50,1006.71,44.2,1,EMPTY
2026-09-13T13:20:45.495+08:00,RUN_20260913_121444,38,4055466,SESSION_004,0,0,8190,4,28.57,60.46,1006.70,44.2,1,EMPTY
2026-09-13T13:20:46.498+08:00,RUN_20260913_121444,39,4056469,SESSION_004,0,0,8190,4,28.57,60.34,1006.70,43.3,1,EMPTY
2026-09-13T13:20:47.501+08:00,RUN_20260913_121444,40,4057472,SESSION_004,0,0,8190,4,28.57,60.32,1006.70,44.2,1,EMPTY
2026-09-13T13:20:48.504+08:00,RUN_20260913_121444,41,4058475,SESSION_004,0,0,8190,4,28.57,60.31,1006.70,44.2,1,EMPTY
2026-09-13T13:20:49.507+08:00,RUN_20260913_121444,42,4059478,SESSION_004,0,0,8190,4,28.57,60.32,1006.70,44.2,1,EMPTY
2026-09-13T13:20:50.692+08:00,RUN_20260913_121444,43,4060663,SESSION_004,0,0,8190,4,28.57,60.28,1006.70,44.2,1,EMPTY
2026-09-13T13:20:51.697+08:00,RUN_20260913_121444,44,4061668,SESSION_004,0,0,8190,4,28.57,60.31,1006.70,43.3,1,EMPTY
2026-09-13T13:20:52.520+08:00,RUN_20260913_121444,45,4062491,SESSION_004,0,0,8190,4,28.57,60.28,1006.70,44.2,1,EMPTY
2026-09-13T13:20:53.523+08:00,RUN_20260913_121444,46,4063494,SESSION_004,0,0,8190,4,28.57,60.28,1006.70,44.2,1,EMPTY
2026-09-13T13:20:54.526+08:00,RUN_20260913_121444,47,4064497,SESSION_004,0,0,8190,4,28.57,60.34,1006.70,44.2,1,EMPTY
2026-09-13T13:20:55.529+08:00,RUN_20260913_121444,48,4065500,SESSION_004,0,0,8190,4,28.57,60.35,1006.70,44.2,1,EMPTY
2026-09-13T13:20:56.532+08:00,RUN_20260913_121444,49,4066503,SESSION_004,0,0,8190,4,28.58,60.33,1006.70,44.2,1,EMPTY
2026-09-13T13:20:57.535+08:00,RUN_20260913_121444,50,4067506,SESSION_004,0,0,8190,4,28.58,60.37,1006.70,44.2,1,EMPTY
2026-09-13T13:20:58.538+08:00,RUN_20260913_121444,51,4068509,SESSION_004,0,0,8190,4,28.58,60.25,1006.70,44.2,1,EMPTY
2026-09-13T13:20:59.541+08:00,RUN_20260913_121444,52,4069512,SESSION_004,0,0,8190,4,28.58,60.27,1006.70,44.2,1,EMPTY
2026-09-13T13:21:00.544+08:00,RUN_20260913_121444,53,4070515,SESSION_004,0,0,8190,4,28.58,60.25,1006.70,44.2,1,EMPTY
2026-09-13T13:21:01.547+08:00,RUN_20260913_121444,54,4071518,SESSION_004,0,0,8190,4,28.58,60.24,1006.69,44.2,1,EMPTY
2026-09-13T13:21:02.550+08:00,RUN_20260913_121444,55,4072521,SESSION_004,0,0,8190,4,28.58,60.33,1006.69,44.2,1,EMPTY
2026-09-13T13:21:03.553+08:00,RUN_20260913_121444,56,4073524,SESSION_004,0,0,8190,4,28.58,60.14,1006.69,44.2,1,EMPTY
2026-09-13T13:21:04.556+08:00,RUN_20260913_121444,57,4074527,SESSION_004,0,0,8190,4,28.58,60.21,1006.69,44.2,1,EMPTY
2026-09-13T13:21:05.559+08:00,RUN_20260913_121444,58,4075530,SESSION_004,0,0,8190,4,28.58,60.21,1006.69,44.2,1,EMPTY
2026-09-13T13:21:06.562+08:00,RUN_20260913_121444,59,4076533,SESSION_004,0,0,8190,4,28.58,60.11,1006.69,44.2,1,EMPTY
2026-09-13T13:21:07.565+08:00,RUN_20260913_121444,60,4077536,SESSION_004,0,0,8190,4,28.58,60.09,1006.69,44.2,1,EMPTY
2026-09-13T13:21:08.568+08:00,RUN_20260913_121444,61,4078539,SESSION_004,0,0,8190,4,28.58,60.18,1006.69,44.2,1,EMPTY
2026-09-13T13:21:09.571+08:00,RUN_20260913_121444,62,4079542,SESSION_004,0,0,8190,4,28.58,60.11,1006.70,44.2,1,EMPTY
2026-09-13T13:21:10.574+08:00,RUN_20260913_121444,63,4080545,SESSION_004,0,0,8190,4,28.58,60.08,1006.69,44.2,1,EMPTY
2026-09-13T13:21:11.577+08:00,RUN_20260913_121444,64,4081548,SESSION_004,0,0,8190,4,28.58,60.17,1006.69,44.2,1,EMPTY
2026-09-13T13:21:12.762+08:00,RUN_20260913_121444,65,4082733,SESSION_004,0,0,8190,4,28.58,60.08,1006.69,44.2,1,EMPTY
2026-09-13T13:21:13.585+08:00,RUN_20260913_121444,66,4083556,SESSION_004,0,0,8190,4,28.58,60.17,1006.69,44.2,1,EMPTY
2026-09-13T13:21:14.770+08:00,RUN_20260913_121444,67,4084741,SESSION_004,0,0,8190,4,28.58,60.14,1006.68,44.2,1,EMPTY
2026-09-13T13:21:15.775+08:00,RUN_20260913_121444,68,4085746,SESSION_004,0,0,8190,4,28.58,60.13,1006.68,44.2,1,EMPTY
2026-09-13T13:21:16.598+08:00,RUN_20260913_121444,69,4086569,SESSION_004,0,0,8190,4,28.59,60.06,1006.68,44.2,1,EMPTY
2026-09-13T13:21:17.601+08:00,RUN_20260913_121444,70,4087572,SESSION_004,0,0,8190,4,28.59,60.05,1006.68,44.2,1,EMPTY
2026-09-13T13:21:18.604+08:00,RUN_20260913_121444,71,4088575,SESSION_004,0,0,8190,4,28.58,60.15,1006.67,44.2,1,EMPTY
2026-09-13T13:21:19.789+08:00,RUN_20260913_121444,72,4089760,SESSION_004,0,0,8190,4,28.58,60.05,1006.67,44.2,1,EMPTY
2026-09-13T13:21:20.794+08:00,RUN_20260913_121444,73,4090765,SESSION_004,0,0,8190,4,28.59,60.17,1006.67,44.2,1,EMPTY
2026-09-13T13:21:21.799+08:00,RUN_20260913_121444,74,4091770,SESSION_004,0,0,8190,4,28.58,60.08,1006.66,44.2,1,EMPTY
2026-09-13T13:21:22.622+08:00,RUN_20260913_121444,75,4092593,SESSION_004,0,0,8190,4,28.59,60.18,1006.66,44.2,1,EMPTY
2026-09-13T13:21:23.625+08:00,RUN_20260913_121444,76,4093596,SESSION_004,0,0,8190,4,28.58,60.14,1006.66,44.2,1,EMPTY
2026-09-13T13:21:24.628+08:00,RUN_20260913_121444,77,4094599,SESSION_004,0,0,8190,4,28.59,60.15,1006.66,44.2,1,EMPTY
2026-09-13T13:21:25.813+08:00,RUN_20260913_121444,78,4095784,SESSION_004,0,0,8190,4,28.59,60.06,1006.66,44.2,1,EMPTY
2026-09-13T13:21:26.636+08:00,RUN_20260913_121444,79,4096607,SESSION_004,0,0,8190,4,28.59,60.08,1006.66,44.2,1,EMPTY
2026-09-13T13:21:27.821+08:00,RUN_20260913_121444,80,4097792,SESSION_004,0,0,8190,4,28.59,60.09,1006.65,44.2,1,EMPTY
2026-09-13T13:21:28.826+08:00,RUN_20260913_121444,81,4098797,SESSION_004,0,0,8190,4,28.59,60.07,1006.65,44.2,1,EMPTY
2026-09-13T13:21:29.831+08:00,RUN_20260913_121444,82,4099802,SESSION_004,0,0,8190,4,28.59,60.14,1006.65,44.2,1,EMPTY
2026-09-13T13:21:30.654+08:00,RUN_20260913_121444,83,4100625,SESSION_004,0,0,8190,4,28.59,60.08,1006.65,44.2,1,EMPTY
2026-09-13T13:21:31.657+08:00,RUN_20260913_121444,84,4101628,SESSION_004,0,0,8190,4,28.59,60.09,1006.65,44.2,1,EMPTY
2026-09-13T13:21:32.660+08:00,RUN_20260913_121444,85,4102631,SESSION_004,0,0,8190,4,28.59,60.07,1006.65,44.2,1,EMPTY
2026-09-13T13:21:33.845+08:00,RUN_20260913_121444,86,4103816,SESSION_004,0,0,8190,4,28.59,60.15,1006.64,44.2,1,EMPTY
2026-09-13T13:21:34.850+08:00,RUN_20260913_121444,87,4104821,SESSION_004,0,0,8190,4,28.59,60.09,1006.64,44.2,1,EMPTY
2026-09-13T13:21:35.855+08:00,RUN_20260913_121444,88,4105826,SESSION_004,0,0,8190,4,28.59,60.04,1006.64,44.2,1,EMPTY
2026-09-13T13:21:36.678+08:00,RUN_20260913_121444,89,4106649,SESSION_004,0,0,8190,4,28.59,59.99,1006.64,44.2,1,EMPTY
2026-09-13T13:21:37.681+08:00,RUN_20260913_121444,90,4107652,SESSION_004,0,0,8190,4,28.59,60.06,1006.64,44.2,1,EMPTY
2026-09-13T13:21:38.684+08:00,RUN_20260913_121444,91,4108655,SESSION_004,0,0,8190,4,28.59,60.02,1006.64,44.2,1,EMPTY
2026-09-13T13:21:39.869+08:00,RUN_20260913_121444,92,4109840,SESSION_004,0,0,8190,4,28.59,59.89,1006.64,44.2,1,EMPTY
2026-09-13T13:21:40.692+08:00,RUN_20260913_121444,93,4110663,SESSION_004,0,0,8190,4,28.59,59.96,1006.64,44.2,1,EMPTY
2026-09-13T13:21:41.695+08:00,RUN_20260913_121444,94,4111666,SESSION_004,0,0,8190,4,28.59,59.90,1006.63,44.2,1,EMPTY
2026-09-13T13:21:42.880+08:00,RUN_20260913_121444,95,4112851,SESSION_004,0,0,8190,4,28.59,59.91,1006.64,44.2,1,EMPTY
2026-09-13T13:21:43.703+08:00,RUN_20260913_121444,96,4113674,SESSION_004,0,0,8190,4,28.59,59.92,1006.64,44.2,1,EMPTY
2026-09-13T13:21:44.888+08:00,RUN_20260913_121444,97,4114859,SESSION_004,0,0,8190,4,28.59,60.02,1006.64,44.2,1,EMPTY
2026-09-13T13:21:45.711+08:00,RUN_20260913_121444,98,4115682,SESSION_004,0,0,8190,4,28.59,60.02,1006.64,44.2,1,EMPTY
2026-09-13T13:21:46.714+08:00,RUN_20260913_121444,99,4116685,SESSION_004,0,0,8190,4,28.59,60.04,1006.64,44.2,1,EMPTY
2026-09-13T13:21:47.899+08:00,RUN_20260913_121444,100,4117870,SESSION_004,0,0,8190,4,28.59,59.94,1006.64,44.2,1,EMPTY
2026-09-13T13:21:48.717+08:00,RUN_20260913_121444,101,4118688,SESSION_004,0,0,8190,4,28.59,59.94,1006.63,44.2,1,EMPTY
2026-09-13T13:21:49.903+08:00,RUN_20260913_121444,102,4119874,SESSION_004,0,0,8190,4,28.59,59.94,1006.63,44.2,1,EMPTY
2026-09-13T13:21:50.721+08:00,RUN_20260913_121444,103,4120692,SESSION_004,0,0,8190,4,28.59,59.94,1006.63,44.2,1,EMPTY
2026-09-13T13:21:51.725+08:00,RUN_20260913_121444,104,4121696,SESSION_004,0,0,8190,4,28.59,60.00,1006.64,44.2,1,EMPTY
2026-09-13T13:21:52.729+08:00,RUN_20260913_121444,105,4122700,SESSION_004,0,0,8190,4,28.59,59.93,1006.64,44.2,1,EMPTY
2026-09-13T13:21:53.915+08:00,RUN_20260913_121444,106,4123886,SESSION_004,0,0,8190,4,28.59,59.92,1006.63,44.2,1,EMPTY
2026-09-13T13:21:54.733+08:00,RUN_20260913_121444,107,4124704,SESSION_004,0,0,8190,4,28.59,59.96,1006.63,44.2,1,EMPTY
2026-09-13T13:21:55.737+08:00,RUN_20260913_121444,108,4125708,SESSION_004,0,0,8190,4,28.59,59.96,1006.63,44.2,1,EMPTY
2026-09-13T13:21:56.741+08:00,RUN_20260913_121444,109,4126712,SESSION_004,0,0,8190,4,28.59,59.96,1006.63,44.2,1,EMPTY
2026-09-13T13:21:57.745+08:00,RUN_20260913_121444,110,4127716,SESSION_004,0,0,8190,4,28.59,59.82,1006.63,44.2,1,EMPTY
2026-09-13T13:21:58.931+08:00,RUN_20260913_121444,111,4128902,SESSION_004,0,0,8190,4,28.59,59.80,1006.63,44.2,1,EMPTY
2026-09-13T13:21:59.749+08:00,RUN_20260913_121444,112,4129720,SESSION_004,0,0,8190,4,28.59,59.83,1006.63,44.2,1,EMPTY
2026-09-13T13:22:00.753+08:00,RUN_20260913_121444,113,4130724,SESSION_004,0,0,8190,4,28.59,59.81,1006.62,44.2,1,EMPTY
2026-09-13T13:22:01.939+08:00,RUN_20260913_121444,114,4131910,SESSION_004,0,0,8190,4,28.59,59.81,1006.62,44.2,1,EMPTY
2026-09-13T13:22:02.939+08:00,RUN_20260913_121444,115,4132910,SESSION_004,0,0,8190,4,28.59,59.80,1006.62,44.2,1,EMPTY
2026-09-13T13:22:03.939+08:00,RUN_20260913_121444,116,4133910,SESSION_004,0,0,8190,4,28.59,59.80,1006.62,44.2,1,EMPTY
2026-09-13T13:22:04.939+08:00,RUN_20260913_121444,117,4134910,SESSION_004,0,0,8190,4,28.59,59.79,1006.62,44.2,1,EMPTY
2026-09-13T13:22:05.939+08:00,RUN_20260913_121444,118,4135910,SESSION_004,0,0,8190,4,28.59,59.87,1006.62,44.2,1,EMPTY
2026-09-13T13:22:06.939+08:00,RUN_20260913_121444,119,4136910,SESSION_004,0,0,8190,4,28.59,59.80,1006.62,44.2,1,EMPTY
2026-09-13T13:22:07.939+08:00,RUN_20260913_121444,120,4137910,SESSION_004,0,0,8190,4,28.59,59.79,1006.62,44.2,1,EMPTY
2026-09-13T13:22:08.939+08:00,RUN_20260913_121444,121,4138910,SESSION_004,0,0,8190,4,28.60,59.79,1006.62,44.2,1,EMPTY
2026-09-13T13:22:09.939+08:00,RUN_20260913_121444,122,4139910,SESSION_004,0,0,8190,4,28.60,59.81,1006.62,44.2,1,EMPTY
2026-09-13T13:22:10.939+08:00,RUN_20260913_121444,123,4140910,SESSION_004,0,0,8190,4,28.60,59.87,1006.62,44.2,1,EMPTY
2026-09-13T13:22:11.757+08:00,RUN_20260913_121444,124,4141728,SESSION_004,0,0,8190,4,28.60,59.89,1006.62,44.2,1,EMPTY
2026-09-13T13:22:12.761+08:00,RUN_20260913_121444,125,4142732,SESSION_004,0,0,8190,4,28.60,59.83,1006.61,44.2,1,EMPTY
2026-09-13T13:22:13.947+08:00,RUN_20260913_121444,126,4143918,SESSION_004,0,0,8190,4,28.60,59.82,1006.61,44.2,1,EMPTY
2026-09-13T13:22:14.765+08:00,RUN_20260913_121444,127,4144736,SESSION_004,0,0,8190,4,28.60,59.88,1006.62,44.2,1,EMPTY
2026-09-13T13:22:15.769+08:00,RUN_20260913_121444,128,4145740,SESSION_004,0,0,8190,4,28.60,59.81,1006.62,44.2,1,EMPTY
2026-09-13T13:22:16.773+08:00,RUN_20260913_121444,129,4146744,SESSION_004,0,0,8190,4,28.60,59.82,1006.61,44.2,1,EMPTY
2026-09-13T13:22:17.777+08:00,RUN_20260913_121444,130,4147748,SESSION_004,0,0,8190,4,28.60,59.82,1006.61,44.2,1,EMPTY
2026-09-13T13:22:18.781+08:00,RUN_20260913_121444,131,4148752,SESSION_004,0,0,8190,4,28.60,59.80,1006.61,44.2,1,EMPTY
2026-09-13T13:22:19.785+08:00,RUN_20260913_121444,132,4149756,SESSION_004,0,0,8190,4,28.60,59.78,1006.61,44.2,1,EMPTY
2026-09-13T13:22:20.789+08:00,RUN_20260913_121444,133,4150760,SESSION_004,0,0,8190,4,28.60,59.79,1006.61,44.2,1,EMPTY
2026-09-13T13:22:21.793+08:00,RUN_20260913_121444,134,4151764,SESSION_004,0,0,8190,4,28.60,59.87,1006.61,44.2,1,EMPTY
2026-09-13T13:22:22.797+08:00,RUN_20260913_121444,135,4152768,SESSION_004,0,0,8190,4,28.60,59.79,1006.61,44.2,1,EMPTY
2026-09-13T13:22:23.801+08:00,RUN_20260913_121444,136,4153772,SESSION_004,0,0,8190,4,28.60,59.84,1006.61,44.2,1,EMPTY
2026-09-13T13:22:24.987+08:00,RUN_20260913_121444,137,4154958,SESSION_004,0,0,8190,4,28.60,59.72,1006.61,44.2,1,EMPTY
2026-09-13T13:22:25.805+08:00,RUN_20260913_121444,138,4155776,SESSION_004,0,0,8190,4,28.60,59.73,1006.61,44.2,1,EMPTY
2026-09-13T13:22:26.991+08:00,RUN_20260913_121444,139,4156962,SESSION_004,0,0,8190,4,28.60,59.72,1006.61,44.2,1,EMPTY
2026-09-13T13:22:27.809+08:00,RUN_20260913_121444,140,4157780,SESSION_004,0,0,8190,4,28.60,59.69,1006.61,44.2,1,EMPTY
2026-09-13T13:22:28.813+08:00,RUN_20260913_121444,141,4158784,SESSION_004,0,0,8190,4,28.60,59.65,1006.61,44.2,1,EMPTY
2026-09-13T13:22:29.817+08:00,RUN_20260913_121444,142,4159788,SESSION_004,0,0,8190,4,28.60,59.69,1006.61,44.2,1,EMPTY
2026-09-13T13:22:31.003+08:00,RUN_20260913_121444,143,4160974,SESSION_004,0,0,8190,4,28.60,59.67,1006.61,44.2,1,EMPTY
2026-09-13T13:22:32.003+08:00,RUN_20260913_121444,144,4161974,SESSION_004,0,0,8190,4,28.60,59.68,1006.61,44.2,1,EMPTY
2026-09-13T13:22:32.821+08:00,RUN_20260913_121444,145,4162792,SESSION_004,0,0,8190,4,28.60,59.65,1006.60,44.2,1,EMPTY
2026-09-13T13:22:33.825+08:00,RUN_20260913_121444,146,4163796,SESSION_004,0,0,8190,4,28.60,59.65,1006.60,44.2,1,EMPTY
2026-09-13T13:22:34.829+08:00,RUN_20260913_121444,147,4164800,SESSION_004,0,0,8190,4,28.60,59.71,1006.60,44.2,1,EMPTY
2026-09-13T13:22:36.015+08:00,RUN_20260913_121444,148,4165986,SESSION_004,0,0,8190,4,28.61,59.62,1006.60,44.2,1,EMPTY
2026-09-13T13:22:36.833+08:00,RUN_20260913_121444,149,4166804,SESSION_004,0,0,8190,4,28.61,59.67,1006.60,44.2,1,EMPTY
2026-09-13T13:22:38.019+08:00,RUN_20260913_121444,150,4167990,SESSION_004,0,0,8190,4,28.61,59.67,1006.59,44.2,1,EMPTY
2026-09-13T13:22:39.019+08:00,RUN_20260913_121444,151,4168990,SESSION_004,0,0,8190,4,28.60,59.68,1006.59,44.2,1,EMPTY
2026-09-13T13:22:39.837+08:00,RUN_20260913_121444,152,4169808,SESSION_004,0,0,8190,4,28.60,59.59,1006.59,44.2,1,EMPTY
2026-09-13T13:22:40.841+08:00,RUN_20260913_121444,153,4170812,SESSION_004,0,0,8190,4,28.60,59.60,1006.59,44.2,1,EMPTY
2026-09-13T13:22:42.027+08:00,RUN_20260913_121444,154,4171998,SESSION_004,0,0,8190,4,28.60,59.55,1006.59,44.2,1,EMPTY
2026-09-13T13:22:43.027+08:00,RUN_20260913_121444,155,4172998,SESSION_004,0,0,8190,4,28.60,59.59,1006.59,44.2,1,EMPTY
2026-09-13T13:22:43.845+08:00,RUN_20260913_121444,156,4173816,SESSION_004,0,0,8190,4,28.60,59.55,1006.59,44.2,1,EMPTY
2026-09-13T13:22:45.031+08:00,RUN_20260913_121444,157,4175002,SESSION_004,0,0,8190,4,28.60,59.59,1006.59,44.2,1,EMPTY
2026-09-13T13:22:46.031+08:00,RUN_20260913_121444,158,4176002,SESSION_004,0,0,8190,4,28.60,59.53,1006.59,44.2,1,EMPTY
2026-09-13T13:22:47.031+08:00,RUN_20260913_121444,159,4177002,SESSION_004,0,0,8190,4,28.60,59.54,1006.59,44.2,1,EMPTY
2026-09-13T13:22:47.849+08:00,RUN_20260913_121444,160,4177820,SESSION_004,0,0,8190,4,28.60,59.53,1006.59,44.2,1,EMPTY
2026-09-13T13:22:48.853+08:00,RUN_20260913_121444,161,4178824,SESSION_004,0,0,8190,4,28.60,59.60,1006.59,44.2,1,EMPTY
2026-09-13T13:22:50.039+08:00,RUN_20260913_121444,162,4180010,SESSION_004,0,0,8190,4,28.60,59.48,1006.59,44.2,1,EMPTY
2026-09-13T13:22:50.857+08:00,RUN_20260913_121444,163,4180828,SESSION_004,0,0,8190,4,28.60,59.42,1006.59,44.2,1,EMPTY
2026-09-13T13:22:51.861+08:00,RUN_20260913_121444,164,4181832,SESSION_004,0,0,8190,4,28.60,59.35,1006.59,44.2,1,EMPTY
2026-09-13T13:22:53.047+08:00,RUN_20260913_121444,165,4183018,SESSION_004,0,0,8190,4,28.60,59.44,1006.59,44.2,1,EMPTY
2026-09-13T13:22:53.865+08:00,RUN_20260913_121444,166,4183836,SESSION_004,0,0,8190,4,28.60,59.48,1006.59,44.2,1,EMPTY
2026-09-13T13:22:54.869+08:00,RUN_20260913_121444,167,4184840,SESSION_004,0,0,8190,4,28.60,59.49,1006.59,44.2,1,EMPTY
2026-09-13T13:22:56.055+08:00,RUN_20260913_121444,168,4186026,SESSION_004,0,0,8190,4,28.60,59.41,1006.59,44.2,1,EMPTY
2026-09-13T13:22:56.873+08:00,RUN_20260913_121444,169,4186844,SESSION_004,0,0,8190,4,28.60,59.41,1006.60,44.2,1,EMPTY
2026-09-13T13:22:58.059+08:00,RUN_20260913_121444,170,4188030,SESSION_004,0,0,8190,4,28.60,59.42,1006.59,44.2,1,EMPTY
2026-09-13T13:22:58.877+08:00,RUN_20260913_121444,171,4188848,SESSION_004,0,0,8190,4,28.60,59.51,1006.60,44.2,1,EMPTY
2026-09-13T13:22:59.881+08:00,RUN_20260913_121444,172,4189852,SESSION_004,0,0,8190,4,28.60,59.41,1006.60,44.2,1,EMPTY
2026-09-13T13:23:00.885+08:00,RUN_20260913_121444,173,4190856,SESSION_004,0,0,8190,4,28.60,59.36,1006.60,44.2,1,EMPTY
2026-09-13T13:23:02.071+08:00,RUN_20260913_121444,174,4192042,SESSION_004,0,0,8190,4,28.60,59.40,1006.60,44.2,1,EMPTY
2026-09-13T13:23:02.889+08:00,RUN_20260913_121444,175,4192860,SESSION_004,0,0,8190,4,28.60,59.48,1006.60,44.2,1,EMPTY
2026-09-13T13:23:04.075+08:00,RUN_20260913_121444,176,4194046,SESSION_004,0,0,8190,4,28.60,59.49,1006.60,44.2,1,EMPTY
2026-09-13T13:23:04.893+08:00,RUN_20260913_121444,177,4194864,SESSION_004,0,0,8190,4,28.59,59.41,1006.60,44.2,1,EMPTY
2026-09-13T13:23:06.079+08:00,RUN_20260913_121444,178,4196050,SESSION_004,0,0,8190,4,28.59,59.49,1006.60,44.2,1,EMPTY
2026-09-13T13:23:06.897+08:00,RUN_20260913_121444,179,4196868,SESSION_004,0,0,8190,4,28.59,59.40,1006.60,44.2,1,EMPTY
2026-09-13T13:23:08.083+08:00,RUN_20260913_121444,180,4198054,SESSION_004,0,0,8190,4,28.59,59.48,1006.59,44.2,1,EMPTY
2026-09-13T13:23:08.901+08:00,RUN_20260913_121444,181,4198872,SESSION_004,0,0,8190,4,28.59,59.41,1006.59,44.2,1,EMPTY
2026-09-13T13:23:09.905+08:00,RUN_20260913_121444,182,4199876,SESSION_004,0,0,8190,4,28.59,59.41,1006.59,44.2,1,EMPTY
2026-09-13T13:23:10.909+08:00,RUN_20260913_121444,183,4200880,SESSION_004,0,0,8190,4,28.59,59.49,1006.59,44.2,1,EMPTY
2026-09-13T13:23:11.913+08:00,RUN_20260913_121444,184,4201884,SESSION_004,0,0,8190,4,28.59,59.44,1006.59,44.2,1,EMPTY
2026-09-13T13:23:13.099+08:00,RUN_20260913_121444,185,4203070,SESSION_004,0,0,8190,4,28.59,59.54,1006.59,44.2,1,EMPTY
2026-09-13T13:23:13.917+08:00,RUN_20260913_121444,186,4203888,SESSION_004,0,0,8190,4,28.59,59.43,1006.58,44.2,1,EMPTY
2026-09-13T13:23:14.921+08:00,RUN_20260913_121444,187,4204892,SESSION_004,0,0,8190,4,28.59,59.45,1006.58,44.2,1,EMPTY
2026-09-13T13:23:15.925+08:00,RUN_20260913_121444,188,4205896,SESSION_004,0,0,8190,4,28.59,59.44,1006.58,44.2,1,EMPTY
2026-09-13T13:23:16.929+08:00,RUN_20260913_121444,189,4206900,SESSION_004,0,0,8190,4,28.59,59.42,1006.58,44.2,1,EMPTY
2026-09-13T13:23:17.933+08:00,RUN_20260913_121444,190,4207904,SESSION_004,0,0,8190,4,28.59,59.53,1006.58,44.2,1,EMPTY
2026-09-13T13:23:19.119+08:00,RUN_20260913_121444,191,4209090,SESSION_004,0,0,8190,4,28.59,59.48,1006.58,44.2,1,EMPTY
2026-09-13T13:23:19.937+08:00,RUN_20260913_121444,192,4209908,SESSION_004,0,0,8190,4,28.59,59.47,1006.58,44.2,1,EMPTY
2026-09-13T13:23:20.941+08:00,RUN_20260913_121444,193,4210912,SESSION_004,0,0,8190,4,28.59,59.42,1006.59,44.2,1,EMPTY
2026-09-13T13:23:22.127+08:00,RUN_20260913_121444,194,4212098,SESSION_004,0,0,8190,4,28.59,59.44,1006.59,44.2,1,EMPTY
2026-09-13T13:23:23.127+08:00,RUN_20260913_121444,195,4213098,SESSION_004,0,0,8190,4,28.59,59.44,1006.61,44.2,1,EMPTY
2026-09-13T13:23:23.945+08:00,RUN_20260913_121444,196,4213916,SESSION_004,0,0,8190,4,28.59,59.45,1006.62,44.2,1,EMPTY
2026-09-13T13:23:24.949+08:00,RUN_20260913_121444,197,4214920,SESSION_004,0,0,8190,4,28.59,59.42,1006.62,44.2,1,EMPTY
2026-09-13T13:23:25.953+08:00,RUN_20260913_121444,198,4215924,SESSION_004,0,0,8190,4,28.59,59.43,1006.63,44.2,1,EMPTY
2026-09-13T13:23:26.957+08:00,RUN_20260913_121444,199,4216928,SESSION_004,0,0,8190,4,28.59,59.55,1006.64,44.2,1,EMPTY
2026-09-13T13:23:28.143+08:00,RUN_20260913_121444,200,4218114,SESSION_004,0,0,8190,4,28.59,59.53,1006.64,44.2,1,EMPTY
2026-09-13T13:23:29.143+08:00,RUN_20260913_121444,201,4219114,SESSION_004,0,0,8190,4,28.60,59.45,1006.65,44.2,1,EMPTY
2026-09-13T13:23:29.961+08:00,RUN_20260913_121444,202,4219932,SESSION_004,0,0,8190,4,28.60,59.56,1006.65,44.2,1,EMPTY
2026-09-13T13:23:30.965+08:00,RUN_20260913_121444,203,4220936,SESSION_004,0,0,8190,4,28.60,59.56,1006.65,44.2,1,EMPTY
2026-09-13T13:23:31.969+08:00,RUN_20260913_121444,204,4221940,SESSION_004,0,0,8190,4,28.60,59.45,1006.65,44.2,1,EMPTY
2026-09-13T13:23:32.973+08:00,RUN_20260913_121444,205,4222944,SESSION_004,0,0,8190,4,28.60,59.47,1006.65,44.2,1,EMPTY
2026-09-13T13:23:33.977+08:00,RUN_20260913_121444,206,4223948,SESSION_004,0,0,8190,4,28.60,59.45,1006.64,44.2,1,EMPTY
2026-09-13T13:23:34.981+08:00,RUN_20260913_121444,207,4224952,SESSION_004,0,0,8190,4,28.60,59.49,1006.64,44.2,1,EMPTY
2026-09-13T13:23:35.985+08:00,RUN_20260913_121444,208,4225956,SESSION_004,0,0,8190,4,28.60,59.42,1006.64,44.2,1,EMPTY
2026-09-13T13:23:37.171+08:00,RUN_20260913_121444,209,4227142,SESSION_004,0,0,8190,4,28.60,59.42,1006.63,44.2,1,EMPTY
2026-09-13T13:23:37.989+08:00,RUN_20260913_121444,210,4227960,SESSION_004,0,0,8190,4,28.60,59.42,1006.63,44.2,1,EMPTY
2026-09-13T13:23:38.993+08:00,RUN_20260913_121444,211,4228964,SESSION_004,0,0,8190,4,28.60,59.48,1006.62,44.2,1,EMPTY
2026-09-13T13:23:40.179+08:00,RUN_20260913_121444,212,4230150,SESSION_004,0,0,8190,4,28.60,59.40,1006.62,44.2,1,EMPTY
2026-09-13T13:23:40.997+08:00,RUN_20260913_121444,213,4230968,SESSION_004,0,0,8190,4,28.60,59.40,1006.62,44.2,1,EMPTY
2026-09-13T13:23:42.001+08:00,RUN_20260913_121444,214,4231972,SESSION_004,0,0,8190,4,28.60,59.41,1006.62,44.2,1,EMPTY
2026-09-13T13:23:43.005+08:00,RUN_20260913_121444,215,4232976,SESSION_004,0,0,8190,4,28.60,59.38,1006.61,44.2,1,EMPTY
2026-09-13T13:23:44.191+08:00,RUN_20260913_121444,216,4234162,SESSION_004,0,0,8190,4,28.60,59.44,1006.61,44.2,1,EMPTY
2026-09-13T13:23:45.009+08:00,RUN_20260913_121444,217,4234980,SESSION_004,0,0,8190,4,28.60,59.38,1006.61,44.2,1,EMPTY
2026-09-13T13:23:46.013+08:00,RUN_20260913_121444,218,4235984,SESSION_004,0,0,8190,4,28.60,59.41,1006.60,44.2,1,EMPTY
2026-09-13T13:23:47.199+08:00,RUN_20260913_121444,219,4237170,SESSION_004,0,0,8190,4,28.60,59.48,1006.61,44.2,1,EMPTY
2026-09-13T13:23:48.017+08:00,RUN_20260913_121444,220,4237988,SESSION_004,0,0,8190,4,28.60,59.50,1006.60,44.2,1,EMPTY
2026-09-13T13:23:49.021+08:00,RUN_20260913_121444,221,4238992,SESSION_004,0,0,8190,4,28.60,59.53,1006.60,44.2,1,EMPTY
2026-09-13T13:23:50.025+08:00,RUN_20260913_121444,222,4239996,SESSION_004,0,0,8190,4,28.60,59.54,1006.60,44.2,1,EMPTY
2026-09-13T13:23:51.029+08:00,RUN_20260913_121444,223,4241000,SESSION_004,0,0,8190,4,28.60,59.55,1006.60,44.2,1,EMPTY
2026-09-13T13:23:52.033+08:00,RUN_20260913_121444,224,4242004,SESSION_004,0,0,8190,4,28.60,59.55,1006.60,44.2,1,EMPTY
2026-09-13T13:23:53.037+08:00,RUN_20260913_121444,225,4243008,SESSION_004,0,0,8190,4,28.60,59.49,1006.60,44.2,1,EMPTY
2026-09-13T13:23:54.041+08:00,RUN_20260913_121444,226,4244012,SESSION_004,0,0,8190,4,28.60,59.48,1006.60,44.2,1,EMPTY
2026-09-13T13:23:55.045+08:00,RUN_20260913_121444,227,4245016,SESSION_004,0,0,8190,4,28.60,59.50,1006.60,44.2,1,EMPTY
2026-09-13T13:23:56.231+08:00,RUN_20260913_121444,228,4246202,SESSION_004,0,0,8190,4,28.60,59.56,1006.59,44.2,1,EMPTY
2026-09-13T13:23:57.231+08:00,RUN_20260913_121444,229,4247202,SESSION_004,0,0,8190,4,28.60,59.58,1006.59,44.2,1,EMPTY
2026-09-13T13:23:58.231+08:00,RUN_20260913_121444,230,4248202,SESSION_004,0,0,8190,4,28.60,59.50,1006.59,44.2,1,EMPTY
2026-09-13T13:23:59.231+08:00,RUN_20260913_121444,231,4249202,SESSION_004,0,0,8190,4,28.60,59.51,1006.59,44.2,1,EMPTY
2026-09-13T13:24:00.231+08:00,RUN_20260913_121444,232,4250202,SESSION_004,0,0,8190,4,28.60,59.61,1006.58,44.2,1,EMPTY
2026-09-13T13:24:01.049+08:00,RUN_20260913_121444,233,4251020,SESSION_004,0,0,8190,4,28.60,59.55,1006.58,44.2,1,EMPTY
2026-09-13T13:24:02.053+08:00,RUN_20260913_121444,234,4252024,SESSION_004,0,0,8190,4,28.60,59.65,1006.58,44.2,1,EMPTY
2026-09-13T13:24:03.057+08:00,RUN_20260913_121444,235,4253028,SESSION_004,0,0,8190,4,28.60,59.56,1006.58,44.2,1,EMPTY
2026-09-13T13:24:04.061+08:00,RUN_20260913_121444,236,4254032,SESSION_004,0,0,8190,4,28.60,59.56,1006.58,44.2,1,EMPTY
2026-09-13T13:24:05.065+08:00,RUN_20260913_121444,237,4255036,SESSION_004,0,0,8190,4,28.60,59.60,1006.58,44.2,1,EMPTY
2026-09-13T13:24:06.251+08:00,RUN_20260913_121444,238,4256222,SESSION_004,0,0,8190,4,28.60,59.62,1006.58,44.2,1,EMPTY
2026-09-13T13:24:07.069+08:00,RUN_20260913_121444,239,4257040,SESSION_004,0,0,8190,4,28.60,59.59,1006.57,44.2,1,EMPTY
2026-09-13T13:24:08.255+08:00,RUN_20260913_121444,240,4258226,SESSION_004,0,0,8190,4,28.60,59.60,1006.57,44.2,1,EMPTY
2026-09-13T13:24:09.255+08:00,RUN_20260913_121444,241,4259226,SESSION_004,0,0,8190,4,28.60,59.60,1006.58,44.2,1,EMPTY
2026-09-13T13:24:10.073+08:00,RUN_20260913_121444,242,4260044,SESSION_004,0,0,8190,4,28.60,59.59,1006.58,44.2,1,EMPTY
2026-09-13T13:24:11.077+08:00,RUN_20260913_121444,243,4261048,SESSION_004,0,0,8190,4,28.60,59.62,1006.58,44.2,1,EMPTY
2026-09-13T13:24:12.081+08:00,RUN_20260913_121444,244,4262052,SESSION_004,0,0,8190,4,28.60,59.61,1006.58,44.2,1,EMPTY
2026-09-13T13:24:13.085+08:00,RUN_20260913_121444,245,4263056,SESSION_004,0,0,8190,4,28.60,59.57,1006.58,44.2,1,EMPTY
2026-09-13T13:24:14.089+08:00,RUN_20260913_121444,246,4264060,SESSION_004,0,0,8190,4,28.60,59.63,1006.58,44.2,1,EMPTY
2026-09-13T13:24:15.093+08:00,RUN_20260913_121444,247,4265064,SESSION_004,0,0,8190,4,28.60,59.56,1006.58,44.2,1,EMPTY
2026-09-13T13:24:16.097+08:00,RUN_20260913_121444,248,4266068,SESSION_004,0,0,8190,4,28.60,59.56,1006.58,44.2,1,EMPTY
2026-09-13T13:24:17.101+08:00,RUN_20260913_121444,249,4267072,SESSION_004,0,0,8190,4,28.60,59.56,1006.58,44.2,1,EMPTY
2026-09-13T13:24:18.105+08:00,RUN_20260913_121444,250,4268076,SESSION_004,0,0,8190,4,28.60,59.61,1006.58,44.2,1,EMPTY
2026-09-13T13:24:19.109+08:00,RUN_20260913_121444,251,4269080,SESSION_004,0,0,8190,4,28.60,59.60,1006.58,44.2,1,EMPTY
2026-09-13T13:24:20.295+08:00,RUN_20260913_121444,252,4270266,SESSION_004,0,0,8190,4,28.60,59.57,1006.58,44.2,1,EMPTY
2026-09-13T13:24:21.113+08:00,RUN_20260913_121444,253,4271084,SESSION_004,0,0,8190,4,28.60,59.67,1006.58,44.2,1,EMPTY
2026-09-13T13:24:22.299+08:00,RUN_20260913_121444,254,4272270,SESSION_004,0,0,8190,4,28.61,59.65,1006.59,44.2,1,EMPTY
2026-09-13T13:24:23.299+08:00,RUN_20260913_121444,255,4273270,SESSION_004,0,0,8190,4,28.61,59.62,1006.59,44.2,1,EMPTY
2026-09-13T13:24:24.117+08:00,RUN_20260913_121444,256,4274088,SESSION_004,0,0,8190,4,28.60,59.66,1006.59,44.2,1,EMPTY
2026-09-13T13:24:25.303+08:00,RUN_20260913_121444,257,4275274,SESSION_004,0,0,8190,4,28.60,59.59,1006.59,44.2,1,EMPTY
2026-09-13T13:24:26.121+08:00,RUN_20260913_121444,258,4276092,SESSION_004,0,0,8190,4,28.60,59.60,1006.59,44.2,1,EMPTY
2026-09-13T13:24:27.307+08:00,RUN_20260913_121444,259,4277278,SESSION_004,0,0,8190,4,28.60,59.59,1006.59,44.2,1,EMPTY
2026-09-13T13:24:28.307+08:00,RUN_20260913_121444,260,4278278,SESSION_004,0,0,8190,4,28.60,59.60,1006.59,44.2,1,EMPTY
2026-09-13T13:24:29.307+08:00,RUN_20260913_121444,261,4279278,SESSION_004,0,0,8190,4,28.60,59.62,1006.59,44.2,1,EMPTY
2026-09-13T13:24:30.307+08:00,RUN_20260913_121444,262,4280278,SESSION_004,0,0,8190,4,28.61,59.63,1006.59,44.2,1,EMPTY
2026-09-13T13:24:31.125+08:00,RUN_20260913_121444,263,4281096,SESSION_004,0,0,8190,4,28.61,59.61,1006.59,44.2,1,EMPTY
2026-09-13T13:24:32.311+08:00,RUN_20260913_121444,264,4282282,SESSION_004,0,0,8190,4,28.61,59.57,1006.59,44.2,1,EMPTY
2026-09-13T13:24:33.129+08:00,RUN_20260913_121444,265,4283100,SESSION_004,0,0,8190,4,28.61,59.57,1006.59,44.2,1,EMPTY
2026-09-13T13:24:34.315+08:00,RUN_20260913_121444,266,4284286,SESSION_004,0,0,8190,4,28.61,59.57,1006.59,44.2,1,EMPTY
2026-09-13T13:24:35.133+08:00,RUN_20260913_121444,267,4285104,SESSION_004,0,0,8190,4,28.61,59.68,1006.59,44.2,1,EMPTY
2026-09-13T13:24:36.319+08:00,RUN_20260913_121444,268,4286290,SESSION_004,0,0,8190,4,28.61,59.56,1006.60,44.2,1,EMPTY
2026-09-13T13:24:37.137+08:00,RUN_20260913_121444,269,4287108,SESSION_004,0,0,8190,4,28.61,59.56,1006.60,44.2,1,EMPTY
2026-09-13T13:24:38.323+08:00,RUN_20260913_121444,270,4288294,SESSION_004,0,0,8190,4,28.61,59.63,1006.60,44.2,1,EMPTY
2026-09-13T13:24:39.141+08:00,RUN_20260913_121444,271,4289112,SESSION_004,0,0,8190,4,28.61,59.60,1006.60,44.2,1,EMPTY
2026-09-13T13:24:40.145+08:00,RUN_20260913_121444,272,4290116,SESSION_004,0,0,8190,4,28.61,59.49,1006.60,44.2,1,EMPTY
2026-09-13T13:24:41.149+08:00,RUN_20260913_121444,273,4291120,SESSION_004,0,0,8190,4,28.61,59.49,1006.61,44.2,1,EMPTY
2026-09-13T13:24:42.153+08:00,RUN_20260913_121444,274,4292124,SESSION_004,0,0,8190,4,28.61,59.52,1006.61,44.2,1,EMPTY
2026-09-13T13:24:43.339+08:00,RUN_20260913_121444,275,4293310,SESSION_004,0,0,8190,4,28.61,59.52,1006.61,44.2,1,EMPTY
2026-09-13T13:24:44.157+08:00,RUN_20260913_121444,276,4294128,SESSION_004,0,0,8190,4,28.61,59.58,1006.61,44.2,1,EMPTY
2026-09-13T13:24:45.161+08:00,RUN_20260913_121444,277,4295132,SESSION_004,0,0,8190,4,28.61,59.56,1006.61,44.2,1,EMPTY
2026-09-13T13:24:46.347+08:00,RUN_20260913_121444,278,4296318,SESSION_004,0,0,8190,4,28.61,59.52,1006.61,44.2,1,EMPTY
2026-09-13T13:24:47.165+08:00,RUN_20260913_121444,279,4297136,SESSION_004,0,0,8190,4,28.61,59.50,1006.61,44.2,1,EMPTY
2026-09-13T13:24:48.169+08:00,RUN_20260913_121444,280,4298140,SESSION_004,0,0,8190,4,28.61,59.49,1006.61,44.2,1,EMPTY
2026-09-13T13:24:49.173+08:00,RUN_20260913_121444,281,4299144,SESSION_004,0,0,8190,4,28.61,59.48,1006.61,44.2,1,EMPTY
2026-09-13T13:24:50.177+08:00,RUN_20260913_121444,282,4300148,SESSION_004,0,0,8190,4,28.61,59.55,1006.61,44.2,1,EMPTY
2026-09-13T13:24:51.181+08:00,RUN_20260913_121444,283,4301152,SESSION_004,0,0,8190,4,28.61,59.53,1006.61,44.2,1,EMPTY
2026-09-13T13:24:52.367+08:00,RUN_20260913_121444,284,4302338,SESSION_004,0,0,8190,4,28.61,59.43,1006.61,44.2,1,EMPTY
2026-09-13T13:24:53.185+08:00,RUN_20260913_121444,285,4303156,SESSION_004,0,0,8190,4,28.61,59.45,1006.61,44.2,1,EMPTY
2026-09-13T13:24:54.189+08:00,RUN_20260913_121444,286,4304160,SESSION_004,0,0,8190,4,28.61,59.48,1006.61,44.2,1,EMPTY
2026-09-13T13:24:55.375+08:00,RUN_20260913_121444,287,4305346,SESSION_004,0,0,8190,4,28.61,59.45,1006.60,44.2,1,EMPTY
2026-09-13T13:24:56.375+08:00,RUN_20260913_121444,288,4306346,SESSION_004,0,0,8190,4,28.61,59.42,1006.60,44.2,1,EMPTY
2026-09-13T13:24:57.193+08:00,RUN_20260913_121444,289,4307164,SESSION_004,0,0,8190,4,28.61,59.37,1006.60,44.2,1,EMPTY
2026-09-13T13:24:58.379+08:00,RUN_20260913_121444,290,4308350,SESSION_004,0,0,8190,4,28.61,59.42,1006.60,44.2,1,EMPTY
2026-09-13T13:24:59.197+08:00,RUN_20260913_121444,291,4309168,SESSION_004,0,0,8190,4,28.61,59.48,1006.60,44.2,1,EMPTY
2026-09-13T13:25:00.201+08:00,RUN_20260913_121444,292,4310172,SESSION_004,0,0,8190,4,28.61,59.42,1006.60,44.2,1,EMPTY
2026-09-13T13:25:01.205+08:00,RUN_20260913_121444,293,4311176,SESSION_004,0,0,8190,4,28.61,59.42,1006.60,44.2,1,EMPTY
2026-09-13T13:25:02.391+08:00,RUN_20260913_121444,294,4312362,SESSION_004,0,0,8190,4,28.61,59.41,1006.60,44.2,1,EMPTY
2026-09-13T13:25:03.209+08:00,RUN_20260913_121444,295,4313180,SESSION_004,0,0,8190,4,28.61,59.42,1006.60,44.2,1,EMPTY
2026-09-13T13:25:04.213+08:00,RUN_20260913_121444,296,4314184,SESSION_004,0,0,8190,4,28.61,59.43,1006.60,44.2,1,EMPTY
2026-09-13T13:25:05.217+08:00,RUN_20260913_121444,297,4315188,SESSION_004,0,0,8190,4,28.61,59.45,1006.60,44.2,1,EMPTY
2026-09-13T13:25:06.403+08:00,RUN_20260913_121444,298,4316374,SESSION_004,0,0,8190,4,28.61,59.46,1006.60,44.2,1,EMPTY
2026-09-13T13:25:07.221+08:00,RUN_20260913_121444,299,4317192,SESSION_004,0,0,8190,4,28.61,59.47,1006.60,44.2,1,EMPTY
2026-09-13T13:25:08.225+08:00,RUN_20260913_121444,300,4318196,SESSION_004,0,0,8190,4,28.61,59.46,1006.60,44.2,1,EMPTY
2026-09-13T13:25:09.229+08:00,RUN_20260913_121444,301,4319200,SESSION_004,0,0,8190,4,28.61,59.47,1006.60,44.2,1,EMPTY
2026-09-13T13:25:10.233+08:00,RUN_20260913_121444,302,4320204,SESSION_004,0,0,8190,4,28.61,59.47,1006.61,44.2,1,EMPTY
2026-09-13T13:25:11.237+08:00,RUN_20260913_121444,303,4321208,SESSION_004,0,0,8190,4,28.61,59.48,1006.61,44.2,1,EMPTY
2026-09-13T13:25:12.241+08:00,RUN_20260913_121444,304,4322212,SESSION_004,0,0,8190,4,28.61,59.49,1006.61,44.2,1,EMPTY
2026-09-13T13:25:13.245+08:00,RUN_20260913_121444,305,4323216,SESSION_004,0,0,8190,4,28.61,59.59,1006.61,44.2,1,EMPTY
2026-09-13T13:25:14.249+08:00,RUN_20260913_121444,306,4324220,SESSION_004,0,0,8190,4,28.61,59.58,1006.61,44.2,1,EMPTY
2026-09-13T13:25:15.253+08:00,RUN_20260913_121444,307,4325224,SESSION_004,0,0,8190,4,28.61,59.46,1006.60,44.2,1,EMPTY
2026-09-13T13:25:16.257+08:00,RUN_20260913_121444,308,4326228,SESSION_004,0,0,8190,4,28.61,59.47,1006.60,44.2,1,EMPTY
2026-09-13T13:25:17.261+08:00,RUN_20260913_121444,309,4327232,SESSION_004,0,0,8190,4,28.61,59.43,1006.60,44.2,1,EMPTY
2026-09-13T13:25:18.447+08:00,RUN_20260913_121444,310,4328418,SESSION_004,0,0,8190,4,28.61,59.45,1006.59,44.2,1,EMPTY
2026-09-13T13:25:19.447+08:00,RUN_20260913_121444,311,4329418,SESSION_004,0,0,8190,4,28.61,59.42,1006.59,44.2,1,EMPTY
2026-09-13T13:25:20.265+08:00,RUN_20260913_121444,312,4330236,SESSION_004,0,0,8190,4,28.61,59.42,1006.59,44.2,1,EMPTY
2026-09-13T13:25:21.269+08:00,RUN_20260913_121444,313,4331240,SESSION_004,0,0,8190,4,28.61,59.40,1006.58,44.2,1,EMPTY
2026-09-13T13:25:22.455+08:00,RUN_20260913_121444,314,4332426,SESSION_004,0,0,8190,4,28.61,59.45,1006.58,44.2,1,EMPTY
2026-09-13T13:25:23.273+08:00,RUN_20260913_121444,315,4333244,SESSION_004,0,0,8190,4,28.61,59.41,1006.58,44.2,1,EMPTY
2026-09-13T13:25:24.277+08:00,RUN_20260913_121444,316,4334248,SESSION_004,0,0,8190,4,28.62,59.36,1006.59,44.2,1,EMPTY
2026-09-13T13:25:25.463+08:00,RUN_20260913_121444,317,4335434,SESSION_004,0,0,8190,4,28.61,59.29,1006.59,44.2,1,EMPTY
2026-09-13T13:25:26.281+08:00,RUN_20260913_121444,318,4336252,SESSION_004,0,0,8190,4,28.61,59.31,1006.58,44.2,1,EMPTY
2026-09-13T13:25:27.467+08:00,RUN_20260913_121444,319,4337438,SESSION_004,0,0,8190,4,28.61,59.33,1006.58,44.2,1,EMPTY
2026-09-13T13:25:28.285+08:00,RUN_20260913_121444,320,4338256,SESSION_004,0,0,8190,4,28.62,59.35,1006.59,44.2,1,EMPTY
2026-09-13T13:25:29.289+08:00,RUN_20260913_121444,321,4339260,SESSION_004,0,0,8190,4,28.62,59.35,1006.59,44.2,1,EMPTY
2026-09-13T13:25:30.475+08:00,RUN_20260913_121444,322,4340446,SESSION_004,0,0,8190,4,28.62,59.27,1006.59,44.2,1,EMPTY
2026-09-13T13:25:31.475+08:00,RUN_20260913_121444,323,4341446,SESSION_004,0,0,8190,4,28.62,59.26,1006.59,44.2,1,EMPTY
2026-09-13T13:25:32.293+08:00,RUN_20260913_121444,324,4342264,SESSION_004,0,0,8190,4,28.62,59.36,1006.59,44.2,1,EMPTY
2026-09-13T13:25:33.297+08:00,RUN_20260913_121444,325,4343268,SESSION_004,0,0,8190,4,28.62,59.39,1006.59,44.2,1,EMPTY
2026-09-13T13:25:34.301+08:00,RUN_20260913_121444,326,4344272,SESSION_004,0,0,8190,4,28.61,59.37,1006.59,44.2,1,EMPTY
2026-09-13T13:25:35.305+08:00,RUN_20260913_121444,327,4345276,SESSION_004,0,0,8190,4,28.61,59.27,1006.59,44.2,1,EMPTY
2026-09-13T13:25:36.309+08:00,RUN_20260913_121444,328,4346280,SESSION_004,0,0,8190,4,28.61,59.33,1006.59,44.2,1,EMPTY
2026-09-13T13:25:37.313+08:00,RUN_20260913_121444,329,4347284,SESSION_004,0,0,8190,4,28.61,59.31,1006.59,44.2,1,EMPTY
2026-09-13T13:25:38.317+08:00,RUN_20260913_121444,330,4348288,SESSION_004,0,0,8190,4,28.61,59.31,1006.59,44.2,1,EMPTY
2026-09-13T13:25:39.503+08:00,RUN_20260913_121444,331,4349474,SESSION_004,0,0,8190,4,28.61,59.21,1006.59,44.2,1,EMPTY
2026-09-13T13:25:40.503+08:00,RUN_20260913_121444,332,4350474,SESSION_004,0,0,8190,4,28.61,59.22,1006.59,44.2,1,EMPTY
2026-09-13T13:25:41.321+08:00,RUN_20260913_121444,333,4351292,SESSION_004,0,0,8190,4,28.61,59.21,1006.58,44.2,1,EMPTY
2026-09-13T13:25:42.325+08:00,RUN_20260913_121444,334,4352296,SESSION_004,0,0,8190,4,28.61,59.21,1006.58,44.2,1,EMPTY
2026-09-13T13:25:43.329+08:00,RUN_20260913_121444,335,4353300,SESSION_004,0,0,8190,4,28.61,59.21,1006.58,44.2,1,EMPTY
2026-09-13T13:25:44.333+08:00,RUN_20260913_121444,336,4354304,SESSION_004,0,0,8190,4,28.61,59.30,1006.58,44.2,1,EMPTY
2026-09-13T13:25:45.337+08:00,RUN_20260913_121444,337,4355308,SESSION_004,0,0,8190,4,28.61,59.30,1006.58,44.2,1,EMPTY
2026-09-13T13:25:46.341+08:00,RUN_20260913_121444,338,4356312,SESSION_004,0,0,8190,4,28.61,59.21,1006.57,44.2,1,EMPTY
2026-09-13T13:25:47.345+08:00,RUN_20260913_121444,339,4357316,SESSION_004,0,0,8190,4,28.61,59.23,1006.57,44.2,1,EMPTY
2026-09-13T13:25:48.349+08:00,RUN_20260913_121444,340,4358320,SESSION_004,0,0,8190,4,28.61,59.22,1006.57,44.2,1,EMPTY
2026-09-13T13:25:49.353+08:00,RUN_20260913_121444,341,4359324,SESSION_004,0,0,8190,4,28.61,59.27,1006.57,44.2,1,EMPTY
2026-09-13T13:25:50.357+08:00,RUN_20260913_121444,342,4360328,SESSION_004,0,0,8190,4,28.61,59.25,1006.56,44.2,1,EMPTY
2026-09-13T13:25:51.361+08:00,RUN_20260913_121444,343,4361332,SESSION_004,0,0,8190,4,28.61,59.25,1006.56,44.2,1,EMPTY
2026-09-13T13:25:52.365+08:00,RUN_20260913_121444,344,4362336,SESSION_004,0,0,8190,4,28.61,59.18,1006.56,44.2,1,EMPTY
2026-09-13T13:25:53.551+08:00,RUN_20260913_121444,345,4363522,SESSION_004,0,0,8190,4,28.61,59.16,1006.56,44.2,1,EMPTY
2026-09-13T13:25:54.369+08:00,RUN_20260913_121444,346,4364340,SESSION_004,0,0,8190,4,28.61,59.27,1006.56,44.2,1,EMPTY
2026-09-13T13:25:55.373+08:00,RUN_20260913_121444,347,4365344,SESSION_004,0,0,8190,4,28.61,59.20,1006.56,44.2,1,EMPTY
2026-09-13T13:25:56.377+08:00,RUN_20260913_121444,348,4366348,SESSION_004,0,0,8190,4,28.61,59.27,1006.56,44.2,1,EMPTY
2026-09-13T13:25:57.381+08:00,RUN_20260913_121444,349,4367352,SESSION_004,0,0,8190,4,28.61,59.29,1006.56,44.2,1,EMPTY
2026-09-13T13:25:58.567+08:00,RUN_20260913_121444,350,4368538,SESSION_004,0,0,8190,4,28.61,59.29,1006.56,44.2,1,EMPTY
2026-09-13T13:25:59.385+08:00,RUN_20260913_121444,351,4369356,SESSION_004,0,0,8190,4,28.61,59.31,1006.56,44.2,1,EMPTY
2026-09-13T13:26:00.571+08:00,RUN_20260913_121444,352,4370542,SESSION_004,0,0,8190,4,28.61,59.24,1006.56,44.2,1,EMPTY
2026-09-13T13:26:01.389+08:00,RUN_20260913_121444,353,4371360,SESSION_004,0,0,8190,4,28.61,59.29,1006.56,44.2,1,EMPTY
2026-09-13T13:26:02.393+08:00,RUN_20260913_121444,354,4372364,SESSION_004,0,0,8190,4,28.61,59.21,1006.56,44.2,1,EMPTY
2026-09-13T13:26:03.397+08:00,RUN_20260913_121444,355,4373368,SESSION_004,0,0,8190,4,28.61,59.25,1006.56,44.2,1,EMPTY
2026-09-13T13:26:04.401+08:00,RUN_20260913_121444,356,4374372,SESSION_004,0,0,8190,4,28.61,59.25,1006.56,44.2,1,EMPTY
2026-09-13T13:26:05.587+08:00,RUN_20260913_121444,357,4375558,SESSION_004,0,0,8190,4,28.61,59.22,1006.56,44.2,1,EMPTY
2026-09-13T13:26:06.405+08:00,RUN_20260913_121444,358,4376376,SESSION_004,0,0,8190,4,28.61,59.21,1006.56,44.2,1,EMPTY
2026-09-13T13:26:07.409+08:00,RUN_20260913_121444,359,4377380,SESSION_004,0,0,8190,4,28.61,59.24,1006.56,44.2,1,EMPTY
2026-09-13T13:26:08.413+08:00,RUN_20260913_121444,360,4378384,SESSION_004,0,0,8190,4,28.61,59.31,1006.56,44.2,1,EMPTY
2026-09-13T13:26:09.417+08:00,RUN_20260913_121444,361,4379388,SESSION_004,0,0,8190,4,28.61,59.25,1006.56,44.2,1,EMPTY
2026-09-13T13:26:10.421+08:00,RUN_20260913_121444,362,4380392,SESSION_004,0,0,8190,4,28.61,59.28,1006.56,44.2,1,EMPTY
2026-09-13T13:26:11.425+08:00,RUN_20260913_121444,363,4381396,SESSION_004,0,0,8190,4,28.61,59.24,1006.56,44.2,1,EMPTY
2026-09-13T13:26:12.611+08:00,RUN_20260913_121444,364,4382582,SESSION_004,0,0,8190,4,28.61,59.25,1006.56,44.2,1,EMPTY
2026-09-13T13:26:13.611+08:00,RUN_20260913_121444,365,4383582,SESSION_004,0,0,8190,4,28.61,59.34,1006.56,44.2,1,EMPTY
2026-09-13T13:26:14.429+08:00,RUN_20260913_121444,366,4384400,SESSION_004,0,0,8190,4,28.61,59.25,1006.56,44.2,1,EMPTY
2026-09-13T13:26:15.615+08:00,RUN_20260913_121444,367,4385586,SESSION_004,0,0,8190,4,28.61,59.36,1006.56,44.2,1,EMPTY
2026-09-13T13:26:16.433+08:00,RUN_20260913_121444,368,4386404,SESSION_004,0,0,8190,4,28.61,59.28,1006.56,44.2,1,EMPTY
2026-09-13T13:26:17.619+08:00,RUN_20260913_121444,369,4387590,SESSION_004,0,0,8190,4,28.61,59.31,1006.56,44.2,1,EMPTY
2026-09-13T13:26:18.437+08:00,RUN_20260913_121444,370,4388408,SESSION_004,0,0,8190,4,28.61,59.36,1006.56,44.2,1,EMPTY
2026-09-13T13:26:19.623+08:00,RUN_20260913_121444,371,4389594,SESSION_004,0,0,8190,4,28.61,59.36,1006.56,44.2,1,EMPTY
2026-09-13T13:26:20.441+08:00,RUN_20260913_121444,372,4390412,SESSION_004,0,0,8190,4,28.61,59.28,1006.56,44.2,1,EMPTY
2026-09-13T13:26:21.445+08:00,RUN_20260913_121444,373,4391416,SESSION_004,0,0,8190,4,28.61,59.30,1006.56,44.2,1,EMPTY
2026-09-13T13:26:22.449+08:00,RUN_20260913_121444,374,4392420,SESSION_004,0,0,8190,4,28.61,59.30,1006.55,44.2,1,EMPTY
2026-09-13T13:26:23.635+08:00,RUN_20260913_121444,375,4393606,SESSION_004,0,0,8190,4,28.61,59.21,1006.55,44.2,1,EMPTY
2026-09-13T13:26:24.453+08:00,RUN_20260913_121444,376,4394424,SESSION_004,0,0,8190,4,28.61,59.24,1006.56,44.2,1,EMPTY
2026-09-13T13:26:25.457+08:00,RUN_20260913_121444,377,4395428,SESSION_004,0,0,8190,4,28.61,59.24,1006.56,44.2,1,EMPTY
2026-09-13T13:26:26.643+08:00,RUN_20260913_121444,378,4396614,SESSION_004,0,0,8190,4,28.61,59.35,1006.56,44.2,1,EMPTY
2026-09-13T13:26:27.643+08:00,RUN_20260913_121444,379,4397614,SESSION_004,0,0,8190,4,28.61,59.25,1006.56,44.2,1,EMPTY
2026-09-13T13:26:28.461+08:00,RUN_20260913_121444,380,4398432,SESSION_004,0,0,8190,4,28.61,59.25,1006.56,44.2,1,EMPTY
2026-09-13T13:26:29.647+08:00,RUN_20260913_121444,381,4399618,SESSION_004,0,0,8190,4,28.62,59.39,1006.56,44.2,1,EMPTY
2026-09-13T13:26:30.647+08:00,RUN_20260913_121444,382,4400618,SESSION_004,0,0,8190,4,28.62,59.38,1006.56,44.2,1,EMPTY
2026-09-13T13:26:31.647+08:00,RUN_20260913_121444,383,4401618,SESSION_004,0,0,8190,4,28.62,59.23,1006.56,43.3,1,EMPTY
2026-09-13T13:26:32.647+08:00,RUN_20260913_121444,384,4402618,SESSION_004,1,0,8190,4,28.62,59.33,1006.56,43.3,1,EMPTY
2026-09-13T13:26:33.465+08:00,RUN_20260913_121444,385,4403436,SESSION_004,1,0,8190,4,28.62,59.32,1006.56,42.5,1,EMPTY
2026-09-13T13:26:34.651+08:00,RUN_20260913_121444,386,4404622,SESSION_004,1,0,57,0,28.62,59.26,1006.56,41.7,1,EMPTY
2026-09-13T13:26:35.656+08:00,RUN_20260913_121444,387,4405627,SESSION_004,0,0,55,0,28.62,59.61,1006.56,41.7,1,EMPTY
2026-09-13T13:36:27.301+08:00,RUN_20260913_121444,1,4997272,SESSION_005,0,0,58,0,28.72,60.87,1006.41,41.7,1,LOW
2026-09-13T13:36:28.306+08:00,RUN_20260913_121444,2,4998277,SESSION_005,0,0,272,0,28.72,59.97,1006.41,43.3,1,LOW
2026-09-13T13:36:29.311+08:00,RUN_20260913_121444,3,4999282,SESSION_005,1,0,361,0,28.72,59.67,1006.41,43.3,1,LOW
2026-09-13T13:36:30.316+08:00,RUN_20260913_121444,4,5000287,SESSION_005,1,0,383,0,28.72,59.40,1006.41,44.2,1,LOW
2026-09-13T13:36:31.321+08:00,RUN_20260913_121444,5,5001292,SESSION_005,1,0,414,0,28.72,59.29,1006.41,43.3,1,LOW
2026-09-13T13:36:32.326+08:00,RUN_20260913_121444,6,5002297,SESSION_005,1,0,477,0,28.72,59.31,1006.41,43.3,1,LOW
2026-09-13T13:36:33.331+08:00,RUN_20260913_121444,7,5003302,SESSION_005,1,0,1017,0,28.72,59.28,1006.41,43.3,1,LOW
2026-09-13T13:36:34.336+08:00,RUN_20260913_121444,8,5004307,SESSION_005,0,0,868,0,28.72,59.10,1006.41,43.3,1,LOW
2026-09-13T13:36:35.341+08:00,RUN_20260913_121444,9,5005312,SESSION_005,0,0,814,0,28.72,59.03,1006.40,43.3,1,LOW
2026-09-13T13:36:36.346+08:00,RUN_20260913_121444,10,5006317,SESSION_005,0,0,850,0,28.72,59.07,1006.40,43.3,1,LOW
2026-09-13T13:36:37.351+08:00,RUN_20260913_121444,11,5007322,SESSION_005,0,0,8190,4,28.73,58.96,1006.40,43.3,1,LOW
2026-09-13T13:36:38.174+08:00,RUN_20260913_121444,12,5008145,SESSION_005,0,0,8190,4,28.73,58.94,1006.40,43.3,1,LOW
2026-09-13T13:36:39.177+08:00,RUN_20260913_121444,13,5009148,SESSION_005,1,0,8190,4,28.73,58.94,1006.40,43.3,1,LOW
2026-09-13T13:36:40.180+08:00,RUN_20260913_121444,14,5010151,SESSION_005,1,0,8190,4,28.73,58.96,1006.41,43.3,1,LOW
2026-09-13T13:36:41.183+08:00,RUN_20260913_121444,15,5011154,SESSION_005,0,0,8190,4,28.73,58.85,1006.41,44.2,1,LOW
2026-09-13T13:36:42.186+08:00,RUN_20260913_121444,16,5012157,SESSION_005,0,0,8190,4,28.73,58.87,1006.40,44.2,1,LOW
2026-09-13T13:36:43.189+08:00,RUN_20260913_121444,17,5013160,SESSION_005,1,0,8190,4,28.73,58.87,1006.40,44.2,1,LOW
2026-09-13T13:36:44.192+08:00,RUN_20260913_121444,18,5014163,SESSION_005,0,0,8190,4,28.73,58.85,1006.41,44.2,1,LOW
2026-09-13T13:36:45.195+08:00,RUN_20260913_121444,19,5015166,SESSION_005,0,0,8190,4,28.73,58.87,1006.40,44.2,1,LOW
2026-09-13T13:36:46.198+08:00,RUN_20260913_121444,20,5016169,SESSION_005,1,0,8190,4,28.73,58.78,1006.41,44.2,1,LOW
2026-09-13T13:36:47.201+08:00,RUN_20260913_121444,21,5017172,SESSION_005,1,0,8190,4,28.73,58.78,1006.41,44.2,1,LOW
2026-09-13T13:36:48.204+08:00,RUN_20260913_121444,22,5018175,SESSION_005,1,0,8190,4,28.73,58.88,1006.41,44.2,1,LOW
2026-09-13T13:36:49.389+08:00,RUN_20260913_121444,23,5019360,SESSION_005,0,0,8190,4,28.73,58.89,1006.41,44.2,1,LOW
2026-09-13T13:36:50.212+08:00,RUN_20260913_121444,24,5020183,SESSION_005,0,0,8190,4,28.73,58.89,1006.42,44.2,1,LOW
2026-09-13T13:36:51.397+08:00,RUN_20260913_121444,25,5021368,SESSION_005,0,0,8190,4,28.73,58.92,1006.42,44.2,1,LOW
2026-09-13T13:36:52.220+08:00,RUN_20260913_121444,26,5022191,SESSION_005,0,0,8190,4,28.73,58.90,1006.43,44.2,1,LOW
2026-09-13T13:36:53.223+08:00,RUN_20260913_121444,27,5023194,SESSION_005,0,0,8190,4,28.73,58.94,1006.44,44.2,1,LOW
2026-09-13T13:36:54.226+08:00,RUN_20260913_121444,28,5024197,SESSION_005,0,0,8190,4,28.73,58.84,1006.44,44.2,1,LOW
2026-09-13T13:36:55.229+08:00,RUN_20260913_121444,29,5025200,SESSION_005,1,0,8190,4,28.74,58.88,1006.45,44.2,1,LOW
2026-09-13T13:36:56.414+08:00,RUN_20260913_121444,30,5026385,SESSION_005,0,0,8190,4,28.74,58.92,1006.45,44.2,1,LOW
2026-09-13T13:36:57.419+08:00,RUN_20260913_121444,31,5027390,SESSION_005,0,0,8190,4,28.74,58.92,1006.45,44.2,1,LOW
2026-09-13T13:36:58.424+08:00,RUN_20260913_121444,32,5028395,SESSION_005,1,0,8190,4,28.74,58.83,1006.45,44.2,1,LOW
2026-09-13T13:36:59.247+08:00,RUN_20260913_121444,33,5029218,SESSION_005,0,0,8190,4,28.74,58.90,1006.45,44.2,1,LOW
2026-09-13T13:37:00.250+08:00,RUN_20260913_121444,34,5030221,SESSION_005,0,0,8190,4,28.74,58.84,1006.45,44.2,1,LOW
2026-09-13T13:37:01.253+08:00,RUN_20260913_121444,35,5031224,SESSION_005,0,0,8190,4,28.74,58.81,1006.44,44.2,1,LOW
2026-09-13T13:37:02.256+08:00,RUN_20260913_121444,36,5032227,SESSION_005,0,0,8190,4,28.74,58.78,1006.44,44.2,1,LOW
2026-09-13T13:37:03.259+08:00,RUN_20260913_121444,37,5033230,SESSION_005,1,0,8190,4,28.74,58.76,1006.44,44.2,1,LOW
2026-09-13T13:37:04.262+08:00,RUN_20260913_121444,38,5034233,SESSION_005,0,0,8190,4,28.74,58.77,1006.44,44.2,1,LOW
2026-09-13T13:37:05.265+08:00,RUN_20260913_121444,39,5035236,SESSION_005,0,0,8190,4,28.74,58.74,1006.44,44.2,1,LOW
2026-09-13T13:37:06.268+08:00,RUN_20260913_121444,40,5036239,SESSION_005,0,0,8190,4,28.74,58.71,1006.44,44.2,1,LOW
2026-09-13T13:37:07.453+08:00,RUN_20260913_121444,41,5037424,SESSION_005,1,0,8190,4,28.74,58.77,1006.44,44.2,1,LOW
2026-09-13T13:37:08.276+08:00,RUN_20260913_121444,42,5038247,SESSION_005,1,0,8190,4,28.74,58.67,1006.43,44.2,1,LOW
2026-09-13T13:37:09.461+08:00,RUN_20260913_121444,43,5039432,SESSION_005,0,0,8190,4,28.74,58.70,1006.43,44.2,1,LOW
2026-09-13T13:37:10.466+08:00,RUN_20260913_121444,44,5040437,SESSION_005,0,0,8190,4,28.74,58.71,1006.43,44.2,1,LOW
2026-09-13T13:37:11.471+08:00,RUN_20260913_121444,45,5041442,SESSION_005,1,0,8190,4,28.74,58.71,1006.43,44.2,1,LOW
2026-09-13T13:37:12.294+08:00,RUN_20260913_121444,46,5042265,SESSION_005,0,0,8190,4,28.74,58.72,1006.43,44.2,1,LOW
2026-09-13T13:37:13.297+08:00,RUN_20260913_121444,47,5043268,SESSION_005,0,0,8190,4,28.74,58.78,1006.42,44.2,1,LOW
2026-09-13T13:37:14.300+08:00,RUN_20260913_121444,48,5044271,SESSION_005,0,0,8190,4,28.74,58.72,1006.42,44.2,1,LOW
2026-09-13T13:37:15.485+08:00,RUN_20260913_121444,49,5045456,SESSION_005,0,0,8190,4,28.74,58.72,1006.42,44.2,1,LOW
2026-09-13T13:37:16.308+08:00,RUN_20260913_121444,50,5046279,SESSION_005,1,0,8190,4,28.74,58.71,1006.42,44.2,1,LOW
2026-09-13T13:37:17.311+08:00,RUN_20260913_121444,51,5047282,SESSION_005,0,0,8190,4,28.74,58.69,1006.42,44.2,1,LOW
2026-09-13T13:37:18.314+08:00,RUN_20260913_121444,52,5048285,SESSION_005,0,0,8190,4,28.74,58.80,1006.42,44.2,1,LOW
2026-09-13T13:37:19.317+08:00,RUN_20260913_121444,53,5049288,SESSION_005,1,0,8190,4,28.74,58.86,1006.42,44.2,1,LOW
2026-09-13T13:37:20.320+08:00,RUN_20260913_121444,54,5050291,SESSION_005,0,0,8190,4,28.74,58.89,1006.42,44.2,1,LOW
2026-09-13T13:37:21.505+08:00,RUN_20260913_121444,55,5051476,SESSION_005,0,0,8190,4,28.74,58.96,1006.42,44.2,1,LOW
2026-09-13T13:37:22.328+08:00,RUN_20260913_121444,56,5052299,SESSION_005,0,0,8190,4,28.74,58.80,1006.42,44.2,1,LOW
2026-09-13T13:37:23.331+08:00,RUN_20260913_121444,57,5053302,SESSION_005,1,0,8190,4,28.74,58.89,1006.42,44.2,1,LOW
2026-09-13T13:37:24.334+08:00,RUN_20260913_121444,58,5054305,SESSION_005,0,0,8190,4,28.74,58.89,1006.42,44.2,1,LOW
2026-09-13T13:37:25.337+08:00,RUN_20260913_121444,59,5055308,SESSION_005,0,0,8190,4,28.74,58.80,1006.42,44.2,1,LOW
2026-09-13T13:37:26.340+08:00,RUN_20260913_121444,60,5056311,SESSION_005,1,0,8190,4,28.74,58.81,1006.41,44.2,1,LOW
2026-09-13T13:37:27.525+08:00,RUN_20260913_121444,61,5057496,SESSION_005,0,0,8190,4,28.74,58.82,1006.41,44.2,1,LOW
2026-09-13T13:37:28.348+08:00,RUN_20260913_121444,62,5058319,SESSION_005,0,0,8190,4,28.74,58.86,1006.41,44.2,1,LOW
2026-09-13T13:37:29.351+08:00,RUN_20260913_121444,63,5059322,SESSION_005,0,0,8190,4,28.74,58.77,1006.42,44.2,1,LOW
2026-09-13T13:37:30.536+08:00,RUN_20260913_121444,64,5060507,SESSION_005,1,0,8190,4,28.74,58.77,1006.42,44.2,1,LOW
2026-09-13T13:37:31.359+08:00,RUN_20260913_121444,65,5061330,SESSION_005,0,0,8190,4,28.74,58.79,1006.42,44.2,1,LOW
2026-09-13T13:37:32.362+08:00,RUN_20260913_121444,66,5062333,SESSION_005,0,0,8190,4,28.74,58.77,1006.42,44.2,1,LOW
2026-09-13T13:37:33.365+08:00,RUN_20260913_121444,67,5063336,SESSION_005,1,0,8190,4,28.74,58.80,1006.42,44.2,1,LOW
2026-09-13T13:37:34.550+08:00,RUN_20260913_121444,68,5064521,SESSION_005,0,0,8190,4,28.74,58.77,1006.41,44.2,1,LOW
2026-09-13T13:37:35.373+08:00,RUN_20260913_121444,69,5065344,SESSION_005,0,0,8190,4,28.74,58.80,1006.41,44.2,1,LOW
2026-09-13T13:37:36.376+08:00,RUN_20260913_121444,70,5066347,SESSION_005,1,0,8190,4,28.74,58.71,1006.41,44.2,1,LOW
2026-09-13T13:37:37.379+08:00,RUN_20260913_121444,71,5067350,SESSION_005,0,0,8190,4,28.74,58.78,1006.40,44.2,1,LOW
2026-09-13T13:37:38.382+08:00,RUN_20260913_121444,72,5068353,SESSION_005,0,0,8190,4,28.74,58.69,1006.40,44.2,1,LOW
2026-09-13T13:37:39.385+08:00,RUN_20260913_121444,73,5069356,SESSION_005,1,0,8190,4,28.74,58.68,1006.40,44.2,1,LOW
2026-09-13T13:37:40.388+08:00,RUN_20260913_121444,74,5070359,SESSION_005,0,0,8190,4,28.74,58.68,1006.40,44.2,1,LOW
2026-09-13T13:37:41.391+08:00,RUN_20260913_121444,75,5071362,SESSION_005,0,0,8190,4,28.74,58.74,1006.40,44.2,1,LOW
2026-09-13T13:37:42.576+08:00,RUN_20260913_121444,76,5072547,SESSION_005,1,0,8190,4,28.74,58.68,1006.40,44.2,1,LOW
2026-09-13T13:37:43.399+08:00,RUN_20260913_121444,77,5073370,SESSION_005,0,0,8190,4,28.74,58.67,1006.40,44.2,1,LOW
2026-09-13T13:37:44.402+08:00,RUN_20260913_121444,78,5074373,SESSION_005,0,0,8190,4,28.74,58.78,1006.41,44.2,1,LOW
2026-09-13T13:37:45.405+08:00,RUN_20260913_121444,79,5075376,SESSION_005,0,0,8190,4,28.74,58.71,1006.40,44.2,1,LOW
2026-09-13T13:37:46.408+08:00,RUN_20260913_121444,80,5076379,SESSION_005,0,0,8190,4,28.74,58.82,1006.40,44.2,1,LOW
2026-09-13T13:37:47.411+08:00,RUN_20260913_121444,81,5077382,SESSION_005,1,0,8190,4,28.74,58.71,1006.40,44.2,1,LOW
2026-09-13T13:37:48.414+08:00,RUN_20260913_121444,82,5078385,SESSION_005,0,0,8190,4,28.74,58.75,1006.40,44.2,1,LOW
2026-09-13T13:37:49.417+08:00,RUN_20260913_121444,83,5079388,SESSION_005,0,0,8190,4,28.74,58.63,1006.40,44.2,1,LOW
2026-09-13T13:37:50.420+08:00,RUN_20260913_121444,84,5080391,SESSION_005,1,0,8190,4,28.74,58.63,1006.40,44.2,1,LOW
2026-09-13T13:37:51.423+08:00,RUN_20260913_121444,85,5081394,SESSION_005,0,0,8190,4,28.74,58.63,1006.40,44.2,1,LOW
2026-09-13T13:37:52.426+08:00,RUN_20260913_121444,86,5082397,SESSION_005,0,0,8190,4,28.73,58.63,1006.40,44.2,1,LOW
2026-09-13T13:37:53.429+08:00,RUN_20260913_121444,87,5083400,SESSION_005,0,0,8190,4,28.73,58.65,1006.40,44.2,1,LOW
2026-09-13T13:37:54.432+08:00,RUN_20260913_121444,88,5084403,SESSION_005,1,0,8190,4,28.73,58.74,1006.40,44.2,1,LOW
2026-09-13T13:37:55.435+08:00,RUN_20260913_121444,89,5085406,SESSION_005,0,0,8190,4,28.73,58.67,1006.40,44.2,1,LOW
2026-09-13T13:37:56.438+08:00,RUN_20260913_121444,90,5086409,SESSION_005,1,0,8190,4,28.73,58.72,1006.40,44.2,1,LOW
2026-09-13T13:37:57.623+08:00,RUN_20260913_121444,91,5087594,SESSION_005,0,0,8190,4,28.73,58.68,1006.40,44.2,1,LOW
2026-09-13T13:37:58.446+08:00,RUN_20260913_121444,92,5088417,SESSION_005,0,0,8190,4,28.73,58.59,1006.40,44.2,1,LOW
2026-09-13T13:37:59.449+08:00,RUN_20260913_121444,93,5089420,SESSION_005,0,0,8190,4,28.73,58.62,1006.39,44.2,1,LOW
2026-09-13T13:38:00.452+08:00,RUN_20260913_121444,94,5090423,SESSION_005,1,0,8190,4,28.73,58.58,1006.39,44.2,1,LOW
2026-09-13T13:38:01.637+08:00,RUN_20260913_121444,95,5091608,SESSION_005,0,0,8190,4,28.73,58.70,1006.39,44.2,1,LOW
2026-09-13T13:38:02.460+08:00,RUN_20260913_121444,96,5092431,SESSION_005,0,0,8190,4,28.73,58.75,1006.38,44.2,1,LOW
2026-09-13T13:38:03.463+08:00,RUN_20260913_121444,97,5093434,SESSION_005,0,0,8190,4,28.73,58.75,1006.38,44.2,1,LOW
2026-09-13T13:38:04.466+08:00,RUN_20260913_121444,98,5094437,SESSION_005,1,0,8190,4,28.73,58.66,1006.38,44.2,1,LOW
2026-09-13T13:38:05.469+08:00,RUN_20260913_121444,99,5095440,SESSION_005,0,0,8190,4,28.73,58.75,1006.38,44.2,1,LOW
2026-09-13T13:38:06.654+08:00,RUN_20260913_121444,100,5096625,SESSION_005,0,0,8190,4,28.73,58.66,1006.38,44.2,1,LOW
2026-09-13T13:38:07.659+08:00,RUN_20260913_121444,101,5097630,SESSION_005,0,0,8190,4,28.72,58.70,1006.37,44.2,1,LOW
2026-09-13T13:38:08.482+08:00,RUN_20260913_121444,102,5098453,SESSION_005,0,0,8190,4,28.72,58.60,1006.37,44.2,1,LOW
2026-09-13T13:38:09.485+08:00,RUN_20260913_121444,103,5099456,SESSION_005,0,0,8190,4,28.72,58.59,1006.37,44.2,1,LOW
2026-09-13T13:38:10.488+08:00,RUN_20260913_121444,104,5100459,SESSION_005,0,0,8190,4,28.72,58.68,1006.37,44.2,1,LOW
2026-09-13T13:38:11.673+08:00,RUN_20260913_121444,105,5101644,SESSION_005,0,0,8190,4,28.72,58.68,1006.37,44.2,1,LOW
2026-09-13T13:38:12.496+08:00,RUN_20260913_121444,106,5102467,SESSION_005,0,0,8190,4,28.72,58.57,1006.37,44.2,1,LOW
2026-09-13T13:38:13.499+08:00,RUN_20260913_121444,107,5103470,SESSION_005,0,0,8190,4,28.72,58.59,1006.37,44.2,1,LOW
2026-09-13T13:38:14.502+08:00,RUN_20260913_121444,108,5104473,SESSION_005,0,0,8190,4,28.72,58.60,1006.37,44.2,1,LOW
2026-09-13T13:38:15.505+08:00,RUN_20260913_121444,109,5105476,SESSION_005,0,0,8190,4,28.72,58.66,1006.37,44.2,1,LOW
2026-09-13T13:38:16.508+08:00,RUN_20260913_121444,110,5106479,SESSION_005,0,0,8190,4,28.72,58.57,1006.37,44.2,1,LOW
2026-09-13T13:38:17.511+08:00,RUN_20260913_121444,111,5107482,SESSION_005,0,0,8190,4,28.72,58.54,1006.36,44.2,1,LOW
2026-09-13T13:38:18.696+08:00,RUN_20260913_121444,112,5108667,SESSION_005,0,0,8190,4,28.72,58.63,1006.36,44.2,1,LOW
2026-09-13T13:38:19.701+08:00,RUN_20260913_121444,113,5109672,SESSION_005,0,0,8190,4,28.72,58.54,1006.36,44.2,1,LOW
2026-09-13T13:38:20.524+08:00,RUN_20260913_121444,114,5110495,SESSION_005,0,0,8190,4,28.72,58.54,1006.36,44.2,1,LOW
2026-09-13T13:38:21.527+08:00,RUN_20260913_121444,115,5111498,SESSION_005,0,0,8190,4,28.72,58.53,1006.36,44.2,1,LOW
2026-09-13T13:38:22.530+08:00,RUN_20260913_121444,116,5112501,SESSION_005,0,0,8190,4,28.72,58.50,1006.36,44.2,1,LOW
2026-09-13T13:38:23.533+08:00,RUN_20260913_121444,117,5113504,SESSION_005,0,0,8190,4,28.72,58.60,1006.36,44.2,1,LOW
2026-09-13T13:38:24.536+08:00,RUN_20260913_121444,118,5114507,SESSION_005,0,0,8190,4,28.72,58.57,1006.36,44.2,1,LOW
2026-09-13T13:38:25.721+08:00,RUN_20260913_121444,119,5115692,SESSION_005,0,0,8190,4,28.72,58.56,1006.36,44.2,1,LOW
2026-09-13T13:38:26.726+08:00,RUN_20260913_121444,120,5116697,SESSION_005,0,0,8190,4,28.72,58.56,1006.36,44.2,1,LOW
2026-09-13T13:38:27.549+08:00,RUN_20260913_121444,121,5117520,SESSION_005,0,0,8190,4,28.72,58.52,1006.36,44.2,1,LOW
2026-09-13T13:38:28.552+08:00,RUN_20260913_121444,122,5118523,SESSION_005,0,0,8190,4,28.72,58.54,1006.36,44.2,1,LOW
2026-09-13T13:38:29.555+08:00,RUN_20260913_121444,123,5119526,SESSION_005,1,0,8190,4,28.72,58.42,1006.36,44.2,1,LOW
2026-09-13T13:38:30.558+08:00,RUN_20260913_121444,124,5120529,SESSION_005,1,0,8190,4,28.72,58.41,1006.36,44.2,1,LOW
2026-09-13T13:38:31.561+08:00,RUN_20260913_121444,125,5121532,SESSION_005,0,0,8190,4,28.71,58.50,1006.36,44.2,1,LOW
2026-09-13T13:38:32.564+08:00,RUN_20260913_121444,126,5122535,SESSION_005,0,0,8190,4,28.71,58.42,1006.36,44.2,1,LOW
2026-09-13T13:38:33.567+08:00,RUN_20260913_121444,127,5123538,SESSION_005,0,0,8190,4,28.71,58.51,1006.36,44.2,1,LOW
2026-09-13T13:38:34.752+08:00,RUN_20260913_121444,128,5124723,SESSION_005,0,0,8190,4,28.71,58.51,1006.36,44.2,1,LOW
2026-09-13T13:38:35.757+08:00,RUN_20260913_121444,129,5125728,SESSION_005,1,0,8190,4,28.71,58.51,1006.36,44.2,1,LOW
2026-09-13T13:38:36.762+08:00,RUN_20260913_121444,130,5126733,SESSION_005,0,0,8190,4,28.71,58.42,1006.36,44.2,1,LOW
2026-09-13T13:38:37.767+08:00,RUN_20260913_121444,131,5127738,SESSION_005,0,0,8190,4,28.71,58.41,1006.36,44.2,1,LOW
2026-09-13T13:38:38.590+08:00,RUN_20260913_121444,132,5128561,SESSION_005,0,0,8190,4,28.71,58.46,1006.36,44.2,1,LOW
2026-09-13T13:38:39.593+08:00,RUN_20260913_121444,133,5129564,SESSION_005,1,0,8190,4,28.71,58.58,1006.36,44.2,1,LOW
2026-09-13T13:38:40.596+08:00,RUN_20260913_121444,134,5130567,SESSION_005,0,0,8190,4,28.71,58.56,1006.36,44.2,1,LOW
2026-09-13T13:38:41.781+08:00,RUN_20260913_121444,135,5131752,SESSION_005,0,0,8190,4,28.71,58.45,1006.36,44.2,1,LOW
2026-09-13T13:38:42.604+08:00,RUN_20260913_121444,136,5132575,SESSION_005,0,0,8190,4,28.71,58.56,1006.36,44.2,1,LOW
2026-09-13T13:38:43.607+08:00,RUN_20260913_121444,137,5133578,SESSION_005,0,0,8190,4,28.71,58.58,1006.36,44.2,1,LOW
2026-09-13T13:38:44.610+08:00,RUN_20260913_121444,138,5134581,SESSION_005,1,0,8190,4,28.71,58.52,1006.35,44.2,1,LOW
2026-09-13T13:38:45.613+08:00,RUN_20260913_121444,139,5135584,SESSION_005,0,0,8190,4,28.71,58.59,1006.35,44.2,1,LOW
2026-09-13T13:38:46.616+08:00,RUN_20260913_121444,140,5136587,SESSION_005,0,0,8190,4,28.71,58.63,1006.35,44.2,1,LOW
2026-09-13T13:38:47.801+08:00,RUN_20260913_121444,141,5137772,SESSION_005,1,0,8190,4,28.71,58.51,1006.35,44.2,1,LOW
2026-09-13T13:38:48.624+08:00,RUN_20260913_121444,142,5138595,SESSION_005,0,0,8190,4,28.71,58.52,1006.35,44.2,1,LOW
2026-09-13T13:38:49.809+08:00,RUN_20260913_121444,143,5139780,SESSION_005,0,0,8190,4,28.71,58.50,1006.35,44.2,1,LOW
2026-09-13T13:38:50.632+08:00,RUN_20260913_121444,144,5140603,SESSION_005,1,0,8190,4,28.71,58.58,1006.35,44.2,1,LOW
2026-09-13T13:38:51.635+08:00,RUN_20260913_121444,145,5141606,SESSION_005,1,0,8190,4,28.71,58.51,1006.35,44.2,1,LOW
2026-09-13T13:38:52.820+08:00,RUN_20260913_121444,146,5142791,SESSION_005,0,0,8190,4,28.71,58.48,1006.35,43.3,1,LOW
2026-09-13T13:38:53.643+08:00,RUN_20260913_121444,147,5143614,SESSION_005,0,0,8190,4,28.71,58.52,1006.35,43.3,1,LOW
2026-09-13T13:38:54.828+08:00,RUN_20260913_121444,148,5144799,SESSION_005,1,0,8190,4,28.71,58.53,1006.35,43.3,1,LOW
2026-09-13T13:38:55.833+08:00,RUN_20260913_121444,149,5145804,SESSION_005,0,0,8190,4,28.71,58.46,1006.35,44.2,1,LOW
2026-09-13T13:38:56.838+08:00,RUN_20260913_121444,150,5146809,SESSION_005,0,0,8190,4,28.71,58.53,1006.35,44.2,1,LOW
2026-09-13T13:38:57.661+08:00,RUN_20260913_121444,151,5147632,SESSION_005,0,0,8190,4,28.71,58.46,1006.35,44.2,1,LOW
2026-09-13T13:38:58.664+08:00,RUN_20260913_121444,152,5148635,SESSION_005,0,0,8190,4,28.72,58.46,1006.35,44.2,1,LOW
2026-09-13T13:38:59.667+08:00,RUN_20260913_121444,153,5149638,SESSION_005,0,0,8190,4,28.72,58.57,1006.35,44.2,1,LOW
2026-09-13T13:39:00.670+08:00,RUN_20260913_121444,154,5150641,SESSION_005,0,0,8190,4,28.72,58.48,1006.35,44.2,1,LOW
2026-09-13T13:39:01.673+08:00,RUN_20260913_121444,155,5151644,SESSION_005,0,0,8190,4,28.72,58.47,1006.35,44.2,1,LOW
2026-09-13T13:39:02.676+08:00,RUN_20260913_121444,156,5152647,SESSION_005,0,0,8190,4,28.72,58.44,1006.35,44.2,1,LOW
2026-09-13T13:39:03.679+08:00,RUN_20260913_121444,157,5153650,SESSION_005,0,0,8190,4,28.72,58.54,1006.35,44.2,1,LOW
2026-09-13T13:39:04.682+08:00,RUN_20260913_121444,158,5154653,SESSION_005,1,0,8190,4,28.72,58.47,1006.35,43.3,1,LOW
2026-09-13T13:39:05.685+08:00,RUN_20260913_121444,159,5155656,SESSION_005,1,0,8190,4,28.72,58.52,1006.35,44.2,1,LOW
2026-09-13T13:39:06.688+08:00,RUN_20260913_121444,160,5156659,SESSION_005,1,0,8190,4,28.72,58.50,1006.35,44.2,1,LOW
2026-09-13T13:39:07.691+08:00,RUN_20260913_121444,161,5157662,SESSION_005,0,0,8190,4,28.72,58.54,1006.35,44.2,1,LOW
2026-09-13T13:39:08.876+08:00,RUN_20260913_121444,162,5158847,SESSION_005,0,0,8190,4,28.71,58.58,1006.35,44.2,1,LOW
2026-09-13T13:39:09.881+08:00,RUN_20260913_121444,163,5159852,SESSION_005,1,0,8190,4,28.71,58.57,1006.35,44.2,1,LOW
2026-09-13T13:39:10.886+08:00,RUN_20260913_121444,164,5160857,SESSION_005,0,0,8190,4,28.71,58.57,1006.35,44.2,1,LOW
2026-09-13T13:39:11.891+08:00,RUN_20260913_121444,165,5161862,SESSION_005,0,0,615,0,28.71,58.46,1006.35,44.2,1,LOW
2026-09-13T13:39:12.896+08:00,RUN_20260913_121444,166,5162867,SESSION_005,1,1,8190,4,28.71,58.42,1006.35,44.2,1,LOW
2026-09-13T13:39:13.719+08:00,RUN_20260913_121444,167,5163690,SESSION_005,0,1,8190,4,28.71,58.53,1006.35,44.2,1,LOW
2026-09-13T13:39:14.722+08:00,RUN_20260913_121444,168,5164693,SESSION_005,0,0,8190,4,28.71,58.51,1006.35,44.2,1,LOW
2026-09-13T13:39:15.907+08:00,RUN_20260913_121444,169,5165878,SESSION_005,0,0,8190,4,28.71,58.50,1006.35,43.3,1,LOW
2026-09-13T13:39:16.730+08:00,RUN_20260913_121444,170,5166701,SESSION_005,0,0,8190,4,28.71,58.48,1006.34,43.3,1,LOW
2026-09-13T13:39:17.733+08:00,RUN_20260913_121444,171,5167704,SESSION_005,0,1,8190,4,28.71,58.48,1006.34,43.3,1,LOW
2026-09-13T13:39:18.736+08:00,RUN_20260913_121444,172,5168707,SESSION_005,0,1,8190,4,28.71,58.34,1006.34,44.2,1,LOW
2026-09-13T13:39:19.921+08:00,RUN_20260913_121444,173,5169892,SESSION_005,0,1,8190,4,28.71,58.27,1006.35,44.2,1,LOW
2026-09-13T13:39:20.926+08:00,RUN_20260913_121444,174,5170897,SESSION_005,0,0,8190,4,28.71,58.28,1006.34,44.2,1,LOW
2026-09-13T13:39:21.931+08:00,RUN_20260913_121444,175,5171902,SESSION_005,0,0,603,0,28.71,58.26,1006.34,44.2,1,LOW
2026-09-13T13:39:22.754+08:00,RUN_20260913_121444,176,5172725,SESSION_005,1,1,8190,4,28.71,58.26,1006.34,44.2,1,LOW
2026-09-13T13:39:23.939+08:00,RUN_20260913_121444,177,5173910,SESSION_005,1,0,8190,4,28.71,58.26,1006.34,44.2,1,LOW
2026-09-13T13:39:24.762+08:00,RUN_20260913_121444,178,5174733,SESSION_005,1,0,8190,4,28.71,58.25,1006.34,44.2,1,LOW
2026-09-13T13:39:25.765+08:00,RUN_20260913_121444,179,5175736,SESSION_005,0,0,8190,4,28.71,58.23,1006.34,44.2,1,LOW
2026-09-13T13:39:26.768+08:00,RUN_20260913_121444,180,5176739,SESSION_005,0,0,8190,4,28.71,58.29,1006.34,44.2,1,LOW
2026-09-13T13:39:27.771+08:00,RUN_20260913_121444,181,5177742,SESSION_005,0,0,8190,4,28.71,58.29,1006.34,44.2,1,LOW
2026-09-13T13:39:28.774+08:00,RUN_20260913_121444,182,5178745,SESSION_005,1,0,8190,4,28.71,58.27,1006.34,44.2,1,LOW
2026-09-13T13:39:29.959+08:00,RUN_20260913_121444,183,5179930,SESSION_005,0,0,8190,4,28.71,58.26,1006.33,44.2,1,LOW
2026-09-13T13:39:30.964+08:00,RUN_20260913_121444,184,5180935,SESSION_005,0,0,8190,4,28.71,58.22,1006.33,44.2,1,LOW
2026-09-13T13:39:31.787+08:00,RUN_20260913_121444,185,5181758,SESSION_005,0,0,8190,4,28.71,58.28,1006.33,44.2,1,LOW
2026-09-13T13:39:32.790+08:00,RUN_20260913_121444,186,5182761,SESSION_005,1,0,8190,4,28.70,58.29,1006.32,44.2,1,LOW
2026-09-13T13:39:33.793+08:00,RUN_20260913_121444,187,5183764,SESSION_005,0,0,8190,4,28.70,58.20,1006.32,44.2,1,LOW
2026-09-13T13:39:34.978+08:00,RUN_20260913_121444,188,5184949,SESSION_005,0,0,8190,4,28.70,58.29,1006.32,44.2,1,LOW
2026-09-13T13:39:35.801+08:00,RUN_20260913_121444,189,5185772,SESSION_005,0,0,8190,4,28.70,58.30,1006.32,44.2,1,LOW
2026-09-13T13:39:36.804+08:00,RUN_20260913_121444,190,5186775,SESSION_005,1,0,8190,4,28.70,58.30,1006.32,44.2,1,LOW
2026-09-13T13:39:37.807+08:00,RUN_20260913_121444,191,5187778,SESSION_005,0,0,8190,4,28.70,58.33,1006.32,44.2,1,LOW
2026-09-13T13:39:38.810+08:00,RUN_20260913_121444,192,5188781,SESSION_005,0,0,8190,4,28.70,58.36,1006.32,44.2,1,LOW
2026-09-13T13:39:39.995+08:00,RUN_20260913_121444,193,5189966,SESSION_005,0,0,8190,4,28.70,58.38,1006.32,44.2,1,LOW
2026-09-13T13:39:41.000+08:00,RUN_20260913_121444,194,5190971,SESSION_005,0,0,8190,4,28.70,58.29,1006.32,44.2,1,LOW
2026-09-13T13:39:42.005+08:00,RUN_20260913_121444,195,5191976,SESSION_005,1,0,8190,4,28.70,58.38,1006.32,44.2,1,LOW
2026-09-13T13:39:43.010+08:00,RUN_20260913_121444,196,5192981,SESSION_005,0,0,8190,4,28.70,58.29,1006.32,44.2,1,LOW
2026-09-13T13:39:44.015+08:00,RUN_20260913_121444,197,5193986,SESSION_005,0,0,481,0,28.70,58.32,1006.32,44.2,1,LOW
2026-09-13T13:39:45.020+08:00,RUN_20260913_121444,198,5194991,SESSION_005,1,0,8190,4,28.70,58.33,1006.32,44.2,1,LOW
2026-09-13T13:39:45.843+08:00,RUN_20260913_121444,199,5195814,SESSION_005,1,0,8190,4,28.70,58.29,1006.32,44.2,1,LOW
2026-09-13T13:39:46.846+08:00,RUN_20260913_121444,200,5196817,SESSION_005,1,0,8190,4,28.69,58.35,1006.32,44.2,1,LOW
2026-09-13T13:39:47.849+08:00,RUN_20260913_121444,201,5197820,SESSION_005,1,0,8190,4,28.69,58.39,1006.32,44.2,1,LOW
2026-09-13T13:39:48.852+08:00,RUN_20260913_121444,202,5198823,SESSION_005,0,0,8190,4,28.69,58.40,1006.32,44.2,1,LOW
2026-09-13T13:39:49.855+08:00,RUN_20260913_121444,203,5199826,SESSION_005,0,0,8190,4,28.69,58.42,1006.32,44.2,1,LOW
2026-09-13T13:39:51.040+08:00,RUN_20260913_121444,204,5201011,SESSION_005,0,0,8190,4,28.69,58.39,1006.32,44.2,1,LOW
2026-09-13T13:39:51.863+08:00,RUN_20260913_121444,205,5201834,SESSION_005,1,0,8190,4,28.69,58.30,1006.33,44.2,1,LOW
2026-09-13T13:39:52.866+08:00,RUN_20260913_121444,206,5202837,SESSION_005,0,0,8190,4,28.69,58.32,1006.33,44.2,1,LOW
2026-09-13T13:39:53.869+08:00,RUN_20260913_121444,207,5203840,SESSION_005,0,0,8190,4,28.69,58.40,1006.33,44.2,1,LOW
2026-09-13T13:39:55.054+08:00,RUN_20260913_121444,208,5205025,SESSION_005,0,0,8190,4,28.69,58.27,1006.33,44.2,1,LOW
2026-09-13T13:39:55.877+08:00,RUN_20260913_121444,209,5205848,SESSION_005,0,0,8190,4,28.69,58.29,1006.33,44.2,1,LOW
2026-09-13T13:39:56.880+08:00,RUN_20260913_121444,210,5206851,SESSION_005,0,0,8190,4,28.69,58.28,1006.33,44.2,1,LOW
2026-09-13T13:39:58.065+08:00,RUN_20260913_121444,211,5208036,SESSION_005,0,0,8190,4,28.69,58.28,1006.33,44.2,1,LOW
2026-09-13T13:39:58.888+08:00,RUN_20260913_121444,212,5208859,SESSION_005,0,0,8190,4,28.69,58.24,1006.33,44.2,1,LOW
2026-09-13T13:39:59.891+08:00,RUN_20260913_121444,213,5209862,SESSION_005,0,0,8190,4,28.69,58.26,1006.33,44.2,1,LOW
2026-09-13T13:40:00.894+08:00,RUN_20260913_121444,214,5210865,SESSION_005,0,0,8190,4,28.69,58.27,1006.34,44.2,1,LOW
2026-09-13T13:40:02.079+08:00,RUN_20260913_121444,215,5212050,SESSION_005,0,0,8190,4,28.69,58.34,1006.34,44.2,1,LOW
2026-09-13T13:40:02.902+08:00,RUN_20260913_121444,216,5212873,SESSION_005,0,0,8190,4,28.69,58.24,1006.34,44.2,1,LOW
2026-09-13T13:40:03.905+08:00,RUN_20260913_121444,217,5213876,SESSION_005,0,0,8190,4,28.69,58.34,1006.34,44.2,1,LOW
2026-09-13T13:40:05.090+08:00,RUN_20260913_121444,218,5215061,SESSION_005,0,0,8190,4,28.69,58.34,1006.34,44.2,1,LOW
2026-09-13T13:40:06.095+08:00,RUN_20260913_121444,219,5216066,SESSION_005,0,0,8190,4,28.69,58.33,1006.35,44.2,1,LOW
2026-09-13T13:40:06.918+08:00,RUN_20260913_121444,220,5216889,SESSION_005,0,0,8190,4,28.69,58.31,1006.35,44.2,1,LOW
2026-09-13T13:40:07.921+08:00,RUN_20260913_121444,221,5217892,SESSION_005,0,0,8190,4,28.69,58.28,1006.35,44.2,1,LOW
2026-09-13T13:40:09.106+08:00,RUN_20260913_121444,222,5219077,SESSION_005,0,0,8190,4,28.69,58.21,1006.35,44.2,1,LOW
2026-09-13T13:40:09.929+08:00,RUN_20260913_121444,223,5219900,SESSION_005,0,0,8190,4,28.69,58.22,1006.35,44.2,1,LOW
2026-09-13T13:40:10.932+08:00,RUN_20260913_121444,224,5220903,SESSION_005,0,0,8190,4,28.69,58.18,1006.35,44.2,1,LOW
2026-09-13T13:40:11.935+08:00,RUN_20260913_121444,225,5221906,SESSION_005,0,0,8190,4,28.69,58.18,1006.35,44.2,1,LOW
2026-09-13T13:40:12.938+08:00,RUN_20260913_121444,226,5222909,SESSION_005,0,0,8190,4,28.69,58.22,1006.35,44.2,1,LOW
2026-09-13T13:40:13.941+08:00,RUN_20260913_121444,227,5223912,SESSION_005,0,0,8190,4,28.69,58.31,1006.35,44.2,1,LOW
2026-09-13T13:40:14.944+08:00,RUN_20260913_121444,228,5224915,SESSION_005,0,0,8190,4,28.69,58.31,1006.34,44.2,1,LOW
2026-09-13T13:40:15.947+08:00,RUN_20260913_121444,229,5225918,SESSION_005,0,0,8190,4,28.69,58.31,1006.34,44.2,1,LOW
2026-09-13T13:40:16.950+08:00,RUN_20260913_121444,230,5226921,SESSION_005,0,0,8190,4,28.69,58.24,1006.34,44.2,1,LOW
2026-09-13T13:40:17.953+08:00,RUN_20260913_121444,231,5227924,SESSION_005,0,0,8190,4,28.69,58.22,1006.33,44.2,1,LOW
2026-09-13T13:40:18.956+08:00,RUN_20260913_121444,232,5228927,SESSION_005,0,0,8190,4,28.69,58.17,1006.33,44.2,1,LOW
2026-09-13T13:40:19.959+08:00,RUN_20260913_121444,233,5229930,SESSION_005,0,0,8190,4,28.69,58.20,1006.33,44.2,1,LOW
2026-09-13T13:40:20.962+08:00,RUN_20260913_121444,234,5230933,SESSION_005,0,0,8190,4,28.69,58.29,1006.33,44.2,1,LOW
2026-09-13T13:40:21.965+08:00,RUN_20260913_121444,235,5231936,SESSION_005,0,0,8190,4,28.68,58.23,1006.33,44.2,1,LOW
2026-09-13T13:40:22.968+08:00,RUN_20260913_121444,236,5232939,SESSION_005,0,0,8190,4,28.68,58.25,1006.33,44.2,1,LOW
2026-09-13T13:40:23.971+08:00,RUN_20260913_121444,237,5233942,SESSION_005,0,0,8190,4,28.68,58.36,1006.33,44.2,1,LOW
2026-09-13T13:40:24.974+08:00,RUN_20260913_121444,238,5234945,SESSION_005,0,0,8190,4,28.68,58.37,1006.34,44.2,1,LOW
2026-09-13T13:40:25.977+08:00,RUN_20260913_121444,239,5235948,SESSION_005,0,0,8190,4,28.68,58.36,1006.34,44.2,1,LOW
2026-09-13T13:40:26.980+08:00,RUN_20260913_121444,240,5236951,SESSION_005,0,0,8190,4,28.68,58.37,1006.34,44.2,1,LOW
2026-09-13T13:40:28.165+08:00,RUN_20260913_121444,241,5238136,SESSION_005,0,0,8190,4,28.68,58.40,1006.34,44.2,1,LOW
2026-09-13T13:40:28.988+08:00,RUN_20260913_121444,242,5238959,SESSION_005,0,0,8190,4,28.68,58.29,1006.34,44.2,1,LOW
2026-09-13T13:40:29.991+08:00,RUN_20260913_121444,243,5239962,SESSION_005,0,0,8190,4,28.68,58.33,1006.34,44.2,1,LOW
2026-09-13T13:40:30.994+08:00,RUN_20260913_121444,244,5240965,SESSION_005,0,0,8190,4,28.68,58.33,1006.34,44.2,1,LOW
2026-09-13T13:40:31.997+08:00,RUN_20260913_121444,245,5241968,SESSION_005,0,0,8190,4,28.68,58.34,1006.34,44.2,1,LOW
2026-09-13T13:40:33.000+08:00,RUN_20260913_121444,246,5242971,SESSION_005,0,0,8190,4,28.68,58.34,1006.34,44.2,1,LOW
2026-09-13T13:40:34.003+08:00,RUN_20260913_121444,247,5243974,SESSION_005,0,0,8190,4,28.68,58.31,1006.34,44.2,1,LOW
2026-09-13T13:40:35.006+08:00,RUN_20260913_121444,248,5244977,SESSION_005,1,0,8190,4,28.68,58.34,1006.34,44.2,1,LOW
2026-09-13T13:40:36.191+08:00,RUN_20260913_121444,249,5246162,SESSION_005,0,0,8190,4,28.68,58.35,1006.34,44.2,1,LOW
2026-09-13T13:40:37.014+08:00,RUN_20260913_121444,250,5246985,SESSION_005,0,0,8190,4,28.68,58.37,1006.34,44.2,1,LOW
2026-09-13T13:40:38.017+08:00,RUN_20260913_121444,251,5247988,SESSION_005,0,0,8190,4,28.68,58.40,1006.34,44.2,1,LOW
2026-09-13T13:40:39.202+08:00,RUN_20260913_121444,252,5249173,SESSION_005,1,0,8190,4,28.68,58.44,1006.34,44.2,1,LOW
2026-09-13T13:40:40.025+08:00,RUN_20260913_121444,253,5249996,SESSION_005,0,0,8190,4,28.68,58.40,1006.34,44.2,1,LOW
2026-09-13T13:40:41.028+08:00,RUN_20260913_121444,254,5250999,SESSION_005,0,0,8190,4,28.68,58.42,1006.34,44.2,1,LOW
2026-09-13T13:40:42.031+08:00,RUN_20260913_121444,255,5252002,SESSION_005,0,0,8190,4,28.68,58.42,1006.34,44.2,1,LOW
2026-09-13T13:40:43.034+08:00,RUN_20260913_121444,256,5253005,SESSION_005,1,0,8190,4,28.68,58.49,1006.34,44.2,1,LOW
2026-09-13T13:40:44.037+08:00,RUN_20260913_121444,257,5254008,SESSION_005,1,0,8190,4,28.68,58.42,1006.34,44.2,1,LOW
2026-09-13T13:40:45.222+08:00,RUN_20260913_121444,258,5255193,SESSION_005,0,0,8190,4,28.68,58.38,1006.34,44.2,1,LOW
2026-09-13T13:40:46.227+08:00,RUN_20260913_121444,259,5256198,SESSION_005,0,0,8190,4,28.68,58.50,1006.34,44.2,1,LOW
2026-09-13T13:40:47.050+08:00,RUN_20260913_121444,260,5257021,SESSION_005,0,0,8190,4,28.68,58.46,1006.34,44.2,1,LOW
2026-09-13T13:40:48.235+08:00,RUN_20260913_121444,261,5258206,SESSION_005,0,0,8190,4,28.68,58.41,1006.34,44.2,1,LOW
2026-09-13T13:40:49.058+08:00,RUN_20260913_121444,262,5259029,SESSION_005,0,0,8190,4,28.68,58.41,1006.34,44.2,1,LOW
2026-09-13T13:40:50.061+08:00,RUN_20260913_121444,263,5260032,SESSION_005,0,0,8190,4,28.68,58.43,1006.34,44.2,1,LOW
2026-09-13T13:40:51.246+08:00,RUN_20260913_121444,264,5261217,SESSION_005,0,0,8190,4,28.68,58.42,1006.33,44.2,1,LOW
2026-09-13T13:40:52.069+08:00,RUN_20260913_121444,265,5262040,SESSION_005,0,0,8190,4,28.68,58.43,1006.33,44.2,1,LOW
2026-09-13T13:40:53.072+08:00,RUN_20260913_121444,266,5263043,SESSION_005,1,0,8190,4,28.68,58.54,1006.32,44.2,1,LOW
2026-09-13T13:40:54.257+08:00,RUN_20260913_121444,267,5264228,SESSION_005,0,0,8190,4,28.68,58.54,1006.32,44.2,1,LOW
2026-09-13T13:40:55.080+08:00,RUN_20260913_121444,268,5265051,SESSION_005,0,0,8190,4,28.68,58.46,1006.32,44.2,1,LOW
2026-09-13T13:40:56.083+08:00,RUN_20260913_121444,269,5266054,SESSION_005,0,0,8190,4,28.68,58.54,1006.32,44.2,1,LOW
2026-09-13T13:40:57.268+08:00,RUN_20260913_121444,270,5267239,SESSION_005,0,0,732,0,28.68,58.59,1006.32,44.2,1,LOW
2026-09-13T13:40:58.273+08:00,RUN_20260913_121444,271,5268244,SESSION_005,0,0,1250,0,28.68,58.56,1006.31,44.2,1,LOW
2026-09-13T13:40:59.096+08:00,RUN_20260913_121444,272,5269067,SESSION_005,0,0,8190,4,28.68,58.61,1006.31,44.2,1,LOW
2026-09-13T13:41:00.099+08:00,RUN_20260913_121444,273,5270070,SESSION_005,1,0,8190,4,28.68,58.68,1006.31,44.2,1,LOW
2026-09-13T13:41:01.102+08:00,RUN_20260913_121444,274,5271073,SESSION_005,0,1,8190,4,28.67,58.63,1006.31,44.2,1,LOW
2026-09-13T13:41:02.287+08:00,RUN_20260913_121444,275,5272258,SESSION_005,0,1,8190,4,28.67,58.61,1006.31,43.3,1,LOW
2026-09-13T13:41:03.110+08:00,RUN_20260913_121444,276,5273081,SESSION_005,0,1,8190,4,28.67,58.71,1006.31,44.2,1,LOW
2026-09-13T13:41:04.295+08:00,RUN_20260913_121444,277,5274266,SESSION_005,0,1,8190,4,28.67,58.63,1006.31,43.3,1,LOW
2026-09-13T13:41:05.118+08:00,RUN_20260913_121444,278,5275089,SESSION_005,0,1,8190,4,28.67,58.62,1006.31,43.3,1,LOW
2026-09-13T13:41:06.121+08:00,RUN_20260913_121444,279,5276092,SESSION_005,0,1,8190,4,28.67,58.63,1006.31,44.2,1,LOW
2026-09-13T13:41:07.124+08:00,RUN_20260913_121444,280,5277095,SESSION_005,0,1,8190,4,28.67,58.63,1006.31,44.2,1,LOW
2026-09-13T13:41:08.127+08:00,RUN_20260913_121444,281,5278098,SESSION_005,0,0,8190,4,28.67,58.74,1006.31,44.2,1,LOW
2026-09-13T13:41:09.312+08:00,RUN_20260913_121444,282,5279283,SESSION_005,0,0,8190,4,28.67,58.69,1006.31,43.3,1,LOW
2026-09-13T13:41:10.135+08:00,RUN_20260913_121444,283,5280106,SESSION_005,0,1,8190,4,28.67,58.66,1006.30,44.2,1,LOW
2026-09-13T13:41:11.138+08:00,RUN_20260913_121444,284,5281109,SESSION_005,0,0,8190,4,28.67,58.71,1006.30,44.2,1,LOW
2026-09-13T13:41:12.141+08:00,RUN_20260913_121444,285,5282112,SESSION_005,0,0,8190,4,28.67,58.62,1006.30,44.2,1,LOW
2026-09-13T13:41:13.326+08:00,RUN_20260913_121444,286,5283297,SESSION_005,0,0,582,0,28.67,58.59,1006.30,44.2,1,LOW
2026-09-13T13:41:14.331+08:00,RUN_20260913_121444,287,5284302,SESSION_005,0,0,887,0,28.67,58.59,1006.30,44.2,1,LOW
2026-09-13T13:41:15.336+08:00,RUN_20260913_121444,288,5285307,SESSION_005,0,0,8190,4,28.67,58.57,1006.30,44.2,1,LOW
2026-09-13T13:41:16.341+08:00,RUN_20260913_121444,289,5286312,SESSION_005,1,0,8190,4,28.67,58.67,1006.30,44.2,1,LOW
2026-09-13T13:41:17.346+08:00,RUN_20260913_121444,290,5287317,SESSION_005,0,0,8190,4,28.67,58.56,1006.29,44.2,1,LOW
2026-09-13T13:41:18.169+08:00,RUN_20260913_121444,291,5288140,SESSION_005,0,0,8190,4,28.67,58.60,1006.29,44.2,1,LOW
2026-09-13T13:41:19.172+08:00,RUN_20260913_121444,292,5289143,SESSION_005,1,0,8190,4,28.67,58.73,1006.29,44.2,1,LOW
2026-09-13T13:41:20.357+08:00,RUN_20260913_121444,293,5290328,SESSION_005,0,0,8190,4,28.67,58.68,1006.29,44.2,1,LOW
2026-09-13T13:41:21.362+08:00,RUN_20260913_121444,294,5291333,SESSION_005,0,0,8190,4,28.67,58.69,1006.29,44.2,1,LOW
2026-09-13T13:41:22.185+08:00,RUN_20260913_121444,295,5292156,SESSION_005,1,0,8190,4,28.67,58.71,1006.29,44.2,1,LOW
2026-09-13T13:41:23.188+08:00,RUN_20260913_121444,296,5293159,SESSION_005,0,0,8190,4,28.67,58.69,1006.28,44.2,1,LOW
2026-09-13T13:41:24.191+08:00,RUN_20260913_121444,297,5294162,SESSION_005,0,0,8190,4,28.67,58.66,1006.28,44.2,1,LOW
2026-09-13T13:41:25.194+08:00,RUN_20260913_121444,298,5295165,SESSION_005,1,0,8190,4,28.67,58.73,1006.28,44.2,1,LOW
2026-09-13T13:41:26.379+08:00,RUN_20260913_121444,299,5296350,SESSION_005,0,0,8190,4,28.67,58.66,1006.28,44.2,1,LOW
2026-09-13T13:41:27.384+08:00,RUN_20260913_121444,300,5297355,SESSION_005,0,0,8190,4,28.67,58.72,1006.28,44.2,1,LOW
2026-09-13T13:41:28.389+08:00,RUN_20260913_121444,301,5298360,SESSION_005,0,0,8190,4,28.67,58.63,1006.28,44.2,1,LOW
2026-09-13T13:41:29.394+08:00,RUN_20260913_121444,302,5299365,SESSION_005,0,0,647,0,28.67,58.69,1006.28,44.2,1,LOW
2026-09-13T13:41:30.217+08:00,RUN_20260913_121444,303,5300188,SESSION_005,0,0,8190,4,28.67,58.62,1006.29,44.2,1,LOW
2026-09-13T13:41:31.402+08:00,RUN_20260913_121444,304,5301373,SESSION_005,0,1,8190,4,28.67,58.65,1006.29,44.2,1,LOW
2026-09-13T13:41:32.225+08:00,RUN_20260913_121444,305,5302196,SESSION_005,0,0,8190,4,28.67,58.62,1006.29,43.3,1,LOW
2026-09-13T13:41:33.228+08:00,RUN_20260913_121444,306,5303199,SESSION_005,0,0,8190,4,28.67,58.62,1006.29,43.3,1,LOW
2026-09-13T13:41:34.231+08:00,RUN_20260913_121444,307,5304202,SESSION_005,0,1,8190,4,28.67,58.65,1006.29,44.2,1,LOW
2026-09-13T13:41:35.416+08:00,RUN_20260913_121444,308,5305387,SESSION_005,0,0,8190,4,28.67,58.62,1006.29,44.2,1,LOW
2026-09-13T13:41:36.239+08:00,RUN_20260913_121444,309,5306210,SESSION_005,0,0,8190,4,28.67,58.66,1006.29,44.2,1,LOW
2026-09-13T13:41:37.424+08:00,RUN_20260913_121444,310,5307395,SESSION_005,0,0,8190,4,28.67,58.63,1006.29,44.2,1,LOW
2026-09-13T13:41:38.247+08:00,RUN_20260913_121444,311,5308218,SESSION_005,0,0,8190,4,28.67,58.57,1006.29,44.2,1,LOW
2026-09-13T13:41:39.250+08:00,RUN_20260913_121444,312,5309221,SESSION_005,0,0,8190,4,28.67,58.68,1006.29,44.2,1,LOW
2026-09-13T13:41:40.253+08:00,RUN_20260913_121444,313,5310224,SESSION_005,0,0,8190,4,28.67,58.61,1006.29,44.2,1,LOW
2026-09-13T13:41:41.256+08:00,RUN_20260913_121444,314,5311227,SESSION_005,0,0,8190,4,28.67,58.60,1006.29,44.2,1,LOW
2026-09-13T13:41:42.259+08:00,RUN_20260913_121444,315,5312230,SESSION_005,0,0,8190,4,28.67,58.60,1006.29,44.2,1,LOW
2026-09-13T13:41:43.262+08:00,RUN_20260913_121444,316,5313233,SESSION_005,0,0,8190,4,28.67,58.57,1006.29,44.2,1,LOW
2026-09-13T13:41:44.265+08:00,RUN_20260913_121444,317,5314236,SESSION_005,0,0,8190,4,28.67,58.57,1006.29,44.2,1,LOW
2026-09-13T13:41:45.450+08:00,RUN_20260913_121444,318,5315421,SESSION_005,0,0,8190,4,28.67,58.56,1006.29,44.2,1,LOW
2026-09-13T13:41:46.273+08:00,RUN_20260913_121444,319,5316244,SESSION_005,0,0,8190,4,28.67,58.66,1006.29,44.2,1,LOW
2026-09-13T13:41:47.276+08:00,RUN_20260913_121444,320,5317247,SESSION_005,0,0,8190,4,28.67,58.72,1006.29,44.2,1,LOW
2026-09-13T13:41:48.279+08:00,RUN_20260913_121444,321,5318250,SESSION_005,0,0,8190,4,28.67,58.69,1006.29,44.2,1,LOW
2026-09-13T13:41:49.282+08:00,RUN_20260913_121444,322,5319253,SESSION_005,0,1,8190,4,28.67,58.65,1006.29,44.2,1,LOW
2026-09-13T13:41:50.467+08:00,RUN_20260913_121444,323,5320438,SESSION_005,0,1,8190,4,28.67,58.65,1006.29,44.2,1,LOW
2026-09-13T13:41:51.472+08:00,RUN_20260913_121444,324,5321443,SESSION_005,0,1,8190,4,28.67,58.73,1006.29,43.3,1,LOW
2026-09-13T13:41:52.295+08:00,RUN_20260913_121444,325,5322266,SESSION_005,0,1,8190,4,28.67,58.66,1006.29,43.3,1,LOW
2026-09-13T13:41:53.298+08:00,RUN_20260913_121444,326,5323269,SESSION_005,0,1,8190,4,28.67,58.75,1006.29,44.2,1,LOW
2026-09-13T13:41:54.483+08:00,RUN_20260913_121444,327,5324454,SESSION_005,0,1,617,0,28.67,58.65,1006.30,44.2,1,LOW
2026-09-13T13:41:55.306+08:00,RUN_20260913_121444,328,5325277,SESSION_005,1,0,8190,4,28.67,58.66,1006.30,44.2,1,LOW
2026-09-13T13:41:56.491+08:00,RUN_20260913_121444,329,5326462,SESSION_005,1,1,8190,4,28.67,58.73,1006.30,44.2,1,LOW
2026-09-13T13:41:57.314+08:00,RUN_20260913_121444,330,5327285,SESSION_005,0,1,8190,4,28.67,58.67,1006.30,44.2,1,LOW
2026-09-13T13:41:58.317+08:00,RUN_20260913_121444,331,5328288,SESSION_005,0,1,8190,4,28.67,58.71,1006.30,44.2,1,LOW
2026-09-13T13:41:59.320+08:00,RUN_20260913_121444,332,5329291,SESSION_005,1,0,8190,4,28.67,58.71,1006.30,44.2,1,LOW
2026-09-13T13:42:00.323+08:00,RUN_20260913_121444,333,5330294,SESSION_005,0,0,8190,4,28.67,58.71,1006.30,44.2,1,LOW
2026-09-13T13:42:01.508+08:00,RUN_20260913_121444,334,5331479,SESSION_005,0,0,8190,4,28.67,58.74,1006.30,44.2,1,LOW
2026-09-13T13:42:02.331+08:00,RUN_20260913_121444,335,5332302,SESSION_005,1,0,8190,4,28.67,58.65,1006.30,44.2,1,LOW
2026-09-13T13:42:03.334+08:00,RUN_20260913_121444,336,5333305,SESSION_005,1,0,8190,4,28.67,58.65,1006.30,44.2,1,LOW
2026-09-13T13:42:04.337+08:00,RUN_20260913_121444,337,5334308,SESSION_005,1,0,8190,4,28.67,58.56,1006.29,44.2,1,LOW
2026-09-13T13:42:05.522+08:00,RUN_20260913_121444,338,5335493,SESSION_005,0,0,8190,4,28.67,58.66,1006.30,44.2,1,LOW
2026-09-13T13:42:06.527+08:00,RUN_20260913_121444,339,5336498,SESSION_005,0,0,1076,0,28.67,58.57,1006.30,44.2,1,LOW
2026-09-13T13:42:07.532+08:00,RUN_20260913_121444,340,5337503,SESSION_005,0,0,968,0,28.67,58.57,1006.30,44.2,1,LOW
2026-09-13T13:42:08.537+08:00,RUN_20260913_121444,341,5338508,SESSION_005,0,0,973,0,28.67,58.63,1006.30,44.2,1,LOW
2026-09-13T13:42:09.542+08:00,RUN_20260913_121444,342,5339513,SESSION_005,0,0,893,0,28.67,58.60,1006.30,44.2,1,LOW
2026-09-13T13:42:10.547+08:00,RUN_20260913_121444,343,5340518,SESSION_005,0,0,8190,4,28.67,58.61,1006.31,44.2,1,LOW
2026-09-13T13:42:11.370+08:00,RUN_20260913_121444,344,5341341,SESSION_005,1,0,8190,4,28.67,58.59,1006.31,44.2,1,LOW
2026-09-13T13:42:12.373+08:00,RUN_20260913_121444,345,5342344,SESSION_005,1,0,8190,4,28.67,58.68,1006.31,44.2,1,LOW
2026-09-13T13:42:13.558+08:00,RUN_20260913_121444,346,5343529,SESSION_005,0,0,8190,4,28.67,58.67,1006.31,44.2,1,LOW
2026-09-13T13:42:14.381+08:00,RUN_20260913_121444,347,5344352,SESSION_005,0,0,8190,4,28.67,58.59,1006.31,44.2,1,LOW
2026-09-13T13:42:15.566+08:00,RUN_20260913_121444,348,5345537,SESSION_005,0,0,8190,4,28.67,58.66,1006.31,44.2,1,LOW
2026-09-13T13:42:16.389+08:00,RUN_20260913_121444,349,5346360,SESSION_005,0,0,8190,4,28.67,58.56,1006.30,44.2,1,LOW
2026-09-13T13:42:17.392+08:00,RUN_20260913_121444,350,5347363,SESSION_005,1,0,8190,4,28.67,58.55,1006.30,44.2,1,LOW
2026-09-13T13:42:18.395+08:00,RUN_20260913_121444,351,5348366,SESSION_005,1,0,8190,4,28.67,58.53,1006.30,44.2,1,LOW
2026-09-13T13:42:19.398+08:00,RUN_20260913_121444,352,5349369,SESSION_005,0,0,8190,4,28.67,58.51,1006.29,44.2,1,LOW
2026-09-13T13:42:20.401+08:00,RUN_20260913_121444,353,5350372,SESSION_005,0,0,8190,4,28.67,58.50,1006.29,44.2,1,LOW
2026-09-13T13:42:21.586+08:00,RUN_20260913_121444,354,5351557,SESSION_005,1,0,8190,4,28.67,58.51,1006.29,44.2,1,LOW
2026-09-13T13:42:22.409+08:00,RUN_20260913_121444,355,5352380,SESSION_005,0,0,8190,4,28.67,58.56,1006.29,44.2,1,LOW
2026-09-13T13:42:23.412+08:00,RUN_20260913_121444,356,5353383,SESSION_005,0,0,8190,4,28.67,58.49,1006.29,44.2,1,LOW
2026-09-13T13:42:24.415+08:00,RUN_20260913_121444,357,5354386,SESSION_005,0,0,8190,4,28.67,58.56,1006.29,44.2,1,LOW
2026-09-13T13:42:25.600+08:00,RUN_20260913_121444,358,5355571,SESSION_005,1,0,8190,4,28.67,58.48,1006.30,44.2,1,LOW
2026-09-13T13:42:26.423+08:00,RUN_20260913_121444,359,5356394,SESSION_005,0,0,8190,4,28.67,58.50,1006.30,44.2,1,LOW
2026-09-13T13:42:27.426+08:00,RUN_20260913_121444,360,5357397,SESSION_005,0,0,8190,4,28.67,58.49,1006.29,44.2,1,LOW
2026-09-13T13:42:28.429+08:00,RUN_20260913_121444,361,5358400,SESSION_005,0,0,8190,4,28.67,58.60,1006.30,44.2,1,LOW
2026-09-13T13:42:29.432+08:00,RUN_20260913_121444,362,5359403,SESSION_005,0,0,8190,4,28.67,58.51,1006.30,44.2,1,LOW
2026-09-13T13:42:30.435+08:00,RUN_20260913_121444,363,5360406,SESSION_005,0,0,8190,4,28.67,58.51,1006.30,44.2,1,LOW
2026-09-13T13:42:31.438+08:00,RUN_20260913_121444,364,5361409,SESSION_005,0,0,8190,4,28.67,58.54,1006.29,44.2,1,LOW
2026-09-13T13:42:32.441+08:00,RUN_20260913_121444,365,5362412,SESSION_005,0,0,8190,4,28.67,58.50,1006.29,44.2,1,LOW
2026-09-13T13:42:33.626+08:00,RUN_20260913_121444,366,5363597,SESSION_005,0,0,8190,4,28.67,58.62,1006.29,44.2,1,LOW
2026-09-13T13:42:34.631+08:00,RUN_20260913_121444,367,5364602,SESSION_005,0,0,8190,4,28.67,58.57,1006.29,44.2,1,LOW
2026-09-13T13:42:35.454+08:00,RUN_20260913_121444,368,5365425,SESSION_005,0,0,8190,4,28.67,58.61,1006.28,44.2,1,LOW
2026-09-13T13:42:36.639+08:00,RUN_20260913_121444,369,5366610,SESSION_005,0,0,8190,4,28.67,58.63,1006.28,44.2,1,LOW
2026-09-13T13:42:37.462+08:00,RUN_20260913_121444,370,5367433,SESSION_005,0,0,8190,4,28.67,58.55,1006.28,44.2,1,LOW
2026-09-13T13:42:38.465+08:00,RUN_20260913_121444,371,5368436,SESSION_005,1,0,8190,4,28.67,58.65,1006.28,45.0,1,LOW
2026-09-13T13:42:39.468+08:00,RUN_20260913_121444,372,5369439,SESSION_005,0,0,8190,4,28.67,58.67,1006.28,45.0,1,LOW
2026-09-13T13:42:40.653+08:00,RUN_20260913_121444,373,5370624,SESSION_005,0,0,8190,4,28.67,58.68,1006.28,45.0,1,LOW
2026-09-13T13:42:41.476+08:00,RUN_20260913_121444,374,5371447,SESSION_005,0,0,8190,4,28.67,58.67,1006.28,44.2,1,LOW
2026-09-13T13:42:42.661+08:00,RUN_20260913_121444,375,5372632,SESSION_005,0,0,8190,4,28.67,58.71,1006.28,44.2,1,LOW
2026-09-13T13:42:43.484+08:00,RUN_20260913_121444,376,5373455,SESSION_005,0,0,8190,4,28.68,58.62,1006.28,44.2,1,LOW
2026-09-13T13:42:44.487+08:00,RUN_20260913_121444,377,5374458,SESSION_005,0,0,8190,4,28.68,58.62,1006.28,44.2,1,LOW
2026-09-13T13:42:45.490+08:00,RUN_20260913_121444,378,5375461,SESSION_005,0,0,8190,4,28.68,58.62,1006.28,45.0,1,LOW
2026-09-13T13:42:46.493+08:00,RUN_20260913_121444,379,5376464,SESSION_005,0,0,8190,4,28.68,58.73,1006.28,44.2,1,LOW
2026-09-13T13:42:47.496+08:00,RUN_20260913_121444,380,5377467,SESSION_005,0,0,8190,4,28.68,58.73,1006.28,44.2,1,LOW
2026-09-13T13:42:48.499+08:00,RUN_20260913_121444,381,5378470,SESSION_005,0,0,8190,4,28.68,58.63,1006.27,45.0,1,LOW
2026-09-13T13:42:49.502+08:00,RUN_20260913_121444,382,5379473,SESSION_005,0,0,8190,4,28.68,58.71,1006.27,44.2,1,LOW
2026-09-13T13:42:50.505+08:00,RUN_20260913_121444,383,5380476,SESSION_005,0,0,8190,4,28.68,58.61,1006.27,44.2,1,LOW
2026-09-13T13:42:51.508+08:00,RUN_20260913_121444,384,5381479,SESSION_005,0,0,8190,4,28.68,58.62,1006.27,45.0,1,LOW
2026-09-13T13:42:52.511+08:00,RUN_20260913_121444,385,5382482,SESSION_005,0,0,8190,4,28.68,58.69,1006.27,44.2,1,LOW
2026-09-13T13:42:53.514+08:00,RUN_20260913_121444,386,5383485,SESSION_005,0,0,8190,4,28.68,58.63,1006.27,44.2,1,LOW
2026-09-13T13:42:54.517+08:00,RUN_20260913_121444,387,5384488,SESSION_005,1,0,8190,4,28.68,58.69,1006.27,44.2,1,LOW
2026-09-13T13:42:55.520+08:00,RUN_20260913_121444,388,5385491,SESSION_005,0,0,8190,4,28.68,58.66,1006.27,44.2,1,LOW
2026-09-13T13:42:56.523+08:00,RUN_20260913_121444,389,5386494,SESSION_005,0,0,8190,4,28.68,58.63,1006.27,44.2,1,LOW
2026-09-13T13:42:57.526+08:00,RUN_20260913_121444,390,5387497,SESSION_005,1,0,8190,4,28.68,58.63,1006.27,44.2,1,LOW
2026-09-13T13:42:58.529+08:00,RUN_20260913_121444,391,5388500,SESSION_005,1,0,8190,4,28.68,58.65,1006.27,44.2,1,LOW
2026-09-13T13:42:59.532+08:00,RUN_20260913_121444,392,5389503,SESSION_005,0,0,8190,4,28.68,58.66,1006.27,44.2,1,LOW
2026-09-13T13:43:00.535+08:00,RUN_20260913_121444,393,5390506,SESSION_005,0,0,8190,4,28.68,58.72,1006.27,44.2,1,LOW
2026-09-13T13:43:01.538+08:00,RUN_20260913_121444,394,5391509,SESSION_005,0,0,8190,4,28.68,58.62,1006.27,44.2,1,LOW
2026-09-13T13:43:02.723+08:00,RUN_20260913_121444,395,5392694,SESSION_005,0,0,8190,4,28.68,58.71,1006.27,44.2,1,LOW
2026-09-13T13:43:03.546+08:00,RUN_20260913_121444,396,5393517,SESSION_005,0,0,8190,4,28.68,58.71,1006.27,44.2,1,LOW
2026-09-13T13:43:04.731+08:00,RUN_20260913_121444,397,5394702,SESSION_005,0,0,8190,4,28.68,58.65,1006.27,44.2,1,LOW
2026-09-13T13:43:05.554+08:00,RUN_20260913_121444,398,5395525,SESSION_005,0,0,8190,4,28.68,58.71,1006.27,44.2,1,LOW
2026-09-13T13:43:06.557+08:00,RUN_20260913_121444,399,5396528,SESSION_005,0,0,8190,4,28.68,58.63,1006.26,44.2,1,LOW
2026-09-13T13:43:07.560+08:00,RUN_20260913_121444,400,5397531,SESSION_005,0,0,8190,4,28.68,58.69,1006.27,44.2,1,LOW
2026-09-13T13:43:08.563+08:00,RUN_20260913_121444,401,5398534,SESSION_005,0,0,8190,4,28.68,58.60,1006.27,44.2,1,LOW
2026-09-13T13:43:09.566+08:00,RUN_20260913_121444,402,5399537,SESSION_005,0,0,8190,4,28.68,58.67,1006.27,44.2,1,LOW
2026-09-13T13:43:10.569+08:00,RUN_20260913_121444,403,5400540,SESSION_005,1,0,8190,4,28.68,58.59,1006.26,44.2,1,LOW
2026-09-13T13:43:11.572+08:00,RUN_20260913_121444,404,5401543,SESSION_005,0,0,8190,4,28.68,58.60,1006.26,44.2,1,LOW
2026-09-13T13:43:12.575+08:00,RUN_20260913_121444,405,5402546,SESSION_005,0,0,8190,4,28.68,58.61,1006.26,44.2,1,LOW
2026-09-13T13:43:13.760+08:00,RUN_20260913_121444,406,5403731,SESSION_005,1,0,8190,4,28.68,58.61,1006.26,44.2,1,LOW
2026-09-13T13:43:14.583+08:00,RUN_20260913_121444,407,5404554,SESSION_005,0,0,8190,4,28.68,58.62,1006.26,44.2,1,LOW
2026-09-13T13:43:15.586+08:00,RUN_20260913_121444,408,5405557,SESSION_005,0,0,8190,4,28.68,58.61,1006.26,44.2,1,LOW
2026-09-13T13:43:16.589+08:00,RUN_20260913_121444,409,5406560,SESSION_005,0,0,8190,4,28.68,58.62,1006.26,44.2,1,LOW
2026-09-13T13:43:17.592+08:00,RUN_20260913_121444,410,5407563,SESSION_005,0,0,8190,4,28.68,58.68,1006.25,44.2,1,LOW
2026-09-13T13:43:18.595+08:00,RUN_20260913_121444,411,5408566,SESSION_005,0,0,8190,4,28.68,58.68,1006.25,44.2,1,LOW
2026-09-13T13:43:19.598+08:00,RUN_20260913_121444,412,5409569,SESSION_005,0,0,8190,4,28.68,58.59,1006.25,44.2,1,LOW
2026-09-13T13:43:20.601+08:00,RUN_20260913_121444,413,5410572,SESSION_005,1,0,8190,4,28.68,58.59,1006.26,44.2,1,LOW
2026-09-13T13:43:21.786+08:00,RUN_20260913_121444,414,5411757,SESSION_005,1,0,8190,4,28.68,58.59,1006.25,44.2,1,LOW
2026-09-13T13:43:22.609+08:00,RUN_20260913_121444,415,5412580,SESSION_005,1,0,8190,4,28.68,58.60,1006.25,44.2,1,LOW
2026-09-13T13:43:23.794+08:00,RUN_20260913_121444,416,5413765,SESSION_005,0,0,647,0,28.68,58.63,1006.25,44.2,1,LOW
2026-09-13T13:43:24.799+08:00,RUN_20260913_121444,417,5414770,SESSION_005,0,1,8190,4,28.68,58.67,1006.25,44.2,1,LOW
2026-09-13T13:43:25.804+08:00,RUN_20260913_121444,418,5415775,SESSION_005,0,1,8190,4,28.68,58.55,1006.25,43.3,1,LOW
2026-09-13T13:43:26.627+08:00,RUN_20260913_121444,419,5416598,SESSION_005,1,1,8190,4,28.68,58.55,1006.25,43.3,1,LOW
2026-09-13T13:43:27.812+08:00,RUN_20260913_121444,420,5417783,SESSION_005,0,0,8190,4,28.68,58.53,1006.25,43.3,1,LOW
2026-09-13T13:43:28.817+08:00,RUN_20260913_121444,421,5418788,SESSION_005,0,0,8190,4,28.68,58.59,1006.25,43.3,1,LOW
2026-09-13T13:43:29.822+08:00,RUN_20260913_121444,422,5419793,SESSION_005,0,1,8190,4,28.68,58.47,1006.25,43.3,1,LOW
2026-09-13T13:43:30.645+08:00,RUN_20260913_121444,423,5420616,SESSION_005,0,1,8190,4,28.68,58.54,1006.25,43.3,1,LOW
2026-09-13T13:43:31.648+08:00,RUN_20260913_121444,424,5421619,SESSION_005,0,1,8190,4,28.68,58.44,1006.25,43.3,1,LOW
2026-09-13T13:43:32.651+08:00,RUN_20260913_121444,425,5422622,SESSION_005,0,1,8190,4,28.68,58.52,1006.25,43.3,1,LOW
2026-09-13T13:43:33.654+08:00,RUN_20260913_121444,426,5423625,SESSION_005,0,0,8190,4,28.68,58.46,1006.25,43.3,1,LOW
2026-09-13T13:43:34.839+08:00,RUN_20260913_121444,427,5424810,SESSION_005,0,0,8190,4,28.68,58.46,1006.25,43.3,1,LOW
2026-09-13T13:43:35.662+08:00,RUN_20260913_121444,428,5425633,SESSION_005,0,0,8190,4,28.68,58.54,1006.25,43.3,1,LOW
2026-09-13T13:43:36.847+08:00,RUN_20260913_121444,429,5426818,SESSION_005,0,1,8190,4,28.68,58.54,1006.25,43.3,1,LOW
2026-09-13T13:43:37.670+08:00,RUN_20260913_121444,430,5427641,SESSION_005,0,0,8190,4,28.68,58.56,1006.25,43.3,1,LOW
2026-09-13T13:43:38.855+08:00,RUN_20260913_121444,431,5428826,SESSION_005,0,0,8190,4,28.68,58.60,1006.25,43.3,1,LOW
2026-09-13T13:43:39.678+08:00,RUN_20260913_121444,432,5429649,SESSION_005,0,1,8190,4,28.68,58.60,1006.25,43.3,1,LOW
2026-09-13T13:43:40.681+08:00,RUN_20260913_121444,433,5430652,SESSION_005,0,1,8190,4,28.68,58.59,1006.25,43.3,1,LOW
2026-09-13T13:43:41.684+08:00,RUN_20260913_121444,434,5431655,SESSION_005,0,0,8190,4,28.68,58.60,1006.25,43.3,1,LOW
2026-09-13T13:43:42.869+08:00,RUN_20260913_121444,435,5432840,SESSION_005,0,0,8190,4,28.68,58.53,1006.25,43.3,1,LOW
2026-09-13T13:43:43.692+08:00,RUN_20260913_121444,436,5433663,SESSION_005,0,0,8190,4,28.68,58.62,1006.25,43.3,1,LOW
2026-09-13T13:43:44.695+08:00,RUN_20260913_121444,437,5434666,SESSION_005,0,0,8190,4,28.69,58.55,1006.25,43.3,1,LOW
2026-09-13T13:43:45.698+08:00,RUN_20260913_121444,438,5435669,SESSION_005,0,0,8190,4,28.69,58.65,1006.25,43.3,1,LOW
2026-09-13T13:43:46.701+08:00,RUN_20260913_121444,439,5436672,SESSION_005,0,0,8190,4,28.69,58.58,1006.25,43.3,1,LOW
2026-09-13T13:43:47.704+08:00,RUN_20260913_121444,440,5437675,SESSION_005,0,1,8190,4,28.69,58.56,1006.25,43.3,1,LOW
2026-09-13T13:43:48.707+08:00,RUN_20260913_121444,441,5438678,SESSION_005,0,0,8190,4,28.69,58.61,1006.25,43.3,1,LOW
2026-09-13T13:43:49.710+08:00,RUN_20260913_121444,442,5439681,SESSION_005,0,0,8190,4,28.69,58.56,1006.25,43.3,1,LOW
2026-09-13T13:43:50.713+08:00,RUN_20260913_121444,443,5440684,SESSION_005,0,0,8190,4,28.69,58.54,1006.25,43.3,1,LOW
2026-09-13T13:43:51.716+08:00,RUN_20260913_121444,444,5441687,SESSION_005,0,0,8190,4,28.69,58.50,1006.25,43.3,1,LOW
2026-09-13T13:43:52.901+08:00,RUN_20260913_121444,445,5442872,SESSION_005,0,1,8190,4,28.69,58.55,1006.25,43.3,1,LOW
2026-09-13T13:43:53.906+08:00,RUN_20260913_121444,446,5443877,SESSION_005,0,1,8190,4,28.69,58.56,1006.25,43.3,1,LOW
2026-09-13T13:43:54.729+08:00,RUN_20260913_121444,447,5444700,SESSION_005,0,0,8190,4,28.69,58.48,1006.25,43.3,1,LOW
2026-09-13T13:43:55.914+08:00,RUN_20260913_121444,448,5445885,SESSION_005,0,0,8190,4,28.68,58.49,1006.25,43.3,1,LOW
2026-09-13T13:43:56.737+08:00,RUN_20260913_121444,449,5446708,SESSION_005,0,0,8190,4,28.69,58.54,1006.25,43.3,1,LOW
2026-09-13T13:43:57.740+08:00,RUN_20260913_121444,450,5447711,SESSION_005,0,0,8190,4,28.69,58.50,1006.25,43.3,1,LOW
2026-09-13T13:43:58.743+08:00,RUN_20260913_121444,451,5448714,SESSION_005,0,1,8190,4,28.68,58.46,1006.25,43.3,1,LOW
2026-09-13T13:43:59.928+08:00,RUN_20260913_121444,452,5449899,SESSION_005,0,0,8190,4,28.68,58.43,1006.25,43.3,1,LOW
2026-09-13T13:44:00.933+08:00,RUN_20260913_121444,453,5450904,SESSION_005,0,0,653,0,28.68,58.41,1006.25,43.3,1,LOW
2026-09-13T13:44:01.756+08:00,RUN_20260913_121444,454,5451727,SESSION_005,0,0,8190,4,28.68,58.43,1006.25,43.3,1,LOW
2026-09-13T13:44:02.941+08:00,RUN_20260913_121444,455,5452912,SESSION_005,0,0,8190,4,28.68,58.43,1006.25,43.3,1,LOW
2026-09-13T13:44:03.764+08:00,RUN_20260913_121444,456,5453735,SESSION_005,1,0,8190,4,28.68,58.53,1006.25,43.3,1,LOW
2026-09-13T13:44:04.767+08:00,RUN_20260913_121444,457,5454738,SESSION_005,1,0,8190,4,28.68,58.44,1006.26,43.3,1,LOW
2026-09-13T13:44:05.770+08:00,RUN_20260913_121444,458,5455741,SESSION_005,0,0,8190,4,28.68,58.43,1006.26,43.3,1,LOW
2026-09-13T13:44:06.773+08:00,RUN_20260913_121444,459,5456744,SESSION_005,0,0,8190,4,28.68,58.49,1006.26,43.3,1,LOW
2026-09-13T13:44:07.958+08:00,RUN_20260913_121444,460,5457929,SESSION_005,0,0,568,0,28.68,58.52,1006.26,43.3,1,LOW
2026-09-13T13:44:08.963+08:00,RUN_20260913_121444,461,5458934,SESSION_005,1,0,859,0,28.68,58.46,1006.27,43.3,1,LOW
2026-09-13T13:44:09.968+08:00,RUN_20260913_121444,462,5459939,SESSION_005,0,0,1178,0,28.68,58.47,1006.27,43.3,1,LOW
2026-09-13T13:44:10.973+08:00,RUN_20260913_121444,463,5460944,SESSION_005,0,0,753,0,28.68,58.35,1006.27,43.3,1,LOW
2026-09-13T13:44:11.978+08:00,RUN_20260913_121444,464,5461949,SESSION_005,0,1,516,0,28.68,58.36,1006.27,43.3,1,LOW
2026-09-13T13:44:12.983+08:00,RUN_20260913_121444,465,5462954,SESSION_005,0,1,346,0,28.68,58.35,1006.26,43.3,1,LOW
2026-09-13T13:44:13.988+08:00,RUN_20260913_121444,466,5463959,SESSION_005,0,0,455,0,28.68,58.34,1006.26,43.3,1,LOW
2026-09-13T13:44:14.993+08:00,RUN_20260913_121444,467,5464964,SESSION_005,0,0,550,0,28.68,58.37,1006.26,43.3,1,LOW
2026-09-13T13:44:15.998+08:00,RUN_20260913_121444,468,5465969,SESSION_005,0,1,550,0,28.68,58.34,1006.26,43.3,1,LOW
2026-09-13T13:44:17.003+08:00,RUN_20260913_121444,469,5466974,SESSION_005,0,1,8190,4,28.68,58.32,1006.26,43.3,1,LOW
2026-09-13T13:44:18.008+08:00,RUN_20260913_121444,470,5467979,SESSION_005,0,1,1209,0,28.68,58.32,1006.26,43.3,1,LOW
2026-09-13T13:44:19.013+08:00,RUN_20260913_121444,471,5468984,SESSION_005,0,1,1084,0,28.68,58.34,1006.26,43.3,1,LOW
2026-09-13T13:44:20.018+08:00,RUN_20260913_121444,472,5469989,SESSION_005,0,0,836,0,28.68,58.30,1006.26,43.3,1,LOW
2026-09-13T13:44:21.023+08:00,RUN_20260913_121444,473,5470994,SESSION_005,0,0,589,0,28.68,58.29,1006.26,43.3,1,LOW
2026-09-13T13:44:22.028+08:00,RUN_20260913_121444,474,5471999,SESSION_005,0,0,495,0,28.68,58.40,1006.26,43.3,1,LOW
2026-09-13T13:44:23.033+08:00,RUN_20260913_121444,475,5473004,SESSION_005,1,0,406,0,28.68,58.31,1006.27,43.3,1,LOW
2026-09-13T13:44:24.038+08:00,RUN_20260913_121444,476,5474009,SESSION_005,0,1,8190,4,28.68,58.31,1006.27,43.3,1,LOW
2026-09-13T13:44:25.043+08:00,RUN_20260913_121444,477,5475014,SESSION_005,0,1,8190,4,28.68,58.37,1006.26,43.3,1,LOW
2026-09-13T13:44:25.866+08:00,RUN_20260913_121444,478,5475837,SESSION_005,0,0,8190,4,28.68,58.28,1006.26,43.3,1,LOW
2026-09-13T13:44:26.869+08:00,RUN_20260913_121444,479,5476840,SESSION_005,0,0,8190,4,28.68,58.36,1006.26,43.3,1,LOW
2026-09-13T13:44:28.054+08:00,RUN_20260913_121444,480,5478025,SESSION_005,0,1,8190,4,28.68,58.34,1006.26,43.3,1,LOW
2026-09-13T13:44:29.059+08:00,RUN_20260913_121444,481,5479030,SESSION_005,0,1,8190,4,28.68,58.29,1006.26,43.3,1,LOW
2026-09-13T13:44:29.882+08:00,RUN_20260913_121444,482,5479853,SESSION_005,0,0,8190,4,28.68,58.26,1006.26,42.5,1,LOW
2026-09-13T13:44:30.885+08:00,RUN_20260913_121444,483,5480856,SESSION_005,0,0,8190,4,28.68,58.34,1006.26,44.2,1,LOW
2026-09-13T13:44:32.070+08:00,RUN_20260913_121444,484,5482041,SESSION_005,0,1,669,0,28.68,58.26,1006.26,44.2,1,LOW
2026-09-13T13:44:33.075+08:00,RUN_20260913_121444,485,5483046,SESSION_005,0,0,876,0,28.68,58.29,1006.26,44.2,1,LOW
2026-09-13T13:44:34.080+08:00,RUN_20260913_121444,486,5484051,SESSION_005,0,0,8190,4,28.68,58.30,1006.26,44.2,1,LOW
2026-09-13T13:44:34.903+08:00,RUN_20260913_121444,487,5484874,SESSION_005,1,0,8190,4,28.68,58.30,1006.26,44.2,1,LOW
2026-09-13T13:44:36.088+08:00,RUN_20260913_121444,488,5486059,SESSION_005,1,0,8190,4,28.68,58.29,1006.26,44.2,1,LOW
2026-09-13T13:44:36.911+08:00,RUN_20260913_121444,489,5486882,SESSION_005,0,0,8190,4,28.67,58.28,1006.25,44.2,1,LOW
2026-09-13T13:44:37.914+08:00,RUN_20260913_121444,490,5487885,SESSION_005,0,0,8190,4,28.67,58.37,1006.25,44.2,1,LOW
2026-09-13T13:44:38.917+08:00,RUN_20260913_121444,491,5488888,SESSION_005,1,0,8190,4,28.67,58.40,1006.25,44.2,1,LOW
2026-09-13T13:44:39.920+08:00,RUN_20260913_121444,492,5489891,SESSION_005,0,0,8190,4,28.67,58.34,1006.25,43.3,1,LOW
2026-09-13T13:44:41.105+08:00,RUN_20260913_121444,493,5491076,SESSION_005,0,0,8190,4,28.67,58.32,1006.25,44.2,1,LOW
2026-09-13T13:44:41.928+08:00,RUN_20260913_121444,494,5491899,SESSION_005,1,0,8190,4,28.67,58.41,1006.25,44.2,1,LOW
2026-09-13T13:44:42.931+08:00,RUN_20260913_121444,495,5492902,SESSION_005,0,0,8190,4,28.67,58.42,1006.25,44.2,1,LOW
2026-09-13T13:44:43.934+08:00,RUN_20260913_121444,496,5493905,SESSION_005,0,0,8190,4,28.67,58.41,1006.26,44.2,1,LOW
2026-09-13T13:44:45.119+08:00,RUN_20260913_121444,497,5495090,SESSION_005,1,0,8190,4,28.67,58.44,1006.25,44.2,1,LOW
2026-09-13T13:44:46.124+08:00,RUN_20260913_121444,498,5496095,SESSION_005,0,0,8190,4,28.67,58.32,1006.25,44.2,1,LOW
2026-09-13T13:44:47.129+08:00,RUN_20260913_121444,499,5497100,SESSION_005,0,0,8190,4,28.67,58.34,1006.25,44.2,1,LOW
2026-09-13T13:44:47.952+08:00,RUN_20260913_121444,500,5497923,SESSION_005,1,0,8190,4,28.67,58.41,1006.25,44.2,1,LOW
2026-09-13T13:44:48.955+08:00,RUN_20260913_121444,501,5498926,SESSION_005,0,0,8190,4,28.67,58.34,1006.24,44.2,1,LOW
2026-09-13T13:44:49.958+08:00,RUN_20260913_121444,502,5499929,SESSION_005,0,0,8190,4,28.67,58.38,1006.25,44.2,1,LOW
2026-09-13T13:44:51.143+08:00,RUN_20260913_121444,503,5501114,SESSION_005,0,0,8190,4,28.67,58.34,1006.24,44.2,1,LOW
2026-09-13T13:44:51.966+08:00,RUN_20260913_121444,504,5501937,SESSION_005,1,0,8190,4,28.67,58.35,1006.24,44.2,1,LOW
2026-09-13T13:44:52.969+08:00,RUN_20260913_121444,505,5502940,SESSION_005,0,0,8190,4,28.67,58.40,1006.24,44.2,1,LOW
2026-09-13T13:44:54.154+08:00,RUN_20260913_121444,506,5504125,SESSION_005,0,0,8190,4,28.67,58.35,1006.24,44.2,1,LOW
2026-09-13T13:44:54.977+08:00,RUN_20260913_121444,507,5504948,SESSION_005,1,0,8190,4,28.67,58.42,1006.24,44.2,1,LOW
2026-09-13T13:44:56.162+08:00,RUN_20260913_121444,508,5506133,SESSION_005,1,0,8190,4,28.67,58.35,1006.24,44.2,1,LOW
2026-09-13T13:44:56.985+08:00,RUN_20260913_121444,509,5506956,SESSION_005,0,0,8190,4,28.67,58.32,1006.24,44.2,1,LOW
2026-09-13T13:44:58.170+08:00,RUN_20260913_121444,510,5508141,SESSION_005,0,0,8190,4,28.67,58.34,1006.24,44.2,1,LOW
2026-09-13T13:44:58.993+08:00,RUN_20260913_121444,511,5508964,SESSION_005,1,0,8190,4,28.67,58.37,1006.24,44.2,1,LOW
2026-09-13T13:44:59.996+08:00,RUN_20260913_121444,512,5509967,SESSION_005,1,0,8190,4,28.67,58.36,1006.24,44.2,1,LOW
2026-09-13T13:45:00.999+08:00,RUN_20260913_121444,513,5510970,SESSION_005,0,0,8190,4,28.67,58.36,1006.23,44.2,1,LOW
2026-09-13T13:45:02.002+08:00,RUN_20260913_121444,514,5511973,SESSION_005,0,0,8190,4,28.67,58.44,1006.23,44.2,1,LOW
2026-09-13T13:45:03.187+08:00,RUN_20260913_121444,515,5513158,SESSION_005,1,0,8190,4,28.67,58.37,1006.23,44.2,1,LOW
2026-09-13T13:45:04.192+08:00,RUN_20260913_121444,516,5514163,SESSION_005,0,0,8190,4,28.67,58.37,1006.23,44.2,1,LOW
2026-09-13T13:45:05.015+08:00,RUN_20260913_121444,517,5514986,SESSION_005,0,0,8190,4,28.67,58.41,1006.23,44.2,1,LOW
2026-09-13T13:45:06.018+08:00,RUN_20260913_121444,518,5515989,SESSION_005,1,0,8190,4,28.67,58.37,1006.23,44.2,1,LOW
2026-09-13T13:45:07.021+08:00,RUN_20260913_121444,519,5516992,SESSION_005,0,0,8190,4,28.67,58.48,1006.22,44.2,1,LOW
2026-09-13T13:45:08.024+08:00,RUN_20260913_121444,520,5517995,SESSION_005,0,0,8190,4,28.67,58.44,1006.22,44.2,1,LOW
2026-09-13T13:45:09.027+08:00,RUN_20260913_121444,521,5518998,SESSION_005,1,0,8190,4,28.67,58.47,1006.22,44.2,1,LOW
2026-09-13T13:45:10.212+08:00,RUN_20260913_121444,522,5520183,SESSION_005,0,0,8190,4,28.67,58.48,1006.22,43.3,1,LOW
2026-09-13T13:45:11.035+08:00,RUN_20260913_121444,523,5521006,SESSION_005,0,0,8190,4,28.67,58.38,1006.22,43.3,1,LOW
2026-09-13T13:45:12.038+08:00,RUN_20260913_121444,524,5522009,SESSION_005,0,0,8190,4,28.67,58.36,1006.22,43.3,1,LOW
2026-09-13T13:45:13.041+08:00,RUN_20260913_121444,525,5523012,SESSION_005,1,0,8190,4,28.67,58.44,1006.22,43.3,1,LOW
2026-09-13T13:45:14.044+08:00,RUN_20260913_121444,526,5524015,SESSION_005,1,0,8190,4,28.67,58.35,1006.21,43.3,1,LOW
2026-09-13T13:45:15.047+08:00,RUN_20260913_121444,527,5525018,SESSION_005,0,0,8190,4,28.67,58.38,1006.21,44.2,1,LOW
2026-09-13T13:45:16.232+08:00,RUN_20260913_121444,528,5526203,SESSION_005,0,0,8190,4,28.67,58.41,1006.21,43.3,1,LOW
2026-09-13T13:45:17.055+08:00,RUN_20260913_121444,529,5527026,SESSION_005,1,0,8190,4,28.67,58.40,1006.21,43.3,1,LOW
2026-09-13T13:45:18.058+08:00,RUN_20260913_121444,530,5528029,SESSION_005,1,0,8190,4,28.67,58.49,1006.21,43.3,1,LOW
2026-09-13T13:45:19.061+08:00,RUN_20260913_121444,531,5529032,SESSION_005,0,0,8190,4,28.67,58.40,1006.21,43.3,1,LOW
2026-09-13T13:45:20.246+08:00,RUN_20260913_121444,532,5530217,SESSION_005,0,0,8190,4,28.67,58.47,1006.21,43.3,1,LOW
2026-09-13T13:45:21.069+08:00,RUN_20260913_121444,533,5531040,SESSION_005,0,0,8190,4,28.67,58.42,1006.21,43.3,1,LOW
2026-09-13T13:45:22.072+08:00,RUN_20260913_121444,534,5532043,SESSION_005,1,0,8190,4,28.67,58.53,1006.21,43.3,1,LOW
2026-09-13T13:45:23.075+08:00,RUN_20260913_121444,535,5533046,SESSION_005,0,0,8190,4,28.68,58.41,1006.21,43.3,1,LOW
2026-09-13T13:45:24.078+08:00,RUN_20260913_121444,536,5534049,SESSION_005,0,0,8190,4,28.68,58.38,1006.21,43.3,1,LOW
2026-09-13T13:45:25.081+08:00,RUN_20260913_121444,537,5535052,SESSION_005,0,0,8190,4,28.68,58.47,1006.21,43.3,1,LOW
2026-09-13T13:45:26.084+08:00,RUN_20260913_121444,538,5536055,SESSION_005,0,0,8190,4,28.68,58.35,1006.21,43.3,1,LOW
2026-09-13T13:45:27.087+08:00,RUN_20260913_121444,539,5537058,SESSION_005,0,0,8190,4,28.68,58.38,1006.21,43.3,1,LOW
2026-09-13T13:45:28.272+08:00,RUN_20260913_121444,540,5538243,SESSION_005,1,0,8190,4,28.67,58.43,1006.20,43.3,1,LOW
2026-09-13T13:45:29.095+08:00,RUN_20260913_121444,541,5539066,SESSION_005,0,0,8190,4,28.68,58.36,1006.21,43.3,1,LOW
2026-09-13T13:45:30.098+08:00,RUN_20260913_121444,542,5540069,SESSION_005,0,0,8190,4,28.67,58.37,1006.20,43.3,1,LOW
2026-09-13T13:45:31.283+08:00,RUN_20260913_121444,543,5541254,SESSION_005,1,0,8190,4,28.67,58.37,1006.20,43.3,1,LOW
2026-09-13T13:45:32.106+08:00,RUN_20260913_121444,544,5542077,SESSION_005,0,0,8190,4,28.67,58.46,1006.20,43.3,1,LOW
2026-09-13T13:45:33.109+08:00,RUN_20260913_121444,545,5543080,SESSION_005,0,0,8190,4,28.67,58.35,1006.20,43.3,1,LOW
2026-09-13T13:45:34.112+08:00,RUN_20260913_121444,546,5544083,SESSION_005,0,0,8190,4,28.67,58.43,1006.20,43.3,1,LOW
2026-09-13T13:45:35.115+08:00,RUN_20260913_121444,547,5545086,SESSION_005,0,0,8190,4,28.67,58.35,1006.20,43.3,1,LOW
2026-09-13T13:45:36.300+08:00,RUN_20260913_121444,548,5546271,SESSION_005,0,0,8190,4,28.67,58.34,1006.20,43.3,1,LOW
2026-09-13T13:45:37.305+08:00,RUN_20260913_121444,549,5547276,SESSION_005,0,0,8190,4,28.67,58.41,1006.20,43.3,1,LOW
2026-09-13T13:45:38.128+08:00,RUN_20260913_121444,550,5548099,SESSION_005,0,0,8190,4,28.67,58.40,1006.20,43.3,1,LOW
2026-09-13T13:45:39.131+08:00,RUN_20260913_121444,551,5549102,SESSION_005,0,0,8190,4,28.67,58.40,1006.20,43.3,1,LOW
2026-09-13T13:45:40.134+08:00,RUN_20260913_121444,552,5550105,SESSION_005,0,0,8190,4,28.67,58.35,1006.20,43.3,1,LOW
2026-09-13T13:45:41.137+08:00,RUN_20260913_121444,553,5551108,SESSION_005,0,0,8190,4,28.67,58.35,1006.20,43.3,1,LOW
2026-09-13T13:45:42.140+08:00,RUN_20260913_121444,554,5552111,SESSION_005,1,0,8190,4,28.67,58.34,1006.20,43.3,1,LOW
2026-09-13T13:45:43.143+08:00,RUN_20260913_121444,555,5553114,SESSION_005,0,0,8190,4,28.67,58.29,1006.20,43.3,1,LOW
2026-09-13T13:45:44.146+08:00,RUN_20260913_121444,556,5554117,SESSION_005,0,0,8190,4,28.67,58.25,1006.20,43.3,1,LOW
2026-09-13T13:45:45.149+08:00,RUN_20260913_121444,557,5555120,SESSION_005,0,0,8190,4,28.67,58.25,1006.21,43.3,1,LOW
2026-09-13T13:45:46.152+08:00,RUN_20260913_121444,558,5556123,SESSION_005,1,0,8190,4,28.67,58.24,1006.21,43.3,1,LOW
2026-09-13T13:45:47.155+08:00,RUN_20260913_121444,559,5557126,SESSION_005,1,0,8190,4,28.67,58.31,1006.21,43.3,1,LOW
2026-09-13T13:45:48.340+08:00,RUN_20260913_121444,560,5558311,SESSION_005,0,0,8190,4,28.67,58.26,1006.21,43.3,1,LOW
2026-09-13T13:45:49.345+08:00,RUN_20260913_121444,561,5559316,SESSION_005,0,0,8190,4,28.67,58.34,1006.21,43.3,1,LOW
2026-09-13T13:45:50.350+08:00,RUN_20260913_121444,562,5560321,SESSION_005,1,0,8190,4,28.67,58.26,1006.21,43.3,1,LOW
2026-09-13T13:45:51.173+08:00,RUN_20260913_121444,563,5561144,SESSION_005,0,0,8190,4,28.67,58.30,1006.21,43.3,1,LOW
2026-09-13T13:45:52.176+08:00,RUN_20260913_121444,564,5562147,SESSION_005,0,0,8190,4,28.67,58.36,1006.21,43.3,1,LOW
2026-09-13T13:45:53.179+08:00,RUN_20260913_121444,565,5563150,SESSION_005,1,0,8190,4,28.67,58.22,1006.21,43.3,1,LOW
2026-09-13T13:45:54.182+08:00,RUN_20260913_121444,566,5564153,SESSION_005,1,0,8190,4,28.67,58.24,1006.21,43.3,1,LOW
2026-09-13T13:45:55.185+08:00,RUN_20260913_121444,567,5565156,SESSION_005,0,0,8190,4,28.67,58.24,1006.21,43.3,1,LOW
2026-09-13T13:45:56.370+08:00,RUN_20260913_121444,568,5566341,SESSION_005,0,0,499,0,28.67,58.32,1006.21,43.3,1,LOW
2026-09-13T13:45:57.193+08:00,RUN_20260913_121444,569,5567164,SESSION_005,1,1,8190,4,28.67,58.25,1006.21,43.3,1,LOW
2026-09-13T13:45:58.378+08:00,RUN_20260913_121444,570,5568349,SESSION_005,0,1,8190,4,28.67,58.26,1006.21,43.3,1,LOW
2026-09-13T13:45:59.201+08:00,RUN_20260913_121444,571,5569172,SESSION_005,0,1,8190,4,28.67,58.25,1006.21,43.3,1,LOW
2026-09-13T13:46:00.386+08:00,RUN_20260913_121444,572,5570357,SESSION_005,0,1,8190,4,28.67,58.19,1006.21,43.3,1,LOW
2026-09-13T13:46:01.209+08:00,RUN_20260913_121444,573,5571180,SESSION_005,0,0,8190,4,28.67,58.24,1006.21,43.3,1,LOW
2026-09-13T13:46:02.212+08:00,RUN_20260913_121444,574,5572183,SESSION_005,0,0,8190,4,28.67,58.28,1006.21,43.3,1,LOW
2026-09-13T13:46:03.215+08:00,RUN_20260913_121444,575,5573186,SESSION_005,0,0,8190,4,28.67,58.23,1006.21,43.3,1,LOW
2026-09-13T13:46:04.218+08:00,RUN_20260913_121444,576,5574189,SESSION_005,0,1,8190,4,28.67,58.25,1006.21,43.3,1,LOW
2026-09-13T13:46:05.221+08:00,RUN_20260913_121444,577,5575192,SESSION_005,0,1,8190,4,28.67,58.25,1006.21,43.3,1,LOW
2026-09-13T13:46:06.406+08:00,RUN_20260913_121444,578,5576377,SESSION_005,0,0,8190,4,28.67,58.22,1006.21,43.3,1,LOW
2026-09-13T13:46:07.411+08:00,RUN_20260913_121444,579,5577382,SESSION_005,0,0,8190,4,28.67,58.23,1006.21,43.3,1,LOW
2026-09-13T13:46:08.234+08:00,RUN_20260913_121444,580,5578205,SESSION_005,0,0,8190,4,28.67,58.21,1006.21,43.3,1,LOW
2026-09-13T13:46:09.237+08:00,RUN_20260913_121444,581,5579208,SESSION_005,0,0,8190,4,28.67,58.19,1006.21,43.3,1,LOW
2026-09-13T13:46:10.240+08:00,RUN_20260913_121444,582,5580211,SESSION_005,0,0,8190,4,28.67,58.23,1006.21,43.3,1,LOW
2026-09-13T13:46:11.243+08:00,RUN_20260913_121444,583,5581214,SESSION_005,0,0,8190,4,28.67,58.25,1006.21,43.3,1,LOW
2026-09-13T13:46:12.428+08:00,RUN_20260913_121444,584,5582399,SESSION_005,0,0,8190,4,28.67,58.22,1006.21,43.3,1,LOW
2026-09-13T13:46:13.251+08:00,RUN_20260913_121444,585,5583222,SESSION_005,0,0,8190,4,28.67,58.24,1006.21,43.3,1,LOW
2026-09-13T13:46:14.254+08:00,RUN_20260913_121444,586,5584225,SESSION_005,0,0,8190,4,28.67,58.24,1006.21,43.3,1,LOW
2026-09-13T13:46:15.257+08:00,RUN_20260913_121444,587,5585228,SESSION_005,0,0,8190,4,28.67,58.23,1006.21,43.3,1,LOW
2026-09-13T13:46:16.260+08:00,RUN_20260913_121444,588,5586231,SESSION_005,0,0,8190,4,28.67,58.34,1006.21,43.3,1,LOW
2026-09-13T13:46:17.263+08:00,RUN_20260913_121444,589,5587234,SESSION_005,0,0,8190,4,28.67,58.25,1006.21,43.3,1,LOW
2026-09-13T13:46:18.266+08:00,RUN_20260913_121444,590,5588237,SESSION_005,0,0,8190,4,28.67,58.35,1006.21,43.3,1,LOW
2026-09-13T13:46:19.269+08:00,RUN_20260913_121444,591,5589240,SESSION_005,0,0,8190,4,28.67,58.36,1006.21,43.3,1,LOW
2026-09-13T13:46:20.454+08:00,RUN_20260913_121444,592,5590425,SESSION_005,0,0,8190,4,28.67,58.30,1006.21,43.3,1,LOW
2026-09-13T13:46:21.277+08:00,RUN_20260913_121444,593,5591248,SESSION_005,0,0,8190,4,28.67,58.32,1006.21,43.3,1,LOW
2026-09-13T13:46:22.280+08:00,RUN_20260913_121444,594,5592251,SESSION_005,0,0,8190,4,28.68,58.31,1006.21,43.3,1,LOW
2026-09-13T13:46:23.283+08:00,RUN_20260913_121444,595,5593254,SESSION_005,0,0,8190,4,28.68,58.30,1006.21,43.3,1,LOW
2026-09-13T13:46:24.286+08:00,RUN_20260913_121444,596,5594257,SESSION_005,0,0,8190,4,28.68,58.35,1006.21,43.3,1,LOW
2026-09-13T13:46:25.471+08:00,RUN_20260913_121444,597,5595442,SESSION_005,0,0,8190,4,28.68,58.25,1006.20,43.3,1,LOW
2026-09-13T13:46:26.294+08:00,RUN_20260913_121444,598,5596265,SESSION_005,0,0,8190,4,28.68,58.18,1006.20,43.3,1,LOW
2026-09-13T13:46:27.297+08:00,RUN_20260913_121444,599,5597268,SESSION_005,0,0,8190,4,28.68,58.23,1006.20,43.3,1,LOW
2026-09-13T13:46:28.300+08:00,RUN_20260913_121444,600,5598271,SESSION_005,0,0,8190,4,28.68,58.18,1006.20,43.3,1,LOW
2026-09-13T13:46:29.303+08:00,RUN_20260913_121444,601,5599274,SESSION_005,0,0,8190,4,28.68,58.19,1006.20,43.3,1,LOW
2026-09-13T13:46:30.306+08:00,RUN_20260913_121444,602,5600277,SESSION_005,0,0,8190,4,28.68,58.17,1006.20,43.3,1,LOW
2026-09-13T13:46:31.309+08:00,RUN_20260913_121444,603,5601280,SESSION_005,0,0,8190,4,28.68,58.12,1006.20,43.3,1,LOW
2026-09-13T13:46:32.312+08:00,RUN_20260913_121444,604,5602283,SESSION_005,0,1,8190,4,28.68,58.09,1006.20,43.3,1,LOW
2026-09-13T13:46:33.497+08:00,RUN_20260913_121444,605,5603468,SESSION_005,0,1,8190,4,28.68,58.19,1006.20,42.5,1,LOW
2026-09-13T13:46:34.502+08:00,RUN_20260913_121444,606,5604473,SESSION_005,0,1,8190,4,28.68,58.10,1006.20,43.3,1,LOW
2026-09-13T13:46:35.507+08:00,RUN_20260913_121444,607,5605478,SESSION_005,0,0,360,0,28.68,58.08,1006.20,43.3,1,LOW
2026-09-13T13:46:36.330+08:00,RUN_20260913_121444,608,5606301,SESSION_005,1,0,8190,4,28.68,58.02,1006.20,43.3,1,LOW
2026-09-13T13:46:37.333+08:00,RUN_20260913_121444,609,5607304,SESSION_005,1,0,8190,4,28.68,58.02,1006.20,43.3,1,LOW
2026-09-13T13:46:38.518+08:00,RUN_20260913_121444,610,5608489,SESSION_005,1,0,8190,4,28.68,58.02,1006.20,43.3,1,LOW
2026-09-13T13:46:39.341+08:00,RUN_20260913_121444,611,5609312,SESSION_005,0,0,8190,4,28.68,57.99,1006.20,43.3,1,LOW
2026-09-13T13:46:40.344+08:00,RUN_20260913_121444,612,5610315,SESSION_005,0,0,8190,4,28.68,57.98,1006.20,43.3,1,LOW
2026-09-13T13:46:41.347+08:00,RUN_20260913_121444,613,5611318,SESSION_005,1,0,8190,4,28.68,58.08,1006.20,43.3,1,LOW
2026-09-13T13:46:42.350+08:00,RUN_20260913_121444,614,5612321,SESSION_005,1,0,8190,4,28.68,57.98,1006.20,43.3,1,LOW
2026-09-13T13:46:43.353+08:00,RUN_20260913_121444,615,5613324,SESSION_005,1,0,8190,4,28.68,57.99,1006.20,43.3,1,LOW
2026-09-13T13:46:44.356+08:00,RUN_20260913_121444,616,5614327,SESSION_005,0,0,8190,4,28.68,57.98,1006.20,43.3,1,LOW
2026-09-13T13:46:45.541+08:00,RUN_20260913_121444,617,5615512,SESSION_005,0,0,8190,4,28.68,58.00,1006.20,43.3,1,LOW
2026-09-13T13:46:46.364+08:00,RUN_20260913_121444,618,5616335,SESSION_005,1,0,8190,4,28.68,57.99,1006.20,43.3,1,LOW
2026-09-13T13:46:47.367+08:00,RUN_20260913_121444,619,5617338,SESSION_005,0,0,8190,4,28.67,57.90,1006.20,43.3,1,LOW
2026-09-13T13:46:48.552+08:00,RUN_20260913_121444,620,5618523,SESSION_005,0,0,8190,4,28.67,57.87,1006.20,43.3,1,LOW
2026-09-13T13:46:49.375+08:00,RUN_20260913_121444,621,5619346,SESSION_005,0,0,8190,4,28.67,57.96,1006.20,43.3,1,LOW
2026-09-13T13:46:50.378+08:00,RUN_20260913_121444,622,5620349,SESSION_005,1,0,8190,4,28.67,57.85,1006.20,43.3,1,LOW
2026-09-13T13:46:51.381+08:00,RUN_20260913_121444,623,5621352,SESSION_005,1,0,8190,4,28.67,57.93,1006.20,43.3,1,LOW
2026-09-13T13:46:52.384+08:00,RUN_20260913_121444,624,5622355,SESSION_005,0,0,8190,4,28.67,57.94,1006.21,43.3,1,LOW
2026-09-13T13:46:53.387+08:00,RUN_20260913_121444,625,5623358,SESSION_005,0,0,8190,4,28.67,57.97,1006.21,43.3,1,LOW
2026-09-13T13:46:54.390+08:00,RUN_20260913_121444,626,5624361,SESSION_005,1,0,8190,4,28.67,57.93,1006.21,43.3,1,LOW
2026-09-13T13:46:55.575+08:00,RUN_20260913_121444,627,5625546,SESSION_005,1,0,36,0,28.67,58.02,1006.20,41.7,1,LOW
2026-09-13T13:46:56.580+08:00,RUN_20260913_121444,628,5626551,SESSION_005,0,0,31,0,28.67,58.17,1006.20,41.7,1,LOW
2026-09-13T13:46:57.585+08:00,RUN_20260913_121444,629,5627556,SESSION_005,0,0,34,0,28.67,59.38,1006.20,41.7,1,LOW
2026-09-13T14:24:53.082+08:00,RUN_20260913_121444,1,7903053,SESSION_006,1,0,31,0,31.93,64.76,1005.79,40.0,1,LOW
2026-09-13T14:24:54.087+08:00,RUN_20260913_121444,2,7904058,SESSION_006,0,0,8190,4,31.94,65.75,1005.79,40.8,1,LOW
2026-09-13T14:24:55.092+08:00,RUN_20260913_121444,3,7905063,SESSION_006,0,0,8190,4,31.94,66.41,1005.80,42.5,1,LOW
2026-09-13T14:24:56.097+08:00,RUN_20260913_121444,4,7906068,SESSION_006,1,0,423,0,31.94,65.95,1005.79,42.5,1,LOW
2026-09-13T14:24:57.102+08:00,RUN_20260913_121444,5,7907073,SESSION_006,1,0,8190,4,31.94,65.22,1005.80,41.7,1,LOW
2026-09-13T14:24:57.925+08:00,RUN_20260913_121444,6,7907896,SESSION_006,0,0,8190,4,31.94,64.66,1005.79,42.5,1,LOW
2026-09-13T14:24:58.928+08:00,RUN_20260913_121444,7,7908899,SESSION_006,1,0,8190,4,31.94,64.05,1005.80,42.5,1,LOW
2026-09-13T14:24:59.931+08:00,RUN_20260913_121444,8,7909902,SESSION_006,1,0,8190,4,31.94,63.70,1005.79,42.5,1,LOW
2026-09-13T14:25:00.934+08:00,RUN_20260913_121444,9,7910905,SESSION_006,1,0,8190,4,31.94,63.52,1005.79,42.5,1,LOW
2026-09-13T14:25:01.937+08:00,RUN_20260913_121444,10,7911908,SESSION_006,1,0,8190,4,31.95,63.40,1005.80,43.3,1,LOW
2026-09-13T14:25:02.940+08:00,RUN_20260913_121444,11,7912911,SESSION_006,1,0,8190,4,31.95,63.29,1005.80,43.3,1,LOW
2026-09-13T14:25:03.943+08:00,RUN_20260913_121444,12,7913914,SESSION_006,0,0,8190,4,31.95,63.25,1005.79,43.3,1,LOW
2026-09-13T14:25:04.946+08:00,RUN_20260913_121444,13,7914917,SESSION_006,0,0,8190,4,31.95,63.22,1005.80,43.3,1,LOW
2026-09-13T14:25:05.949+08:00,RUN_20260913_121444,14,7915920,SESSION_006,1,0,8190,4,31.95,63.17,1005.80,43.3,1,LOW
2026-09-13T14:25:06.952+08:00,RUN_20260913_121444,15,7916923,SESSION_006,0,0,8190,4,31.95,63.08,1005.80,43.3,1,LOW
2026-09-13T14:25:07.955+08:00,RUN_20260913_121444,16,7917926,SESSION_006,0,0,8190,4,31.95,63.03,1005.80,43.3,1,LOW
2026-09-13T14:25:09.140+08:00,RUN_20260913_121444,17,7919111,SESSION_006,1,0,8190,4,31.95,63.09,1005.80,42.5,1,LOW
2026-09-13T14:25:09.963+08:00,RUN_20260913_121444,18,7919934,SESSION_006,0,0,8190,4,31.95,62.97,1005.80,43.3,1,LOW
2026-09-13T14:25:10.966+08:00,RUN_20260913_121444,19,7920937,SESSION_006,0,0,8190,4,31.95,62.96,1005.80,43.3,1,LOW
2026-09-13T14:25:11.969+08:00,RUN_20260913_121444,20,7921940,SESSION_006,1,0,8190,4,31.95,62.93,1005.80,43.3,1,LOW
2026-09-13T14:25:12.972+08:00,RUN_20260913_121444,21,7922943,SESSION_006,0,0,8190,4,31.96,62.91,1005.80,43.3,1,LOW
2026-09-13T14:25:13.975+08:00,RUN_20260913_121444,22,7923946,SESSION_006,0,0,8190,4,31.96,62.86,1005.80,42.5,1,LOW
2026-09-13T14:25:14.978+08:00,RUN_20260913_121444,23,7924949,SESSION_006,1,0,8190,4,31.96,62.85,1005.80,43.3,1,LOW
2026-09-13T14:25:16.163+08:00,RUN_20260913_121444,24,7926134,SESSION_006,0,0,8190,4,31.96,62.84,1005.80,42.5,1,LOW
2026-09-13T14:25:16.986+08:00,RUN_20260913_121444,25,7926957,SESSION_006,0,0,8190,4,31.96,62.81,1005.80,42.5,1,LOW
2026-09-13T14:25:17.989+08:00,RUN_20260913_121444,26,7927960,SESSION_006,1,0,8190,4,31.96,62.81,1005.80,42.5,1,LOW
2026-09-13T14:25:19.174+08:00,RUN_20260913_121444,27,7929145,SESSION_006,0,0,8190,4,31.96,62.87,1005.79,42.5,1,LOW
2026-09-13T14:25:19.997+08:00,RUN_20260913_121444,28,7929968,SESSION_006,0,0,8190,4,31.96,62.85,1005.79,42.5,1,LOW
2026-09-13T14:25:21.000+08:00,RUN_20260913_121444,29,7930971,SESSION_006,0,0,8190,4,31.96,62.84,1005.79,43.3,1,LOW
2026-09-13T14:25:22.003+08:00,RUN_20260913_121444,30,7931974,SESSION_006,0,0,8190,4,31.96,62.82,1005.79,42.5,1,LOW
2026-09-13T14:25:23.006+08:00,RUN_20260913_121444,31,7932977,SESSION_006,0,0,8190,4,31.96,62.74,1005.79,42.5,1,LOW
2026-09-13T14:25:24.009+08:00,RUN_20260913_121444,32,7933980,SESSION_006,1,0,8190,4,31.96,62.74,1005.79,43.3,1,LOW
2026-09-13T14:25:25.012+08:00,RUN_20260913_121444,33,7934983,SESSION_006,0,0,8190,4,31.96,62.81,1005.79,42.5,1,LOW
2026-09-13T14:25:26.015+08:00,RUN_20260913_121444,34,7935986,SESSION_006,0,0,8190,4,31.96,62.78,1005.79,43.3,1,LOW
2026-09-13T14:25:27.200+08:00,RUN_20260913_121444,35,7937171,SESSION_006,1,0,8190,4,31.96,62.78,1005.79,42.5,1,LOW
2026-09-13T14:25:28.023+08:00,RUN_20260913_121444,36,7937994,SESSION_006,0,0,8190,4,31.96,62.78,1005.79,42.5,1,LOW
2026-09-13T14:25:29.026+08:00,RUN_20260913_121444,37,7938997,SESSION_006,0,0,8190,4,31.96,62.67,1005.79,42.5,1,LOW
2026-09-13T14:25:30.211+08:00,RUN_20260913_121444,38,7940182,SESSION_006,0,0,8190,4,31.96,62.74,1005.79,42.5,1,LOW
2026-09-13T14:25:31.034+08:00,RUN_20260913_121444,39,7941005,SESSION_006,1,0,8190,4,31.96,62.74,1005.79,42.5,1,LOW
2026-09-13T14:25:32.219+08:00,RUN_20260913_121444,40,7942190,SESSION_006,0,0,8190,4,31.96,62.68,1005.79,42.5,1,LOW
2026-09-13T14:25:33.042+08:00,RUN_20260913_121444,41,7943013,SESSION_006,0,0,8190,4,31.96,62.74,1005.79,42.5,1,LOW
2026-09-13T14:25:34.045+08:00,RUN_20260913_121444,42,7944016,SESSION_006,0,0,8190,4,31.96,62.63,1005.79,43.3,1,LOW
2026-09-13T14:25:35.048+08:00,RUN_20260913_121444,43,7945019,SESSION_006,0,0,8190,4,31.96,62.65,1005.79,42.5,1,LOW
2026-09-13T14:25:36.051+08:00,RUN_20260913_121444,44,7946022,SESSION_006,0,0,8190,4,31.96,62.65,1005.78,42.5,1,LOW
2026-09-13T14:25:37.054+08:00,RUN_20260913_121444,45,7947025,SESSION_006,0,0,8190,4,31.97,62.63,1005.79,42.5,1,LOW
2026-09-13T14:25:38.057+08:00,RUN_20260913_121444,46,7948028,SESSION_006,0,0,8190,4,31.97,62.61,1005.79,42.5,1,LOW
2026-09-13T14:25:39.060+08:00,RUN_20260913_121444,47,7949031,SESSION_006,0,0,8190,4,31.97,62.60,1005.78,42.5,1,LOW
2026-09-13T14:25:40.063+08:00,RUN_20260913_121444,48,7950034,SESSION_006,0,0,8190,4,31.97,62.67,1005.78,42.5,1,LOW
2026-09-13T14:25:41.248+08:00,RUN_20260913_121444,49,7951219,SESSION_006,0,0,8190,4,31.97,62.69,1005.78,42.5,1,LOW
2026-09-13T14:25:42.071+08:00,RUN_20260913_121444,50,7952042,SESSION_006,0,0,8190,4,31.97,62.69,1005.78,43.3,1,LOW
2026-09-13T14:25:43.074+08:00,RUN_20260913_121444,51,7953045,SESSION_006,0,0,8190,4,31.97,62.61,1005.78,42.5,1,LOW
2026-09-13T14:25:44.077+08:00,RUN_20260913_121444,52,7954048,SESSION_006,0,0,8190,4,31.97,62.61,1005.78,42.5,1,LOW
2026-09-13T14:25:45.080+08:00,RUN_20260913_121444,53,7955051,SESSION_006,0,0,8190,4,31.97,62.69,1005.78,42.5,1,LOW
2026-09-13T14:25:46.083+08:00,RUN_20260913_121444,54,7956054,SESSION_006,0,0,8190,4,31.97,62.60,1005.78,42.5,1,LOW
2026-09-13T14:25:47.086+08:00,RUN_20260913_121444,55,7957057,SESSION_006,0,0,8190,4,31.97,62.66,1005.79,42.5,1,LOW
2026-09-13T14:25:48.089+08:00,RUN_20260913_121444,56,7958060,SESSION_006,0,0,8190,4,31.97,62.65,1005.79,42.5,1,LOW
2026-09-13T14:25:49.274+08:00,RUN_20260913_121444,57,7959245,SESSION_006,1,0,8190,4,31.97,62.65,1005.79,42.5,1,LOW
2026-09-13T14:25:50.097+08:00,RUN_20260913_121444,58,7960068,SESSION_006,0,0,8190,4,31.97,62.63,1005.79,42.5,1,LOW
2026-09-13T14:25:51.282+08:00,RUN_20260913_121444,59,7961253,SESSION_006,0,0,8190,4,31.97,62.59,1005.78,42.5,1,LOW
2026-09-13T14:25:52.105+08:00,RUN_20260913_121444,60,7962076,SESSION_006,1,0,8190,4,31.97,62.59,1005.78,42.5,1,LOW
2026-09-13T14:25:53.108+08:00,RUN_20260913_121444,61,7963079,SESSION_006,0,0,8190,4,31.97,62.59,1005.78,42.5,1,LOW
2026-09-13T14:25:54.111+08:00,RUN_20260913_121444,62,7964082,SESSION_006,0,0,8190,4,31.97,62.68,1005.78,42.5,1,LOW
2026-09-13T14:25:55.296+08:00,RUN_20260913_121444,63,7965267,SESSION_006,0,0,8190,4,31.97,62.67,1005.78,42.5,1,LOW
2026-09-13T14:25:56.119+08:00,RUN_20260913_121444,64,7966090,SESSION_006,0,0,8190,4,31.97,62.66,1005.78,42.5,1,LOW
2026-09-13T14:25:57.122+08:00,RUN_20260913_121444,65,7967093,SESSION_006,0,0,8190,4,31.97,62.66,1005.78,42.5,1,LOW
2026-09-13T14:25:58.307+08:00,RUN_20260913_121444,66,7968278,SESSION_006,1,0,8190,4,31.97,62.58,1005.78,42.5,1,LOW
2026-09-13T14:25:59.130+08:00,RUN_20260913_121444,67,7969101,SESSION_006,0,0,8190,4,31.97,62.56,1005.78,42.5,1,LOW
2026-09-13T14:26:00.133+08:00,RUN_20260913_121444,68,7970104,SESSION_006,0,0,8190,4,31.97,62.60,1005.78,42.5,1,LOW
2026-09-13T14:26:01.318+08:00,RUN_20260913_121444,69,7971289,SESSION_006,0,0,8190,4,31.97,62.63,1005.78,42.5,1,LOW
2026-09-13T14:26:02.323+08:00,RUN_20260913_121444,70,7972294,SESSION_006,0,0,8190,4,31.97,62.58,1005.78,42.5,1,LOW
2026-09-13T14:26:03.146+08:00,RUN_20260913_121444,71,7973117,SESSION_006,0,0,8190,4,31.97,62.56,1005.78,42.5,1,LOW
2026-09-13T14:26:04.149+08:00,RUN_20260913_121444,72,7974120,SESSION_006,0,0,8190,4,31.97,62.58,1005.78,42.5,1,LOW
2026-09-13T14:26:05.152+08:00,RUN_20260913_121444,73,7975123,SESSION_006,0,0,8190,4,31.97,62.54,1005.78,42.5,1,LOW
2026-09-13T14:26:06.155+08:00,RUN_20260913_121444,74,7976126,SESSION_006,0,0,8190,4,31.97,62.63,1005.77,42.5,1,LOW
2026-09-13T14:26:07.158+08:00,RUN_20260913_121444,75,7977129,SESSION_006,0,0,8190,4,31.97,62.50,1005.77,42.5,1,LOW
2026-09-13T14:26:08.161+08:00,RUN_20260913_121444,76,7978132,SESSION_006,0,0,8190,4,31.97,62.52,1005.77,42.5,1,LOW
2026-09-13T14:26:09.164+08:00,RUN_20260913_121444,77,7979135,SESSION_006,0,0,8190,4,31.97,62.62,1005.77,42.5,1,LOW
2026-09-13T14:26:10.349+08:00,RUN_20260913_121444,78,7980320,SESSION_006,0,0,8190,4,31.97,62.52,1005.77,42.5,1,LOW
2026-09-13T14:26:11.354+08:00,RUN_20260913_121444,79,7981325,SESSION_006,1,0,8190,4,31.97,62.54,1005.77,42.5,1,LOW
2026-09-13T14:26:12.177+08:00,RUN_20260913_121444,80,7982148,SESSION_006,0,0,8190,4,31.97,62.53,1005.77,42.5,1,LOW
2026-09-13T14:26:13.180+08:00,RUN_20260913_121444,81,7983151,SESSION_006,0,0,8190,4,31.97,62.63,1005.77,42.5,1,LOW
2026-09-13T14:26:14.183+08:00,RUN_20260913_121444,82,7984154,SESSION_006,0,0,8190,4,31.97,62.54,1005.77,42.5,1,LOW
2026-09-13T14:26:15.368+08:00,RUN_20260913_121444,83,7985339,SESSION_006,1,0,8190,4,31.97,62.54,1005.77,42.5,1,LOW
2026-09-13T14:26:16.373+08:00,RUN_20260913_121444,84,7986344,SESSION_006,0,0,8190,4,31.97,62.53,1005.77,42.5,1,LOW
2026-09-13T14:26:17.196+08:00,RUN_20260913_121444,85,7987167,SESSION_006,0,0,8190,4,31.97,62.53,1005.76,42.5,1,LOW
2026-09-13T14:26:18.199+08:00,RUN_20260913_121444,86,7988170,SESSION_006,1,0,8190,4,31.97,62.60,1005.76,42.5,1,LOW
2026-09-13T14:26:19.384+08:00,RUN_20260913_121444,87,7989355,SESSION_006,0,0,8190,4,31.97,62.52,1005.76,42.5,1,LOW
2026-09-13T14:26:20.207+08:00,RUN_20260913_121444,88,7990178,SESSION_006,0,0,8190,4,31.97,62.59,1005.76,42.5,1,LOW
2026-09-13T14:26:21.210+08:00,RUN_20260913_121444,89,7991181,SESSION_006,0,0,8190,4,31.97,62.61,1005.76,42.5,1,LOW
2026-09-13T14:26:22.213+08:00,RUN_20260913_121444,90,7992184,SESSION_006,0,0,8190,4,31.97,62.54,1005.76,42.5,1,LOW
2026-09-13T14:26:23.398+08:00,RUN_20260913_121444,91,7993369,SESSION_006,0,0,8190,4,31.97,62.62,1005.76,42.5,1,LOW
2026-09-13T14:26:24.221+08:00,RUN_20260913_121444,92,7994192,SESSION_006,0,0,8190,4,31.97,62.53,1005.76,42.5,1,LOW
2026-09-13T14:26:25.224+08:00,RUN_20260913_121444,93,7995195,SESSION_006,0,0,8190,4,31.97,62.52,1005.76,42.5,1,LOW
2026-09-13T14:26:26.227+08:00,RUN_20260913_121444,94,7996198,SESSION_006,0,0,8190,4,31.97,62.60,1005.76,42.5,1,LOW
2026-09-13T14:26:27.230+08:00,RUN_20260913_121444,95,7997201,SESSION_006,0,0,8190,4,31.97,62.50,1005.76,42.5,1,LOW
2026-09-13T14:26:28.233+08:00,RUN_20260913_121444,96,7998204,SESSION_006,0,0,8190,4,31.97,62.60,1005.76,42.5,1,LOW
2026-09-13T14:26:29.236+08:00,RUN_20260913_121444,97,7999207,SESSION_006,1,0,8190,4,31.97,62.56,1005.76,42.5,1,LOW
2026-09-13T14:26:30.239+08:00,RUN_20260913_121444,98,8000210,SESSION_006,0,0,8190,4,31.97,62.50,1005.76,42.5,1,LOW
2026-09-13T14:26:31.242+08:00,RUN_20260913_121444,99,8001213,SESSION_006,0,0,8190,4,31.97,62.53,1005.76,42.5,1,LOW
2026-09-13T14:26:32.245+08:00,RUN_20260913_121444,100,8002216,SESSION_006,1,0,8190,4,31.97,62.50,1005.76,42.5,1,LOW
2026-09-13T14:26:33.248+08:00,RUN_20260913_121444,101,8003219,SESSION_006,0,0,8190,4,31.97,62.49,1005.77,42.5,1,LOW
2026-09-13T14:26:34.433+08:00,RUN_20260913_121444,102,8004404,SESSION_006,0,0,8190,4,31.97,62.50,1005.77,42.5,1,LOW
2026-09-13T14:26:35.438+08:00,RUN_20260913_121444,103,8005409,SESSION_006,1,0,8190,4,31.97,62.52,1005.77,42.5,1,LOW
2026-09-13T14:26:36.261+08:00,RUN_20260913_121444,104,8006232,SESSION_006,1,0,8190,4,31.97,62.50,1005.77,42.5,1,LOW
2026-09-13T14:26:37.264+08:00,RUN_20260913_121444,105,8007235,SESSION_006,0,0,8190,4,31.97,62.60,1005.77,42.5,1,LOW
2026-09-13T14:26:38.267+08:00,RUN_20260913_121444,106,8008238,SESSION_006,0,0,8190,4,31.98,62.47,1005.78,42.5,1,LOW
2026-09-13T14:26:39.270+08:00,RUN_20260913_121444,107,8009241,SESSION_006,1,0,8190,4,31.98,62.56,1005.78,42.5,1,LOW
2026-09-13T14:26:40.273+08:00,RUN_20260913_121444,108,8010244,SESSION_006,0,0,8190,4,31.98,62.48,1005.78,42.5,1,LOW
2026-09-13T14:26:41.458+08:00,RUN_20260913_121444,109,8011429,SESSION_006,0,0,8190,4,31.98,62.48,1005.78,42.5,1,LOW
2026-09-13T14:26:42.463+08:00,RUN_20260913_121444,110,8012434,SESSION_006,0,0,8190,4,31.98,62.48,1005.78,42.5,1,LOW
2026-09-13T14:26:43.286+08:00,RUN_20260913_121444,111,8013257,SESSION_006,1,0,8190,4,31.98,62.59,1005.79,42.5,1,LOW
2026-09-13T14:26:44.289+08:00,RUN_20260913_121444,112,8014260,SESSION_006,0,0,8190,4,31.98,62.52,1005.79,42.5,1,LOW
2026-09-13T14:26:45.292+08:00,RUN_20260913_121444,113,8015263,SESSION_006,0,0,8190,4,31.98,62.59,1005.79,42.5,1,LOW
2026-09-13T14:26:46.295+08:00,RUN_20260913_121444,114,8016266,SESSION_006,1,0,8190,4,31.98,62.55,1005.79,42.5,1,LOW
2026-09-13T14:26:47.298+08:00,RUN_20260913_121444,115,8017269,SESSION_006,0,0,8190,4,31.98,62.52,1005.79,42.5,1,LOW
2026-09-13T14:26:48.301+08:00,RUN_20260913_121444,116,8018272,SESSION_006,0,0,8190,4,31.98,62.58,1005.79,42.5,1,LOW
2026-09-13T14:26:49.304+08:00,RUN_20260913_121444,117,8019275,SESSION_006,0,0,8190,4,31.98,62.49,1005.79,42.5,1,LOW
2026-09-13T14:26:50.307+08:00,RUN_20260913_121444,118,8020278,SESSION_006,0,0,8190,4,31.98,62.58,1005.79,42.5,1,LOW
2026-09-13T14:26:51.492+08:00,RUN_20260913_121444,119,8021463,SESSION_006,0,0,8190,4,31.98,62.49,1005.79,42.5,1,LOW
2026-09-13T14:26:52.315+08:00,RUN_20260913_121444,120,8022286,SESSION_006,0,0,8190,4,31.98,62.56,1005.79,42.5,1,LOW
2026-09-13T14:26:53.500+08:00,RUN_20260913_121444,121,8023471,SESSION_006,1,0,8190,4,31.98,62.56,1005.79,42.5,1,LOW
2026-09-13T14:26:54.323+08:00,RUN_20260913_121444,122,8024294,SESSION_006,1,0,8190,4,31.98,62.56,1005.79,42.5,1,LOW
2026-09-13T14:26:55.326+08:00,RUN_20260913_121444,123,8025297,SESSION_006,1,0,8190,4,31.98,62.46,1005.79,42.5,1,LOW
2026-09-13T14:26:56.329+08:00,RUN_20260913_121444,124,8026300,SESSION_006,1,0,8190,4,31.98,62.48,1005.79,42.5,1,LOW
2026-09-13T14:26:57.332+08:00,RUN_20260913_121444,125,8027303,SESSION_006,0,0,8190,4,31.98,62.55,1005.79,42.5,1,LOW
2026-09-13T14:26:58.335+08:00,RUN_20260913_121444,126,8028306,SESSION_006,0,0,8190,4,31.98,62.46,1005.79,42.5,1,LOW
2026-09-13T14:26:59.338+08:00,RUN_20260913_121444,127,8029309,SESSION_006,0,0,8190,4,31.98,62.47,1005.79,42.5,1,LOW
2026-09-13T14:27:00.523+08:00,RUN_20260913_121444,128,8030494,SESSION_006,1,0,8190,4,31.98,62.52,1005.80,42.5,1,LOW
2026-09-13T14:27:01.528+08:00,RUN_20260913_121444,129,8031499,SESSION_006,1,0,8190,4,31.98,62.53,1005.80,42.5,1,LOW
2026-09-13T14:27:02.351+08:00,RUN_20260913_121444,130,8032322,SESSION_006,1,0,8190,4,31.98,62.53,1005.80,42.5,1,LOW
2026-09-13T14:27:03.354+08:00,RUN_20260913_121444,131,8033325,SESSION_006,0,0,8190,4,31.98,62.47,1005.80,42.5,1,LOW
2026-09-13T14:27:04.357+08:00,RUN_20260913_121444,132,8034328,SESSION_006,0,0,8190,4,31.98,62.53,1005.79,42.5,1,LOW
2026-09-13T14:27:05.360+08:00,RUN_20260913_121444,133,8035331,SESSION_006,0,0,8190,4,31.98,62.54,1005.79,42.5,1,LOW
2026-09-13T14:27:06.545+08:00,RUN_20260913_121444,134,8036516,SESSION_006,0,0,8190,4,31.98,62.52,1005.79,42.5,1,LOW
2026-09-13T14:27:07.368+08:00,RUN_20260913_121444,135,8037339,SESSION_006,0,0,8190,4,31.98,62.50,1005.79,42.5,1,LOW
2026-09-13T14:27:08.371+08:00,RUN_20260913_121444,136,8038342,SESSION_006,0,0,8190,4,31.98,62.52,1005.79,42.5,1,LOW
2026-09-13T14:27:09.374+08:00,RUN_20260913_121444,137,8039345,SESSION_006,0,0,8190,4,31.98,62.42,1005.79,42.5,1,LOW
2026-09-13T14:27:10.377+08:00,RUN_20260913_121444,138,8040348,SESSION_006,0,0,8190,4,31.98,62.53,1005.79,42.5,1,LOW
2026-09-13T14:27:11.380+08:00,RUN_20260913_121444,139,8041351,SESSION_006,0,0,8190,4,31.98,62.49,1005.79,42.5,1,LOW
2026-09-13T14:27:12.383+08:00,RUN_20260913_121444,140,8042354,SESSION_006,0,0,8190,4,31.98,62.47,1005.79,42.5,1,LOW
2026-09-13T14:27:13.568+08:00,RUN_20260913_121444,141,8043539,SESSION_006,0,0,8190,4,31.98,62.48,1005.78,42.5,1,LOW
2026-09-13T14:27:14.391+08:00,RUN_20260913_121444,142,8044362,SESSION_006,0,0,8190,4,31.98,62.56,1005.78,42.5,1,LOW
2026-09-13T14:27:15.394+08:00,RUN_20260913_121444,143,8045365,SESSION_006,1,0,8190,4,31.98,62.53,1005.78,42.5,1,LOW
2026-09-13T14:27:16.579+08:00,RUN_20260913_121444,144,8046550,SESSION_006,1,0,8190,4,31.98,62.46,1005.78,42.5,1,LOW
2026-09-13T14:27:17.402+08:00,RUN_20260913_121444,145,8047373,SESSION_006,0,0,8190,4,31.98,62.47,1005.78,42.5,1,LOW
2026-09-13T14:27:18.405+08:00,RUN_20260913_121444,146,8048376,SESSION_006,1,0,8190,4,31.98,62.56,1005.78,42.5,1,LOW
2026-09-13T14:27:19.408+08:00,RUN_20260913_121444,147,8049379,SESSION_006,1,0,8190,4,31.98,62.54,1005.78,42.5,1,LOW
2026-09-13T14:27:20.411+08:00,RUN_20260913_121444,148,8050382,SESSION_006,0,0,8190,4,31.98,62.45,1005.78,42.5,1,LOW
2026-09-13T14:27:21.596+08:00,RUN_20260913_121444,149,8051567,SESSION_006,0,0,8190,4,31.98,62.53,1005.78,42.5,1,LOW
2026-09-13T14:27:22.419+08:00,RUN_20260913_121444,150,8052390,SESSION_006,1,0,8190,4,31.98,62.45,1005.78,42.5,1,LOW
2026-09-13T14:27:23.422+08:00,RUN_20260913_121444,151,8053393,SESSION_006,0,0,8190,4,31.98,62.53,1005.78,42.5,1,LOW
2026-09-13T14:27:24.425+08:00,RUN_20260913_121444,152,8054396,SESSION_006,0,0,8190,4,31.98,62.47,1005.78,42.5,1,LOW
2026-09-13T14:27:25.610+08:00,RUN_20260913_121444,153,8055581,SESSION_006,1,0,8190,4,31.98,62.46,1005.78,42.5,1,LOW
2026-09-13T14:27:26.433+08:00,RUN_20260913_121444,154,8056404,SESSION_006,0,0,8190,4,31.98,62.48,1005.78,42.5,1,LOW
2026-09-13T14:27:27.436+08:00,RUN_20260913_121444,155,8057407,SESSION_006,0,0,8190,4,31.98,62.56,1005.77,42.5,1,LOW
2026-09-13T14:27:28.439+08:00,RUN_20260913_121444,156,8058410,SESSION_006,1,0,8190,4,31.98,62.52,1005.77,42.5,1,LOW
2026-09-13T14:27:29.624+08:00,RUN_20260913_121444,157,8059595,SESSION_006,0,0,8190,4,31.98,62.49,1005.77,42.5,1,LOW
2026-09-13T14:27:30.447+08:00,RUN_20260913_121444,158,8060418,SESSION_006,0,0,8190,4,31.98,62.49,1005.77,42.5,1,LOW
2026-09-13T14:27:31.632+08:00,RUN_20260913_121444,159,8061603,SESSION_006,1,0,8190,4,31.98,62.60,1005.77,42.5,1,LOW
2026-09-13T14:27:32.455+08:00,RUN_20260913_121444,160,8062426,SESSION_006,0,0,8190,4,31.98,62.50,1005.77,42.5,1,LOW
2026-09-13T14:27:33.640+08:00,RUN_20260913_121444,161,8063611,SESSION_006,0,0,8190,4,31.98,62.59,1005.77,42.5,1,LOW
2026-09-13T14:27:34.645+08:00,RUN_20260913_121444,162,8064616,SESSION_006,1,0,8190,4,31.98,62.59,1005.77,42.5,1,LOW
2026-09-13T14:27:35.468+08:00,RUN_20260913_121444,163,8065439,SESSION_006,0,0,8190,4,31.98,62.49,1005.77,42.5,1,LOW
2026-09-13T14:27:36.471+08:00,RUN_20260913_121444,164,8066442,SESSION_006,0,0,8190,4,31.98,62.48,1005.77,42.5,1,LOW
2026-09-13T14:27:37.474+08:00,RUN_20260913_121444,165,8067445,SESSION_006,0,0,8190,4,31.98,62.59,1005.77,42.5,1,LOW
2026-09-13T14:27:38.477+08:00,RUN_20260913_121444,166,8068448,SESSION_006,1,0,8190,4,31.98,62.60,1005.77,42.5,1,LOW
2026-09-13T14:27:39.480+08:00,RUN_20260913_121444,167,8069451,SESSION_006,0,0,8190,4,31.98,62.54,1005.77,42.5,1,LOW
2026-09-13T14:27:40.483+08:00,RUN_20260913_121444,168,8070454,SESSION_006,0,0,8190,4,31.98,62.47,1005.77,42.5,1,LOW
2026-09-13T14:27:41.668+08:00,RUN_20260913_121444,169,8071639,SESSION_006,1,0,8190,4,31.98,62.50,1005.76,42.5,1,LOW
2026-09-13T14:27:42.491+08:00,RUN_20260913_121444,170,8072462,SESSION_006,1,0,8190,4,31.98,62.52,1005.76,42.5,1,LOW
2026-09-13T14:27:43.494+08:00,RUN_20260913_121444,171,8073465,SESSION_006,0,0,8190,4,31.98,62.59,1005.76,42.5,1,LOW
2026-09-13T14:27:44.497+08:00,RUN_20260913_121444,172,8074468,SESSION_006,0,0,8190,4,31.98,62.56,1005.76,42.5,1,LOW
2026-09-13T14:27:45.682+08:00,RUN_20260913_121444,173,8075653,SESSION_006,0,0,8190,4,31.98,62.56,1005.76,42.5,1,LOW
2026-09-13T14:27:46.505+08:00,RUN_20260913_121444,174,8076476,SESSION_006,0,0,8190,4,31.98,62.58,1005.76,42.5,1,LOW
2026-09-13T14:27:47.508+08:00,RUN_20260913_121444,175,8077479,SESSION_006,0,0,8190,4,31.98,62.59,1005.76,42.5,1,LOW
2026-09-13T14:27:48.511+08:00,RUN_20260913_121444,176,8078482,SESSION_006,0,0,8190,4,31.98,62.56,1005.76,42.5,1,LOW
2026-09-13T14:27:49.514+08:00,RUN_20260913_121444,177,8079485,SESSION_006,0,0,8190,4,31.98,62.58,1005.76,42.5,1,LOW
2026-09-13T14:27:50.699+08:00,RUN_20260913_121444,178,8080670,SESSION_006,0,0,8190,4,31.98,62.55,1005.76,42.5,1,LOW
2026-09-13T14:27:51.522+08:00,RUN_20260913_121444,179,8081493,SESSION_006,1,0,8190,4,31.98,62.43,1005.76,42.5,1,LOW
2026-09-13T14:27:52.707+08:00,RUN_20260913_121444,180,8082678,SESSION_006,0,0,8190,4,31.98,62.52,1005.76,42.5,1,LOW
2026-09-13T14:27:53.530+08:00,RUN_20260913_121444,181,8083501,SESSION_006,0,0,8190,4,31.98,62.52,1005.76,42.5,1,LOW
2026-09-13T14:27:54.715+08:00,RUN_20260913_121444,182,8084686,SESSION_006,1,0,8190,4,31.98,62.52,1005.77,42.5,1,LOW
2026-09-13T14:27:55.538+08:00,RUN_20260913_121444,183,8085509,SESSION_006,0,0,8190,4,31.98,62.50,1005.77,42.5,1,LOW
2026-09-13T14:27:56.723+08:00,RUN_20260913_121444,184,8086694,SESSION_006,0,0,8190,4,31.98,62.45,1005.77,42.5,1,LOW
2026-09-13T14:27:57.728+08:00,RUN_20260913_121444,185,8087699,SESSION_006,1,0,8190,4,31.98,62.53,1005.78,42.5,1,LOW
2026-09-13T14:27:58.733+08:00,RUN_20260913_121444,186,8088704,SESSION_006,0,0,8190,4,31.98,62.45,1005.78,42.5,1,LOW
2026-09-13T14:27:59.556+08:00,RUN_20260913_121444,187,8089527,SESSION_006,0,0,8190,4,31.98,62.45,1005.78,42.5,1,LOW
2026-09-13T14:28:00.559+08:00,RUN_20260913_121444,188,8090530,SESSION_006,0,0,8190,4,31.98,62.49,1005.78,42.5,1,LOW
2026-09-13T14:28:01.562+08:00,RUN_20260913_121444,189,8091533,SESSION_006,0,0,8190,4,31.98,62.52,1005.78,42.5,1,LOW
2026-09-13T14:28:02.565+08:00,RUN_20260913_121444,190,8092536,SESSION_006,1,0,8190,4,31.98,62.41,1005.77,42.5,1,LOW
2026-09-13T14:28:03.568+08:00,RUN_20260913_121444,191,8093539,SESSION_006,0,0,8190,4,31.98,62.46,1005.77,42.5,1,LOW
2026-09-13T14:28:04.571+08:00,RUN_20260913_121444,192,8094542,SESSION_006,0,0,8190,4,31.98,62.54,1005.76,42.5,1,LOW
2026-09-13T14:28:05.756+08:00,RUN_20260913_121444,193,8095727,SESSION_006,0,0,8190,4,31.98,62.48,1005.76,42.5,1,LOW
2026-09-13T14:28:06.761+08:00,RUN_20260913_121444,194,8096732,SESSION_006,1,0,8190,4,31.98,62.47,1005.76,42.5,1,LOW
2026-09-13T14:28:07.584+08:00,RUN_20260913_121444,195,8097555,SESSION_006,1,0,8190,4,31.98,62.46,1005.76,42.5,1,LOW
2026-09-13T14:28:08.587+08:00,RUN_20260913_121444,196,8098558,SESSION_006,0,0,8190,4,31.98,62.54,1005.76,42.5,1,LOW
2026-09-13T14:28:09.772+08:00,RUN_20260913_121444,197,8099743,SESSION_006,0,0,8190,4,31.98,62.48,1005.76,42.5,1,LOW
2026-09-13T14:28:10.595+08:00,RUN_20260913_121444,198,8100566,SESSION_006,0,0,8190,4,31.98,62.46,1005.76,42.5,1,LOW
2026-09-13T14:28:11.598+08:00,RUN_20260913_121444,199,8101569,SESSION_006,1,0,8190,4,31.98,62.58,1005.76,42.5,1,LOW
2026-09-13T14:28:12.601+08:00,RUN_20260913_121444,200,8102572,SESSION_006,1,0,8190,4,31.98,62.49,1005.76,42.5,1,LOW
2026-09-13T14:28:13.604+08:00,RUN_20260913_121444,201,8103575,SESSION_006,0,0,8190,4,31.98,62.56,1005.76,42.5,1,LOW
2026-09-13T14:28:14.789+08:00,RUN_20260913_121444,202,8104760,SESSION_006,0,0,8190,4,31.98,62.52,1005.76,42.5,1,LOW
2026-09-13T14:28:15.612+08:00,RUN_20260913_121444,203,8105583,SESSION_006,1,0,8190,4,31.98,62.47,1005.76,42.5,1,LOW
2026-09-13T14:28:16.615+08:00,RUN_20260913_121444,204,8106586,SESSION_006,0,0,8190,4,31.98,62.49,1005.77,42.5,1,LOW
2026-09-13T14:28:17.618+08:00,RUN_20260913_121444,205,8107589,SESSION_006,0,0,8190,4,31.98,62.56,1005.77,42.5,1,LOW
2026-09-13T14:28:18.621+08:00,RUN_20260913_121444,206,8108592,SESSION_006,0,0,8190,4,31.98,62.48,1005.77,42.5,1,LOW
2026-09-13T14:28:19.624+08:00,RUN_20260913_121444,207,8109595,SESSION_006,1,0,8190,4,31.98,62.54,1005.77,42.5,1,LOW
2026-09-13T14:28:20.809+08:00,RUN_20260913_121444,208,8110780,SESSION_006,0,0,8190,4,31.98,62.53,1005.77,42.5,1,LOW
2026-09-13T14:28:21.632+08:00,RUN_20260913_121444,209,8111603,SESSION_006,0,0,8190,4,31.98,62.55,1005.77,42.5,1,LOW
2026-09-13T14:28:22.635+08:00,RUN_20260913_121444,210,8112606,SESSION_006,0,0,8190,4,31.98,62.54,1005.77,42.5,1,LOW
2026-09-13T14:28:23.820+08:00,RUN_20260913_121444,211,8113791,SESSION_006,1,0,8190,4,31.98,62.56,1005.77,42.5,1,LOW
2026-09-13T14:28:24.643+08:00,RUN_20260913_121444,212,8114614,SESSION_006,0,0,8190,4,31.98,62.45,1005.77,42.5,1,LOW
2026-09-13T14:28:25.646+08:00,RUN_20260913_121444,213,8115617,SESSION_006,0,0,8190,4,31.98,62.55,1005.78,42.5,1,LOW
2026-09-13T14:28:26.649+08:00,RUN_20260913_121444,214,8116620,SESSION_006,1,0,8190,4,31.98,62.47,1005.78,42.5,1,LOW
2026-09-13T14:28:27.834+08:00,RUN_20260913_121444,215,8117805,SESSION_006,1,0,8190,4,31.98,62.45,1005.77,42.5,1,LOW
2026-09-13T14:28:28.657+08:00,RUN_20260913_121444,216,8118628,SESSION_006,0,0,8190,4,31.98,62.46,1005.77,42.5,1,LOW
2026-09-13T14:28:29.842+08:00,RUN_20260913_121444,217,8119813,SESSION_006,0,0,8190,4,31.98,62.42,1005.77,42.5,1,LOW
2026-09-13T14:28:30.665+08:00,RUN_20260913_121444,218,8120636,SESSION_006,1,0,8190,4,31.98,62.49,1005.77,42.5,1,LOW
2026-09-13T14:28:31.668+08:00,RUN_20260913_121444,219,8121639,SESSION_006,0,0,8190,4,31.98,62.47,1005.77,42.5,1,LOW
2026-09-13T14:28:32.671+08:00,RUN_20260913_121444,220,8122642,SESSION_006,0,0,8190,4,31.98,62.38,1005.77,42.5,1,LOW
2026-09-13T14:28:33.674+08:00,RUN_20260913_121444,221,8123645,SESSION_006,1,0,8190,4,31.98,62.40,1005.77,42.5,1,LOW
2026-09-13T14:28:34.677+08:00,RUN_20260913_121444,222,8124648,SESSION_006,1,0,8190,4,31.98,62.41,1005.77,42.5,1,LOW
2026-09-13T14:28:35.680+08:00,RUN_20260913_121444,223,8125651,SESSION_006,0,0,8190,4,31.98,62.50,1005.77,42.5,1,LOW
2026-09-13T14:28:36.683+08:00,RUN_20260913_121444,224,8126654,SESSION_006,1,0,8190,4,31.98,62.41,1005.77,42.5,1,LOW
2026-09-13T14:28:37.686+08:00,RUN_20260913_121444,225,8127657,SESSION_006,1,0,8190,4,31.98,62.43,1005.77,42.5,1,LOW
2026-09-13T14:28:38.871+08:00,RUN_20260913_121444,226,8128842,SESSION_006,0,0,8190,4,31.98,62.42,1005.77,42.5,1,LOW
2026-09-13T14:28:39.694+08:00,RUN_20260913_121444,227,8129665,SESSION_006,0,0,8190,4,31.98,62.53,1005.77,42.5,1,LOW
2026-09-13T14:28:40.697+08:00,RUN_20260913_121444,228,8130668,SESSION_006,1,0,8190,4,31.98,62.50,1005.77,42.5,1,LOW
2026-09-13T14:28:41.700+08:00,RUN_20260913_121444,229,8131671,SESSION_006,0,0,8190,4,31.98,62.54,1005.77,42.5,1,LOW
2026-09-13T14:28:42.703+08:00,RUN_20260913_121444,230,8132674,SESSION_006,0,0,8190,4,31.98,62.46,1005.77,42.5,1,LOW
2026-09-13T14:28:43.706+08:00,RUN_20260913_121444,231,8133677,SESSION_006,1,0,8190,4,31.98,62.54,1005.77,42.5,1,LOW
2026-09-13T14:28:44.709+08:00,RUN_20260913_121444,232,8134680,SESSION_006,0,0,8190,4,31.98,62.45,1005.77,42.5,1,LOW
2026-09-13T14:28:45.712+08:00,RUN_20260913_121444,233,8135683,SESSION_006,0,0,8190,4,31.98,62.47,1005.77,42.5,1,LOW
2026-09-13T14:28:46.897+08:00,RUN_20260913_121444,234,8136868,SESSION_006,0,0,8190,4,31.98,62.48,1005.76,42.5,1,LOW
2026-09-13T14:28:47.902+08:00,RUN_20260913_121444,235,8137873,SESSION_006,1,0,8190,4,31.98,62.56,1005.76,42.5,1,LOW
2026-09-13T14:28:48.725+08:00,RUN_20260913_121444,236,8138696,SESSION_006,0,0,8190,4,31.98,62.48,1005.76,42.5,1,LOW
2026-09-13T14:28:49.910+08:00,RUN_20260913_121444,237,8139881,SESSION_006,0,0,8190,4,31.98,62.46,1005.76,42.5,1,LOW
2026-09-13T14:28:50.733+08:00,RUN_20260913_121444,238,8140704,SESSION_006,1,0,8190,4,31.98,62.48,1005.76,42.5,1,LOW
2026-09-13T14:28:51.918+08:00,RUN_20260913_121444,239,8141889,SESSION_006,0,0,8190,4,31.98,62.54,1005.76,42.5,1,LOW
2026-09-13T14:28:52.923+08:00,RUN_20260913_121444,240,8142894,SESSION_006,0,0,8190,4,31.98,62.54,1005.76,42.5,1,LOW
2026-09-13T14:28:53.746+08:00,RUN_20260913_121444,241,8143717,SESSION_006,1,0,8190,4,31.98,62.54,1005.76,42.5,1,LOW
2026-09-13T14:28:54.931+08:00,RUN_20260913_121444,242,8144902,SESSION_006,1,0,8190,4,31.98,62.54,1005.76,41.7,1,LOW
2026-09-13T14:28:55.754+08:00,RUN_20260913_121444,243,8145725,SESSION_006,1,0,8190,4,31.98,62.46,1005.75,42.5,1,LOW
2026-09-13T14:28:56.939+08:00,RUN_20260913_121444,244,8146910,SESSION_006,0,0,582,0,31.98,62.43,1005.76,41.7,1,LOW
2026-09-13T14:28:57.944+08:00,RUN_20260913_121444,245,8147915,SESSION_006,1,1,8190,4,31.98,62.45,1005.75,41.7,1,LOW
2026-09-13T14:28:58.767+08:00,RUN_20260913_121444,246,8148738,SESSION_006,0,1,8190,4,31.98,62.47,1005.75,41.7,1,LOW
2026-09-13T14:28:59.952+08:00,RUN_20260913_121444,247,8149923,SESSION_006,0,1,8190,4,31.98,62.46,1005.75,41.7,1,LOW
2026-09-13T14:29:00.775+08:00,RUN_20260913_121444,248,8150746,SESSION_006,0,0,8190,4,31.98,62.46,1005.75,41.7,1,LOW
2026-09-13T14:29:01.778+08:00,RUN_20260913_121444,249,8151749,SESSION_006,0,0,8190,4,31.98,62.52,1005.75,41.7,1,LOW
2026-09-13T14:29:02.781+08:00,RUN_20260913_121444,250,8152752,SESSION_006,0,0,8190,4,31.98,62.52,1005.74,41.7,1,LOW
2026-09-13T14:29:03.784+08:00,RUN_20260913_121444,251,8153755,SESSION_006,0,1,8190,4,31.98,62.53,1005.74,41.7,1,LOW
2026-09-13T14:29:04.787+08:00,RUN_20260913_121444,252,8154758,SESSION_006,0,1,8190,4,31.98,62.45,1005.74,41.7,1,LOW
2026-09-13T14:29:05.972+08:00,RUN_20260913_121444,253,8155943,SESSION_006,0,0,558,0,31.98,62.46,1005.74,41.7,1,LOW
2026-09-13T14:29:06.977+08:00,RUN_20260913_121444,254,8156948,SESSION_006,0,0,665,0,31.98,62.52,1005.74,41.7,1,LOW
2026-09-13T14:29:07.982+08:00,RUN_20260913_121444,255,8157953,SESSION_006,1,0,8190,4,31.98,62.41,1005.74,41.7,1,LOW
2026-09-13T14:29:08.805+08:00,RUN_20260913_121444,256,8158776,SESSION_006,1,1,8190,4,31.98,62.52,1005.74,41.7,1,LOW
2026-09-13T14:29:09.808+08:00,RUN_20260913_121444,257,8159779,SESSION_006,1,1,8190,4,31.98,62.45,1005.74,41.7,1,LOW
2026-09-13T14:29:10.811+08:00,RUN_20260913_121444,258,8160782,SESSION_006,0,0,8190,4,31.98,62.47,1005.74,41.7,1,LOW
2026-09-13T14:29:11.814+08:00,RUN_20260913_121444,259,8161785,SESSION_006,0,0,8190,4,31.98,62.55,1005.74,41.7,1,LOW
2026-09-13T14:29:12.817+08:00,RUN_20260913_121444,260,8162788,SESSION_006,1,0,8190,4,31.98,62.46,1005.74,41.7,1,LOW
2026-09-13T14:29:14.002+08:00,RUN_20260913_121444,261,8163973,SESSION_006,0,0,8190,4,31.99,62.49,1005.75,41.7,1,LOW
2026-09-13T14:29:14.825+08:00,RUN_20260913_121444,262,8164796,SESSION_006,0,0,8190,4,31.98,62.54,1005.74,42.5,1,LOW
2026-09-13T14:29:16.010+08:00,RUN_20260913_121444,263,8165981,SESSION_006,0,0,8190,4,31.99,62.43,1005.74,41.7,1,LOW
2026-09-13T14:29:16.833+08:00,RUN_20260913_121444,264,8166804,SESSION_006,1,0,8190,4,31.99,62.46,1005.74,42.5,1,LOW
2026-09-13T14:29:18.018+08:00,RUN_20260913_121444,265,8167989,SESSION_006,0,0,8190,4,31.99,62.49,1005.74,41.7,1,LOW
2026-09-13T14:29:19.023+08:00,RUN_20260913_121444,266,8168994,SESSION_006,0,0,8190,4,31.99,62.49,1005.74,41.7,1,LOW
2026-09-13T14:29:20.028+08:00,RUN_20260913_121444,267,8169999,SESSION_006,0,0,8190,4,31.99,62.41,1005.74,41.7,1,LOW
2026-09-13T14:29:20.851+08:00,RUN_20260913_121444,268,8170822,SESSION_006,1,0,8190,4,31.99,62.42,1005.74,42.5,1,LOW
2026-09-13T14:29:22.036+08:00,RUN_20260913_121444,269,8172007,SESSION_006,1,0,8190,4,31.99,62.42,1005.74,41.7,1,LOW
2026-09-13T14:29:22.859+08:00,RUN_20260913_121444,270,8172830,SESSION_006,0,0,8190,4,31.99,62.52,1005.74,42.5,1,LOW
2026-09-13T14:29:23.862+08:00,RUN_20260913_121444,271,8173833,SESSION_006,0,0,8190,4,31.99,62.52,1005.73,42.5,1,LOW
2026-09-13T14:29:24.865+08:00,RUN_20260913_121444,272,8174836,SESSION_006,1,0,8190,4,31.99,62.45,1005.73,42.5,1,LOW
2026-09-13T14:29:26.050+08:00,RUN_20260913_121444,273,8176021,SESSION_006,0,0,8190,4,31.99,62.42,1005.73,41.7,1,LOW
2026-09-13T14:29:26.873+08:00,RUN_20260913_121444,274,8176844,SESSION_006,0,0,8190,4,31.99,62.45,1005.73,41.7,1,LOW
2026-09-13T14:29:27.876+08:00,RUN_20260913_121444,275,8177847,SESSION_006,0,0,8190,4,31.99,62.42,1005.73,41.7,1,LOW
2026-09-13T14:29:28.879+08:00,RUN_20260913_121444,276,8178850,SESSION_006,1,0,8190,4,31.99,62.45,1005.72,42.5,1,LOW
2026-09-13T14:29:29.882+08:00,RUN_20260913_121444,277,8179853,SESSION_006,0,0,8190,4,31.99,62.54,1005.72,42.5,1,LOW
2026-09-13T14:29:31.067+08:00,RUN_20260913_121444,278,8181038,SESSION_006,0,0,8190,4,31.99,62.55,1005.72,41.7,1,LOW
2026-09-13T14:29:31.890+08:00,RUN_20260913_121444,279,8181861,SESSION_006,0,0,8190,4,31.99,62.47,1005.72,42.5,1,LOW
2026-09-13T14:29:33.075+08:00,RUN_20260913_121444,280,8183046,SESSION_006,0,0,8190,4,31.99,62.55,1005.72,41.7,1,LOW
2026-09-13T14:29:34.080+08:00,RUN_20260913_121444,281,8184051,SESSION_006,0,0,434,0,31.99,62.51,1005.72,41.7,1,LOW
2026-09-13T14:29:35.085+08:00,RUN_20260913_121444,282,8185056,SESSION_006,1,1,8190,4,31.99,62.53,1005.72,41.7,1,LOW
2026-09-13T14:29:35.908+08:00,RUN_20260913_121444,283,8185879,SESSION_006,0,1,8190,4,31.99,62.54,1005.72,41.7,1,LOW
2026-09-13T14:29:36.911+08:00,RUN_20260913_121444,284,8186882,SESSION_006,0,1,8190,4,31.99,62.57,1005.72,41.7,1,LOW
2026-09-13T14:29:37.914+08:00,RUN_20260913_121444,285,8187885,SESSION_006,0,0,8190,4,31.99,62.57,1005.72,41.7,1,LOW
2026-09-13T14:29:38.917+08:00,RUN_20260913_121444,286,8188888,SESSION_006,0,0,8190,4,31.99,62.60,1005.72,40.8,1,LOW
2026-09-13T14:29:39.920+08:00,RUN_20260913_121444,287,8189891,SESSION_006,0,1,8190,4,31.99,62.66,1005.72,41.7,1,LOW
2026-09-13T14:29:40.923+08:00,RUN_20260913_121444,288,8190894,SESSION_006,0,0,8190,4,31.99,62.59,1005.72,40.8,1,LOW
2026-09-13T14:29:41.926+08:00,RUN_20260913_121444,289,8191897,SESSION_006,0,0,8190,4,31.99,62.66,1005.72,41.7,1,LOW
2026-09-13T14:29:43.111+08:00,RUN_20260913_121444,290,8193082,SESSION_006,0,1,8190,4,31.99,62.66,1005.72,40.8,1,LOW
2026-09-13T14:29:44.116+08:00,RUN_20260913_121444,291,8194087,SESSION_006,0,1,8190,4,31.99,62.64,1005.72,41.7,1,LOW
2026-09-13T14:29:44.939+08:00,RUN_20260913_121444,292,8194910,SESSION_006,0,0,8190,4,31.99,62.55,1005.72,41.7,1,LOW
2026-09-13T14:29:45.942+08:00,RUN_20260913_121444,293,8195913,SESSION_006,0,0,8190,4,31.99,62.52,1005.72,41.7,1,LOW
2026-09-13T14:29:47.127+08:00,RUN_20260913_121444,294,8197098,SESSION_006,0,0,8190,4,31.99,62.52,1005.72,41.7,1,LOW
2026-09-13T14:29:48.132+08:00,RUN_20260913_121444,295,8198103,SESSION_006,0,1,8190,4,31.99,62.52,1005.72,41.7,1,LOW
2026-09-13T14:29:49.137+08:00,RUN_20260913_121444,296,8199108,SESSION_006,0,1,8190,4,31.99,62.51,1005.72,41.7,1,LOW
2026-09-13T14:29:49.960+08:00,RUN_20260913_121444,297,8199931,SESSION_006,0,0,8190,4,31.99,62.49,1005.72,42.5,1,LOW
2026-09-13T14:29:50.963+08:00,RUN_20260913_121444,298,8200934,SESSION_006,0,0,8190,4,31.99,62.58,1005.72,42.5,1,LOW
2026-09-13T14:29:52.148+08:00,RUN_20260913_121444,299,8202119,SESSION_006,0,0,8190,4,31.99,62.60,1005.73,41.7,1,LOW
2026-09-13T14:29:52.971+08:00,RUN_20260913_121444,300,8202942,SESSION_006,0,0,8190,4,31.99,62.52,1005.73,42.5,1,LOW
2026-09-13T14:29:54.156+08:00,RUN_20260913_121444,301,8204127,SESSION_006,0,1,8190,4,31.99,62.53,1005.73,41.7,1,LOW
2026-09-13T14:29:54.979+08:00,RUN_20260913_121444,302,8204950,SESSION_006,0,0,8190,4,31.99,62.64,1005.73,41.7,1,LOW
2026-09-13T14:29:55.982+08:00,RUN_20260913_121444,303,8205953,SESSION_006,0,0,8190,4,31.99,62.58,1005.73,41.7,1,LOW
2026-09-13T14:29:56.985+08:00,RUN_20260913_121444,304,8206956,SESSION_006,0,1,8190,4,31.99,62.69,1005.73,41.7,1,LOW
2026-09-13T14:29:57.988+08:00,RUN_20260913_121444,305,8207959,SESSION_006,0,0,8190,4,31.99,62.62,1005.74,41.7,1,LOW
2026-09-13T14:29:59.173+08:00,RUN_20260913_121444,306,8209144,SESSION_006,0,0,8190,4,31.99,62.60,1005.74,40.0,1,LOW
2026-09-13T14:29:59.996+08:00,RUN_20260913_121444,307,8209967,SESSION_006,0,0,8190,4,31.99,62.59,1005.75,40.0,1,LOW
2026-09-13T14:30:01.181+08:00,RUN_20260913_121444,308,8211152,SESSION_006,0,1,8190,4,31.99,62.70,1005.75,40.8,1,LOW
2026-09-13T14:30:02.004+08:00,RUN_20260913_121444,309,8211975,SESSION_006,0,1,8190,4,31.99,62.60,1005.75,41.7,1,LOW
2026-09-13T14:30:03.007+08:00,RUN_20260913_121444,310,8212978,SESSION_006,0,1,8190,4,31.99,62.65,1005.75,41.7,1,LOW
2026-09-13T14:30:04.192+08:00,RUN_20260913_121444,311,8214163,SESSION_006,0,0,8190,4,31.99,62.61,1005.75,41.7,1,LOW
2026-09-13T14:30:05.197+08:00,RUN_20260913_121444,312,8215168,SESSION_006,0,0,591,0,31.99,62.67,1005.75,41.7,1,LOW
2026-09-13T14:30:06.202+08:00,RUN_20260913_121444,313,8216173,SESSION_006,0,0,556,0,32.00,62.69,1005.75,42.5,1,LOW
2026-09-13T14:30:07.207+08:00,RUN_20260913_121444,314,8217178,SESSION_006,0,0,8190,4,32.00,62.60,1005.75,42.5,1,LOW
2026-09-13T14:30:08.212+08:00,RUN_20260913_121444,315,8218183,SESSION_006,0,1,514,0,32.00,62.61,1005.75,42.5,1,LOW
2026-09-13T14:30:09.217+08:00,RUN_20260913_121444,316,8219188,SESSION_006,0,1,536,0,32.00,62.61,1005.75,42.5,1,LOW
2026-09-13T14:30:10.222+08:00,RUN_20260913_121444,317,8220193,SESSION_006,0,0,483,0,32.00,62.59,1005.75,42.5,1,LOW
2026-09-13T14:30:11.227+08:00,RUN_20260913_121444,318,8221198,SESSION_006,0,0,636,0,32.00,62.70,1005.75,42.5,1,LOW
2026-09-13T14:30:12.232+08:00,RUN_20260913_121444,319,8222203,SESSION_006,0,0,461,0,32.00,62.61,1005.75,41.7,1,LOW
2026-09-13T14:30:13.237+08:00,RUN_20260913_121444,320,8223208,SESSION_006,0,1,8190,4,32.00,62.67,1005.75,42.5,1,LOW
2026-09-13T14:30:14.060+08:00,RUN_20260913_121444,321,8224031,SESSION_006,1,1,8190,4,32.00,62.60,1005.75,42.5,1,LOW
2026-09-13T14:30:15.245+08:00,RUN_20260913_121444,322,8225216,SESSION_006,0,0,8190,4,32.00,62.60,1005.75,42.5,1,LOW
2026-09-13T14:30:16.068+08:00,RUN_20260913_121444,323,8226039,SESSION_006,0,0,8190,4,32.00,62.63,1005.75,42.5,1,LOW
2026-09-13T14:30:17.253+08:00,RUN_20260913_121444,324,8227224,SESSION_006,1,0,8190,4,32.00,62.63,1005.75,42.5,1,LOW
2026-09-13T14:30:18.258+08:00,RUN_20260913_121444,325,8228229,SESSION_006,1,0,8190,4,32.00,62.71,1005.75,42.5,1,LOW
2026-09-13T14:30:19.263+08:00,RUN_20260913_121444,326,8229234,SESSION_006,0,0,8190,4,32.00,62.60,1005.74,42.5,1,LOW
2026-09-13T14:30:20.086+08:00,RUN_20260913_121444,327,8230057,SESSION_006,0,0,8190,4,32.00,62.57,1005.74,42.5,1,LOW
2026-09-13T14:30:21.089+08:00,RUN_20260913_121444,328,8231060,SESSION_006,0,0,8190,4,32.00,62.59,1005.74,42.5,1,LOW
2026-09-13T14:30:22.274+08:00,RUN_20260913_121444,329,8232245,SESSION_006,1,0,8190,4,32.00,62.60,1005.74,41.7,1,LOW
2026-09-13T14:30:23.279+08:00,RUN_20260913_121444,330,8233250,SESSION_006,0,0,8190,4,32.00,62.56,1005.74,42.5,1,LOW
2026-09-13T14:30:24.284+08:00,RUN_20260913_121444,331,8234255,SESSION_006,0,0,438,0,32.00,62.68,1005.74,42.5,1,LOW
2026-09-13T14:30:25.289+08:00,RUN_20260913_121444,332,8235260,SESSION_006,1,0,498,0,32.00,62.77,1005.74,42.5,1,LOW
2026-09-13T14:30:26.112+08:00,RUN_20260913_121444,333,8236083,SESSION_006,0,1,8190,4,32.00,62.85,1005.74,42.5,1,LOW
2026-09-13T14:30:27.115+08:00,RUN_20260913_121444,334,8237086,SESSION_006,0,1,8190,4,32.01,62.74,1005.74,42.5,1,LOW
2026-09-13T14:30:28.118+08:00,RUN_20260913_121444,335,8238089,SESSION_006,0,0,8190,4,32.01,62.72,1005.74,40.8,1,LOW
2026-09-13T14:30:29.121+08:00,RUN_20260913_121444,336,8239092,SESSION_006,0,0,8190,4,32.01,62.74,1005.74,40.8,1,LOW
2026-09-13T14:30:30.306+08:00,RUN_20260913_121444,337,8240277,SESSION_006,0,1,8190,4,32.01,62.69,1005.74,41.7,1,LOW
2026-09-13T14:30:31.129+08:00,RUN_20260913_121444,338,8241100,SESSION_006,0,0,8190,4,32.01,62.70,1005.74,41.7,1,LOW
2026-09-13T14:30:32.132+08:00,RUN_20260913_121444,339,8242103,SESSION_006,0,0,8190,4,32.01,62.68,1005.74,41.7,1,LOW
2026-09-13T14:30:33.135+08:00,RUN_20260913_121444,340,8243106,SESSION_006,0,1,8190,4,32.01,62.69,1005.74,41.7,1,LOW
2026-09-13T14:30:34.138+08:00,RUN_20260913_121444,341,8244109,SESSION_006,0,0,8190,4,32.01,62.76,1005.74,41.7,1,LOW
2026-09-13T14:30:35.141+08:00,RUN_20260913_121444,342,8245112,SESSION_006,0,0,8190,4,32.01,62.68,1005.74,41.7,1,LOW
2026-09-13T14:30:36.144+08:00,RUN_20260913_121444,343,8246115,SESSION_006,0,0,8190,4,32.01,62.66,1005.73,41.7,1,LOW
2026-09-13T14:30:37.147+08:00,RUN_20260913_121444,344,8247118,SESSION_006,0,0,8190,4,32.01,62.62,1005.74,41.7,1,LOW
2026-09-13T14:30:38.332+08:00,RUN_20260913_121444,345,8248303,SESSION_006,0,0,8190,4,32.01,62.66,1005.74,41.7,1,LOW
2026-09-13T14:30:39.155+08:00,RUN_20260913_121444,346,8249126,SESSION_006,0,0,8190,4,32.01,62.59,1005.74,41.7,1,LOW
2026-09-13T14:30:40.158+08:00,RUN_20260913_121444,347,8250129,SESSION_006,0,0,8190,4,32.01,62.70,1005.74,41.7,1,LOW
2026-09-13T14:30:41.161+08:00,RUN_20260913_121444,348,8251132,SESSION_006,0,0,8190,4,32.01,62.58,1005.74,41.7,1,LOW
2026-09-13T14:30:42.346+08:00,RUN_20260913_121444,349,8252317,SESSION_006,0,1,8190,4,32.01,62.60,1005.73,41.7,1,LOW
2026-09-13T14:30:43.169+08:00,RUN_20260913_121444,350,8253140,SESSION_006,0,1,8190,4,32.01,62.65,1005.73,42.5,1,LOW
2026-09-13T14:30:44.354+08:00,RUN_20260913_121444,351,8254325,SESSION_006,0,1,676,0,32.01,62.63,1005.73,42.5,1,LOW
2026-09-13T14:30:45.359+08:00,RUN_20260913_121444,352,8255330,SESSION_006,0,0,409,0,32.01,62.60,1005.73,42.5,1,LOW
2026-09-13T14:30:46.364+08:00,RUN_20260913_121444,353,8256335,SESSION_006,1,0,8190,4,32.01,62.63,1005.73,42.5,1,LOW
2026-09-13T14:30:47.187+08:00,RUN_20260913_121444,354,8257158,SESSION_006,0,1,8190,4,32.01,62.75,1005.73,42.5,1,LOW
2026-09-13T14:30:48.190+08:00,RUN_20260913_121444,355,8258161,SESSION_006,0,1,8190,4,32.01,62.69,1005.73,42.5,1,LOW
2026-09-13T14:30:49.375+08:00,RUN_20260913_121444,356,8259346,SESSION_006,1,0,8190,4,32.01,62.68,1005.72,42.5,1,LOW
2026-09-13T14:30:50.198+08:00,RUN_20260913_121444,357,8260169,SESSION_006,1,0,8190,4,32.01,62.68,1005.73,42.5,1,LOW
2026-09-13T14:30:51.383+08:00,RUN_20260913_121444,358,8261354,SESSION_006,0,0,618,0,32.01,62.65,1005.73,42.5,1,LOW
2026-09-13T14:30:52.388+08:00,RUN_20260913_121444,359,8262359,SESSION_006,0,1,376,0,32.01,62.70,1005.73,42.5,1,LOW
2026-09-13T14:30:53.393+08:00,RUN_20260913_121444,360,8263364,SESSION_006,0,0,8190,4,32.01,62.57,1005.73,42.5,1,LOW
2026-09-13T14:30:54.216+08:00,RUN_20260913_121444,361,8264187,SESSION_006,0,0,8190,4,32.01,62.58,1005.72,42.5,1,LOW
2026-09-13T14:30:55.401+08:00,RUN_20260913_121444,362,8265372,SESSION_006,0,1,8190,4,32.01,62.60,1005.72,41.7,1,LOW
2026-09-13T14:30:56.224+08:00,RUN_20260913_121444,363,8266195,SESSION_006,0,1,8190,4,32.01,62.70,1005.72,41.7,1,LOW
2026-09-13T14:30:57.227+08:00,RUN_20260913_121444,364,8267198,SESSION_006,0,1,8190,4,32.01,62.60,1005.72,41.7,1,LOW
2026-09-13T14:30:58.412+08:00,RUN_20260913_121444,365,8268383,SESSION_006,0,0,8190,4,32.01,62.63,1005.72,41.7,1,LOW
2026-09-13T14:30:59.235+08:00,RUN_20260913_121444,366,8269206,SESSION_006,0,0,8190,4,32.01,62.62,1005.72,41.7,1,LOW
2026-09-13T14:31:00.238+08:00,RUN_20260913_121444,367,8270209,SESSION_006,0,0,8190,4,32.01,62.60,1005.73,42.5,1,LOW
2026-09-13T14:31:01.423+08:00,RUN_20260913_121444,368,8271394,SESSION_006,0,1,370,0,32.01,62.60,1005.73,42.5,1,LOW
2026-09-13T14:31:02.428+08:00,RUN_20260913_121444,369,8272399,SESSION_006,0,1,341,0,32.01,62.60,1005.73,42.5,1,LOW
2026-09-13T14:31:03.433+08:00,RUN_20260913_121444,370,8273404,SESSION_006,0,0,283,0,32.01,62.57,1005.73,42.5,1,LOW
2026-09-13T14:31:04.438+08:00,RUN_20260913_121444,371,8274409,SESSION_006,0,0,8190,4,32.01,62.66,1005.73,42.5,1,LOW
2026-09-13T14:31:05.261+08:00,RUN_20260913_121444,372,8275232,SESSION_006,1,1,8190,4,32.01,62.62,1005.73,42.5,1,LOW
2026-09-13T14:31:06.264+08:00,RUN_20260913_121444,373,8276235,SESSION_006,1,0,8190,4,32.01,62.74,1005.73,42.5,1,LOW
2026-09-13T14:31:07.267+08:00,RUN_20260913_121444,374,8277238,SESSION_006,0,0,8190,4,32.01,62.76,1005.73,42.5,1,LOW
2026-09-13T14:31:08.452+08:00,RUN_20260913_121444,375,8278423,SESSION_006,0,0,8190,4,32.02,62.78,1005.73,42.5,1,LOW
2026-09-13T14:31:09.275+08:00,RUN_20260913_121444,376,8279246,SESSION_006,1,0,8190,4,32.02,62.70,1005.73,42.5,1,LOW
2026-09-13T14:31:10.278+08:00,RUN_20260913_121444,377,8280249,SESSION_006,0,0,8190,4,32.02,62.76,1005.72,42.5,1,LOW
2026-09-13T14:31:11.281+08:00,RUN_20260913_121444,378,8281252,SESSION_006,0,0,8190,4,32.02,62.77,1005.72,42.5,1,LOW
2026-09-13T14:31:12.284+08:00,RUN_20260913_121444,379,8282255,SESSION_006,0,0,8190,4,32.02,62.75,1005.72,42.5,1,LOW
2026-09-13T14:31:13.287+08:00,RUN_20260913_121444,380,8283258,SESSION_006,1,0,8190,4,32.02,62.67,1005.72,42.5,1,LOW
2026-09-13T14:31:14.290+08:00,RUN_20260913_121444,381,8284261,SESSION_006,1,0,8190,4,32.02,62.65,1005.72,42.5,1,LOW
2026-09-13T14:31:15.475+08:00,RUN_20260913_121444,382,8285446,SESSION_006,0,0,8190,4,32.02,62.68,1005.72,42.5,1,LOW
2026-09-13T14:31:16.480+08:00,RUN_20260913_121444,383,8286451,SESSION_006,0,0,594,0,32.02,62.76,1005.72,42.5,1,LOW
2026-09-13T14:31:17.485+08:00,RUN_20260913_121444,384,8287456,SESSION_006,0,0,8190,4,32.02,62.74,1005.72,42.5,1,LOW
2026-09-13T14:31:18.308+08:00,RUN_20260913_121444,385,8288279,SESSION_006,0,1,8190,4,32.02,62.65,1005.72,42.5,1,LOW
2026-09-13T14:31:19.311+08:00,RUN_20260913_121444,386,8289282,SESSION_006,0,1,8190,4,32.02,62.71,1005.71,42.5,1,LOW
2026-09-13T14:31:20.314+08:00,RUN_20260913_121444,387,8290285,SESSION_006,0,0,8190,4,32.02,62.65,1005.71,42.5,1,LOW
2026-09-13T14:31:21.499+08:00,RUN_20260913_121444,388,8291470,SESSION_006,0,0,8190,4,32.02,62.73,1005.71,41.7,1,LOW
2026-09-13T14:31:22.322+08:00,RUN_20260913_121444,389,8292293,SESSION_006,0,0,8190,4,32.02,62.65,1005.71,41.7,1,LOW
2026-09-13T14:31:23.325+08:00,RUN_20260913_121444,390,8293296,SESSION_006,0,1,8190,4,32.02,62.63,1005.71,42.5,1,LOW
2026-09-13T14:31:24.510+08:00,RUN_20260913_121444,391,8294481,SESSION_006,0,0,8190,4,32.02,62.68,1005.70,41.7,1,LOW
2026-09-13T14:31:25.515+08:00,RUN_20260913_121444,392,8295486,SESSION_006,0,1,8190,4,32.02,62.75,1005.70,41.7,1,LOW
2026-09-13T14:31:26.520+08:00,RUN_20260913_121444,393,8296491,SESSION_006,0,1,8190,4,32.02,62.69,1005.69,42.5,1,LOW
2026-09-13T14:31:27.343+08:00,RUN_20260913_121444,394,8297314,SESSION_006,0,1,8190,4,32.02,62.76,1005.69,42.5,1,LOW
2026-09-13T14:31:28.346+08:00,RUN_20260913_121444,395,8298317,SESSION_006,0,1,8190,4,32.02,62.67,1005.70,42.5,1,LOW
2026-09-13T14:31:29.531+08:00,RUN_20260913_121444,396,8299502,SESSION_006,0,0,8190,4,32.02,62.64,1005.70,42.5,1,LOW
2026-09-13T14:31:30.536+08:00,RUN_20260913_121444,397,8300507,SESSION_006,0,0,8190,4,32.02,62.65,1005.70,42.5,1,LOW
2026-09-13T14:31:31.359+08:00,RUN_20260913_121444,398,8301330,SESSION_006,0,1,8190,4,32.02,62.75,1005.70,42.5,1,LOW
2026-09-13T14:31:32.544+08:00,RUN_20260913_121444,399,8302515,SESSION_006,0,1,8190,4,32.02,62.65,1005.70,42.5,1,LOW
2026-09-13T14:31:33.367+08:00,RUN_20260913_121444,400,8303338,SESSION_006,0,0,8190,4,32.02,62.75,1005.70,42.5,1,LOW
2026-09-13T14:31:34.370+08:00,RUN_20260913_121444,401,8304341,SESSION_006,0,0,8190,4,32.02,62.76,1005.70,42.5,1,LOW
2026-09-13T14:31:35.373+08:00,RUN_20260913_121444,402,8305344,SESSION_006,0,0,8190,4,32.03,62.65,1005.70,42.5,1,LOW
2026-09-13T14:31:36.376+08:00,RUN_20260913_121444,403,8306347,SESSION_006,0,0,8190,4,32.03,62.79,1005.70,42.5,1,LOW
2026-09-13T14:31:37.379+08:00,RUN_20260913_121444,404,8307350,SESSION_006,0,0,8190,4,32.03,62.68,1005.70,42.5,1,LOW
2026-09-13T14:31:38.382+08:00,RUN_20260913_121444,405,8308353,SESSION_006,0,0,8190,4,32.03,62.68,1005.70,42.5,1,LOW
2026-09-13T14:31:39.385+08:00,RUN_20260913_121444,406,8309356,SESSION_006,0,1,8190,4,32.03,62.67,1005.70,42.5,1,LOW
2026-09-13T14:31:40.388+08:00,RUN_20260913_121444,407,8310359,SESSION_006,0,1,8190,4,32.03,62.69,1005.70,42.5,1,LOW
2026-09-13T14:31:41.391+08:00,RUN_20260913_121444,408,8311362,SESSION_006,0,0,8190,4,32.03,62.79,1005.70,42.5,1,LOW
2026-09-13T14:31:42.576+08:00,RUN_20260913_121444,409,8312547,SESSION_006,0,0,8190,4,32.03,62.71,1005.70,42.5,1,LOW
2026-09-13T14:31:43.581+08:00,RUN_20260913_121444,410,8313552,SESSION_006,0,1,8190,4,32.03,62.70,1005.69,41.7,1,LOW
2026-09-13T14:31:44.404+08:00,RUN_20260913_121444,411,8314375,SESSION_006,0,1,8190,4,32.03,62.79,1005.69,42.5,1,LOW
2026-09-13T14:31:45.407+08:00,RUN_20260913_121444,412,8315378,SESSION_006,0,0,8190,4,32.03,62.78,1005.69,42.5,1,LOW
2026-09-13T14:31:46.592+08:00,RUN_20260913_121444,413,8316563,SESSION_006,0,0,8190,4,32.03,62.70,1005.69,42.5,1,LOW
2026-09-13T14:31:47.597+08:00,RUN_20260913_121444,414,8317568,SESSION_006,0,0,912,0,32.03,62.78,1005.69,42.5,1,LOW
2026-09-13T14:31:48.602+08:00,RUN_20260913_121444,415,8318573,SESSION_006,0,0,975,0,32.03,62.69,1005.69,42.5,1,LOW
2026-09-13T14:31:49.607+08:00,RUN_20260913_121444,416,8319578,SESSION_006,0,1,831,0,32.03,62.70,1005.69,42.5,1,LOW
2026-09-13T14:31:50.430+08:00,RUN_20260913_121444,417,8320401,SESSION_006,0,1,8190,4,32.03,62.71,1005.69,42.5,1,LOW
2026-09-13T14:31:51.615+08:00,RUN_20260913_121444,418,8321586,SESSION_006,0,0,8190,4,32.03,62.79,1005.69,42.5,1,LOW
2026-09-13T14:31:52.438+08:00,RUN_20260913_121444,419,8322409,SESSION_006,0,0,8190,4,32.03,62.82,1005.69,42.5,1,LOW
2026-09-13T14:31:53.441+08:00,RUN_20260913_121444,420,8323412,SESSION_006,0,1,8190,4,32.03,62.85,1005.69,42.5,1,LOW
2026-09-13T14:31:54.626+08:00,RUN_20260913_121444,421,8324597,SESSION_006,0,0,8190,4,32.03,62.89,1005.69,42.5,1,LOW
2026-09-13T14:31:55.449+08:00,RUN_20260913_121444,422,8325420,SESSION_006,0,0,8190,4,32.03,62.98,1005.69,42.5,1,LOW
2026-09-13T14:31:56.452+08:00,RUN_20260913_121444,423,8326423,SESSION_006,0,0,8190,4,32.03,62.99,1005.69,42.5,1,LOW
2026-09-13T14:31:57.455+08:00,RUN_20260913_121444,424,8327426,SESSION_006,0,1,8190,4,32.03,62.97,1005.70,42.5,1,LOW
2026-09-13T14:31:58.458+08:00,RUN_20260913_121444,425,8328429,SESSION_006,0,1,8190,4,32.03,62.98,1005.70,42.5,1,LOW
2026-09-13T14:31:59.461+08:00,RUN_20260913_121444,426,8329432,SESSION_006,0,0,8190,4,32.03,62.97,1005.70,42.5,1,LOW
2026-09-13T14:32:00.464+08:00,RUN_20260913_121444,427,8330435,SESSION_006,0,0,8190,4,32.04,62.93,1005.71,41.7,1,LOW
2026-09-13T14:32:01.467+08:00,RUN_20260913_121444,428,8331438,SESSION_006,0,1,8190,4,32.04,63.00,1005.71,41.7,1,LOW
2026-09-13T14:32:02.470+08:00,RUN_20260913_121444,429,8332441,SESSION_006,0,0,8190,4,32.04,62.88,1005.71,41.7,1,LOW
2026-09-13T14:32:03.473+08:00,RUN_20260913_121444,430,8333444,SESSION_006,0,0,8190,4,32.04,62.82,1005.71,41.7,1,LOW
2026-09-13T14:32:04.476+08:00,RUN_20260913_121444,431,8334447,SESSION_006,0,0,8190,4,32.04,62.91,1005.71,41.7,1,LOW
2026-09-13T14:32:05.479+08:00,RUN_20260913_121444,432,8335450,SESSION_006,0,0,8190,4,32.04,62.83,1005.71,41.7,1,LOW
2026-09-13T14:32:06.482+08:00,RUN_20260913_121444,433,8336453,SESSION_006,0,0,8190,4,32.04,62.85,1005.71,41.7,1,LOW
2026-09-13T14:32:07.485+08:00,RUN_20260913_121444,434,8337456,SESSION_006,0,0,8190,4,32.04,62.95,1005.71,41.7,1,LOW
2026-09-13T14:32:08.670+08:00,RUN_20260913_121444,435,8338641,SESSION_006,0,0,8190,4,32.04,62.88,1005.72,41.7,1,LOW
2026-09-13T14:32:09.493+08:00,RUN_20260913_121444,436,8339464,SESSION_006,0,0,8190,4,32.04,62.86,1005.72,41.7,1,LOW
2026-09-13T14:32:10.496+08:00,RUN_20260913_121444,437,8340467,SESSION_006,0,0,8190,4,32.04,62.89,1005.72,41.7,1,LOW
2026-09-13T14:32:11.499+08:00,RUN_20260913_121444,438,8341470,SESSION_006,0,0,8190,4,32.04,62.85,1005.71,41.7,1,LOW
2026-09-13T14:32:12.502+08:00,RUN_20260913_121444,439,8342473,SESSION_006,0,0,8190,4,32.04,62.85,1005.72,41.7,1,LOW
2026-09-13T14:32:13.505+08:00,RUN_20260913_121444,440,8343476,SESSION_006,0,0,8190,4,32.04,62.84,1005.72,41.7,1,LOW
2026-09-13T14:32:14.508+08:00,RUN_20260913_121444,441,8344479,SESSION_006,0,1,8190,4,32.04,62.82,1005.72,40.8,1,LOW
2026-09-13T14:32:15.511+08:00,RUN_20260913_121444,442,8345482,SESSION_006,0,1,8190,4,32.04,62.80,1005.72,41.7,1,LOW
2026-09-13T14:32:16.514+08:00,RUN_20260913_121444,443,8346485,SESSION_006,0,0,8190,4,32.04,62.81,1005.72,40.8,1,LOW
2026-09-13T14:32:17.699+08:00,RUN_20260913_121444,444,8347670,SESSION_006,0,1,8190,4,32.04,62.79,1005.71,41.7,1,LOW
2026-09-13T14:32:18.522+08:00,RUN_20260913_121444,445,8348493,SESSION_006,0,1,8190,4,32.04,62.80,1005.71,41.7,1,LOW
2026-09-13T14:32:19.707+08:00,RUN_20260913_121444,446,8349678,SESSION_006,0,1,428,0,32.04,62.78,1005.71,42.5,1,LOW
2026-09-13T14:32:20.712+08:00,RUN_20260913_121444,447,8350683,SESSION_006,0,0,532,0,32.04,62.75,1005.71,42.5,1,LOW
2026-09-13T14:32:21.535+08:00,RUN_20260913_121444,448,8351506,SESSION_006,1,0,8190,4,32.04,62.74,1005.71,42.5,1,LOW
2026-09-13T14:32:22.538+08:00,RUN_20260913_121444,449,8352509,SESSION_006,1,0,8190,4,32.04,62.81,1005.71,42.5,1,LOW
2026-09-13T14:32:23.723+08:00,RUN_20260913_121444,450,8353694,SESSION_006,1,1,8190,4,32.04,62.81,1005.71,42.5,1,LOW
2026-09-13T14:32:24.546+08:00,RUN_20260913_121444,451,8354517,SESSION_006,1,0,8190,4,32.04,62.73,1005.71,42.5,1,LOW
2026-09-13T14:32:25.731+08:00,RUN_20260913_121444,452,8355702,SESSION_006,1,0,8190,4,32.04,62.72,1005.70,42.5,1,LOW
2026-09-13T14:32:26.554+08:00,RUN_20260913_121444,453,8356525,SESSION_006,1,0,8190,4,32.04,62.74,1005.70,42.5,1,LOW
2026-09-13T14:32:27.557+08:00,RUN_20260913_121444,454,8357528,SESSION_006,1,0,8190,4,32.04,62.81,1005.70,42.5,1,LOW
2026-09-13T14:32:28.560+08:00,RUN_20260913_121444,455,8358531,SESSION_006,1,0,8190,4,32.04,62.73,1005.70,42.5,1,LOW
2026-09-13T14:32:29.563+08:00,RUN_20260913_121444,456,8359534,SESSION_006,1,0,8190,4,32.05,62.70,1005.70,42.5,1,LOW
2026-09-13T14:32:30.566+08:00,RUN_20260913_121444,457,8360537,SESSION_006,1,0,8190,4,32.05,62.82,1005.70,42.5,1,LOW
2026-09-13T14:32:31.751+08:00,RUN_20260913_121444,458,8361722,SESSION_006,0,0,8190,4,32.05,62.80,1005.70,43.3,1,LOW
2026-09-13T14:32:32.574+08:00,RUN_20260913_121444,459,8362545,SESSION_006,0,0,8190,4,32.05,62.70,1005.70,43.3,1,LOW
2026-09-13T14:32:33.759+08:00,RUN_20260913_121444,460,8363730,SESSION_006,0,0,8190,4,32.05,62.79,1005.70,43.3,1,LOW
2026-09-13T14:32:34.764+08:00,RUN_20260913_121444,461,8364735,SESSION_006,0,0,8190,4,32.05,62.81,1005.70,43.3,1,LOW
2026-09-13T14:32:35.587+08:00,RUN_20260913_121444,462,8365558,SESSION_006,0,0,8190,4,32.05,62.75,1005.70,43.3,1,LOW
2026-09-13T14:32:36.772+08:00,RUN_20260913_121444,463,8366743,SESSION_006,0,0,8190,4,32.05,62.73,1005.70,43.3,1,LOW
2026-09-13T14:32:37.595+08:00,RUN_20260913_121444,464,8367566,SESSION_006,0,0,8190,4,32.05,62.70,1005.70,43.3,1,LOW
2026-09-13T14:32:38.598+08:00,RUN_20260913_121444,465,8368569,SESSION_006,0,0,8190,4,32.05,62.75,1005.69,43.3,1,LOW
2026-09-13T14:32:39.601+08:00,RUN_20260913_121444,466,8369572,SESSION_006,0,0,8190,4,32.05,62.69,1005.69,43.3,1,LOW
2026-09-13T14:32:40.604+08:00,RUN_20260913_121444,467,8370575,SESSION_006,0,0,8190,4,32.05,62.76,1005.69,43.3,1,LOW
2026-09-13T14:32:41.607+08:00,RUN_20260913_121444,468,8371578,SESSION_006,0,0,8190,4,32.05,62.73,1005.69,43.3,1,LOW
2026-09-13T14:32:42.610+08:00,RUN_20260913_121444,469,8372581,SESSION_006,1,0,8190,4,32.05,62.65,1005.69,43.3,1,LOW
2026-09-13T14:32:43.613+08:00,RUN_20260913_121444,470,8373584,SESSION_006,1,0,8190,4,32.05,62.74,1005.69,43.3,1,LOW
2026-09-13T14:32:44.616+08:00,RUN_20260913_121444,471,8374587,SESSION_006,0,0,8190,4,32.05,62.65,1005.69,43.3,1,LOW
2026-09-13T14:32:45.619+08:00,RUN_20260913_121444,472,8375590,SESSION_006,0,0,8190,4,32.05,62.65,1005.69,43.3,1,LOW
2026-09-13T14:32:46.804+08:00,RUN_20260913_121444,473,8376775,SESSION_006,1,0,8190,4,32.05,62.66,1005.69,42.5,1,LOW
2026-09-13T14:32:47.809+08:00,RUN_20260913_121444,474,8377780,SESSION_006,0,0,555,0,32.05,62.67,1005.69,42.5,1,LOW
2026-09-13T14:32:48.632+08:00,RUN_20260913_121444,475,8378603,SESSION_006,0,1,8190,4,32.05,62.77,1005.69,43.3,1,LOW
2026-09-13T14:32:49.817+08:00,RUN_20260913_121444,476,8379788,SESSION_006,0,1,8190,4,32.05,62.68,1005.69,42.5,1,LOW
2026-09-13T14:32:50.640+08:00,RUN_20260913_121444,477,8380611,SESSION_006,0,0,8190,4,32.05,62.73,1005.70,43.3,1,LOW
2026-09-13T14:32:51.825+08:00,RUN_20260913_121444,478,8381796,SESSION_006,0,0,8190,4,32.05,62.65,1005.70,42.5,1,LOW
2026-09-13T14:32:52.830+08:00,RUN_20260913_121444,479,8382801,SESSION_006,0,1,8190,4,32.05,62.66,1005.69,42.5,1,LOW
2026-09-13T14:32:53.835+08:00,RUN_20260913_121444,480,8383806,SESSION_006,0,1,8190,4,32.05,62.72,1005.69,42.5,1,LOW
2026-09-13T14:32:54.658+08:00,RUN_20260913_121444,481,8384629,SESSION_006,0,0,8190,4,32.05,62.66,1005.69,43.3,1,LOW
2026-09-13T14:32:55.843+08:00,RUN_20260913_121444,482,8385814,SESSION_006,0,0,8190,4,32.05,62.68,1005.69,43.3,1,LOW
2026-09-13T14:32:56.848+08:00,RUN_20260913_121444,483,8386819,SESSION_006,0,1,664,0,32.05,62.67,1005.69,43.3,1,LOW
2026-09-13T14:32:57.853+08:00,RUN_20260913_121444,484,8387824,SESSION_006,0,0,427,0,32.05,62.68,1005.69,43.3,1,LOW
2026-09-13T14:32:58.858+08:00,RUN_20260913_121444,485,8388829,SESSION_006,1,0,8190,4,32.05,62.75,1005.69,43.3,1,LOW
2026-09-13T14:32:59.681+08:00,RUN_20260913_121444,486,8389652,SESSION_006,1,1,8190,4,32.05,62.79,1005.69,43.3,1,LOW
2026-09-13T14:33:00.866+08:00,RUN_20260913_121444,487,8390837,SESSION_006,1,1,8190,4,32.05,62.80,1005.69,43.3,1,LOW
2026-09-13T14:33:01.689+08:00,RUN_20260913_121444,488,8391660,SESSION_006,0,0,8190,4,32.05,62.77,1005.69,43.3,1,LOW
2026-09-13T14:33:02.874+08:00,RUN_20260913_121444,489,8392845,SESSION_006,0,0,8190,4,32.05,62.81,1005.69,43.3,1,LOW
2026-09-13T14:33:03.879+08:00,RUN_20260913_121444,490,8393850,SESSION_006,0,0,8190,4,32.05,62.78,1005.69,43.3,1,LOW
2026-09-13T14:33:04.884+08:00,RUN_20260913_121444,491,8394855,SESSION_006,1,0,8190,4,32.05,62.79,1005.69,43.3,1,LOW
2026-09-13T14:33:05.889+08:00,RUN_20260913_121444,492,8395860,SESSION_006,1,0,8190,4,32.05,62.93,1005.69,43.3,1,LOW
2026-09-13T14:33:06.894+08:00,RUN_20260913_121444,493,8396865,SESSION_006,0,0,437,0,32.05,62.86,1005.69,43.3,1,LOW
2026-09-13T14:33:07.899+08:00,RUN_20260913_121444,494,8397870,SESSION_006,0,1,8190,4,32.05,62.86,1005.69,43.3,1,LOW
2026-09-13T14:33:08.904+08:00,RUN_20260913_121444,495,8398875,SESSION_006,0,1,8190,4,32.05,62.93,1005.69,43.3,1,LOW
2026-09-13T14:33:09.909+08:00,RUN_20260913_121444,496,8399880,SESSION_006,0,1,8190,4,32.05,62.67,1005.69,43.3,1,LOW
2026-09-13T14:33:10.914+08:00,RUN_20260913_121444,497,8400885,SESSION_006,0,0,8190,4,32.05,62.62,1005.69,43.3,1,LOW
2026-09-13T14:33:11.737+08:00,RUN_20260913_121444,498,8401708,SESSION_006,0,0,8190,4,32.05,62.51,1005.69,43.3,1,LOW
2026-09-13T14:33:12.922+08:00,RUN_20260913_121444,499,8402893,SESSION_006,0,0,8190,4,32.05,62.61,1005.69,43.3,1,LOW
2026-09-13T14:33:13.927+08:00,RUN_20260913_121444,500,8403898,SESSION_006,0,0,8190,4,32.05,62.59,1005.68,42.5,1,LOW
2026-09-13T14:33:14.750+08:00,RUN_20260913_121444,501,8404721,SESSION_006,0,0,8190,4,32.05,62.48,1005.68,43.3,1,LOW
2026-09-13T14:33:15.935+08:00,RUN_20260913_121444,502,8405906,SESSION_006,0,1,8190,4,32.06,62.40,1005.69,42.5,1,LOW
2026-09-13T14:33:16.758+08:00,RUN_20260913_121444,503,8406729,SESSION_006,0,1,8190,4,32.06,62.46,1005.69,43.3,1,LOW
2026-09-13T14:33:17.761+08:00,RUN_20260913_121444,504,8407732,SESSION_006,0,0,8190,4,32.06,62.44,1005.69,43.3,1,LOW
2026-09-13T14:33:18.764+08:00,RUN_20260913_121444,505,8408735,SESSION_006,0,1,8190,4,32.06,62.34,1005.69,43.3,1,LOW
2026-09-13T14:33:19.767+08:00,RUN_20260913_121444,506,8409738,SESSION_006,0,1,8190,4,32.06,62.41,1005.69,43.3,1,LOW
2026-09-13T14:33:20.770+08:00,RUN_20260913_121444,507,8410741,SESSION_006,0,0,8190,4,32.06,62.35,1005.69,43.3,1,LOW
2026-09-13T14:33:21.773+08:00,RUN_20260913_121444,508,8411744,SESSION_006,0,0,8190,4,32.06,62.37,1005.69,43.3,1,LOW
2026-09-13T14:33:22.958+08:00,RUN_20260913_121444,509,8412929,SESSION_006,0,1,8190,4,32.06,62.36,1005.69,43.3,1,LOW
2026-09-13T14:33:23.963+08:00,RUN_20260913_121444,510,8413934,SESSION_006,0,0,8190,4,32.06,62.37,1005.70,43.3,1,LOW
2026-09-13T14:33:24.786+08:00,RUN_20260913_121444,511,8414757,SESSION_006,0,0,8190,4,32.06,62.40,1005.70,43.3,1,LOW
2026-09-13T14:33:25.789+08:00,RUN_20260913_121444,512,8415760,SESSION_006,0,1,8190,4,32.06,62.30,1005.70,43.3,1,LOW
2026-09-13T14:33:26.792+08:00,RUN_20260913_121444,513,8416763,SESSION_006,0,0,8190,4,32.06,62.23,1005.70,43.3,1,LOW
2026-09-13T14:33:27.795+08:00,RUN_20260913_121444,514,8417766,SESSION_006,0,0,8190,4,32.06,62.35,1005.70,43.3,1,LOW
2026-09-13T14:33:28.798+08:00,RUN_20260913_121444,515,8418769,SESSION_006,0,1,8190,4,32.06,62.37,1005.70,43.3,1,LOW
2026-09-13T14:33:29.801+08:00,RUN_20260913_121444,516,8419772,SESSION_006,0,1,8190,4,32.07,62.25,1005.71,43.3,1,LOW
2026-09-13T14:33:30.986+08:00,RUN_20260913_121444,517,8420957,SESSION_006,0,1,8190,4,32.07,62.29,1005.71,43.3,1,LOW
2026-09-13T14:33:31.991+08:00,RUN_20260913_121444,518,8421962,SESSION_006,0,0,8190,4,32.07,62.25,1005.70,43.3,1,LOW
2026-09-13T14:33:32.996+08:00,RUN_20260913_121444,519,8422967,SESSION_006,0,0,8190,4,32.07,62.28,1005.71,43.3,1,LOW
2026-09-13T14:33:34.001+08:00,RUN_20260913_121444,520,8423972,SESSION_006,0,1,8190,4,32.07,62.28,1005.71,43.3,1,LOW
2026-09-13T14:33:35.006+08:00,RUN_20260913_121444,521,8424977,SESSION_006,0,1,8190,4,32.07,62.41,1005.70,42.5,1,LOW
2026-09-13T14:33:36.011+08:00,RUN_20260913_121444,522,8425982,SESSION_006,0,0,8190,4,32.07,62.29,1005.71,42.5,1,LOW
2026-09-13T14:33:37.016+08:00,RUN_20260913_121444,523,8426987,SESSION_006,0,0,356,0,32.07,62.34,1005.70,43.3,1,LOW
2026-09-13T14:33:37.839+08:00,RUN_20260913_121444,524,8427810,SESSION_006,1,0,8190,4,32.07,62.25,1005.70,43.3,1,LOW
2026-09-13T14:33:39.024+08:00,RUN_20260913_121444,525,8428995,SESSION_006,0,0,8190,4,32.07,62.33,1005.70,43.3,1,LOW
2026-09-13T14:33:40.029+08:00,RUN_20260913_121444,526,8430000,SESSION_006,0,1,8190,4,32.07,62.24,1005.70,43.3,1,LOW
2026-09-13T14:33:40.852+08:00,RUN_20260913_121444,527,8430823,SESSION_006,1,0,8190,4,32.07,62.22,1005.70,44.2,1,LOW
2026-09-13T14:33:42.037+08:00,RUN_20260913_121444,528,8432008,SESSION_006,0,0,8190,4,32.07,62.08,1005.70,44.2,1,LOW
2026-09-13T14:33:43.042+08:00,RUN_20260913_121444,529,8433013,SESSION_006,0,0,8190,4,32.08,62.05,1005.70,43.3,1,LOW
2026-09-13T14:33:43.865+08:00,RUN_20260913_121444,530,8433836,SESSION_006,0,0,8190,4,32.08,62.15,1005.70,43.3,1,LOW
2026-09-13T14:33:44.868+08:00,RUN_20260913_121444,531,8434839,SESSION_006,0,0,8190,4,32.08,62.03,1005.70,43.3,1,LOW
2026-09-13T14:33:45.871+08:00,RUN_20260913_121444,532,8435842,SESSION_006,0,0,8190,4,32.08,61.98,1005.70,43.3,1,LOW
2026-09-13T14:33:46.874+08:00,RUN_20260913_121444,533,8436845,SESSION_006,0,0,8190,4,32.08,61.98,1005.70,43.3,1,LOW
2026-09-13T14:33:47.877+08:00,RUN_20260913_121444,534,8437848,SESSION_006,0,0,8190,4,32.08,61.96,1005.70,43.3,1,LOW
2026-09-13T14:33:48.880+08:00,RUN_20260913_121444,535,8438851,SESSION_006,0,0,8190,4,32.08,61.97,1005.69,43.3,1,LOW
2026-09-13T14:33:50.065+08:00,RUN_20260913_121444,536,8440036,SESSION_006,1,0,8190,4,32.09,61.91,1005.70,43.3,1,LOW
2026-09-13T14:33:51.070+08:00,RUN_20260913_121444,537,8441041,SESSION_006,1,0,8190,4,32.09,61.89,1005.70,43.3,1,LOW
2026-09-13T14:33:52.075+08:00,RUN_20260913_121444,538,8442046,SESSION_006,0,0,8190,4,32.09,61.90,1005.70,43.3,1,LOW
2026-09-13T14:33:53.080+08:00,RUN_20260913_121444,539,8443051,SESSION_006,0,0,493,0,32.09,61.98,1005.69,43.3,1,LOW
2026-09-13T14:33:54.085+08:00,RUN_20260913_121444,540,8444056,SESSION_006,1,0,8190,4,32.09,62.02,1005.69,43.3,1,LOW
2026-09-13T14:33:55.090+08:00,RUN_20260913_121444,541,8445061,SESSION_006,0,1,8190,4,32.09,61.98,1005.69,43.3,1,LOW
2026-09-13T14:33:55.913+08:00,RUN_20260913_121444,542,8445884,SESSION_006,0,0,8190,4,32.09,61.98,1005.69,43.3,1,LOW
2026-09-13T14:33:56.916+08:00,RUN_20260913_121444,543,8446887,SESSION_006,0,0,8190,4,32.09,61.89,1005.69,43.3,1,LOW
2026-09-13T14:33:57.919+08:00,RUN_20260913_121444,544,8447890,SESSION_006,0,0,8190,4,32.10,61.75,1005.69,43.3,1,LOW
2026-09-13T14:33:59.104+08:00,RUN_20260913_121444,545,8449075,SESSION_006,0,0,8190,4,32.10,61.70,1005.69,43.3,1,LOW
2026-09-13T14:33:59.927+08:00,RUN_20260913_121444,546,8449898,SESSION_006,0,0,8190,4,32.10,61.68,1005.69,43.3,1,LOW
2026-09-13T14:34:00.930+08:00,RUN_20260913_121444,547,8450901,SESSION_006,0,0,8190,4,32.10,61.80,1005.68,43.3,1,LOW
2026-09-13T14:34:01.933+08:00,RUN_20260913_121444,548,8451904,SESSION_006,0,0,8190,4,32.10,61.84,1005.68,43.3,1,LOW
2026-09-13T14:34:02.936+08:00,RUN_20260913_121444,549,8452907,SESSION_006,0,0,8190,4,32.10,61.80,1005.68,43.3,1,LOW
2026-09-13T14:34:04.121+08:00,RUN_20260913_121444,550,8454092,SESSION_006,0,0,8190,4,32.11,61.91,1005.68,43.3,1,LOW
2026-09-13T14:34:05.126+08:00,RUN_20260913_121444,551,8455097,SESSION_006,0,0,8190,4,32.11,61.84,1005.67,43.3,1,LOW
2026-09-13T14:34:05.949+08:00,RUN_20260913_121444,552,8455920,SESSION_006,0,0,8190,4,32.11,61.83,1005.67,43.3,1,LOW
2026-09-13T14:34:06.952+08:00,RUN_20260913_121444,553,8456923,SESSION_006,0,0,8190,4,32.11,61.94,1005.67,43.3,1,LOW
2026-09-13T14:34:07.955+08:00,RUN_20260913_121444,554,8457926,SESSION_006,0,0,8190,4,32.11,61.95,1005.67,43.3,1,LOW
2026-09-13T14:34:09.140+08:00,RUN_20260913_121444,555,8459111,SESSION_006,0,0,8190,4,32.11,62.01,1005.67,43.3,1,LOW
2026-09-13T14:34:09.963+08:00,RUN_20260913_121444,556,8459934,SESSION_006,0,0,8190,4,32.11,61.95,1005.67,43.3,1,LOW
2026-09-13T14:34:11.148+08:00,RUN_20260913_121444,557,8461119,SESSION_006,0,0,8190,4,32.11,61.92,1005.67,43.3,1,LOW
2026-09-13T14:34:11.971+08:00,RUN_20260913_121444,558,8461942,SESSION_006,0,0,8190,4,32.11,61.96,1005.67,43.3,1,LOW
2026-09-13T14:34:12.974+08:00,RUN_20260913_121444,559,8462945,SESSION_006,0,0,8190,4,32.12,61.96,1005.67,43.3,1,LOW
2026-09-13T14:34:13.977+08:00,RUN_20260913_121444,560,8463948,SESSION_006,0,0,8190,4,32.12,61.79,1005.67,43.3,1,LOW
2026-09-13T14:34:14.980+08:00,RUN_20260913_121444,561,8464951,SESSION_006,0,1,8190,4,32.12,61.75,1005.66,43.3,1,LOW
2026-09-13T14:34:16.165+08:00,RUN_20260913_121444,562,8466136,SESSION_006,0,1,8190,4,32.12,61.73,1005.66,43.3,1,LOW
2026-09-13T14:34:17.170+08:00,RUN_20260913_121444,563,8467141,SESSION_006,0,0,852,0,32.12,61.83,1005.66,43.3,1,LOW
2026-09-13T14:34:18.175+08:00,RUN_20260913_121444,564,8468146,SESSION_006,0,0,616,0,32.12,61.88,1005.66,43.3,1,LOW
2026-09-13T14:34:19.180+08:00,RUN_20260913_121444,565,8469151,SESSION_006,0,1,500,0,32.12,61.93,1005.66,43.3,1,LOW
2026-09-13T14:34:20.003+08:00,RUN_20260913_121444,566,8469974,SESSION_006,0,0,8190,4,32.12,61.88,1005.66,43.3,1,LOW
2026-09-13T14:34:21.006+08:00,RUN_20260913_121444,567,8470977,SESSION_006,1,0,8190,4,32.12,61.85,1005.66,43.3,1,LOW
2026-09-13T14:34:22.191+08:00,RUN_20260913_121444,568,8472162,SESSION_006,0,0,8190,4,32.12,61.85,1005.66,43.3,1,LOW
2026-09-13T14:34:23.196+08:00,RUN_20260913_121444,569,8473167,SESSION_006,0,0,8190,4,32.12,61.83,1005.66,43.3,1,LOW
2026-09-13T14:34:24.019+08:00,RUN_20260913_121444,570,8473990,SESSION_006,1,0,8190,4,32.12,61.75,1005.66,43.3,1,LOW
2026-09-13T14:34:25.204+08:00,RUN_20260913_121444,571,8475175,SESSION_006,0,0,8190,4,32.12,61.65,1005.66,43.3,1,LOW
2026-09-13T14:34:26.209+08:00,RUN_20260913_121444,572,8476180,SESSION_006,0,0,8190,4,32.12,61.64,1005.65,43.3,1,LOW
2026-09-13T14:34:27.214+08:00,RUN_20260913_121444,573,8477185,SESSION_006,0,0,762,0,32.12,61.66,1005.65,43.3,1,LOW
2026-09-13T14:34:28.219+08:00,RUN_20260913_121444,574,8478190,SESSION_006,1,0,8190,4,32.13,61.80,1005.66,43.3,1,LOW
2026-09-13T14:34:29.224+08:00,RUN_20260913_121444,575,8479195,SESSION_006,1,0,8190,4,32.13,61.71,1005.65,43.3,1,LOW
2026-09-13T14:34:30.047+08:00,RUN_20260913_121444,576,8480018,SESSION_006,0,1,8190,4,32.13,61.69,1005.65,43.3,1,LOW
2026-09-13T14:34:31.232+08:00,RUN_20260913_121444,577,8481203,SESSION_006,0,1,769,0,32.13,61.82,1005.65,43.3,1,LOW
2026-09-13T14:34:32.237+08:00,RUN_20260913_121444,578,8482208,SESSION_006,0,0,454,0,32.13,61.76,1005.65,43.3,1,LOW
2026-09-13T14:34:33.242+08:00,RUN_20260913_121444,579,8483213,SESSION_006,0,0,8190,4,32.13,61.77,1005.65,43.3,1,LOW
2026-09-13T14:34:34.065+08:00,RUN_20260913_121444,580,8484036,SESSION_006,1,0,8190,4,32.13,61.78,1005.65,43.3,1,LOW
2026-09-13T14:34:35.250+08:00,RUN_20260913_121444,581,8485221,SESSION_006,0,0,8190,4,32.13,61.83,1005.65,43.3,1,LOW
2026-09-13T14:34:36.073+08:00,RUN_20260913_121444,582,8486044,SESSION_006,0,0,8190,4,32.13,61.76,1005.65,43.3,1,LOW
2026-09-13T14:34:37.258+08:00,RUN_20260913_121444,583,8487229,SESSION_006,0,0,8190,4,32.13,61.82,1005.65,43.3,1,LOW
2026-09-13T14:34:38.263+08:00,RUN_20260913_121444,584,8488234,SESSION_006,1,0,8190,4,32.13,61.84,1005.65,43.3,1,LOW
2026-09-13T14:34:39.086+08:00,RUN_20260913_121444,585,8489057,SESSION_006,0,0,8190,4,32.13,61.93,1005.65,43.3,1,LOW
2026-09-13T14:34:40.089+08:00,RUN_20260913_121444,586,8490060,SESSION_006,0,0,8190,4,32.13,61.82,1005.65,43.3,1,LOW
2026-09-13T14:34:41.092+08:00,RUN_20260913_121444,587,8491063,SESSION_006,0,0,8190,4,32.13,61.89,1005.65,43.3,1,LOW
2026-09-13T14:34:42.095+08:00,RUN_20260913_121444,588,8492066,SESSION_006,0,0,8190,4,32.13,61.82,1005.65,43.3,1,LOW
2026-09-13T14:34:43.098+08:00,RUN_20260913_121444,589,8493069,SESSION_006,0,0,8190,4,32.13,61.80,1005.65,43.3,1,LOW
2026-09-13T14:34:44.283+08:00,RUN_20260913_121444,590,8494254,SESSION_006,0,0,8190,4,32.13,61.78,1005.65,43.3,1,LOW
2026-09-13T14:34:45.106+08:00,RUN_20260913_121444,591,8495077,SESSION_006,0,0,8190,4,32.13,61.80,1005.65,44.2,1,LOW
2026-09-13T14:34:46.109+08:00,RUN_20260913_121444,592,8496080,SESSION_006,0,0,8190,4,32.13,61.82,1005.65,44.2,1,LOW
2026-09-13T14:34:47.294+08:00,RUN_20260913_121444,593,8497265,SESSION_006,0,0,8190,4,32.13,61.84,1005.65,43.3,1,LOW
2026-09-13T14:34:48.299+08:00,RUN_20260913_121444,594,8498270,SESSION_006,0,0,8190,4,32.13,61.88,1005.65,43.3,1,LOW
2026-09-13T14:34:49.122+08:00,RUN_20260913_121444,595,8499093,SESSION_006,0,0,8190,4,32.13,61.87,1005.65,44.2,1,LOW
2026-09-13T14:44:07.106+08:00,RUN_20260913_121444,1,9057077,SESSION_007,0,0,23,0,32.35,64.41,1005.37,2.5,1,LOW
2026-09-13T14:44:08.111+08:00,RUN_20260913_121444,2,9058082,SESSION_007,0,0,8190,4,32.35,65.58,1005.37,2.5,1,LOW
2026-09-13T14:44:09.116+08:00,RUN_20260913_121444,3,9059087,SESSION_007,1,0,171,0,32.35,66.27,1005.37,4.2,1,LOW
2026-09-13T14:44:10.121+08:00,RUN_20260913_121444,4,9060092,SESSION_007,1,0,8190,4,32.36,65.44,1005.37,4.2,1,LOW
2026-09-13T14:44:11.126+08:00,RUN_20260913_121444,5,9061097,SESSION_007,0,0,345,0,32.36,64.84,1005.37,4.2,1,LOW
2026-09-13T14:44:12.131+08:00,RUN_20260913_121444,6,9062102,SESSION_007,0,0,357,0,32.36,64.61,1005.37,4.2,1,LOW
2026-09-13T14:44:13.136+08:00,RUN_20260913_121444,7,9063107,SESSION_007,0,0,298,0,32.36,64.29,1005.37,4.2,1,LOW
2026-09-13T14:44:14.141+08:00,RUN_20260913_121444,8,9064112,SESSION_007,0,0,8190,4,32.36,63.78,1005.37,4.2,1,LOW
2026-09-13T14:44:14.964+08:00,RUN_20260913_121444,9,9064935,SESSION_007,0,0,8190,4,32.37,63.65,1005.37,4.2,1,LOW
2026-09-13T14:44:15.967+08:00,RUN_20260913_121444,10,9065938,SESSION_007,0,0,8190,4,32.37,63.55,1005.37,4.2,1,LOW
2026-09-13T14:44:17.152+08:00,RUN_20260913_121444,11,9067123,SESSION_007,1,0,8190,4,32.37,63.40,1005.36,4.2,1,LOW
2026-09-13T14:44:17.975+08:00,RUN_20260913_121444,12,9067946,SESSION_007,1,0,8190,4,32.37,63.28,1005.37,4.2,1,LOW
2026-09-13T14:44:18.978+08:00,RUN_20260913_121444,13,9068949,SESSION_007,1,0,8190,4,32.37,63.30,1005.36,4.2,1,LOW
2026-09-13T14:44:19.981+08:00,RUN_20260913_121444,14,9069952,SESSION_007,1,0,8190,4,32.37,63.16,1005.37,4.2,1,LOW
2026-09-13T14:44:20.984+08:00,RUN_20260913_121444,15,9070955,SESSION_007,1,0,8190,4,32.37,63.17,1005.36,4.2,1,LOW
2026-09-13T14:44:21.987+08:00,RUN_20260913_121444,16,9071958,SESSION_007,0,0,8190,4,32.38,63.07,1005.36,4.2,1,LOW
2026-09-13T14:44:23.172+08:00,RUN_20260913_121444,17,9073143,SESSION_007,1,0,8190,4,32.38,62.95,1005.36,4.2,1,LOW
2026-09-13T14:44:23.995+08:00,RUN_20260913_121444,18,9073966,SESSION_007,1,0,8190,4,32.38,62.85,1005.37,4.2,1,LOW
2026-09-13T14:44:25.180+08:00,RUN_20260913_121444,19,9075151,SESSION_007,0,0,8190,4,32.38,62.80,1005.36,4.2,1,LOW
2026-09-13T14:44:26.003+08:00,RUN_20260913_121444,20,9075974,SESSION_007,0,0,8190,4,32.38,62.80,1005.37,4.2,1,LOW
2026-09-13T14:44:27.188+08:00,RUN_20260913_121444,21,9077159,SESSION_007,0,0,8190,4,32.38,62.70,1005.37,4.2,1,LOW
2026-09-13T14:44:28.011+08:00,RUN_20260913_121444,22,9077982,SESSION_007,0,0,8190,4,32.38,62.68,1005.36,4.2,1,LOW
2026-09-13T14:44:29.014+08:00,RUN_20260913_121444,23,9078985,SESSION_007,1,0,8190,4,32.38,62.61,1005.37,4.2,1,LOW
2026-09-13T14:44:30.017+08:00,RUN_20260913_121444,24,9079988,SESSION_007,1,0,8190,4,32.38,62.69,1005.36,4.2,1,LOW
2026-09-13T14:44:31.020+08:00,RUN_20260913_121444,25,9080991,SESSION_007,0,0,8190,4,32.38,62.61,1005.36,4.2,1,LOW
2026-09-13T14:44:32.023+08:00,RUN_20260913_121444,26,9081994,SESSION_007,0,0,8190,4,32.38,62.62,1005.36,4.2,1,LOW
2026-09-13T14:44:33.026+08:00,RUN_20260913_121444,27,9082997,SESSION_007,1,0,8190,4,32.39,62.68,1005.36,4.2,1,LOW
2026-09-13T14:44:34.211+08:00,RUN_20260913_121444,28,9084182,SESSION_007,1,0,8190,4,32.39,62.70,1005.36,4.2,1,LOW
2026-09-13T14:44:35.034+08:00,RUN_20260913_121444,29,9085005,SESSION_007,0,0,8190,4,32.39,62.69,1005.36,4.2,1,LOW
2026-09-13T14:44:36.037+08:00,RUN_20260913_121444,30,9086008,SESSION_007,0,0,8190,4,32.39,62.70,1005.36,4.2,1,LOW
2026-09-13T14:44:37.040+08:00,RUN_20260913_121444,31,9087011,SESSION_007,1,0,8190,4,32.39,62.70,1005.36,4.2,1,LOW
2026-09-13T14:44:38.043+08:00,RUN_20260913_121444,32,9088014,SESSION_007,0,0,8190,4,32.39,62.70,1005.35,4.2,1,LOW
2026-09-13T14:44:39.046+08:00,RUN_20260913_121444,33,9089017,SESSION_007,0,0,8190,4,32.39,62.62,1005.35,4.2,1,LOW
2026-09-13T14:44:40.049+08:00,RUN_20260913_121444,34,9090020,SESSION_007,1,0,8190,4,32.39,62.68,1005.35,4.2,1,LOW
2026-09-13T14:44:41.052+08:00,RUN_20260913_121444,35,9091023,SESSION_007,1,0,8190,4,32.39,62.69,1005.35,4.2,1,LOW
2026-09-13T14:44:42.055+08:00,RUN_20260913_121444,36,9092026,SESSION_007,0,0,8190,4,32.39,62.68,1005.35,4.2,1,LOW
2026-09-13T14:44:43.058+08:00,RUN_20260913_121444,37,9093029,SESSION_007,0,0,8190,4,32.39,62.60,1005.35,4.2,1,LOW
2026-09-13T14:44:44.061+08:00,RUN_20260913_121444,38,9094032,SESSION_007,1,0,8190,4,32.39,62.67,1005.34,4.2,1,LOW
2026-09-13T14:44:45.246+08:00,RUN_20260913_121444,39,9095217,SESSION_007,1,0,8190,4,32.39,62.66,1005.34,4.2,1,LOW
2026-09-13T14:44:46.069+08:00,RUN_20260913_121444,40,9096040,SESSION_007,1,0,8190,4,32.39,62.55,1005.34,4.2,1,LOW
2026-09-13T14:44:47.072+08:00,RUN_20260913_121444,41,9097043,SESSION_007,0,0,8190,4,32.39,62.60,1005.34,4.2,1,LOW
2026-09-13T14:44:48.075+08:00,RUN_20260913_121444,42,9098046,SESSION_007,0,0,8190,4,32.39,62.52,1005.34,4.2,1,LOW
2026-09-13T14:44:49.078+08:00,RUN_20260913_121444,43,9099049,SESSION_007,0,0,8190,4,32.39,62.55,1005.34,4.2,1,LOW
2026-09-13T14:44:50.081+08:00,RUN_20260913_121444,44,9100052,SESSION_007,1,0,8190,4,32.39,62.50,1005.33,4.2,1,LOW
2026-09-13T14:44:51.084+08:00,RUN_20260913_121444,45,9101055,SESSION_007,1,0,8190,4,32.40,62.59,1005.33,4.2,1,LOW
2026-09-13T14:44:52.087+08:00,RUN_20260913_121444,46,9102058,SESSION_007,0,0,8190,4,32.40,62.57,1005.33,4.2,1,LOW
2026-09-13T14:44:53.090+08:00,RUN_20260913_121444,47,9103061,SESSION_007,0,0,8190,4,32.40,62.50,1005.33,4.2,1,LOW
2026-09-13T14:44:54.093+08:00,RUN_20260913_121444,48,9104064,SESSION_007,1,0,8190,4,32.40,62.50,1005.33,4.2,1,LOW
2026-09-13T14:44:55.096+08:00,RUN_20260913_121444,49,9105067,SESSION_007,1,0,8190,4,32.40,62.48,1005.33,4.2,1,LOW
2026-09-13T14:44:56.281+08:00,RUN_20260913_121444,50,9106252,SESSION_007,0,0,8190,4,32.40,62.47,1005.33,4.2,1,LOW
2026-09-13T14:44:57.286+08:00,RUN_20260913_121444,51,9107257,SESSION_007,0,0,8190,4,32.40,62.45,1005.32,4.2,1,LOW
2026-09-13T14:44:58.109+08:00,RUN_20260913_121444,52,9108080,SESSION_007,1,0,8190,4,32.40,62.53,1005.33,4.2,1,LOW
2026-09-13T14:44:59.112+08:00,RUN_20260913_121444,53,9109083,SESSION_007,1,0,8190,4,32.40,62.50,1005.33,4.2,1,LOW
2026-09-13T14:45:00.115+08:00,RUN_20260913_121444,54,9110086,SESSION_007,1,0,8190,4,32.40,62.54,1005.32,4.2,1,LOW
2026-09-13T14:45:01.300+08:00,RUN_20260913_121444,55,9111271,SESSION_007,1,0,8190,4,32.40,62.48,1005.32,4.2,1,LOW
2026-09-13T14:45:02.305+08:00,RUN_20260913_121444,56,9112276,SESSION_007,0,0,8190,4,32.40,62.47,1005.32,4.2,1,LOW
2026-09-13T14:45:03.128+08:00,RUN_20260913_121444,57,9113099,SESSION_007,0,0,8190,4,32.40,62.43,1005.32,4.2,1,LOW
2026-09-13T14:45:04.131+08:00,RUN_20260913_121444,58,9114102,SESSION_007,0,0,8190,4,32.40,62.45,1005.32,4.2,1,LOW
2026-09-13T14:45:05.134+08:00,RUN_20260913_121444,59,9115105,SESSION_007,1,0,8190,4,32.40,62.45,1005.32,4.2,1,LOW
2026-09-13T14:45:06.319+08:00,RUN_20260913_121444,60,9116290,SESSION_007,0,0,8190,4,32.40,62.43,1005.32,4.2,1,LOW
2026-09-13T14:45:07.142+08:00,RUN_20260913_121444,61,9117113,SESSION_007,0,0,8190,4,32.40,62.43,1005.32,4.2,1,LOW
2026-09-13T14:45:08.145+08:00,RUN_20260913_121444,62,9118116,SESSION_007,1,0,8190,4,32.40,62.51,1005.32,4.2,1,LOW
2026-09-13T14:45:09.148+08:00,RUN_20260913_121444,63,9119119,SESSION_007,0,0,8190,4,32.40,62.43,1005.32,4.2,1,LOW
2026-09-13T14:45:10.333+08:00,RUN_20260913_121444,64,9120304,SESSION_007,0,0,8190,4,32.40,62.49,1005.32,4.2,1,LOW
2026-09-13T14:45:11.156+08:00,RUN_20260913_121444,65,9121127,SESSION_007,1,0,8190,4,32.40,62.38,1005.32,4.2,1,LOW
2026-09-13T14:45:12.159+08:00,RUN_20260913_121444,66,9122130,SESSION_007,0,0,8190,4,32.40,62.47,1005.31,4.2,1,LOW
2026-09-13T14:45:13.162+08:00,RUN_20260913_121444,67,9123133,SESSION_007,0,0,8190,4,32.40,62.46,1005.32,4.2,1,LOW
2026-09-13T14:45:14.165+08:00,RUN_20260913_121444,68,9124136,SESSION_007,0,0,8190,4,32.40,62.41,1005.32,4.2,1,LOW
2026-09-13T14:45:15.168+08:00,RUN_20260913_121444,69,9125139,SESSION_007,1,0,8190,4,32.40,62.49,1005.32,4.2,1,LOW
2026-09-13T14:45:16.171+08:00,RUN_20260913_121444,70,9126142,SESSION_007,0,0,8190,4,32.40,62.47,1005.32,4.2,1,LOW
2026-09-13T14:45:17.174+08:00,RUN_20260913_121444,71,9127145,SESSION_007,0,0,8190,4,32.40,62.37,1005.32,4.2,1,LOW
2026-09-13T14:45:18.359+08:00,RUN_20260913_121444,72,9128330,SESSION_007,0,0,8190,4,32.40,62.36,1005.32,4.2,1,LOW
2026-09-13T14:45:19.182+08:00,RUN_20260913_121444,73,9129153,SESSION_007,1,0,8190,4,32.40,62.42,1005.32,4.2,1,LOW
2026-09-13T14:45:20.185+08:00,RUN_20260913_121444,74,9130156,SESSION_007,0,0,8190,4,32.40,62.46,1005.32,4.2,1,LOW
2026-09-13T14:45:21.370+08:00,RUN_20260913_121444,75,9131341,SESSION_007,0,0,8190,4,32.40,62.36,1005.32,4.2,1,LOW
2026-09-13T14:45:22.375+08:00,RUN_20260913_121444,76,9132346,SESSION_007,0,0,8190,4,32.40,62.37,1005.32,4.2,1,LOW
2026-09-13T14:45:23.198+08:00,RUN_20260913_121444,77,9133169,SESSION_007,1,0,8190,4,32.40,62.40,1005.32,4.2,1,LOW
2026-09-13T14:45:24.383+08:00,RUN_20260913_121444,78,9134354,SESSION_007,1,0,8190,4,32.40,62.38,1005.32,4.2,1,LOW
2026-09-13T14:45:25.206+08:00,RUN_20260913_121444,79,9135177,SESSION_007,0,0,8190,4,32.40,62.43,1005.32,4.2,1,LOW
2026-09-13T14:45:26.391+08:00,RUN_20260913_121444,80,9136362,SESSION_007,0,0,8190,4,32.40,62.35,1005.32,4.2,1,LOW
2026-09-13T14:45:27.214+08:00,RUN_20260913_121444,81,9137185,SESSION_007,0,0,8190,4,32.40,62.36,1005.31,4.2,1,LOW
2026-09-13T14:45:28.217+08:00,RUN_20260913_121444,82,9138188,SESSION_007,1,0,8190,4,32.40,62.32,1005.31,4.2,1,LOW
2026-09-13T14:45:29.220+08:00,RUN_20260913_121444,83,9139191,SESSION_007,1,0,8190,4,32.40,62.35,1005.31,4.2,1,LOW
2026-09-13T14:45:30.223+08:00,RUN_20260913_121444,84,9140194,SESSION_007,0,0,8190,4,32.40,62.42,1005.32,4.2,1,LOW
2026-09-13T14:45:31.408+08:00,RUN_20260913_121444,85,9141379,SESSION_007,0,0,8190,4,32.40,62.41,1005.32,4.2,1,LOW
2026-09-13T14:45:32.231+08:00,RUN_20260913_121444,86,9142202,SESSION_007,0,0,8190,4,32.40,62.32,1005.32,4.2,1,LOW
2026-09-13T14:45:33.234+08:00,RUN_20260913_121444,87,9143205,SESSION_007,0,0,8190,4,32.40,62.41,1005.32,4.2,1,LOW
2026-09-13T14:45:34.237+08:00,RUN_20260913_121444,88,9144208,SESSION_007,1,0,8190,4,32.40,62.31,1005.32,4.2,1,LOW
2026-09-13T14:45:35.240+08:00,RUN_20260913_121444,89,9145211,SESSION_007,0,0,8190,4,32.40,62.41,1005.32,4.2,1,LOW
2026-09-13T14:45:36.243+08:00,RUN_20260913_121444,90,9146214,SESSION_007,1,0,8190,4,32.40,62.40,1005.32,4.2,1,LOW
2026-09-13T14:45:37.246+08:00,RUN_20260913_121444,91,9147217,SESSION_007,0,0,8190,4,32.40,62.40,1005.32,4.2,1,LOW
2026-09-13T14:45:38.431+08:00,RUN_20260913_121444,92,9148402,SESSION_007,0,0,8190,4,32.40,62.41,1005.32,4.2,1,LOW
2026-09-13T14:45:39.254+08:00,RUN_20260913_121444,93,9149225,SESSION_007,1,0,8190,4,32.40,62.34,1005.32,4.2,1,LOW
2026-09-13T14:45:40.257+08:00,RUN_20260913_121444,94,9150228,SESSION_007,1,0,8190,4,32.40,62.32,1005.32,4.2,1,LOW
2026-09-13T14:45:41.260+08:00,RUN_20260913_121444,95,9151231,SESSION_007,0,0,8190,4,32.40,62.35,1005.32,4.2,1,LOW
2026-09-13T14:45:42.263+08:00,RUN_20260913_121444,96,9152234,SESSION_007,1,0,8190,4,32.40,62.35,1005.32,4.2,1,LOW
2026-09-13T14:45:43.266+08:00,RUN_20260913_121444,97,9153237,SESSION_007,1,0,8190,4,32.40,62.35,1005.32,4.2,1,LOW
2026-09-13T14:45:44.269+08:00,RUN_20260913_121444,98,9154240,SESSION_007,0,0,8190,4,32.41,62.36,1005.33,4.2,1,LOW
2026-09-13T14:45:45.272+08:00,RUN_20260913_121444,99,9155243,SESSION_007,0,0,8190,4,32.41,62.43,1005.32,4.2,1,LOW
2026-09-13T14:45:46.457+08:00,RUN_20260913_121444,100,9156428,SESSION_007,0,0,8190,4,32.41,62.44,1005.33,4.2,1,LOW
2026-09-13T14:45:47.280+08:00,RUN_20260913_121444,101,9157251,SESSION_007,1,0,8190,4,32.41,62.42,1005.33,4.2,1,LOW
2026-09-13T14:45:48.283+08:00,RUN_20260913_121444,102,9158254,SESSION_007,0,0,8190,4,32.41,62.34,1005.33,4.2,1,LOW
2026-09-13T14:45:49.286+08:00,RUN_20260913_121444,103,9159257,SESSION_007,0,0,8190,4,32.41,62.42,1005.33,4.2,1,LOW
2026-09-13T14:45:50.289+08:00,RUN_20260913_121444,104,9160260,SESSION_007,0,0,8190,4,32.41,62.44,1005.33,4.2,1,LOW
2026-09-13T14:45:51.474+08:00,RUN_20260913_121444,105,9161445,SESSION_007,0,0,8190,4,32.41,62.44,1005.33,4.2,1,LOW
2026-09-13T14:45:52.297+08:00,RUN_20260913_121444,106,9162268,SESSION_007,0,0,8190,4,32.41,62.42,1005.33,4.2,1,LOW
2026-09-13T14:45:53.300+08:00,RUN_20260913_121444,107,9163271,SESSION_007,0,0,8190,4,32.41,62.36,1005.33,4.2,1,LOW
2026-09-13T14:45:54.485+08:00,RUN_20260913_121444,108,9164456,SESSION_007,0,0,8190,4,32.41,62.37,1005.33,4.2,1,LOW
2026-09-13T14:45:55.308+08:00,RUN_20260913_121444,109,9165279,SESSION_007,0,0,8190,4,32.41,62.47,1005.33,4.2,1,LOW
2026-09-13T14:45:56.311+08:00,RUN_20260913_121444,110,9166282,SESSION_007,0,0,8190,4,32.41,62.35,1005.33,4.2,1,LOW
2026-09-13T14:45:57.496+08:00,RUN_20260913_121444,111,9167467,SESSION_007,1,0,8190,4,32.41,62.37,1005.33,4.2,1,LOW
2026-09-13T14:45:58.319+08:00,RUN_20260913_121444,112,9168290,SESSION_007,0,0,8190,4,32.41,62.38,1005.34,4.2,1,LOW
2026-09-13T14:45:59.322+08:00,RUN_20260913_121444,113,9169293,SESSION_007,0,0,8190,4,32.41,62.35,1005.34,4.2,1,LOW
2026-09-13T14:46:00.507+08:00,RUN_20260913_121444,114,9170478,SESSION_007,0,0,8190,4,32.41,62.37,1005.33,4.2,1,LOW
2026-09-13T14:46:01.330+08:00,RUN_20260913_121444,115,9171301,SESSION_007,1,0,8190,4,32.41,62.32,1005.34,4.2,1,LOW
2026-09-13T14:46:02.515+08:00,RUN_20260913_121444,116,9172486,SESSION_007,1,0,8190,4,32.41,62.31,1005.34,4.2,1,LOW
2026-09-13T14:46:03.338+08:00,RUN_20260913_121444,117,9173309,SESSION_007,0,0,8190,4,32.41,62.31,1005.34,4.2,1,LOW
2026-09-13T14:46:04.341+08:00,RUN_20260913_121444,118,9174312,SESSION_007,0,0,8190,4,32.41,62.32,1005.33,4.2,1,LOW
2026-09-13T14:46:05.344+08:00,RUN_20260913_121444,119,9175315,SESSION_007,1,0,8190,4,32.41,62.40,1005.33,4.2,1,LOW
2026-09-13T14:46:06.529+08:00,RUN_20260913_121444,120,9176500,SESSION_007,0,0,8190,4,32.41,62.34,1005.34,4.2,1,LOW
2026-09-13T14:46:07.534+08:00,RUN_20260913_121444,121,9177505,SESSION_007,0,0,8190,4,32.41,62.31,1005.34,4.2,1,LOW
2026-09-13T14:46:08.357+08:00,RUN_20260913_121444,122,9178328,SESSION_007,0,0,8190,4,32.41,62.32,1005.34,4.2,1,LOW
2026-09-13T14:46:09.542+08:00,RUN_20260913_121444,123,9179513,SESSION_007,0,0,8190,4,32.41,62.35,1005.34,4.2,1,LOW
2026-09-13T14:46:10.547+08:00,RUN_20260913_121444,124,9180518,SESSION_007,0,0,8190,4,32.41,62.32,1005.35,4.2,1,LOW
2026-09-13T14:46:11.370+08:00,RUN_20260913_121444,125,9181341,SESSION_007,0,0,8190,4,32.41,62.32,1005.35,4.2,1,LOW
2026-09-13T14:46:12.373+08:00,RUN_20260913_121444,126,9182344,SESSION_007,1,0,8190,4,32.41,62.38,1005.35,4.2,1,LOW
2026-09-13T14:46:13.376+08:00,RUN_20260913_121444,127,9183347,SESSION_007,0,0,8190,4,32.41,62.35,1005.35,4.2,1,LOW
2026-09-13T14:46:14.379+08:00,RUN_20260913_121444,128,9184350,SESSION_007,0,0,8190,4,32.41,62.41,1005.35,4.2,1,LOW
2026-09-13T14:46:15.382+08:00,RUN_20260913_121444,129,9185353,SESSION_007,0,0,8190,4,32.41,62.31,1005.35,4.2,1,LOW
2026-09-13T14:46:16.385+08:00,RUN_20260913_121444,130,9186356,SESSION_007,1,0,8190,4,32.41,62.32,1005.35,4.2,1,LOW
2026-09-13T14:46:17.570+08:00,RUN_20260913_121444,131,9187541,SESSION_007,1,0,8190,4,32.41,62.38,1005.35,4.2,1,LOW
2026-09-13T14:46:18.393+08:00,RUN_20260913_121444,132,9188364,SESSION_007,0,0,8190,4,32.41,62.30,1005.35,4.2,1,LOW
2026-09-13T14:46:19.396+08:00,RUN_20260913_121444,133,9189367,SESSION_007,0,0,8190,4,32.41,62.35,1005.35,4.2,1,LOW
2026-09-13T14:46:20.399+08:00,RUN_20260913_121444,134,9190370,SESSION_007,1,0,8190,4,32.41,62.24,1005.35,4.2,1,LOW
2026-09-13T14:46:21.402+08:00,RUN_20260913_121444,135,9191373,SESSION_007,1,0,8190,4,32.41,62.25,1005.35,4.2,1,LOW
2026-09-13T14:46:22.405+08:00,RUN_20260913_121444,136,9192376,SESSION_007,0,0,8190,4,32.41,62.32,1005.34,4.2,1,LOW
2026-09-13T14:46:23.408+08:00,RUN_20260913_121444,137,9193379,SESSION_007,0,0,8190,4,32.41,62.37,1005.34,4.2,1,LOW
2026-09-13T14:46:24.411+08:00,RUN_20260913_121444,138,9194382,SESSION_007,0,0,8190,4,32.41,62.29,1005.34,4.2,1,LOW
2026-09-13T14:46:25.414+08:00,RUN_20260913_121444,139,9195385,SESSION_007,0,0,8190,4,32.41,62.28,1005.33,4.2,1,LOW
2026-09-13T14:46:26.417+08:00,RUN_20260913_121444,140,9196388,SESSION_007,0,0,8190,4,32.40,62.25,1005.33,4.2,1,LOW
2026-09-13T14:46:27.420+08:00,RUN_20260913_121444,141,9197391,SESSION_007,0,0,8190,4,32.40,62.26,1005.33,4.2,1,LOW
2026-09-13T14:46:28.605+08:00,RUN_20260913_121444,142,9198576,SESSION_007,0,0,8190,4,32.41,62.24,1005.33,4.2,1,LOW
2026-09-13T14:46:29.610+08:00,RUN_20260913_121444,143,9199581,SESSION_007,0,0,8190,4,32.41,62.30,1005.34,4.2,1,LOW
2026-09-13T14:46:30.433+08:00,RUN_20260913_121444,144,9200404,SESSION_007,0,0,8190,4,32.41,62.26,1005.34,4.2,1,LOW
2026-09-13T14:46:31.436+08:00,RUN_20260913_121444,145,9201407,SESSION_007,0,0,8190,4,32.40,62.32,1005.34,4.2,1,LOW
2026-09-13T14:46:32.621+08:00,RUN_20260913_121444,146,9202592,SESSION_007,0,0,8190,4,32.40,62.26,1005.34,4.2,1,LOW
2026-09-13T14:46:33.626+08:00,RUN_20260913_121444,147,9203597,SESSION_007,0,0,8190,4,32.41,62.26,1005.35,4.2,1,LOW
2026-09-13T14:46:34.631+08:00,RUN_20260913_121444,148,9204602,SESSION_007,0,0,8190,4,32.40,62.30,1005.34,4.2,1,LOW
2026-09-13T14:46:35.454+08:00,RUN_20260913_121444,149,9205425,SESSION_007,1,0,8190,4,32.40,62.29,1005.34,4.2,1,LOW
2026-09-13T14:46:36.457+08:00,RUN_20260913_121444,150,9206428,SESSION_007,0,0,8190,4,32.40,62.25,1005.34,4.2,1,LOW
2026-09-13T14:46:37.460+08:00,RUN_20260913_121444,151,9207431,SESSION_007,0,0,8190,4,32.40,62.38,1005.34,4.2,1,LOW
2026-09-13T14:46:38.463+08:00,RUN_20260913_121444,152,9208434,SESSION_007,0,0,8190,4,32.40,62.30,1005.35,4.2,1,LOW
2026-09-13T14:46:39.466+08:00,RUN_20260913_121444,153,9209437,SESSION_007,0,0,8190,4,32.40,62.40,1005.35,4.2,1,LOW
2026-09-13T14:46:40.651+08:00,RUN_20260913_121444,154,9210622,SESSION_007,0,0,8190,4,32.40,62.41,1005.35,4.2,1,LOW
2026-09-13T14:46:41.656+08:00,RUN_20260913_121444,155,9211627,SESSION_007,0,0,8190,4,32.40,62.42,1005.35,4.2,1,LOW
2026-09-13T14:46:42.479+08:00,RUN_20260913_121444,156,9212450,SESSION_007,0,0,8190,4,32.40,62.42,1005.35,4.2,1,LOW
2026-09-13T14:46:43.664+08:00,RUN_20260913_121444,157,9213635,SESSION_007,0,0,8190,4,32.40,62.40,1005.35,4.2,1,LOW
2026-09-13T14:46:44.487+08:00,RUN_20260913_121444,158,9214458,SESSION_007,0,0,8190,4,32.40,62.41,1005.34,4.2,1,LOW
2026-09-13T14:46:45.490+08:00,RUN_20260913_121444,159,9215461,SESSION_007,0,0,8190,4,32.41,62.44,1005.35,4.2,1,LOW
2026-09-13T14:46:46.675+08:00,RUN_20260913_121444,160,9216646,SESSION_007,0,0,8190,4,32.41,62.38,1005.35,4.2,1,LOW
2026-09-13T14:46:47.680+08:00,RUN_20260913_121444,161,9217651,SESSION_007,0,0,8190,4,32.41,62.37,1005.34,4.2,1,LOW
2026-09-13T14:46:48.503+08:00,RUN_20260913_121444,162,9218474,SESSION_007,0,0,8190,4,32.41,62.44,1005.34,4.2,1,LOW
2026-09-13T14:46:49.688+08:00,RUN_20260913_121444,163,9219659,SESSION_007,0,0,8191,2,32.41,62.44,1005.34,4.2,1,LOW
2026-09-13T14:46:50.693+08:00,RUN_20260913_121444,164,9220664,SESSION_007,0,0,8190,4,32.41,62.40,1005.34,4.2,1,LOW
2026-09-13T14:46:51.698+08:00,RUN_20260913_121444,165,9221669,SESSION_007,1,0,8190,4,32.40,62.40,1005.33,4.2,1,LOW
2026-09-13T14:46:52.703+08:00,RUN_20260913_121444,166,9222674,SESSION_007,0,0,8190,4,32.40,62.49,1005.33,4.2,1,LOW
2026-09-13T14:46:53.708+08:00,RUN_20260913_121444,167,9223679,SESSION_007,0,0,499,0,32.41,62.50,1005.33,4.2,1,LOW
2026-09-13T14:46:54.713+08:00,RUN_20260913_121444,168,9224684,SESSION_007,0,1,598,0,32.41,62.49,1005.33,4.2,1,LOW
2026-09-13T14:46:55.718+08:00,RUN_20260913_121444,169,9225689,SESSION_007,0,1,8191,2,32.41,62.40,1005.33,4.2,1,LOW
2026-09-13T14:46:56.723+08:00,RUN_20260913_121444,170,9226694,SESSION_007,0,0,8191,2,32.41,62.48,1005.33,4.2,1,LOW
2026-09-13T14:46:57.728+08:00,RUN_20260913_121444,171,9227699,SESSION_007,0,0,8191,2,32.41,62.49,1005.33,4.2,1,LOW
2026-09-13T14:46:58.733+08:00,RUN_20260913_121444,172,9228704,SESSION_007,0,0,8191,2,32.41,62.53,1005.33,4.2,1,LOW
2026-09-13T14:46:59.738+08:00,RUN_20260913_121444,173,9229709,SESSION_007,0,1,8191,2,32.41,62.49,1005.33,4.2,1,LOW
2026-09-13T14:47:00.743+08:00,RUN_20260913_121444,174,9230714,SESSION_007,0,1,634,0,32.41,62.66,1005.33,4.2,1,LOW
2026-09-13T14:47:01.748+08:00,RUN_20260913_121444,175,9231719,SESSION_007,0,0,636,0,32.41,62.92,1005.33,4.2,1,LOW
2026-09-13T14:47:02.753+08:00,RUN_20260913_121444,176,9232724,SESSION_007,0,0,8191,2,32.41,62.84,1005.33,4.2,1,LOW
2026-09-13T14:47:03.758+08:00,RUN_20260913_121444,177,9233729,SESSION_007,0,0,8191,2,32.41,62.93,1005.33,4.2,1,LOW
2026-09-13T14:47:04.763+08:00,RUN_20260913_121444,178,9234734,SESSION_007,0,1,322,0,32.41,62.98,1005.33,4.2,1,LOW
2026-09-13T14:47:05.768+08:00,RUN_20260913_121444,179,9235739,SESSION_007,0,0,430,0,32.41,62.89,1005.33,4.2,1,LOW
2026-09-13T14:47:06.773+08:00,RUN_20260913_121444,180,9236744,SESSION_007,0,0,8190,4,32.41,62.91,1005.34,4.2,1,LOW
2026-09-13T14:47:07.778+08:00,RUN_20260913_121444,181,9237749,SESSION_007,0,1,283,0,32.41,62.90,1005.34,4.2,1,LOW
2026-09-13T14:47:08.783+08:00,RUN_20260913_121444,182,9238754,SESSION_007,0,0,301,0,32.41,62.85,1005.34,4.2,1,LOW
2026-09-13T14:47:09.788+08:00,RUN_20260913_121444,183,9239759,SESSION_007,0,0,502,0,32.41,62.77,1005.34,4.2,1,LOW
2026-09-13T14:47:10.793+08:00,RUN_20260913_121444,184,9240764,SESSION_007,0,1,394,0,32.41,62.86,1005.34,4.2,1,LOW
2026-09-13T14:47:11.798+08:00,RUN_20260913_121444,185,9241769,SESSION_007,0,1,851,0,32.41,62.79,1005.34,4.2,1,LOW
2026-09-13T14:47:12.803+08:00,RUN_20260913_121444,186,9242774,SESSION_007,0,0,737,0,32.41,62.75,1005.34,4.2,1,LOW
2026-09-13T14:47:13.808+08:00,RUN_20260913_121444,187,9243779,SESSION_007,0,0,757,1,32.41,62.75,1005.34,4.2,1,LOW
2026-09-13T14:47:14.813+08:00,RUN_20260913_121444,188,9244784,SESSION_007,0,1,8190,4,32.41,62.77,1005.34,4.2,1,LOW
2026-09-13T14:47:15.818+08:00,RUN_20260913_121444,189,9245789,SESSION_007,0,0,8191,2,32.41,62.85,1005.34,4.2,1,LOW
2026-09-13T14:47:16.823+08:00,RUN_20260913_121444,190,9246794,SESSION_007,0,0,8191,2,32.41,62.86,1005.34,4.2,1,LOW
2026-09-13T14:47:17.828+08:00,RUN_20260913_121444,191,9247799,SESSION_007,0,0,8191,2,32.41,62.90,1005.35,4.2,1,LOW
2026-09-13T14:47:18.833+08:00,RUN_20260913_121444,192,9248804,SESSION_007,0,0,8191,2,32.41,62.92,1005.35,4.2,1,LOW
2026-09-13T14:47:19.838+08:00,RUN_20260913_121444,193,9249809,SESSION_007,0,0,8191,2,32.41,62.97,1005.34,4.2,1,LOW
2026-09-13T14:47:20.843+08:00,RUN_20260913_121444,194,9250814,SESSION_007,0,0,8191,2,32.41,63.03,1005.35,4.2,1,LOW
2026-09-13T14:47:21.848+08:00,RUN_20260913_121444,195,9251819,SESSION_007,0,0,973,0,32.42,62.96,1005.35,4.2,1,LOW
2026-09-13T14:47:22.853+08:00,RUN_20260913_121444,196,9252824,SESSION_007,0,0,8190,4,32.42,62.93,1005.35,4.2,1,LOW
2026-09-13T14:47:23.858+08:00,RUN_20260913_121444,197,9253829,SESSION_007,0,0,8191,2,32.42,62.92,1005.35,4.2,1,LOW
2026-09-13T14:47:24.863+08:00,RUN_20260913_121444,198,9254834,SESSION_007,0,0,8191,2,32.42,62.96,1005.35,4.2,1,LOW
2026-09-13T14:47:25.868+08:00,RUN_20260913_121444,199,9255839,SESSION_007,0,0,584,0,32.42,62.84,1005.35,4.2,1,LOW
2026-09-13T14:47:26.873+08:00,RUN_20260913_121444,200,9256844,SESSION_007,0,0,577,0,32.42,62.91,1005.35,4.2,1,LOW
2026-09-13T14:47:27.878+08:00,RUN_20260913_121444,201,9257849,SESSION_007,0,0,551,0,32.42,62.88,1005.35,4.2,1,LOW
2026-09-13T14:47:28.883+08:00,RUN_20260913_121444,202,9258854,SESSION_007,0,0,561,0,32.42,62.79,1005.36,4.2,1,LOW
2026-09-13T14:47:29.888+08:00,RUN_20260913_121444,203,9259859,SESSION_007,0,0,572,0,32.42,62.84,1005.35,4.2,1,LOW
2026-09-13T14:47:30.893+08:00,RUN_20260913_121444,204,9260864,SESSION_007,0,0,572,0,32.42,62.74,1005.35,4.2,1,LOW
2026-09-13T14:47:31.898+08:00,RUN_20260913_121444,205,9261869,SESSION_007,0,0,613,0,32.42,62.79,1005.35,4.2,1,LOW
2026-09-13T14:47:32.903+08:00,RUN_20260913_121444,206,9262874,SESSION_007,0,0,714,0,32.42,62.77,1005.35,4.2,1,LOW
2026-09-13T14:47:33.908+08:00,RUN_20260913_121444,207,9263879,SESSION_007,0,0,813,0,32.42,62.66,1005.36,4.2,1,LOW
2026-09-13T14:47:34.913+08:00,RUN_20260913_121444,208,9264884,SESSION_007,0,0,753,0,32.42,62.67,1005.36,4.2,1,LOW
2026-09-13T14:47:35.918+08:00,RUN_20260913_121444,209,9265889,SESSION_007,0,1,674,0,32.42,62.65,1005.36,4.2,1,LOW
2026-09-13T14:47:36.923+08:00,RUN_20260913_121444,210,9266894,SESSION_007,0,1,710,0,32.42,62.65,1005.36,4.2,1,LOW
2026-09-13T14:47:37.928+08:00,RUN_20260913_121444,211,9267899,SESSION_007,0,1,677,0,32.42,62.70,1005.36,4.2,1,LOW
2026-09-13T14:47:38.933+08:00,RUN_20260913_121444,212,9268904,SESSION_007,0,1,645,0,32.42,62.65,1005.35,4.2,1,LOW
2026-09-13T14:47:39.938+08:00,RUN_20260913_121444,213,9269909,SESSION_007,0,0,530,0,32.42,62.70,1005.35,4.2,1,LOW
2026-09-13T14:47:40.943+08:00,RUN_20260913_121444,214,9270914,SESSION_007,0,0,536,0,32.42,62.62,1005.35,4.2,1,LOW
2026-09-13T14:47:41.948+08:00,RUN_20260913_121444,215,9271919,SESSION_007,0,0,575,0,32.42,62.70,1005.35,4.2,1,LOW
2026-09-13T14:47:42.953+08:00,RUN_20260913_121444,216,9272924,SESSION_007,0,1,8190,4,32.42,62.77,1005.36,4.2,1,LOW
2026-09-13T14:47:43.776+08:00,RUN_20260913_121444,217,9273747,SESSION_007,0,1,8190,4,32.42,62.80,1005.36,4.2,1,LOW
2026-09-13T14:47:44.779+08:00,RUN_20260913_121444,218,9274750,SESSION_007,0,1,8190,4,32.42,62.97,1005.37,4.2,1,LOW
2026-09-13T14:47:45.782+08:00,RUN_20260913_121444,219,9275753,SESSION_007,0,1,8190,4,32.42,63.03,1005.37,4.2,1,LOW
2026-09-13T14:47:46.785+08:00,RUN_20260913_121444,220,9276756,SESSION_007,0,1,8190,4,32.42,63.00,1005.36,4.2,1,LOW
2026-09-13T14:47:47.788+08:00,RUN_20260913_121444,221,9277759,SESSION_007,0,0,8190,4,32.42,62.97,1005.36,4.2,1,LOW
2026-09-13T14:47:48.791+08:00,RUN_20260913_121444,222,9278762,SESSION_007,0,0,8190,4,32.43,62.92,1005.37,4.2,1,LOW
2026-09-13T14:47:49.794+08:00,RUN_20260913_121444,223,9279765,SESSION_007,0,0,8190,4,32.43,62.92,1005.37,4.2,1,LOW
2026-09-13T14:47:50.797+08:00,RUN_20260913_121444,224,9280768,SESSION_007,0,0,8190,4,32.43,62.96,1005.37,4.2,1,LOW
2026-09-13T14:47:51.800+08:00,RUN_20260913_121444,225,9281771,SESSION_007,0,0,8190,4,32.43,62.85,1005.37,4.2,1,LOW
2026-09-13T14:47:52.803+08:00,RUN_20260913_121444,226,9282774,SESSION_007,0,0,8190,4,32.43,62.84,1005.37,4.2,1,LOW
2026-09-13T14:47:53.988+08:00,RUN_20260913_121444,227,9283959,SESSION_007,0,0,8190,4,32.43,62.79,1005.37,4.2,1,LOW
2026-09-13T14:47:54.811+08:00,RUN_20260913_121444,228,9284782,SESSION_007,0,0,8190,4,32.43,62.82,1005.37,4.2,1,LOW
2026-09-13T14:47:55.814+08:00,RUN_20260913_121444,229,9285785,SESSION_007,0,0,8190,4,32.43,62.79,1005.37,4.2,1,LOW
2026-09-13T14:47:56.817+08:00,RUN_20260913_121444,230,9286788,SESSION_007,0,0,8190,4,32.43,62.71,1005.37,4.2,1,LOW
2026-09-13T14:47:57.820+08:00,RUN_20260913_121444,231,9287791,SESSION_007,0,0,8190,4,32.43,62.67,1005.37,4.2,1,LOW
2026-09-13T14:47:59.005+08:00,RUN_20260913_121444,232,9288976,SESSION_007,0,0,8190,4,32.43,62.76,1005.37,4.2,1,LOW
2026-09-13T14:47:59.828+08:00,RUN_20260913_121444,233,9289799,SESSION_007,0,1,8190,4,32.43,62.65,1005.37,4.2,1,LOW
2026-09-13T14:48:00.831+08:00,RUN_20260913_121444,234,9290802,SESSION_007,0,0,8190,4,32.43,62.64,1005.37,4.2,1,LOW
2026-09-13T14:48:02.016+08:00,RUN_20260913_121444,235,9291987,SESSION_007,0,0,8190,4,32.43,62.64,1005.37,4.2,1,LOW
2026-09-13T14:48:02.839+08:00,RUN_20260913_121444,236,9292810,SESSION_007,0,0,8190,4,32.43,62.66,1005.36,4.2,1,LOW
2026-09-13T14:48:03.842+08:00,RUN_20260913_121444,237,9293813,SESSION_007,0,1,8190,4,32.43,62.68,1005.36,4.2,1,LOW
2026-09-13T14:48:04.845+08:00,RUN_20260913_121444,238,9294816,SESSION_007,0,1,8190,4,32.43,62.60,1005.36,4.2,1,LOW
2026-09-13T14:48:05.848+08:00,RUN_20260913_121444,239,9295819,SESSION_007,0,1,8190,4,32.43,62.61,1005.36,4.2,1,LOW
2026-09-13T14:48:07.033+08:00,RUN_20260913_121444,240,9297004,SESSION_007,0,1,8190,4,32.43,62.62,1005.36,4.2,1,LOW
2026-09-13T14:48:08.038+08:00,RUN_20260913_121444,241,9298009,SESSION_007,0,0,392,0,32.43,62.61,1005.36,4.2,1,LOW
2026-09-13T14:48:09.043+08:00,RUN_20260913_121444,242,9299014,SESSION_007,0,0,729,0,32.43,62.57,1005.36,4.2,1,LOW
2026-09-13T14:48:09.866+08:00,RUN_20260913_121444,243,9299837,SESSION_007,0,0,8190,4,32.43,62.68,1005.35,4.2,1,LOW
2026-09-13T14:48:10.869+08:00,RUN_20260913_121444,244,9300840,SESSION_007,1,1,8190,4,32.43,62.66,1005.35,4.2,1,LOW
2026-09-13T14:48:11.872+08:00,RUN_20260913_121444,245,9301843,SESSION_007,1,0,8190,4,32.43,62.66,1005.35,4.2,1,LOW
2026-09-13T14:48:12.875+08:00,RUN_20260913_121444,246,9302846,SESSION_007,0,0,8190,4,32.43,62.65,1005.35,4.2,1,LOW
2026-09-13T14:48:13.878+08:00,RUN_20260913_121444,247,9303849,SESSION_007,0,0,8190,4,32.43,62.57,1005.35,4.2,1,LOW
2026-09-13T14:48:14.881+08:00,RUN_20260913_121444,248,9304852,SESSION_007,0,0,8190,4,32.43,62.55,1005.35,4.2,1,LOW
2026-09-13T14:48:15.884+08:00,RUN_20260913_121444,249,9305855,SESSION_007,1,0,8190,4,32.43,62.64,1005.35,4.2,1,LOW
2026-09-13T14:48:16.887+08:00,RUN_20260913_121444,250,9306858,SESSION_007,0,0,8190,4,32.43,62.54,1005.35,4.2,1,LOW
2026-09-13T14:48:18.072+08:00,RUN_20260913_121444,251,9308043,SESSION_007,0,0,8190,4,32.43,62.49,1005.35,4.2,1,LOW
2026-09-13T14:48:18.895+08:00,RUN_20260913_121444,252,9308866,SESSION_007,1,0,8190,4,32.43,62.59,1005.34,4.2,1,LOW
2026-09-13T14:48:19.898+08:00,RUN_20260913_121444,253,9309869,SESSION_007,1,0,8190,4,32.43,62.52,1005.34,4.2,1,LOW
2026-09-13T14:48:21.083+08:00,RUN_20260913_121444,254,9311054,SESSION_007,0,0,484,0,32.43,62.52,1005.34,4.2,1,LOW
2026-09-13T14:48:21.906+08:00,RUN_20260913_121444,255,9311877,SESSION_007,0,1,8190,4,32.43,62.58,1005.34,4.2,1,LOW
2026-09-13T14:48:22.909+08:00,RUN_20260913_121444,256,9312880,SESSION_007,1,1,8190,4,32.43,62.65,1005.34,4.2,1,LOW
2026-09-13T14:48:23.912+08:00,RUN_20260913_121444,257,9313883,SESSION_007,0,1,8190,4,32.43,62.76,1005.34,4.2,1,LOW
2026-09-13T14:48:24.915+08:00,RUN_20260913_121444,258,9314886,SESSION_007,0,0,8190,4,32.43,62.77,1005.34,4.2,1,LOW
2026-09-13T14:48:25.918+08:00,RUN_20260913_121444,259,9315889,SESSION_007,0,0,8190,4,32.43,62.86,1005.34,4.2,1,LOW
2026-09-13T14:48:26.921+08:00,RUN_20260913_121444,260,9316892,SESSION_007,0,1,8190,4,32.43,62.78,1005.33,4.2,1,LOW
2026-09-13T14:48:27.924+08:00,RUN_20260913_121444,261,9317895,SESSION_007,0,0,8190,4,32.43,62.78,1005.33,4.2,1,LOW
2026-09-13T14:48:28.927+08:00,RUN_20260913_121444,262,9318898,SESSION_007,0,0,8190,4,32.43,62.77,1005.33,4.2,1,LOW
2026-09-13T14:48:30.112+08:00,RUN_20260913_121444,263,9320083,SESSION_007,0,1,8190,4,32.43,62.75,1005.33,4.2,1,LOW
2026-09-13T14:48:30.935+08:00,RUN_20260913_121444,264,9320906,SESSION_007,0,1,8190,4,32.43,62.72,1005.33,4.2,1,LOW
2026-09-13T14:48:32.120+08:00,RUN_20260913_121444,265,9322091,SESSION_007,0,0,8190,4,32.43,62.76,1005.33,4.2,1,LOW
2026-09-13T14:48:32.943+08:00,RUN_20260913_121444,266,9322914,SESSION_007,0,0,8190,4,32.43,62.68,1005.32,4.2,1,LOW
2026-09-13T14:48:34.128+08:00,RUN_20260913_121444,267,9324099,SESSION_007,1,0,8190,4,32.43,62.76,1005.32,4.2,1,LOW
2026-09-13T14:48:34.951+08:00,RUN_20260913_121444,268,9324922,SESSION_007,0,1,8190,4,32.43,62.72,1005.32,4.2,1,LOW
2026-09-13T14:48:35.954+08:00,RUN_20260913_121444,269,9325925,SESSION_007,0,0,8190,4,32.43,62.70,1005.32,4.2,1,LOW
2026-09-13T14:48:37.139+08:00,RUN_20260913_121444,270,9327110,SESSION_007,1,0,8190,4,32.43,62.61,1005.32,4.2,1,LOW
2026-09-13T14:48:37.962+08:00,RUN_20260913_121444,271,9327933,SESSION_007,0,0,8190,4,32.43,62.67,1005.32,4.2,1,LOW
2026-09-13T14:48:39.147+08:00,RUN_20260913_121444,272,9329118,SESSION_007,0,0,8190,4,32.43,62.57,1005.32,4.2,1,LOW
2026-09-13T14:48:39.970+08:00,RUN_20260913_121444,273,9329941,SESSION_007,0,0,8190,4,32.43,62.55,1005.32,4.2,1,LOW
2026-09-13T14:48:40.973+08:00,RUN_20260913_121444,274,9330944,SESSION_007,1,1,8190,4,32.43,62.54,1005.32,4.2,1,LOW
2026-09-13T14:48:41.976+08:00,RUN_20260913_121444,275,9331947,SESSION_007,0,1,8190,4,32.43,62.64,1005.32,4.2,1,LOW
2026-09-13T14:48:42.979+08:00,RUN_20260913_121444,276,9332950,SESSION_007,0,1,8190,4,32.43,62.63,1005.32,4.2,1,LOW
2026-09-13T14:48:44.164+08:00,RUN_20260913_121444,277,9334135,SESSION_007,0,0,8190,4,32.43,62.55,1005.31,4.2,1,LOW
2026-09-13T14:48:44.987+08:00,RUN_20260913_121444,278,9334958,SESSION_007,0,0,8190,4,32.43,62.58,1005.31,4.2,1,LOW
2026-09-13T14:48:45.990+08:00,RUN_20260913_121444,279,9335961,SESSION_007,0,1,8190,4,32.43,62.58,1005.31,4.2,1,LOW
2026-09-13T14:48:46.993+08:00,RUN_20260913_121444,280,9336964,SESSION_007,0,1,8190,4,32.43,62.67,1005.31,4.2,1,LOW
2026-09-13T14:48:47.996+08:00,RUN_20260913_121444,281,9337967,SESSION_007,0,0,8190,4,32.43,62.62,1005.31,4.2,1,LOW
2026-09-13T14:48:48.999+08:00,RUN_20260913_121444,282,9338970,SESSION_007,0,0,8190,4,32.43,62.54,1005.31,4.2,1,LOW
2026-09-13T14:48:50.184+08:00,RUN_20260913_121444,283,9340155,SESSION_007,0,0,8190,4,32.43,62.54,1005.31,4.2,1,LOW
2026-09-13T14:48:51.007+08:00,RUN_20260913_121444,284,9340978,SESSION_007,0,1,8190,4,32.43,62.59,1005.30,4.2,1,LOW
2026-09-13T14:48:52.010+08:00,RUN_20260913_121444,285,9341981,SESSION_007,0,1,8190,4,32.43,62.57,1005.30,4.2,1,LOW
2026-09-13T14:48:53.195+08:00,RUN_20260913_121444,286,9343166,SESSION_007,0,0,8190,4,32.43,62.60,1005.30,4.2,1,LOW
2026-09-13T14:48:54.200+08:00,RUN_20260913_121444,287,9344171,SESSION_007,0,0,498,0,32.43,62.68,1005.30,4.2,1,LOW
2026-09-13T14:48:55.023+08:00,RUN_20260913_121444,288,9344994,SESSION_007,0,0,8190,4,32.43,62.70,1005.30,4.2,1,LOW
2026-09-13T14:48:56.026+08:00,RUN_20260913_121444,289,9345997,SESSION_007,0,1,8190,4,32.43,62.62,1005.30,4.2,1,LOW
2026-09-13T14:48:57.029+08:00,RUN_20260913_121444,290,9347000,SESSION_007,1,1,8190,4,32.43,62.58,1005.30,4.2,1,LOW
2026-09-13T14:48:58.032+08:00,RUN_20260913_121444,291,9348003,SESSION_007,0,0,8190,4,32.43,62.55,1005.30,4.2,1,LOW
2026-09-13T14:48:59.035+08:00,RUN_20260913_121444,292,9349006,SESSION_007,1,0,8190,4,32.43,62.58,1005.30,4.2,1,LOW
2026-09-13T14:49:00.038+08:00,RUN_20260913_121444,293,9350009,SESSION_007,1,0,8190,4,32.43,62.58,1005.31,4.2,1,LOW
2026-09-13T14:49:01.041+08:00,RUN_20260913_121444,294,9351012,SESSION_007,0,0,8190,4,32.43,62.60,1005.31,4.2,1,LOW
2026-09-13T14:49:02.044+08:00,RUN_20260913_121444,295,9352015,SESSION_007,1,0,8190,4,32.43,62.70,1005.30,4.2,1,LOW
2026-09-13T14:49:03.047+08:00,RUN_20260913_121444,296,9353018,SESSION_007,0,0,8190,4,32.43,62.77,1005.30,4.2,1,LOW
2026-09-13T14:49:04.050+08:00,RUN_20260913_121444,297,9354021,SESSION_007,0,0,8190,4,32.43,62.76,1005.30,4.2,1,LOW
2026-09-13T14:49:05.053+08:00,RUN_20260913_121444,298,9355024,SESSION_007,1,0,8190,4,32.43,62.67,1005.30,4.2,1,LOW
2026-09-13T14:49:06.056+08:00,RUN_20260913_121444,299,9356027,SESSION_007,1,0,8190,4,32.43,62.66,1005.30,4.2,1,LOW
2026-09-13T14:49:07.059+08:00,RUN_20260913_121444,300,9357030,SESSION_007,0,0,8190,4,32.43,62.71,1005.30,4.2,1,LOW
2026-09-13T14:49:08.062+08:00,RUN_20260913_121444,301,9358033,SESSION_007,0,0,8190,4,32.43,62.77,1005.30,4.2,1,LOW
2026-09-13T14:49:09.065+08:00,RUN_20260913_121444,302,9359036,SESSION_007,1,0,8190,4,32.43,62.81,1005.30,4.2,1,LOW
2026-09-13T14:49:10.250+08:00,RUN_20260913_121444,303,9360221,SESSION_007,1,0,633,0,32.43,62.81,1005.30,4.2,1,LOW
2026-09-13T14:49:11.255+08:00,RUN_20260913_121444,304,9361226,SESSION_007,0,0,545,0,32.43,62.88,1005.30,4.2,1,LOW
2026-09-13T14:49:12.078+08:00,RUN_20260913_121444,305,9362049,SESSION_007,0,1,8190,4,32.43,62.76,1005.30,4.2,1,LOW
2026-09-13T14:49:13.081+08:00,RUN_20260913_121444,306,9363052,SESSION_007,0,1,8190,4,32.43,62.84,1005.29,4.2,1,LOW
2026-09-13T14:49:14.084+08:00,RUN_20260913_121444,307,9364055,SESSION_007,0,0,8190,4,32.43,62.85,1005.29,4.2,1,LOW
2026-09-13T14:49:15.087+08:00,RUN_20260913_121444,308,9365058,SESSION_007,0,0,8190,4,32.43,62.78,1005.29,4.2,1,LOW
2026-09-13T14:49:16.272+08:00,RUN_20260913_121444,309,9366243,SESSION_007,0,1,8190,4,32.43,62.81,1005.29,4.2,1,LOW
2026-09-13T14:49:17.095+08:00,RUN_20260913_121444,310,9367066,SESSION_007,0,1,8190,4,32.43,62.75,1005.29,4.2,1,LOW
2026-09-13T14:49:18.098+08:00,RUN_20260913_121444,311,9368069,SESSION_007,0,1,8190,4,32.43,62.69,1005.28,4.2,1,LOW
2026-09-13T14:49:19.283+08:00,RUN_20260913_121444,312,9369254,SESSION_007,0,0,528,0,32.43,62.71,1005.28,4.2,1,LOW
2026-09-13T14:49:20.288+08:00,RUN_20260913_121444,313,9370259,SESSION_007,0,0,569,0,32.43,62.70,1005.28,4.2,1,LOW
2026-09-13T14:49:21.293+08:00,RUN_20260913_121444,314,9371264,SESSION_007,0,0,8190,4,32.43,62.70,1005.28,4.2,1,LOW
2026-09-13T14:49:22.116+08:00,RUN_20260913_121444,315,9372087,SESSION_007,0,1,8190,4,32.43,62.63,1005.28,4.2,1,LOW
2026-09-13T14:49:23.119+08:00,RUN_20260913_121444,316,9373090,SESSION_007,1,1,8190,4,32.43,62.65,1005.28,4.2,1,LOW
2026-09-13T14:49:24.122+08:00,RUN_20260913_121444,317,9374093,SESSION_007,0,0,8190,4,32.43,62.71,1005.27,4.2,1,LOW
2026-09-13T14:49:25.125+08:00,RUN_20260913_121444,318,9375096,SESSION_007,0,0,8190,4,32.43,62.70,1005.27,4.2,1,LOW
2026-09-13T14:49:26.128+08:00,RUN_20260913_121444,319,9376099,SESSION_007,0,0,8190,4,32.43,62.70,1005.27,4.2,1,LOW
2026-09-13T14:49:27.131+08:00,RUN_20260913_121444,320,9377102,SESSION_007,0,0,8190,4,32.43,62.69,1005.27,4.2,1,LOW
2026-09-13T14:49:28.134+08:00,RUN_20260913_121444,321,9378105,SESSION_007,1,0,8190,4,32.43,62.67,1005.27,4.2,1,LOW
2026-09-13T14:49:29.137+08:00,RUN_20260913_121444,322,9379108,SESSION_007,1,0,8190,4,32.43,62.66,1005.26,4.2,1,LOW
2026-09-13T14:49:30.140+08:00,RUN_20260913_121444,323,9380111,SESSION_007,1,0,8190,4,32.43,62.71,1005.26,4.2,1,LOW
2026-09-13T14:49:31.143+08:00,RUN_20260913_121444,324,9381114,SESSION_007,0,0,8190,4,32.43,62.65,1005.26,4.2,1,LOW
2026-09-13T14:49:32.328+08:00,RUN_20260913_121444,325,9382299,SESSION_007,0,0,8190,4,32.43,62.65,1005.26,4.2,1,LOW
2026-09-13T14:49:33.333+08:00,RUN_20260913_121444,326,9383304,SESSION_007,0,0,929,0,32.43,62.66,1005.26,4.2,1,LOW
2026-09-13T14:49:34.156+08:00,RUN_20260913_121444,327,9384127,SESSION_007,0,0,8190,4,32.43,62.69,1005.26,4.2,1,LOW
2026-09-13T14:49:35.159+08:00,RUN_20260913_121444,328,9385130,SESSION_007,0,0,8190,4,32.43,62.73,1005.26,4.2,1,LOW
2026-09-13T14:49:36.162+08:00,RUN_20260913_121444,329,9386133,SESSION_007,0,1,8190,4,32.43,62.71,1005.26,4.2,1,LOW
2026-09-13T14:49:37.165+08:00,RUN_20260913_121444,330,9387136,SESSION_007,0,0,8190,4,32.43,62.71,1005.26,4.2,1,LOW
2026-09-13T14:49:38.168+08:00,RUN_20260913_121444,331,9388139,SESSION_007,0,0,8190,4,32.43,62.72,1005.26,4.2,1,LOW
2026-09-13T14:49:39.171+08:00,RUN_20260913_121444,332,9389142,SESSION_007,0,0,8190,4,32.43,62.72,1005.25,4.2,1,LOW
2026-09-13T14:49:40.174+08:00,RUN_20260913_121444,333,9390145,SESSION_007,0,0,8190,4,32.43,62.82,1005.26,4.2,1,LOW
2026-09-13T14:49:41.177+08:00,RUN_20260913_121444,334,9391148,SESSION_007,0,0,8190,4,32.43,62.73,1005.26,4.2,1,LOW
2026-09-13T14:49:42.362+08:00,RUN_20260913_121444,335,9392333,SESSION_007,0,0,8190,4,32.43,62.76,1005.26,4.2,1,LOW
2026-09-13T14:49:43.185+08:00,RUN_20260913_121444,336,9393156,SESSION_007,0,0,8190,4,32.43,62.75,1005.25,4.2,1,LOW
2026-09-13T14:49:44.188+08:00,RUN_20260913_121444,337,9394159,SESSION_007,0,0,8190,4,32.43,62.73,1005.25,4.2,1,LOW
2026-09-13T14:49:45.191+08:00,RUN_20260913_121444,338,9395162,SESSION_007,0,0,8190,4,32.43,62.79,1005.25,4.2,1,LOW
2026-09-13T14:49:46.194+08:00,RUN_20260913_121444,339,9396165,SESSION_007,0,0,8190,4,32.43,62.70,1005.25,4.2,1,LOW
2026-09-13T14:49:47.379+08:00,RUN_20260913_121444,340,9397350,SESSION_007,0,0,8190,4,32.43,62.72,1005.25,4.2,1,LOW
2026-09-13T14:49:48.384+08:00,RUN_20260913_121444,341,9398355,SESSION_007,0,0,8190,4,32.43,62.70,1005.25,4.2,1,LOW
2026-09-13T14:49:49.389+08:00,RUN_20260913_121444,342,9399360,SESSION_007,0,0,8190,4,32.43,62.72,1005.25,4.2,1,LOW
2026-09-13T14:49:50.394+08:00,RUN_20260913_121444,343,9400365,SESSION_007,0,0,8190,4,32.43,62.71,1005.25,4.2,1,LOW
2026-09-13T14:49:51.399+08:00,RUN_20260913_121444,344,9401370,SESSION_007,0,0,8190,4,32.43,62.70,1005.25,4.2,1,LOW
2026-09-13T14:49:52.404+08:00,RUN_20260913_121444,345,9402375,SESSION_007,0,0,8190,4,32.43,62.71,1005.25,4.2,1,LOW
2026-09-13T14:49:53.227+08:00,RUN_20260913_121444,346,9403198,SESSION_007,0,0,8190,4,32.43,62.78,1005.24,4.2,1,LOW
2026-09-13T14:49:54.230+08:00,RUN_20260913_121444,347,9404201,SESSION_007,0,0,8190,4,32.43,62.72,1005.24,4.2,1,LOW
2026-09-13T14:49:55.233+08:00,RUN_20260913_121444,348,9405204,SESSION_007,0,0,8190,4,32.43,62.82,1005.25,4.2,1,LOW
2026-09-13T14:49:56.418+08:00,RUN_20260913_121444,349,9406389,SESSION_007,0,1,8190,4,32.43,62.71,1005.25,4.2,1,LOW
2026-09-13T14:49:57.423+08:00,RUN_20260913_121444,350,9407394,SESSION_007,0,0,8190,4,32.43,62.73,1005.25,4.2,1,LOW
2026-09-13T14:49:58.428+08:00,RUN_20260913_121444,351,9408399,SESSION_007,0,0,8190,4,32.43,62.75,1005.24,4.2,1,LOW
2026-09-13T14:49:59.251+08:00,RUN_20260913_121444,352,9409222,SESSION_007,0,1,8190,4,32.43,62.81,1005.24,4.2,1,LOW
2026-09-13T14:50:00.254+08:00,RUN_20260913_121444,353,9410225,SESSION_007,0,1,8190,4,32.43,62.75,1005.24,4.2,1,LOW
2026-09-13T14:50:01.257+08:00,RUN_20260913_121444,354,9411228,SESSION_007,0,1,8190,4,32.43,62.71,1005.24,4.2,1,LOW
2026-09-13T14:50:02.260+08:00,RUN_20260913_121444,355,9412231,SESSION_007,0,1,8190,4,32.43,62.79,1005.24,4.2,1,LOW
2026-09-13T14:50:03.263+08:00,RUN_20260913_121444,356,9413234,SESSION_007,0,0,8190,4,32.43,62.72,1005.24,4.2,1,LOW
2026-09-13T14:50:04.266+08:00,RUN_20260913_121444,357,9414237,SESSION_007,0,0,8190,4,32.44,62.72,1005.25,4.2,1,LOW
2026-09-13T14:50:05.269+08:00,RUN_20260913_121444,358,9415240,SESSION_007,0,1,8190,4,32.44,62.83,1005.25,4.2,1,LOW
2026-09-13T14:50:06.272+08:00,RUN_20260913_121444,359,9416243,SESSION_007,0,1,8190,4,32.44,62.73,1005.25,4.2,1,LOW
2026-09-13T14:50:07.275+08:00,RUN_20260913_121444,360,9417246,SESSION_007,0,1,8190,4,32.44,62.78,1005.25,4.2,1,LOW
2026-09-13T14:50:08.460+08:00,RUN_20260913_121444,361,9418431,SESSION_007,0,1,486,0,32.44,62.78,1005.25,4.2,1,LOW
2026-09-13T14:50:09.465+08:00,RUN_20260913_121444,362,9419436,SESSION_007,0,0,8190,4,32.44,62.71,1005.25,4.2,1,LOW
2026-09-13T14:50:10.288+08:00,RUN_20260913_121444,363,9420259,SESSION_007,0,0,8190,4,32.44,62.76,1005.24,4.2,1,LOW
2026-09-13T14:50:11.291+08:00,RUN_20260913_121444,364,9421262,SESSION_007,0,1,8190,4,32.44,62.79,1005.24,4.2,1,LOW
2026-09-13T14:50:12.294+08:00,RUN_20260913_121444,365,9422265,SESSION_007,0,1,8190,4,32.44,62.90,1005.24,4.2,1,LOW
2026-09-13T14:50:13.297+08:00,RUN_20260913_121444,366,9423268,SESSION_007,0,0,8190,4,32.44,62.84,1005.24,4.2,1,LOW
2026-09-13T14:50:14.300+08:00,RUN_20260913_121444,367,9424271,SESSION_007,0,0,8190,4,32.44,62.83,1005.24,4.2,1,LOW
2026-09-13T14:50:15.303+08:00,RUN_20260913_121444,368,9425274,SESSION_007,0,0,8190,4,32.44,62.90,1005.24,4.2,1,LOW
2026-09-13T14:50:16.306+08:00,RUN_20260913_121444,369,9426277,SESSION_007,1,0,8190,4,32.44,62.84,1005.24,4.2,1,LOW
2026-09-13T14:50:17.309+08:00,RUN_20260913_121444,370,9427280,SESSION_007,0,0,8190,4,32.44,62.76,1005.24,4.2,1,LOW
2026-09-13T14:50:18.312+08:00,RUN_20260913_121444,371,9428283,SESSION_007,0,0,8190,4,32.44,62.75,1005.24,4.2,1,LOW
2026-09-13T14:50:19.315+08:00,RUN_20260913_121444,372,9429286,SESSION_007,0,0,8190,4,32.44,62.72,1005.24,4.2,1,LOW
2026-09-13T14:50:20.318+08:00,RUN_20260913_121444,373,9430289,SESSION_007,0,0,8190,4,32.44,62.72,1005.24,4.2,1,LOW
2026-09-13T14:50:21.503+08:00,RUN_20260913_121444,374,9431474,SESSION_007,0,0,8190,4,32.44,62.71,1005.24,4.2,1,LOW
2026-09-13T14:50:22.508+08:00,RUN_20260913_121444,375,9432479,SESSION_007,0,0,8190,4,32.44,62.75,1005.24,4.2,1,LOW
2026-09-13T14:50:23.331+08:00,RUN_20260913_121444,376,9433302,SESSION_007,1,0,8190,4,32.44,62.84,1005.24,4.2,1,LOW
2026-09-13T14:50:24.334+08:00,RUN_20260913_121444,377,9434305,SESSION_007,0,0,8190,4,32.44,62.77,1005.24,4.2,1,LOW
2026-09-13T14:50:25.337+08:00,RUN_20260913_121444,378,9435308,SESSION_007,0,0,8190,4,32.44,62.77,1005.23,4.2,1,LOW
2026-09-13T14:50:26.340+08:00,RUN_20260913_121444,379,9436311,SESSION_007,1,0,8190,4,32.44,62.88,1005.24,4.2,1,LOW
2026-09-13T14:50:27.343+08:00,RUN_20260913_121444,380,9437314,SESSION_007,0,0,8190,4,32.44,62.84,1005.24,4.2,1,LOW
2026-09-13T14:50:28.346+08:00,RUN_20260913_121444,381,9438317,SESSION_007,0,0,8190,4,32.44,62.90,1005.24,4.2,1,LOW
2026-09-13T14:50:29.531+08:00,RUN_20260913_121444,382,9439502,SESSION_007,1,0,563,0,32.44,62.90,1005.23,4.2,1,LOW
2026-09-13T14:50:30.354+08:00,RUN_20260913_121444,383,9440325,SESSION_007,1,0,8190,4,32.44,62.94,1005.23,4.2,1,LOW
2026-09-13T14:50:31.357+08:00,RUN_20260913_121444,384,9441328,SESSION_007,0,1,8190,4,32.44,62.89,1005.23,4.2,1,LOW
2026-09-13T14:50:32.360+08:00,RUN_20260913_121444,385,9442331,SESSION_007,0,0,8190,4,32.44,62.97,1005.23,4.2,1,LOW
2026-09-13T14:50:33.363+08:00,RUN_20260913_121444,386,9443334,SESSION_007,0,0,8190,4,32.44,62.82,1005.23,4.2,1,LOW
2026-09-13T14:50:34.366+08:00,RUN_20260913_121444,387,9444337,SESSION_007,0,1,8190,4,32.44,62.82,1005.23,4.2,1,LOW
2026-09-13T14:50:35.551+08:00,RUN_20260913_121444,388,9445522,SESSION_007,0,1,8190,4,32.44,62.82,1005.23,4.2,1,LOW
2026-09-13T14:50:36.374+08:00,RUN_20260913_121444,389,9446345,SESSION_007,0,0,8190,4,32.44,62.83,1005.23,4.2,1,LOW
2026-09-13T14:50:37.377+08:00,RUN_20260913_121444,390,9447348,SESSION_007,0,0,8190,4,32.44,62.94,1005.23,4.2,1,LOW
2026-09-13T14:50:38.380+08:00,RUN_20260913_121444,391,9448351,SESSION_007,0,1,8190,4,32.44,62.83,1005.24,4.2,1,LOW
2026-09-13T14:50:39.565+08:00,RUN_20260913_121444,392,9449536,SESSION_007,0,1,455,0,32.44,62.79,1005.23,4.2,1,LOW
2026-09-13T14:50:40.570+08:00,RUN_20260913_121444,393,9450541,SESSION_007,0,1,649,0,32.44,62.84,1005.23,4.2,1,LOW
2026-09-13T14:50:41.393+08:00,RUN_20260913_121444,394,9451364,SESSION_007,0,0,8190,4,32.44,62.87,1005.23,4.2,1,LOW
2026-09-13T14:50:42.396+08:00,RUN_20260913_121444,395,9452367,SESSION_007,1,0,8190,4,32.44,62.90,1005.23,4.2,1,LOW
2026-09-13T14:50:43.399+08:00,RUN_20260913_121444,396,9453370,SESSION_007,0,1,8190,4,32.44,62.91,1005.23,4.2,1,LOW
2026-09-13T14:50:44.402+08:00,RUN_20260913_121444,397,9454373,SESSION_007,0,0,8190,4,32.44,62.84,1005.23,4.2,1,LOW
2026-09-13T14:50:45.405+08:00,RUN_20260913_121444,398,9455376,SESSION_007,1,0,8190,4,32.44,62.83,1005.23,4.2,1,LOW
2026-09-13T14:50:46.408+08:00,RUN_20260913_121444,399,9456379,SESSION_007,0,0,8190,4,32.44,62.79,1005.23,4.2,1,LOW
2026-09-13T14:50:47.593+08:00,RUN_20260913_121444,400,9457564,SESSION_007,0,0,509,0,32.44,62.79,1005.23,4.2,1,LOW
2026-09-13T14:50:48.598+08:00,RUN_20260913_121444,401,9458569,SESSION_007,1,0,363,0,32.44,62.84,1005.23,4.2,1,LOW
2026-09-13T14:50:49.603+08:00,RUN_20260913_121444,402,9459574,SESSION_007,1,0,369,0,32.44,62.79,1005.23,4.2,1,LOW
2026-09-13T14:50:50.608+08:00,RUN_20260913_121444,403,9460579,SESSION_007,0,0,457,0,32.44,62.76,1005.23,4.2,1,LOW
2026-09-13T14:50:51.613+08:00,RUN_20260913_121444,404,9461584,SESSION_007,0,0,490,0,32.44,62.76,1005.23,4.2,1,LOW
2026-09-13T14:50:52.618+08:00,RUN_20260913_121444,405,9462589,SESSION_007,0,1,436,0,32.44,62.83,1005.23,4.2,1,LOW
2026-09-13T14:50:53.623+08:00,RUN_20260913_121444,406,9463594,SESSION_007,0,0,450,0,32.44,62.89,1005.23,4.2,1,LOW
2026-09-13T14:50:54.628+08:00,RUN_20260913_121444,407,9464599,SESSION_007,0,0,448,0,32.44,62.82,1005.23,4.2,1,LOW
2026-09-13T14:50:55.633+08:00,RUN_20260913_121444,408,9465604,SESSION_007,0,0,449,0,32.44,62.84,1005.23,4.2,1,LOW
2026-09-13T14:50:56.638+08:00,RUN_20260913_121444,409,9466609,SESSION_007,0,0,443,0,32.44,62.94,1005.23,4.2,1,LOW
2026-09-13T14:50:57.643+08:00,RUN_20260913_121444,410,9467614,SESSION_007,0,0,458,0,32.44,62.84,1005.23,4.2,1,LOW
2026-09-13T14:50:58.648+08:00,RUN_20260913_121444,411,9468619,SESSION_007,0,0,460,0,32.44,62.83,1005.23,4.2,1,LOW
2026-09-13T14:50:59.653+08:00,RUN_20260913_121444,412,9469624,SESSION_007,0,0,454,0,32.44,62.87,1005.23,4.2,1,LOW
2026-09-13T14:51:00.658+08:00,RUN_20260913_121444,413,9470629,SESSION_007,0,0,466,0,32.44,62.82,1005.23,4.2,1,LOW
2026-09-13T14:51:01.663+08:00,RUN_20260913_121444,414,9471634,SESSION_007,0,0,429,0,32.44,62.88,1005.23,4.2,1,LOW
2026-09-13T14:51:02.668+08:00,RUN_20260913_121444,415,9472639,SESSION_007,0,0,463,0,32.44,62.84,1005.23,4.2,1,LOW
2026-09-13T14:51:03.673+08:00,RUN_20260913_121444,416,9473644,SESSION_007,0,0,610,0,32.44,62.85,1005.23,4.2,1,LOW
2026-09-13T14:51:04.678+08:00,RUN_20260913_121444,417,9474649,SESSION_007,0,0,591,0,32.44,62.88,1005.23,4.2,1,LOW
2026-09-13T14:51:05.683+08:00,RUN_20260913_121444,418,9475654,SESSION_007,0,0,588,0,32.44,62.97,1005.22,4.2,1,LOW
2026-09-13T14:51:06.688+08:00,RUN_20260913_121444,419,9476659,SESSION_007,0,0,586,0,32.44,62.89,1005.22,4.2,1,LOW
2026-09-13T14:51:07.693+08:00,RUN_20260913_121444,420,9477664,SESSION_007,0,0,583,0,32.44,62.89,1005.22,4.2,1,LOW
2026-09-13T14:51:08.698+08:00,RUN_20260913_121444,421,9478669,SESSION_007,0,0,588,0,32.44,62.92,1005.23,4.2,1,LOW
2026-09-13T14:51:09.703+08:00,RUN_20260913_121444,422,9479674,SESSION_007,0,0,588,0,32.44,63.00,1005.23,4.2,1,LOW
2026-09-13T14:51:10.708+08:00,RUN_20260913_121444,423,9480679,SESSION_007,0,0,594,0,32.44,62.89,1005.23,4.2,1,LOW
2026-09-13T14:51:11.713+08:00,RUN_20260913_121444,424,9481684,SESSION_007,0,0,590,0,32.44,62.93,1005.23,4.2,1,LOW
2026-09-13T14:51:12.718+08:00,RUN_20260913_121444,425,9482689,SESSION_007,0,0,596,0,32.44,62.87,1005.23,4.2,1,LOW
2026-09-13T14:51:13.723+08:00,RUN_20260913_121444,426,9483694,SESSION_007,0,0,598,0,32.44,62.89,1005.23,4.2,1,LOW
2026-09-13T14:51:14.728+08:00,RUN_20260913_121444,427,9484699,SESSION_007,0,0,600,0,32.44,62.96,1005.23,4.2,1,LOW
2026-09-13T14:51:15.733+08:00,RUN_20260913_121444,428,9485704,SESSION_007,0,0,600,0,32.44,62.85,1005.23,4.2,1,LOW
2026-09-13T14:51:16.738+08:00,RUN_20260913_121444,429,9486709,SESSION_007,0,0,605,0,32.44,62.92,1005.23,4.2,1,LOW
2026-09-13T14:51:17.743+08:00,RUN_20260913_121444,430,9487714,SESSION_007,0,0,607,0,32.45,62.94,1005.24,4.2,1,LOW
2026-09-13T14:51:18.748+08:00,RUN_20260913_121444,431,9488719,SESSION_007,0,0,609,0,32.44,62.84,1005.23,4.2,1,LOW
2026-09-13T14:51:19.753+08:00,RUN_20260913_121444,432,9489724,SESSION_007,0,0,603,0,32.45,62.85,1005.24,4.2,1,LOW
2026-09-13T14:51:20.758+08:00,RUN_20260913_121444,433,9490729,SESSION_007,0,0,554,0,32.45,62.87,1005.23,4.2,1,LOW
2026-09-13T14:51:21.763+08:00,RUN_20260913_121444,434,9491734,SESSION_007,0,1,584,0,32.45,62.87,1005.23,4.2,1,LOW
2026-09-13T14:51:22.768+08:00,RUN_20260913_121444,435,9492739,SESSION_007,0,0,501,0,32.45,62.88,1005.23,4.2,1,LOW
2026-09-13T14:51:23.591+08:00,RUN_20260913_121444,436,9493562,SESSION_007,0,0,8190,4,32.45,62.88,1005.23,4.2,1,LOW
2026-09-13T14:51:24.594+08:00,RUN_20260913_121444,437,9494565,SESSION_007,0,1,8190,4,32.45,62.88,1005.23,4.2,1,LOW
2026-09-13T14:51:25.597+08:00,RUN_20260913_121444,438,9495568,SESSION_007,0,1,8190,4,32.45,62.90,1005.23,4.2,1,LOW
2026-09-13T14:51:26.600+08:00,RUN_20260913_121444,439,9496571,SESSION_007,0,1,8190,4,32.45,62.90,1005.23,4.2,1,LOW
2026-09-13T14:51:27.603+08:00,RUN_20260913_121444,440,9497574,SESSION_007,0,1,8190,4,32.45,62.88,1005.23,4.2,1,LOW
2026-09-13T14:51:28.788+08:00,RUN_20260913_121444,441,9498759,SESSION_007,0,1,8190,4,32.45,62.88,1005.24,4.2,1,LOW
2026-09-13T14:51:29.611+08:00,RUN_20260913_121444,442,9499582,SESSION_007,0,1,8190,4,32.45,62.88,1005.23,4.2,1,LOW
2026-09-13T14:51:30.614+08:00,RUN_20260913_121444,443,9500585,SESSION_007,0,1,8190,4,32.45,62.88,1005.24,4.2,1,LOW
2026-09-13T14:51:31.617+08:00,RUN_20260913_121444,444,9501588,SESSION_007,0,0,8190,4,32.45,62.87,1005.23,4.2,1,LOW
2026-09-13T14:51:32.802+08:00,RUN_20260913_121444,445,9502773,SESSION_007,0,0,8190,4,32.45,62.88,1005.23,4.2,1,LOW
2026-09-13T14:51:33.625+08:00,RUN_20260913_121444,446,9503596,SESSION_007,0,1,8190,4,32.45,62.86,1005.23,4.2,1,LOW
2026-09-13T14:51:34.628+08:00,RUN_20260913_121444,447,9504599,SESSION_007,0,1,8190,4,32.45,62.88,1005.23,4.2,1,LOW
2026-09-13T14:51:35.631+08:00,RUN_20260913_121444,448,9505602,SESSION_007,0,0,8190,4,32.45,62.82,1005.23,4.2,1,LOW
2026-09-13T14:51:36.634+08:00,RUN_20260913_121444,449,9506605,SESSION_007,0,0,8190,4,32.45,62.82,1005.23,4.2,1,LOW
2026-09-13T14:51:37.637+08:00,RUN_20260913_121444,450,9507608,SESSION_007,0,1,8190,4,32.45,62.83,1005.23,4.2,1,LOW
2026-09-13T14:51:38.640+08:00,RUN_20260913_121444,451,9508611,SESSION_007,0,1,8190,4,32.45,62.88,1005.23,4.2,1,LOW
2026-09-13T14:51:39.643+08:00,RUN_20260913_121444,452,9509614,SESSION_007,0,1,8190,4,32.45,62.89,1005.23,4.2,1,LOW
2026-09-13T14:51:40.828+08:00,RUN_20260913_121444,453,9510799,SESSION_007,0,0,383,0,32.45,62.84,1005.23,4.2,1,LOW
2026-09-13T14:51:41.833+08:00,RUN_20260913_121444,454,9511804,SESSION_007,0,0,8190,4,32.45,62.87,1005.23,4.2,1,LOW
2026-09-13T14:51:42.656+08:00,RUN_20260913_121444,455,9512627,SESSION_007,1,0,8190,4,32.45,62.99,1005.23,4.2,1,LOW
2026-09-13T14:51:43.659+08:00,RUN_20260913_121444,456,9513630,SESSION_007,1,1,8190,4,32.45,62.95,1005.23,4.2,1,LOW
2026-09-13T14:51:44.662+08:00,RUN_20260913_121444,457,9514633,SESSION_007,1,0,8190,4,32.45,62.96,1005.23,4.2,1,LOW
2026-09-13T14:51:45.665+08:00,RUN_20260913_121444,458,9515636,SESSION_007,1,0,8190,4,32.45,62.88,1005.23,4.2,1,LOW
2026-09-13T14:51:46.668+08:00,RUN_20260913_121444,459,9516639,SESSION_007,0,0,8190,4,32.45,62.95,1005.23,4.2,1,LOW
2026-09-13T14:51:47.671+08:00,RUN_20260913_121444,460,9517642,SESSION_007,0,0,8190,4,32.45,62.84,1005.23,4.2,1,LOW
2026-09-13T14:51:48.674+08:00,RUN_20260913_121444,461,9518645,SESSION_007,1,0,8190,4,32.45,62.84,1005.23,4.2,1,LOW
2026-09-13T14:51:49.677+08:00,RUN_20260913_121444,462,9519648,SESSION_007,0,0,8190,4,32.45,62.86,1005.23,4.2,1,LOW
2026-09-13T14:51:50.680+08:00,RUN_20260913_121444,463,9520651,SESSION_007,0,0,8190,4,32.45,62.82,1005.24,4.2,1,LOW
2026-09-13T14:51:51.683+08:00,RUN_20260913_121444,464,9521654,SESSION_007,1,0,8190,4,32.45,62.81,1005.24,4.2,1,LOW
2026-09-13T14:51:52.686+08:00,RUN_20260913_121444,465,9522657,SESSION_007,0,0,8190,4,32.45,62.83,1005.24,4.2,1,LOW
2026-09-13T14:51:53.871+08:00,RUN_20260913_121444,466,9523842,SESSION_007,0,0,512,0,32.45,62.95,1005.24,4.2,1,LOW
2026-09-13T14:51:54.694+08:00,RUN_20260913_121444,467,9524665,SESSION_007,1,0,8190,4,32.45,62.87,1005.24,4.2,1,LOW
2026-09-13T14:51:55.879+08:00,RUN_20260913_121444,468,9525850,SESSION_007,0,1,707,0,32.45,62.94,1005.24,4.2,1,LOW
2026-09-13T14:51:56.884+08:00,RUN_20260913_121444,469,9526855,SESSION_007,0,0,950,0,32.45,62.84,1005.24,4.2,1,LOW
2026-09-13T14:51:57.889+08:00,RUN_20260913_121444,470,9527860,SESSION_007,0,0,672,0,32.45,62.84,1005.24,4.2,1,LOW
2026-09-13T14:51:58.894+08:00,RUN_20260913_121444,471,9528865,SESSION_007,0,1,8190,4,32.45,62.96,1005.24,4.2,1,LOW
2026-09-13T14:51:59.899+08:00,RUN_20260913_121444,472,9529870,SESSION_007,0,1,8190,4,32.45,62.90,1005.24,4.2,1,LOW
2026-09-13T14:52:00.722+08:00,RUN_20260913_121444,473,9530693,SESSION_007,0,1,8190,4,32.45,62.95,1005.23,4.2,1,LOW
2026-09-13T14:52:01.725+08:00,RUN_20260913_121444,474,9531696,SESSION_007,0,0,8190,4,32.45,63.06,1005.23,4.2,1,LOW
2026-09-13T14:52:02.728+08:00,RUN_20260913_121444,475,9532699,SESSION_007,0,0,8190,4,32.45,63.08,1005.23,4.2,1,LOW
2026-09-13T14:52:03.731+08:00,RUN_20260913_121444,476,9533702,SESSION_007,0,0,8190,4,32.45,63.12,1005.23,4.2,1,LOW
2026-09-13T14:52:04.734+08:00,RUN_20260913_121444,477,9534705,SESSION_007,0,1,8190,4,32.45,63.01,1005.23,4.2,1,LOW
2026-09-13T14:52:05.737+08:00,RUN_20260913_121444,478,9535708,SESSION_007,0,1,8190,4,32.45,63.10,1005.23,4.2,1,LOW
2026-09-13T14:52:06.740+08:00,RUN_20260913_121444,479,9536711,SESSION_007,0,0,8190,4,32.45,63.05,1005.23,4.2,1,LOW
2026-09-13T14:52:07.743+08:00,RUN_20260913_121444,480,9537714,SESSION_007,0,0,8190,4,32.45,63.04,1005.24,4.2,1,LOW
2026-09-13T14:52:08.746+08:00,RUN_20260913_121444,481,9538717,SESSION_007,0,0,8190,4,32.45,62.99,1005.24,4.2,1,LOW
2026-09-13T14:52:09.749+08:00,RUN_20260913_121444,482,9539720,SESSION_007,0,0,8190,4,32.45,62.98,1005.24,4.2,1,LOW
2026-09-13T14:52:10.752+08:00,RUN_20260913_121444,483,9540723,SESSION_007,0,0,8190,4,32.45,63.04,1005.24,4.2,1,LOW
2026-09-13T14:52:11.755+08:00,RUN_20260913_121444,484,9541726,SESSION_007,0,0,8190,4,32.45,62.90,1005.24,4.2,1,LOW
2026-09-13T14:52:12.758+08:00,RUN_20260913_121444,485,9542729,SESSION_007,0,1,8190,4,32.45,62.94,1005.25,4.2,1,LOW
2026-09-13T14:52:13.761+08:00,RUN_20260913_121444,486,9543732,SESSION_007,0,0,8190,4,32.45,62.94,1005.25,4.2,1,LOW
2026-09-13T14:52:14.764+08:00,RUN_20260913_121444,487,9544735,SESSION_007,0,0,8190,4,32.45,62.92,1005.25,4.2,1,LOW
2026-09-13T14:52:15.767+08:00,RUN_20260913_121444,488,9545738,SESSION_007,0,0,8190,4,32.45,63.00,1005.25,4.2,1,LOW
2026-09-13T14:52:16.770+08:00,RUN_20260913_121444,489,9546741,SESSION_007,0,1,8190,4,32.45,62.88,1005.25,4.2,1,LOW
2026-09-13T14:52:17.955+08:00,RUN_20260913_121444,490,9547926,SESSION_007,0,0,8190,4,32.45,62.98,1005.25,4.2,1,LOW
2026-09-13T14:52:18.778+08:00,RUN_20260913_121444,491,9548749,SESSION_007,0,0,8190,4,32.45,62.86,1005.25,4.2,1,LOW
2026-09-13T14:52:19.781+08:00,RUN_20260913_121444,492,9549752,SESSION_007,0,0,8190,4,32.45,62.94,1005.25,4.2,1,LOW
2026-09-13T14:52:20.966+08:00,RUN_20260913_121444,493,9550937,SESSION_007,0,0,8190,4,32.45,62.87,1005.25,4.2,1,LOW
2026-09-13T14:52:21.789+08:00,RUN_20260913_121444,494,9551760,SESSION_007,0,0,8190,4,32.45,62.98,1005.25,4.2,1,LOW
2026-09-13T14:52:22.792+08:00,RUN_20260913_121444,495,9552763,SESSION_007,0,0,8190,4,32.45,62.88,1005.25,4.2,1,LOW
2026-09-13T14:52:23.795+08:00,RUN_20260913_121444,496,9553766,SESSION_007,0,0,8190,4,32.45,62.99,1005.25,4.2,1,LOW
2026-09-13T14:52:24.798+08:00,RUN_20260913_121444,497,9554769,SESSION_007,0,0,8190,4,32.45,62.92,1005.24,4.2,1,LOW
2026-09-13T14:52:25.801+08:00,RUN_20260913_121444,498,9555772,SESSION_007,0,0,8190,4,32.45,62.94,1005.25,4.2,1,LOW
2026-09-13T14:52:26.804+08:00,RUN_20260913_121444,499,9556775,SESSION_007,0,0,8190,4,32.45,62.94,1005.24,4.2,1,LOW
2026-09-13T14:52:27.807+08:00,RUN_20260913_121444,500,9557778,SESSION_007,0,1,8190,4,32.45,62.93,1005.24,4.2,1,LOW
2026-09-13T14:52:28.810+08:00,RUN_20260913_121444,501,9558781,SESSION_007,0,0,8190,4,32.45,63.01,1005.24,4.2,1,LOW
2026-09-13T14:52:29.813+08:00,RUN_20260913_121444,502,9559784,SESSION_007,0,0,8190,4,32.45,62.92,1005.24,4.2,1,LOW
2026-09-13T14:52:30.816+08:00,RUN_20260913_121444,503,9560787,SESSION_007,0,1,8190,4,32.45,63.01,1005.24,4.2,1,LOW
2026-09-13T14:52:31.819+08:00,RUN_20260913_121444,504,9561790,SESSION_007,0,0,8190,4,32.45,62.93,1005.24,4.2,1,LOW
2026-09-13T14:52:33.004+08:00,RUN_20260913_121444,505,9562975,SESSION_007,0,0,8190,4,32.45,62.98,1005.24,4.2,1,LOW
2026-09-13T14:52:33.827+08:00,RUN_20260913_121444,506,9563798,SESSION_007,0,0,8190,4,32.45,62.88,1005.24,4.2,1,LOW
2026-09-13T14:52:35.012+08:00,RUN_20260913_121444,507,9564983,SESSION_007,0,1,8190,4,32.45,62.88,1005.24,4.2,1,LOW
2026-09-13T14:52:35.835+08:00,RUN_20260913_121444,508,9565806,SESSION_007,0,1,8190,4,32.45,62.87,1005.24,4.2,1,LOW
2026-09-13T14:52:36.838+08:00,RUN_20260913_121444,509,9566809,SESSION_007,0,0,8190,4,32.45,62.87,1005.23,4.2,1,LOW
2026-09-13T14:52:37.841+08:00,RUN_20260913_121444,510,9567812,SESSION_007,0,0,8190,4,32.45,62.87,1005.23,4.2,1,LOW
2026-09-13T14:52:38.844+08:00,RUN_20260913_121444,511,9568815,SESSION_007,0,1,8190,4,32.45,62.88,1005.23,4.2,1,LOW
2026-09-13T14:52:40.029+08:00,RUN_20260913_121444,512,9570000,SESSION_007,0,0,449,0,32.45,62.93,1005.23,4.2,1,LOW
2026-09-13T14:52:40.852+08:00,RUN_20260913_121444,513,9570823,SESSION_007,0,0,8190,4,32.45,62.94,1005.23,4.2,1,LOW
2026-09-13T14:52:41.855+08:00,RUN_20260913_121444,514,9571826,SESSION_007,0,1,8190,4,32.45,62.92,1005.23,4.2,1,LOW
2026-09-13T14:52:43.040+08:00,RUN_20260913_121444,515,9573011,SESSION_007,1,0,8190,4,32.45,62.90,1005.23,4.2,1,LOW
2026-09-13T14:52:43.863+08:00,RUN_20260913_121444,516,9573834,SESSION_007,0,0,8190,4,32.45,63.01,1005.24,4.2,1,LOW
2026-09-13T14:52:44.866+08:00,RUN_20260913_121444,517,9574837,SESSION_007,0,0,8190,4,32.45,62.98,1005.24,4.2,1,LOW
2026-09-13T14:52:46.051+08:00,RUN_20260913_121444,518,9576022,SESSION_007,1,0,8190,4,32.45,63.06,1005.24,4.2,1,LOW
2026-09-13T14:52:46.874+08:00,RUN_20260913_121444,519,9576845,SESSION_007,0,0,8190,4,32.45,62.98,1005.24,4.2,1,LOW
2026-09-13T14:52:47.877+08:00,RUN_20260913_121444,520,9577848,SESSION_007,0,0,8190,4,32.45,63.02,1005.24,4.2,1,LOW
2026-09-13T14:52:48.880+08:00,RUN_20260913_121444,521,9578851,SESSION_007,0,0,8190,4,32.45,62.90,1005.24,4.2,1,LOW
2026-09-13T14:52:49.883+08:00,RUN_20260913_121444,522,9579854,SESSION_007,1,0,8190,4,32.45,62.88,1005.24,4.2,1,LOW
2026-09-13T14:52:50.886+08:00,RUN_20260913_121444,523,9580857,SESSION_007,0,0,8190,4,32.45,62.89,1005.24,4.2,1,LOW
2026-09-13T14:52:51.889+08:00,RUN_20260913_121444,524,9581860,SESSION_007,0,0,8190,4,32.45,62.94,1005.24,4.2,1,LOW
2026-09-13T14:52:52.892+08:00,RUN_20260913_121444,525,9582863,SESSION_007,1,0,8190,4,32.45,62.93,1005.24,4.2,1,LOW
2026-09-13T14:52:54.077+08:00,RUN_20260913_121444,526,9584048,SESSION_007,0,0,544,0,32.45,62.95,1005.24,4.2,1,LOW
2026-09-13T14:52:55.082+08:00,RUN_20260913_121444,527,9585053,SESSION_007,0,0,8190,4,32.45,62.95,1005.25,4.2,1,LOW
2026-09-13T14:52:55.905+08:00,RUN_20260913_121444,528,9585876,SESSION_007,0,1,8190,4,32.45,62.94,1005.25,4.2,1,LOW
2026-09-13T14:52:56.908+08:00,RUN_20260913_121444,529,9586879,SESSION_007,0,1,8190,4,32.45,62.94,1005.25,4.2,1,LOW
2026-09-13T14:52:57.911+08:00,RUN_20260913_121444,530,9587882,SESSION_007,0,1,8190,4,32.45,62.98,1005.25,4.2,1,LOW
2026-09-13T14:52:58.914+08:00,RUN_20260913_121444,531,9588885,SESSION_007,0,1,8190,4,32.45,62.89,1005.25,4.2,1,LOW
2026-09-13T14:53:00.099+08:00,RUN_20260913_121444,532,9590070,SESSION_007,0,0,8190,4,32.45,62.92,1005.25,4.2,1,LOW
2026-09-13T14:53:00.922+08:00,RUN_20260913_121444,533,9590893,SESSION_007,0,0,8190,4,32.45,62.99,1005.25,4.2,1,LOW
2026-09-13T14:53:01.925+08:00,RUN_20260913_121444,534,9591896,SESSION_007,0,1,8190,4,32.45,62.94,1005.25,4.2,1,LOW
2026-09-13T14:53:02.928+08:00,RUN_20260913_121444,535,9592899,SESSION_007,0,1,8190,4,32.45,62.90,1005.25,4.2,1,LOW
2026-09-13T14:53:03.931+08:00,RUN_20260913_121444,536,9593902,SESSION_007,0,0,8190,4,32.45,63.00,1005.25,4.2,1,LOW
2026-09-13T14:53:04.934+08:00,RUN_20260913_121444,537,9594905,SESSION_007,0,0,8190,4,32.45,62.93,1005.25,4.2,1,LOW
2026-09-13T14:53:05.937+08:00,RUN_20260913_121444,538,9595908,SESSION_007,0,0,8190,4,32.45,62.90,1005.26,4.2,1,LOW
2026-09-13T14:53:06.940+08:00,RUN_20260913_121444,539,9596911,SESSION_007,0,0,8190,4,32.45,62.93,1005.26,4.2,1,LOW
2026-09-13T14:53:07.943+08:00,RUN_20260913_121444,540,9597914,SESSION_007,0,0,8190,4,32.45,63.00,1005.26,4.2,1,LOW
2026-09-13T14:53:08.946+08:00,RUN_20260913_121444,541,9598917,SESSION_007,0,0,8190,4,32.45,62.94,1005.26,4.2,1,LOW
2026-09-13T14:53:09.949+08:00,RUN_20260913_121444,542,9599920,SESSION_007,0,0,8190,4,32.45,63.02,1005.26,4.2,1,LOW
2026-09-13T14:53:10.952+08:00,RUN_20260913_121444,543,9600923,SESSION_007,0,0,8190,4,32.45,62.95,1005.26,4.2,1,LOW
2026-09-13T14:53:11.955+08:00,RUN_20260913_121444,544,9601926,SESSION_007,0,0,8190,4,32.45,62.95,1005.26,4.2,1,LOW
2026-09-13T14:53:12.958+08:00,RUN_20260913_121444,545,9602929,SESSION_007,0,0,8190,4,32.45,62.94,1005.27,4.2,1,LOW
2026-09-13T14:53:14.143+08:00,RUN_20260913_121444,546,9604114,SESSION_007,0,0,8190,4,32.45,63.01,1005.27,4.2,1,LOW
2026-09-13T14:53:14.966+08:00,RUN_20260913_121444,547,9604937,SESSION_007,0,0,8190,4,32.45,62.99,1005.27,4.2,1,LOW
2026-09-13T14:53:16.151+08:00,RUN_20260913_121444,548,9606122,SESSION_007,0,0,8190,4,32.45,63.01,1005.27,4.2,1,LOW
2026-09-13T14:53:16.974+08:00,RUN_20260913_121444,549,9606945,SESSION_007,0,0,8190,4,32.45,63.00,1005.27,4.2,1,LOW
2026-09-13T14:53:17.977+08:00,RUN_20260913_121444,550,9607948,SESSION_007,0,0,8190,4,32.45,62.95,1005.27,4.2,1,LOW
2026-09-13T14:53:18.980+08:00,RUN_20260913_121444,551,9608951,SESSION_007,0,0,8190,4,32.45,63.01,1005.27,4.2,1,LOW
2026-09-13T14:53:20.165+08:00,RUN_20260913_121444,552,9610136,SESSION_007,0,0,8190,4,32.45,63.02,1005.27,4.2,1,LOW
2026-09-13T14:53:21.170+08:00,RUN_20260913_121444,553,9611141,SESSION_007,0,1,8190,4,32.45,62.93,1005.27,4.2,1,LOW
2026-09-13T14:53:21.993+08:00,RUN_20260913_121444,554,9611964,SESSION_007,0,0,8190,4,32.45,62.95,1005.27,4.2,1,LOW
2026-09-13T14:53:22.996+08:00,RUN_20260913_121444,555,9612967,SESSION_007,0,0,8190,4,32.45,62.94,1005.27,4.2,1,LOW
2026-09-13T14:53:23.999+08:00,RUN_20260913_121444,556,9613970,SESSION_007,0,0,8190,4,32.45,62.94,1005.26,4.2,1,LOW
2026-09-13T14:53:25.002+08:00,RUN_20260913_121444,557,9614973,SESSION_007,0,0,8190,4,32.45,62.93,1005.26,4.2,1,LOW
2026-09-13T14:53:26.005+08:00,RUN_20260913_121444,558,9615976,SESSION_007,0,0,8190,4,32.45,62.94,1005.26,4.2,1,LOW
2026-09-13T14:53:27.008+08:00,RUN_20260913_121444,559,9616979,SESSION_007,0,0,8190,4,32.45,62.96,1005.26,4.2,1,LOW
2026-09-13T14:53:28.011+08:00,RUN_20260913_121444,560,9617982,SESSION_007,0,1,8190,4,32.45,62.95,1005.26,4.2,1,LOW
2026-09-13T14:53:29.196+08:00,RUN_20260913_121444,561,9619167,SESSION_007,0,0,414,0,32.45,63.05,1005.26,4.2,1,LOW
2026-09-13T14:53:30.019+08:00,RUN_20260913_121444,562,9619990,SESSION_007,1,0,8190,4,32.45,63.10,1005.26,4.2,1,LOW
2026-09-13T14:53:31.022+08:00,RUN_20260913_121444,563,9620993,SESSION_007,1,1,8190,4,32.45,63.05,1005.26,4.2,1,LOW
2026-09-13T14:53:32.025+08:00,RUN_20260913_121444,564,9621996,SESSION_007,0,1,8190,4,32.45,63.12,1005.26,4.2,1,LOW
2026-09-13T14:53:33.028+08:00,RUN_20260913_121444,565,9622999,SESSION_007,0,0,8190,4,32.45,63.12,1005.26,4.2,1,LOW
2026-09-13T14:53:34.213+08:00,RUN_20260913_121444,566,9624184,SESSION_007,0,0,8190,4,32.45,63.10,1005.26,4.2,1,LOW
2026-09-13T14:53:35.036+08:00,RUN_20260913_121444,567,9625007,SESSION_007,0,0,8190,4,32.45,63.08,1005.27,4.2,1,LOW
2026-09-13T14:53:36.039+08:00,RUN_20260913_121444,568,9626010,SESSION_007,0,0,8190,4,32.45,63.23,1005.27,4.2,1,LOW
2026-09-13T14:53:37.042+08:00,RUN_20260913_121444,569,9627013,SESSION_007,1,0,8190,4,32.45,63.24,1005.26,4.2,1,LOW
2026-09-13T14:53:38.045+08:00,RUN_20260913_121444,570,9628016,SESSION_007,1,0,8190,4,32.45,63.28,1005.26,4.2,1,LOW
2026-09-13T14:53:39.048+08:00,RUN_20260913_121444,571,9629019,SESSION_007,1,0,8190,4,32.45,63.21,1005.27,4.2,1,LOW
2026-09-13T14:53:40.051+08:00,RUN_20260913_121444,572,9630022,SESSION_007,1,0,8190,4,32.45,63.30,1005.27,4.2,1,LOW
2026-09-13T14:53:41.236+08:00,RUN_20260913_121444,573,9631207,SESSION_007,1,0,590,0,32.45,63.30,1005.27,4.2,1,LOW
2026-09-13T14:53:42.241+08:00,RUN_20260913_121444,574,9632212,SESSION_007,0,0,659,0,32.45,63.19,1005.28,4.2,1,LOW
2026-09-13T14:53:43.246+08:00,RUN_20260913_121444,575,9633217,SESSION_007,0,0,8190,4,32.45,63.19,1005.28,4.2,1,LOW
2026-09-13T14:53:44.069+08:00,RUN_20260913_121444,576,9634040,SESSION_007,0,0,8190,4,32.45,63.18,1005.28,4.2,1,LOW
2026-09-13T14:53:45.072+08:00,RUN_20260913_121444,577,9635043,SESSION_007,0,1,8190,4,32.45,63.25,1005.28,4.2,1,LOW
2026-09-13T14:53:46.075+08:00,RUN_20260913_121444,578,9636046,SESSION_007,0,1,8190,4,32.45,63.13,1005.28,4.2,1,LOW
2026-09-13T14:53:47.260+08:00,RUN_20260913_121444,579,9637231,SESSION_007,0,0,8190,4,32.45,63.10,1005.28,4.2,1,LOW
2026-09-13T14:53:48.265+08:00,RUN_20260913_121444,580,9638236,SESSION_007,0,0,576,0,32.45,63.05,1005.27,4.2,1,LOW
2026-09-13T14:53:49.088+08:00,RUN_20260913_121444,581,9639059,SESSION_007,0,0,8190,4,32.45,63.13,1005.27,4.2,1,LOW
2026-09-13T14:55:28.625+08:00,RUN_20260913_121444,680,9738596,SESSION_007,0,0,8190,4,32.45,63.37,1005.26,4.2,1,LOW
2026-09-13T14:55:29.448+08:00,RUN_20260913_121444,681,9739419,SESSION_007,0,0,8190,4,32.45,63.38,1005.26,4.2,1,LOW
2026-09-13T14:55:30.633+08:00,RUN_20260913_121444,682,9740604,SESSION_007,0,0,8190,4,32.45,63.41,1005.26,4.2,1,LOW
2026-09-13T14:55:31.456+08:00,RUN_20260913_121444,683,9741427,SESSION_007,0,0,8190,4,32.45,63.49,1005.26,4.2,1,LOW
2026-09-13T14:55:32.641+08:00,RUN_20260913_121444,684,9742612,SESSION_007,0,0,8190,4,32.45,63.48,1005.26,4.2,1,LOW
2026-09-13T14:55:33.464+08:00,RUN_20260913_121444,685,9743435,SESSION_007,0,0,8190,4,32.45,63.48,1005.26,4.2,1,LOW
2026-09-13T14:55:34.467+08:00,RUN_20260913_121444,686,9744438,SESSION_007,0,0,8190,4,32.45,63.42,1005.26,4.2,1,LOW
2026-09-13T14:55:35.470+08:00,RUN_20260913_121444,687,9745441,SESSION_007,0,0,8190,4,32.45,63.41,1005.25,4.2,1,LOW
2026-09-13T14:55:36.473+08:00,RUN_20260913_121444,688,9746444,SESSION_007,0,0,8190,4,32.45,63.42,1005.25,4.2,1,LOW
2026-09-13T14:55:37.476+08:00,RUN_20260913_121444,689,9747447,SESSION_007,1,0,8190,4,32.45,63.51,1005.25,4.2,1,LOW
2026-09-13T14:55:38.479+08:00,RUN_20260913_121444,690,9748450,SESSION_007,1,0,8190,4,32.45,63.49,1005.25,4.2,1,LOW
2026-09-13T14:55:39.482+08:00,RUN_20260913_121444,691,9749453,SESSION_007,1,0,8190,4,32.45,63.45,1005.25,4.2,1,LOW
2026-09-13T14:55:40.667+08:00,RUN_20260913_121444,692,9750638,SESSION_007,1,0,75,0,32.45,63.48,1005.25,3.3,1,LOW
2026-09-13T14:55:41.672+08:00,RUN_20260913_121444,693,9751643,SESSION_007,0,0,33,0,32.45,63.47,1005.25,3.3,1,LOW
2026-09-13T14:55:42.677+08:00,RUN_20260913_121444,694,9752648,SESSION_007,0,0,46,0,32.45,63.62,1005.25,3.3,1,LOW
2026-09-13T14:55:43.682+08:00,RUN_20260913_121444,695,9753653,SESSION_007,0,0,41,0,32.45,64.72,1005.24,3.3,1,LOW
2026-09-13T14:55:44.687+08:00,RUN_20260913_121444,696,9754658,SESSION_007,0,0,33,0,32.45,65.24,1005.24,3.3,1,LOW
