timestamp,run_id,sequence,mcu_time_ms,session_id,pir_1,pir_2,tof_mm,tof_status,temperature_c,humidity_percent,pressure_hpa,light_lux,sample_valid,occupancy_label
2026-09-14T12:10:55.065+08:00,RUN_20260914_120952,1,1425198,SESSION_002,0,0,59,0,25.87,72.21,1008.00,82.5,1,LOW
2026-09-14T12:10:56.070+08:00,RUN_20260914_120952,2,1426203,SESSION_002,0,0,8191,2,25.87,72.28,1008.00,212.5,1,LOW
2026-09-14T12:10:57.075+08:00,RUN_20260914_120952,3,1427208,SESSION_002,0,1,8191,2,25.87,72.77,1008.00,212.5,1,LOW
2026-09-14T12:10:58.080+08:00,RUN_20260914_120952,4,1428213,SESSION_002,0,1,8191,2,25.87,72.79,1008.00,211.7,1,LOW
2026-09-14T12:10:59.085+08:00,RUN_20260914_120952,5,1429218,SESSION_002,0,0,8191,2,25.88,72.71,1008.00,212.5,1,LOW
2026-09-14T12:11:00.090+08:00,RUN_20260914_120952,6,1430223,SESSION_002,0,0,8191,2,25.88,72.65,1008.00,211.7,1,LOW
2026-09-14T12:11:01.095+08:00,RUN_20260914_120952,7,1431228,SESSION_002,1,0,8191,2,25.88,72.50,1008.00,211.7,1,LOW
2026-09-14T12:11:02.100+08:00,RUN_20260914_120952,8,1432233,SESSION_002,1,0,8191,2,25.88,72.37,1008.00,211.7,1,LOW
2026-09-14T12:11:02.923+08:00,RUN_20260914_120952,9,1433056,SESSION_002,0,1,8190,4,25.88,72.25,1008.00,211.7,1,LOW
2026-09-14T12:11:04.108+08:00,RUN_20260914_120952,10,1434241,SESSION_002,0,1,8191,2,25.88,72.17,1008.00,211.7,1,LOW
2026-09-14T12:11:04.931+08:00,RUN_20260914_120952,11,1435064,SESSION_002,1,0,8190,4,25.88,72.14,1008.00,212.5,1,LOW
2026-09-14T12:11:06.116+08:00,RUN_20260914_120952,12,1436249,SESSION_002,0,0,8191,2,25.88,71.95,1008.00,212.5,1,LOW
2026-09-14T12:11:07.121+08:00,RUN_20260914_120952,13,1437254,SESSION_002,0,0,8191,2,25.88,71.91,1008.00,212.5,1,LOW
2026-09-14T12:11:08.126+08:00,RUN_20260914_120952,14,1438259,SESSION_002,0,0,8191,2,25.88,72.00,1008.00,212.5,1,LOW
2026-09-14T12:11:08.949+08:00,RUN_20260914_120952,15,1439082,SESSION_002,0,1,8190,4,25.88,71.95,1008.00,212.5,1,LOW
2026-09-14T12:11:09.952+08:00,RUN_20260914_120952,16,1440085,SESSION_002,0,1,8190,4,25.88,71.94,1008.00,213.3,1,LOW
2026-09-14T12:11:10.955+08:00,RUN_20260914_120952,17,1441088,SESSION_002,0,0,8190,4,25.88,71.86,1007.99,213.3,1,LOW
2026-09-14T12:11:11.958+08:00,RUN_20260914_120952,18,1442091,SESSION_002,0,0,8190,4,25.88,71.84,1007.99,212.5,1,LOW
2026-09-14T12:11:12.961+08:00,RUN_20260914_120952,19,1443094,SESSION_002,0,0,8190,4,25.88,71.82,1007.99,212.5,1,LOW
2026-09-14T12:11:14.146+08:00,RUN_20260914_120952,20,1444279,SESSION_002,0,1,8191,2,25.88,71.77,1007.99,211.7,1,LOW
2026-09-14T12:11:15.151+08:00,RUN_20260914_120952,21,1445284,SESSION_002,0,1,8191,2,25.87,71.77,1007.99,211.7,1,LOW
2026-09-14T12:11:15.974+08:00,RUN_20260914_120952,22,1446107,SESSION_002,0,1,8190,4,25.87,71.82,1008.00,212.5,1,LOW
2026-09-14T12:11:17.159+08:00,RUN_20260914_120952,23,1447292,SESSION_002,0,0,8191,2,25.87,71.80,1008.00,212.5,1,LOW
2026-09-14T12:11:18.164+08:00,RUN_20260914_120952,24,1448297,SESSION_002,0,0,8191,2,25.87,71.79,1008.00,211.7,1,LOW
2026-09-14T12:11:19.169+08:00,RUN_20260914_120952,25,1449302,SESSION_002,0,0,8191,2,25.87,71.73,1008.00,211.7,1,LOW
2026-09-14T12:11:19.992+08:00,RUN_20260914_120952,26,1450125,SESSION_002,0,0,8190,4,25.87,71.72,1008.00,212.5,1,LOW
2026-09-14T12:11:21.177+08:00,RUN_20260914_120952,27,1451310,SESSION_002,0,0,8191,2,25.87,71.68,1008.00,211.7,1,LOW
2026-09-14T12:11:22.000+08:00,RUN_20260914_120952,28,1452133,SESSION_002,0,0,8190,4,25.87,71.69,1008.00,212.5,1,LOW
2026-09-14T12:11:23.185+08:00,RUN_20260914_120952,29,1453318,SESSION_002,0,0,8191,2,25.87,71.75,1008.00,211.7,1,LOW
2026-09-14T12:11:24.008+08:00,RUN_20260914_120952,30,1454141,SESSION_002,0,0,8190,4,25.86,71.68,1008.00,211.7,1,LOW
2026-09-14T12:11:25.193+08:00,RUN_20260914_120952,31,1455326,SESSION_002,0,0,8191,2,25.86,71.67,1008.00,211.7,1,LOW
2026-09-14T12:11:26.016+08:00,RUN_20260914_120952,32,1456149,SESSION_002,0,0,8190,4,25.86,71.68,1008.00,212.5,1,LOW
2026-09-14T12:11:27.201+08:00,RUN_20260914_120952,33,1457334,SESSION_002,0,0,8191,2,25.86,71.74,1008.00,211.7,1,LOW
2026-09-14T12:11:28.024+08:00,RUN_20260914_120952,34,1458157,SESSION_002,0,0,8190,4,25.85,71.77,1008.00,212.5,1,LOW
2026-09-14T12:11:29.027+08:00,RUN_20260914_120952,35,1459160,SESSION_002,0,0,8190,4,25.85,71.76,1008.00,211.7,1,LOW
2026-09-14T12:11:30.212+08:00,RUN_20260914_120952,36,1460345,SESSION_002,0,0,8191,2,25.85,71.71,1008.00,211.7,1,LOW
2026-09-14T12:11:31.217+08:00,RUN_20260914_120952,37,1461350,SESSION_002,0,0,8191,2,25.85,71.71,1008.00,211.7,1,LOW
2026-09-14T12:11:32.040+08:00,RUN_20260914_120952,38,1462173,SESSION_002,0,0,8190,4,25.84,71.69,1008.00,212.5,1,LOW
2026-09-14T12:11:33.043+08:00,RUN_20260914_120952,39,1463176,SESSION_002,0,0,8190,4,25.84,71.71,1008.01,211.7,1,LOW
2026-09-14T12:11:34.046+08:00,RUN_20260914_120952,40,1464179,SESSION_002,0,0,8190,4,25.84,71.71,1008.01,211.7,1,LOW
2026-09-14T12:11:35.231+08:00,RUN_20260914_120952,41,1465364,SESSION_002,0,0,8191,2,25.84,71.77,1008.00,211.7,1,LOW
2026-09-14T12:11:36.236+08:00,RUN_20260914_120952,42,1466369,SESSION_002,0,0,8191,2,25.83,71.78,1008.01,211.7,1,LOW
2026-09-14T12:11:37.241+08:00,RUN_20260914_120952,43,1467374,SESSION_002,0,0,8191,2,25.83,71.75,1008.01,211.7,1,LOW
2026-09-14T12:11:38.246+08:00,RUN_20260914_120952,44,1468379,SESSION_002,0,0,8191,2,25.83,71.74,1008.00,211.7,1,LOW
2026-09-14T12:11:39.251+08:00,RUN_20260914_120952,45,1469384,SESSION_002,0,0,8191,2,25.83,71.80,1008.00,211.7,1,LOW
2026-09-14T12:11:40.074+08:00,RUN_20260914_120952,46,1470207,SESSION_002,0,0,8190,4,25.83,71.80,1008.01,211.7,1,LOW
2026-09-14T12:11:41.259+08:00,RUN_20260914_120952,47,1471392,SESSION_002,0,0,8191,2,25.82,71.82,1008.00,211.7,1,LOW
2026-09-14T12:11:42.264+08:00,RUN_20260914_120952,48,1472397,SESSION_002,0,0,8191,2,25.82,71.78,1008.01,211.7,1,LOW
2026-09-14T12:11:43.087+08:00,RUN_20260914_120952,49,1473220,SESSION_002,0,0,8190,4,25.82,71.84,1008.00,211.7,1,LOW
2026-09-14T12:11:44.272+08:00,RUN_20260914_120952,50,1474405,SESSION_002,0,0,8191,2,25.82,71.84,1008.00,211.7,1,LOW
2026-09-14T12:11:45.095+08:00,RUN_20260914_120952,51,1475228,SESSION_002,0,0,8190,4,25.81,71.83,1008.00,211.7,1,LOW
2026-09-14T12:11:46.098+08:00,RUN_20260914_120952,52,1476231,SESSION_002,0,0,8190,4,25.81,71.70,1008.00,211.7,1,LOW
2026-09-14T12:11:47.101+08:00,RUN_20260914_120952,53,1477234,SESSION_002,0,0,8190,4,25.81,71.69,1008.00,211.7,1,LOW
2026-09-14T12:11:48.286+08:00,RUN_20260914_120952,54,1478419,SESSION_002,0,0,8191,2,25.81,71.72,1008.00,211.7,1,LOW
2026-09-14T12:11:49.291+08:00,RUN_20260914_120952,55,1479424,SESSION_002,0,1,8191,2,25.81,71.73,1008.00,211.7,1,LOW
2026-09-14T12:11:50.114+08:00,RUN_20260914_120952,56,1480247,SESSION_002,0,0,8190,4,25.81,71.70,1008.00,211.7,1,LOW
2026-09-14T12:11:51.299+08:00,RUN_20260914_120952,57,1481432,SESSION_002,0,0,8191,2,25.80,71.71,1008.00,211.7,1,LOW
2026-09-14T12:11:52.122+08:00,RUN_20260914_120952,58,1482255,SESSION_002,0,0,8190,4,25.80,71.73,1008.00,211.7,1,LOW
2026-09-14T12:11:53.307+08:00,RUN_20260914_120952,59,1483440,SESSION_002,0,0,8191,2,25.80,71.68,1008.00,211.7,1,LOW
2026-09-14T12:11:54.130+08:00,RUN_20260914_120952,60,1484263,SESSION_002,0,1,8190,4,25.80,71.68,1008.00,211.7,1,LOW
2026-09-14T12:11:55.315+08:00,RUN_20260914_120952,61,1485448,SESSION_002,0,0,8191,2,25.80,71.70,1008.00,211.7,1,LOW
2026-09-14T12:11:56.320+08:00,RUN_20260914_120952,62,1486453,SESSION_002,0,0,8191,2,25.80,71.70,1008.00,211.7,1,LOW
2026-09-14T12:11:57.325+08:00,RUN_20260914_120952,63,1487458,SESSION_002,0,0,8191,2,25.80,71.72,1008.00,211.7,1,LOW
2026-09-14T12:11:58.148+08:00,RUN_20260914_120952,64,1488281,SESSION_002,0,0,8190,4,25.80,71.80,1008.00,211.7,1,LOW
2026-09-14T12:11:59.333+08:00,RUN_20260914_120952,65,1489466,SESSION_002,0,0,8191,2,25.80,71.73,1008.00,211.7,1,LOW
2026-09-14T12:12:00.338+08:00,RUN_20260914_120952,66,1490471,SESSION_002,0,0,8191,2,25.80,71.72,1008.00,211.7,1,LOW
2026-09-14T12:12:01.161+08:00,RUN_20260914_120952,67,1491294,SESSION_002,0,0,8190,4,25.80,71.81,1008.00,211.7,1,LOW
2026-09-14T12:12:02.164+08:00,RUN_20260914_120952,68,1492297,SESSION_002,0,0,8190,4,25.80,71.82,1008.00,211.7,1,LOW
2026-09-14T12:12:03.167+08:00,RUN_20260914_120952,69,1493300,SESSION_002,0,0,8190,4,25.79,71.76,1007.99,211.7,1,LOW
2026-09-14T12:12:04.352+08:00,RUN_20260914_120952,70,1494485,SESSION_002,0,0,8191,2,25.79,71.75,1007.99,211.7,1,LOW
2026-09-14T12:12:05.175+08:00,RUN_20260914_120952,71,1495308,SESSION_002,0,0,8190,4,25.79,71.80,1007.99,211.7,1,LOW
2026-09-14T12:12:06.178+08:00,RUN_20260914_120952,72,1496311,SESSION_002,0,0,8190,4,25.79,71.74,1007.99,211.7,1,LOW
2026-09-14T12:12:07.363+08:00,RUN_20260914_120952,73,1497496,SESSION_002,0,0,8191,2,25.79,71.75,1008.00,211.7,1,LOW
2026-09-14T12:12:08.186+08:00,RUN_20260914_120952,74,1498319,SESSION_002,0,0,8190,4,25.79,71.75,1008.00,211.7,1,LOW
2026-09-14T12:12:09.189+08:00,RUN_20260914_120952,75,1499322,SESSION_002,0,1,8190,4,25.79,71.75,1007.99,211.7,1,LOW
2026-09-14T12:12:10.374+08:00,RUN_20260914_120952,76,1500507,SESSION_002,0,1,8191,2,25.79,71.73,1007.99,211.7,1,LOW
2026-09-14T12:12:11.379+08:00,RUN_20260914_120952,77,1501512,SESSION_002,0,0,8191,2,25.79,71.75,1007.99,211.7,1,LOW
2026-09-14T12:12:12.384+08:00,RUN_20260914_120952,78,1502517,SESSION_002,0,0,8191,2,25.79,71.73,1007.99,211.7,1,LOW
2026-09-14T12:12:13.389+08:00,RUN_20260914_120952,79,1503522,SESSION_002,0,0,8191,2,25.79,71.74,1007.99,211.7,1,LOW
2026-09-14T12:12:14.212+08:00,RUN_20260914_120952,80,1504345,SESSION_002,0,0,8190,4,25.79,71.72,1007.99,211.7,1,LOW
2026-09-14T12:12:15.397+08:00,RUN_20260914_120952,81,1505530,SESSION_002,0,0,8191,2,25.79,71.72,1007.99,211.7,1,LOW
2026-09-14T12:12:16.220+08:00,RUN_20260914_120952,82,1506353,SESSION_002,0,0,8190,4,25.79,71.76,1007.99,211.7,1,LOW
2026-09-14T12:12:17.223+08:00,RUN_20260914_120952,83,1507356,SESSION_002,0,0,8190,4,25.79,71.72,1007.99,211.7,1,LOW
2026-09-14T12:12:18.408+08:00,RUN_20260914_120952,84,1508541,SESSION_002,0,1,8191,2,25.79,71.71,1007.99,211.7,1,LOW
2026-09-14T12:12:19.413+08:00,RUN_20260914_120952,85,1509546,SESSION_002,0,0,8191,2,25.79,71.74,1008.00,211.7,1,LOW
2026-09-14T12:12:20.236+08:00,RUN_20260914_120952,86,1510369,SESSION_002,0,0,8190,4,25.79,71.75,1008.00,211.7,1,LOW
2026-09-14T12:12:21.421+08:00,RUN_20260914_120952,87,1511554,SESSION_002,0,1,8191,2,25.79,71.79,1008.00,211.7,1,LOW
2026-09-14T12:12:22.244+08:00,RUN_20260914_120952,88,1512377,SESSION_002,0,1,8190,4,25.79,71.78,1008.00,211.7,1,LOW
2026-09-14T12:12:23.429+08:00,RUN_20260914_120952,89,1513562,SESSION_002,0,0,8191,2,25.79,71.79,1008.00,211.7,1,LOW
2026-09-14T12:12:24.434+08:00,RUN_20260914_120952,90,1514567,SESSION_002,0,0,8191,2,25.79,71.80,1007.99,211.7,1,LOW
2026-09-14T12:12:25.439+08:00,RUN_20260914_120952,91,1515572,SESSION_002,0,0,8191,2,25.79,71.79,1008.00,211.7,1,LOW
2026-09-14T12:12:26.444+08:00,RUN_20260914_120952,92,1516577,SESSION_002,0,0,8191,2,25.79,71.79,1008.00,211.7,1,LOW
2026-09-14T12:12:27.449+08:00,RUN_20260914_120952,93,1517582,SESSION_002,0,0,8191,2,25.79,71.69,1008.00,211.7,1,LOW
2026-09-14T12:12:28.454+08:00,RUN_20260914_120952,94,1518587,SESSION_002,0,0,8191,2,25.79,71.69,1007.99,211.7,1,LOW
2026-09-14T12:12:29.459+08:00,RUN_20260914_120952,95,1519592,SESSION_002,0,0,8191,2,25.79,71.67,1008.00,211.7,1,LOW
2026-09-14T12:12:30.464+08:00,RUN_20260914_120952,96,1520597,SESSION_002,0,0,8191,2,25.79,71.75,1008.00,210.8,1,LOW
2026-09-14T12:12:31.287+08:00,RUN_20260914_120952,97,1521420,SESSION_002,0,0,8190,4,25.79,71.80,1007.99,211.7,1,LOW
2026-09-14T12:12:32.290+08:00,RUN_20260914_120952,98,1522423,SESSION_002,0,0,8190,4,25.79,71.73,1007.99,211.7,1,LOW
2026-09-14T12:12:33.293+08:00,RUN_20260914_120952,99,1523426,SESSION_002,0,0,8190,4,25.79,71.75,1007.99,211.7,1,LOW
2026-09-14T12:12:34.478+08:00,RUN_20260914_120952,100,1524611,SESSION_002,0,0,8191,2,25.79,71.82,1007.99,211.7,1,LOW
2026-09-14T12:12:35.483+08:00,RUN_20260914_120952,101,1525616,SESSION_002,0,0,8191,2,25.79,71.75,1007.99,211.7,1,LOW
2026-09-14T12:12:36.306+08:00,RUN_20260914_120952,102,1526439,SESSION_002,0,0,8190,4,25.78,71.74,1007.99,211.7,1,LOW
2026-09-14T12:12:37.309+08:00,RUN_20260914_120952,103,1527442,SESSION_002,0,0,8190,4,25.78,71.75,1007.99,211.7,1,LOW
2026-09-14T12:12:38.494+08:00,RUN_20260914_120952,104,1528627,SESSION_002,0,0,8191,2,25.78,71.80,1007.99,211.7,1,LOW
2026-09-14T12:12:39.499+08:00,RUN_20260914_120952,105,1529632,SESSION_002,0,1,8191,2,25.78,71.76,1007.99,211.7,1,LOW
2026-09-14T12:12:40.504+08:00,RUN_20260914_120952,106,1530637,SESSION_002,0,1,8191,2,25.78,71.74,1007.99,211.7,1,LOW
2026-09-14T12:12:41.327+08:00,RUN_20260914_120952,107,1531460,SESSION_002,0,0,8190,4,25.78,71.74,1007.99,211.7,1,LOW
2026-09-14T12:12:42.512+08:00,RUN_20260914_120952,108,1532645,SESSION_002,0,0,8191,2,25.78,71.75,1007.99,211.7,1,LOW
2026-09-14T12:12:43.517+08:00,RUN_20260914_120952,109,1533650,SESSION_002,0,0,8191,2,25.78,71.74,1008.00,210.8,1,LOW
2026-09-14T12:12:44.522+08:00,RUN_20260914_120952,110,1534655,SESSION_002,0,0,8191,2,25.77,71.74,1007.99,210.8,1,LOW
2026-09-14T12:12:45.345+08:00,RUN_20260914_120952,111,1535478,SESSION_002,0,0,8190,4,25.77,71.75,1007.99,211.7,1,LOW
2026-09-14T12:12:46.530+08:00,RUN_20260914_120952,112,1536663,SESSION_002,0,0,8191,2,25.77,71.75,1008.00,211.7,1,LOW
2026-09-14T12:12:47.353+08:00,RUN_20260914_120952,113,1537486,SESSION_002,0,0,8190,4,25.77,71.75,1008.00,211.7,1,LOW
2026-09-14T12:12:48.356+08:00,RUN_20260914_120952,114,1538489,SESSION_002,0,0,8190,4,25.77,71.75,1008.00,211.7,1,LOW
2026-09-14T12:12:49.541+08:00,RUN_20260914_120952,115,1539674,SESSION_002,0,0,8191,2,25.77,71.84,1008.00,210.8,1,LOW
2026-09-14T12:12:50.546+08:00,RUN_20260914_120952,116,1540679,SESSION_002,0,0,8191,2,25.77,71.83,1008.00,210.8,1,LOW
2026-09-14T12:12:51.369+08:00,RUN_20260914_120952,117,1541502,SESSION_002,0,0,8190,4,25.77,71.80,1008.00,211.7,1,LOW
2026-09-14T12:12:52.554+08:00,RUN_20260914_120952,118,1542687,SESSION_002,0,0,8191,2,25.77,71.78,1008.00,210.8,1,LOW
2026-09-14T12:12:53.559+08:00,RUN_20260914_120952,119,1543692,SESSION_002,0,0,8191,2,25.77,71.77,1007.99,210.8,1,LOW
2026-09-14T12:12:54.382+08:00,RUN_20260914_120952,120,1544515,SESSION_002,0,0,8190,4,25.77,71.76,1007.99,210.8,1,LOW
2026-09-14T12:12:55.385+08:00,RUN_20260914_120952,121,1545518,SESSION_002,0,0,8190,4,25.77,71.77,1008.00,211.7,1,LOW
2026-09-14T12:12:56.570+08:00,RUN_20260914_120952,122,1546703,SESSION_002,0,1,8191,2,25.77,71.77,1008.00,210.8,1,LOW
2026-09-14T12:12:57.575+08:00,RUN_20260914_120952,123,1547708,SESSION_002,0,1,8191,2,25.77,71.83,1007.99,210.8,1,LOW
2026-09-14T12:12:58.580+08:00,RUN_20260914_120952,124,1548713,SESSION_002,0,1,8191,2,25.77,71.85,1007.99,210.8,1,LOW
2026-09-14T12:12:59.585+08:00,RUN_20260914_120952,125,1549718,SESSION_002,0,0,8191,2,25.77,71.84,1007.99,210.8,1,LOW
2026-09-14T12:13:00.590+08:00,RUN_20260914_120952,126,1550723,SESSION_002,0,0,8191,2,25.77,71.77,1007.99,210.8,1,LOW
2026-09-14T12:13:01.413+08:00,RUN_20260914_120952,127,1551546,SESSION_002,0,1,8190,4,25.77,71.74,1007.99,211.7,1,LOW
2026-09-14T12:13:02.598+08:00,RUN_20260914_120952,128,1552731,SESSION_002,0,0,8191,2,25.77,71.73,1007.99,210.8,1,LOW
2026-09-14T12:13:03.421+08:00,RUN_20260914_120952,129,1553554,SESSION_002,0,0,8190,4,25.77,71.85,1007.99,210.8,1,LOW
2026-09-14T12:13:04.424+08:00,RUN_20260914_120952,130,1554557,SESSION_002,0,0,8190,4,25.77,71.84,1007.99,210.8,1,LOW
2026-09-14T12:13:05.609+08:00,RUN_20260914_120952,131,1555742,SESSION_002,0,0,8191,2,25.77,71.77,1008.00,210.8,1,LOW
2026-09-14T12:13:06.432+08:00,RUN_20260914_120952,132,1556565,SESSION_002,0,1,8190,4,25.77,71.77,1007.99,210.8,1,LOW
2026-09-14T12:13:07.617+08:00,RUN_20260914_120952,133,1557750,SESSION_002,0,1,8191,2,25.77,71.77,1007.99,210.8,1,LOW
2026-09-14T12:13:08.622+08:00,RUN_20260914_120952,134,1558755,SESSION_002,0,1,8191,2,25.77,71.77,1007.99,210.8,1,LOW
2026-09-14T12:13:09.627+08:00,RUN_20260914_120952,135,1559760,SESSION_002,0,1,8191,2,25.77,71.83,1007.99,210.8,1,LOW
2026-09-14T12:13:10.632+08:00,RUN_20260914_120952,136,1560765,SESSION_002,0,0,8191,2,25.77,71.84,1007.99,210.8,1,LOW
2026-09-14T12:13:11.455+08:00,RUN_20260914_120952,137,1561588,SESSION_002,0,0,8190,4,25.77,71.81,1007.99,210.8,1,LOW
2026-09-14T12:13:12.640+08:00,RUN_20260914_120952,138,1562773,SESSION_002,0,0,8191,2,25.77,71.87,1007.99,210.8,1,LOW
2026-09-14T12:13:13.463+08:00,RUN_20260914_120952,139,1563596,SESSION_002,0,0,8190,4,25.77,71.81,1007.99,210.8,1,LOW
2026-09-14T12:13:14.648+08:00,RUN_20260914_120952,140,1564781,SESSION_002,0,0,8191,2,25.77,71.83,1007.99,210.8,1,LOW
2026-09-14T12:13:15.653+08:00,RUN_20260914_120952,141,1565786,SESSION_002,0,0,8191,2,25.77,71.84,1007.99,210.8,1,LOW
2026-09-14T12:13:16.658+08:00,RUN_20260914_120952,142,1566791,SESSION_002,0,0,8191,2,25.77,71.82,1007.99,210.8,1,LOW
2026-09-14T12:13:17.663+08:00,RUN_20260914_120952,143,1567796,SESSION_002,0,0,8191,2,25.76,71.81,1007.99,210.8,1,LOW
2026-09-14T12:13:18.668+08:00,RUN_20260914_120952,144,1568801,SESSION_002,0,0,8191,2,25.76,71.89,1007.99,210.8,1,LOW
2026-09-14T12:13:19.491+08:00,RUN_20260914_120952,145,1569624,SESSION_002,0,0,8190,4,25.76,71.81,1007.99,210.8,1,LOW
2026-09-14T12:13:20.494+08:00,RUN_20260914_120952,146,1570627,SESSION_002,0,0,8190,4,25.76,71.81,1007.99,210.8,1,LOW
2026-09-14T12:13:21.497+08:00,RUN_20260914_120952,147,1571630,SESSION_002,0,0,8190,4,25.76,71.89,1007.99,210.8,1,LOW
2026-09-14T12:13:22.682+08:00,RUN_20260914_120952,148,1572815,SESSION_002,0,0,8191,2,25.76,71.87,1007.99,210.8,1,LOW
2026-09-14T12:13:23.687+08:00,RUN_20260914_120952,149,1573820,SESSION_002,0,0,8191,2,25.76,71.78,1007.99,210.8,1,LOW
2026-09-14T12:13:24.692+08:00,RUN_20260914_120952,150,1574825,SESSION_002,0,0,8191,2,25.76,71.77,1007.99,210.8,1,LOW
2026-09-14T12:13:25.515+08:00,RUN_20260914_120952,151,1575648,SESSION_002,0,0,8190,4,25.76,71.80,1007.99,210.8,1,LOW
2026-09-14T12:13:26.700+08:00,RUN_20260914_120952,152,1576833,SESSION_002,0,0,8191,2,25.76,71.77,1007.99,210.8,1,LOW
2026-09-14T12:13:27.705+08:00,RUN_20260914_120952,153,1577838,SESSION_002,0,0,8191,2,25.76,71.87,1007.99,210.8,1,LOW
2026-09-14T12:13:28.710+08:00,RUN_20260914_120952,154,1578843,SESSION_002,0,0,8191,2,25.76,71.77,1007.99,210.8,1,LOW
2026-09-14T12:13:29.715+08:00,RUN_20260914_120952,155,1579848,SESSION_002,0,1,8191,2,25.76,71.80,1007.99,210.8,1,LOW
2026-09-14T12:13:30.720+08:00,RUN_20260914_120952,156,1580853,SESSION_002,0,0,8191,2,25.76,71.80,1007.99,210.8,1,LOW
2026-09-14T12:13:31.543+08:00,RUN_20260914_120952,157,1581676,SESSION_002,0,0,8190,4,25.76,71.87,1007.99,210.8,1,LOW
2026-09-14T12:13:32.728+08:00,RUN_20260914_120952,158,1582861,SESSION_002,0,0,8191,2,25.76,71.80,1007.99,210.8,1,LOW
2026-09-14T12:13:33.551+08:00,RUN_20260914_120952,159,1583684,SESSION_002,0,1,8190,4,25.76,71.76,1007.99,210.8,1,LOW
2026-09-14T12:13:34.554+08:00,RUN_20260914_120952,160,1584687,SESSION_002,0,0,8190,4,25.76,71.80,1007.99,210.8,1,LOW
2026-09-14T12:13:35.739+08:00,RUN_20260914_120952,161,1585872,SESSION_002,0,0,8191,2,25.76,71.81,1007.99,210.8,1,LOW
2026-09-14T12:13:36.744+08:00,RUN_20260914_120952,162,1586877,SESSION_002,0,0,8191,2,25.76,71.81,1007.99,210.8,1,LOW
2026-09-14T12:13:37.567+08:00,RUN_20260914_120952,163,1587700,SESSION_002,0,0,8190,4,25.76,71.83,1007.99,210.8,1,LOW
2026-09-14T12:13:38.752+08:00,RUN_20260914_120952,164,1588885,SESSION_002,0,0,8191,2,25.76,71.81,1007.99,210.0,1,LOW
2026-09-14T12:13:39.757+08:00,RUN_20260914_120952,165,1589890,SESSION_002,0,0,8191,2,25.76,71.85,1007.99,210.0,1,LOW
2026-09-14T12:13:40.580+08:00,RUN_20260914_120952,166,1590713,SESSION_002,0,0,8190,4,25.76,71.85,1007.99,210.8,1,LOW
2026-09-14T12:13:41.765+08:00,RUN_20260914_120952,167,1591898,SESSION_002,0,1,8191,2,25.76,71.78,1007.99,210.0,1,LOW
2026-09-14T12:13:42.770+08:00,RUN_20260914_120952,168,1592903,SESSION_002,0,0,8191,2,25.76,71.80,1007.99,210.0,1,LOW
2026-09-14T12:13:43.593+08:00,RUN_20260914_120952,169,1593726,SESSION_002,0,0,8190,4,25.76,71.81,1007.99,210.8,1,LOW
2026-09-14T12:13:44.596+08:00,RUN_20260914_120952,170,1594729,SESSION_002,0,0,8190,4,25.76,71.81,1007.99,210.8,1,LOW
2026-09-14T12:13:45.781+08:00,RUN_20260914_120952,171,1595914,SESSION_002,0,1,8191,2,25.76,71.87,1007.99,210.0,1,LOW
2026-09-14T12:13:46.604+08:00,RUN_20260914_120952,172,1596737,SESSION_002,0,1,8190,4,25.76,71.82,1007.99,210.8,1,LOW
2026-09-14T12:13:47.789+08:00,RUN_20260914_120952,173,1597922,SESSION_002,0,0,8191,2,25.76,71.79,1007.99,210.0,1,LOW
2026-09-14T12:13:48.794+08:00,RUN_20260914_120952,174,1598927,SESSION_002,0,0,8191,2,25.76,71.79,1007.99,210.0,1,LOW
2026-09-14T12:13:49.617+08:00,RUN_20260914_120952,175,1599750,SESSION_002,0,0,8190,4,25.76,71.78,1007.98,210.8,1,LOW
2026-09-14T12:13:50.802+08:00,RUN_20260914_120952,176,1600935,SESSION_002,0,0,8191,2,25.76,71.78,1007.98,210.0,1,LOW
2026-09-14T12:13:51.807+08:00,RUN_20260914_120952,177,1601940,SESSION_002,0,0,8191,2,25.76,71.78,1007.98,210.0,1,LOW
2026-09-14T12:13:52.630+08:00,RUN_20260914_120952,178,1602763,SESSION_002,0,0,8190,4,25.75,71.83,1007.98,210.8,1,LOW
2026-09-14T12:13:53.815+08:00,RUN_20260914_120952,179,1603948,SESSION_002,0,1,8191,2,25.75,71.83,1007.98,210.0,1,LOW
2026-09-14T12:13:54.815+08:00,RUN_20260914_120952,180,1604948,SESSION_002,0,0,8191,2,25.75,71.90,1007.98,210.0,1,LOW
2026-09-14T12:13:55.638+08:00,RUN_20260914_120952,181,1605771,SESSION_002,0,0,8190,4,25.75,71.89,1007.98,210.0,1,LOW
2026-09-14T12:13:56.641+08:00,RUN_20260914_120952,182,1606774,SESSION_002,0,0,8190,4,25.75,71.90,1007.98,210.0,1,LOW
2026-09-14T12:13:57.826+08:00,RUN_20260914_120952,183,1607959,SESSION_002,0,0,8191,2,25.75,71.90,1007.98,210.0,1,LOW
2026-09-14T12:13:58.831+08:00,RUN_20260914_120952,184,1608964,SESSION_002,0,0,8191,2,25.75,71.90,1007.98,210.0,1,LOW
2026-09-14T12:13:59.836+08:00,RUN_20260914_120952,185,1609969,SESSION_002,0,0,8191,2,25.75,71.90,1007.97,210.0,1,LOW
2026-09-14T12:14:00.659+08:00,RUN_20260914_120952,186,1610792,SESSION_002,0,0,8190,4,25.75,71.91,1007.97,210.0,1,LOW
2026-09-14T12:14:01.663+08:00,RUN_20260914_120952,187,1611796,SESSION_002,0,1,8190,4,25.75,71.89,1007.97,210.8,1,LOW
2026-09-14T12:14:02.848+08:00,RUN_20260914_120952,188,1612981,SESSION_002,0,0,8191,2,25.75,71.91,1007.97,210.0,1,LOW
2026-09-14T12:14:03.666+08:00,RUN_20260914_120952,189,1613799,SESSION_002,0,0,8190,4,25.75,71.86,1007.98,210.0,1,LOW
2026-09-14T12:14:04.851+08:00,RUN_20260914_120952,190,1614984,SESSION_002,0,0,8191,2,25.75,71.85,1007.98,210.0,1,LOW
2026-09-14T12:14:05.856+08:00,RUN_20260914_120952,191,1615989,SESSION_002,0,0,8191,2,25.75,71.90,1007.98,210.0,1,LOW
2026-09-14T12:14:06.861+08:00,RUN_20260914_120952,192,1616994,SESSION_002,0,0,8191,2,25.75,71.92,1007.98,210.0,1,LOW
2026-09-14T12:14:07.684+08:00,RUN_20260914_120952,193,1617817,SESSION_002,0,0,8190,4,25.75,71.93,1007.97,210.8,1,LOW
2026-09-14T12:14:08.687+08:00,RUN_20260914_120952,194,1618820,SESSION_002,0,0,8190,4,25.75,71.88,1007.97,210.0,1,LOW
2026-09-14T12:14:09.691+08:00,RUN_20260914_120952,195,1619824,SESSION_002,0,1,8190,4,25.75,71.85,1007.97,210.8,1,LOW
2026-09-14T12:14:10.877+08:00,RUN_20260914_120952,196,1621010,SESSION_002,0,1,8191,2,25.75,71.86,1007.97,210.0,1,LOW
2026-09-14T12:14:11.695+08:00,RUN_20260914_120952,197,1621828,SESSION_002,0,1,8190,4,25.75,71.93,1007.97,210.0,1,LOW
2026-09-14T12:14:12.880+08:00,RUN_20260914_120952,198,1623013,SESSION_002,0,0,8191,2,25.75,71.90,1007.98,210.0,1,LOW
2026-09-14T12:14:13.703+08:00,RUN_20260914_120952,199,1623836,SESSION_002,0,0,8190,4,25.75,71.88,1007.98,210.0,1,LOW
2026-09-14T12:14:14.707+08:00,RUN_20260914_120952,200,1624840,SESSION_002,0,0,8190,4,25.75,71.88,1007.98,210.8,1,LOW
2026-09-14T12:14:15.893+08:00,RUN_20260914_120952,201,1626026,SESSION_002,0,1,8191,2,25.74,71.97,1007.98,210.0,1,LOW
2026-09-14T12:14:16.716+08:00,RUN_20260914_120952,202,1626849,SESSION_002,0,1,8190,4,25.74,71.90,1007.98,210.0,1,LOW
2026-09-14T12:14:17.901+08:00,RUN_20260914_120952,203,1628034,SESSION_002,0,0,8191,2,25.74,72.00,1007.98,210.0,1,LOW
2026-09-14T12:14:18.906+08:00,RUN_20260914_120952,204,1629039,SESSION_002,0,0,8191,2,25.74,71.89,1007.97,210.0,1,LOW
2026-09-14T12:14:19.729+08:00,RUN_20260914_120952,205,1629862,SESSION_002,0,1,8190,4,25.74,71.96,1007.98,210.0,1,LOW
2026-09-14T12:14:20.914+08:00,RUN_20260914_120952,206,1631047,SESSION_002,0,1,8191,2,25.74,71.94,1007.98,210.0,1,LOW
2026-09-14T12:14:21.919+08:00,RUN_20260914_120952,207,1632052,SESSION_002,0,0,8191,2,25.74,71.97,1007.98,210.0,1,LOW
2026-09-14T12:14:22.924+08:00,RUN_20260914_120952,208,1633057,SESSION_002,0,0,8191,2,25.74,71.92,1007.98,210.0,1,LOW
2026-09-14T12:14:23.929+08:00,RUN_20260914_120952,209,1634062,SESSION_002,0,0,8191,2,25.74,71.92,1007.98,210.0,1,LOW
2026-09-14T12:14:24.934+08:00,RUN_20260914_120952,210,1635067,SESSION_002,0,0,8191,2,25.74,71.91,1007.98,210.0,1,LOW
2026-09-14T12:14:25.939+08:00,RUN_20260914_120952,211,1636072,SESSION_002,0,0,8191,2,25.74,71.90,1007.98,210.0,1,LOW
2026-09-14T12:14:26.762+08:00,RUN_20260914_120952,212,1636895,SESSION_002,0,0,8190,4,25.74,71.91,1007.98,210.0,1,LOW
2026-09-14T12:14:27.947+08:00,RUN_20260914_120952,213,1638080,SESSION_002,0,0,8191,2,25.74,71.92,1007.98,210.0,1,LOW
2026-09-14T12:14:28.952+08:00,RUN_20260914_120952,214,1639085,SESSION_002,0,0,8191,2,25.73,71.92,1007.97,210.0,1,LOW
2026-09-14T12:14:29.775+08:00,RUN_20260914_120952,215,1639908,SESSION_002,0,0,8190,4,25.73,71.96,1007.98,210.8,1,LOW
2026-09-14T12:14:30.960+08:00,RUN_20260914_120952,216,1641093,SESSION_002,0,0,8191,2,25.73,71.90,1007.98,210.0,1,LOW
2026-09-14T12:14:31.783+08:00,RUN_20260914_120952,217,1641916,SESSION_002,0,1,8190,4,25.73,71.87,1007.98,210.8,1,LOW
2026-09-14T12:14:32.786+08:00,RUN_20260914_120952,218,1642919,SESSION_002,0,0,8190,4,25.73,71.86,1007.98,210.8,1,LOW
2026-09-14T12:14:33.789+08:00,RUN_20260914_120952,219,1643922,SESSION_002,0,0,8190,4,25.73,71.85,1007.98,210.0,1,LOW
2026-09-14T12:14:34.974+08:00,RUN_20260914_120952,220,1645107,SESSION_002,0,0,8191,2,25.73,71.84,1007.98,210.0,1,LOW
2026-09-14T12:14:35.979+08:00,RUN_20260914_120952,221,1646112,SESSION_002,0,0,8191,2,25.73,71.85,1007.98,210.0,1,LOW
2026-09-14T12:14:36.802+08:00,RUN_20260914_120952,222,1646935,SESSION_002,0,0,8190,4,25.73,71.84,1007.97,210.0,1,LOW
2026-09-14T12:14:37.805+08:00,RUN_20260914_120952,223,1647938,SESSION_002,0,0,8190,4,25.73,71.80,1007.97,210.0,1,LOW
2026-09-14T12:14:38.990+08:00,RUN_20260914_120952,224,1649123,SESSION_002,0,0,8191,2,25.73,71.77,1007.97,210.0,1,LOW
2026-09-14T12:14:39.813+08:00,RUN_20260914_120952,225,1649946,SESSION_002,0,0,8190,4,25.73,71.79,1007.97,210.0,1,LOW
2026-09-14T12:14:40.816+08:00,RUN_20260914_120952,226,1650949,SESSION_002,0,0,8190,4,25.73,71.81,1007.97,210.0,1,LOW
2026-09-14T12:14:41.819+08:00,RUN_20260914_120952,227,1651952,SESSION_002,0,0,8190,4,25.73,71.81,1007.97,210.0,1,LOW
2026-09-14T12:14:43.004+08:00,RUN_20260914_120952,228,1653137,SESSION_002,0,0,8191,2,25.73,71.79,1007.97,210.0,1,LOW
2026-09-14T12:14:43.827+08:00,RUN_20260914_120952,229,1653960,SESSION_002,0,0,8190,4,25.73,71.81,1007.97,210.0,1,LOW
2026-09-14T12:14:44.830+08:00,RUN_20260914_120952,230,1654963,SESSION_002,0,0,8190,4,25.73,71.90,1007.97,210.0,1,LOW
2026-09-14T12:14:46.015+08:00,RUN_20260914_120952,231,1656148,SESSION_002,0,0,8191,2,25.73,71.87,1007.97,210.0,1,LOW
2026-09-14T12:14:47.020+08:00,RUN_20260914_120952,232,1657153,SESSION_002,0,0,8191,2,25.73,71.88,1007.97,210.0,1,LOW
2026-09-14T12:14:48.025+08:00,RUN_20260914_120952,233,1658158,SESSION_002,0,0,8191,2,25.72,71.96,1007.97,210.0,1,LOW
2026-09-14T12:14:49.030+08:00,RUN_20260914_120952,234,1659163,SESSION_002,0,0,8191,2,25.72,71.96,1007.96,210.0,1,LOW
2026-09-14T12:14:50.035+08:00,RUN_20260914_120952,235,1660168,SESSION_002,0,0,8191,2,25.72,71.87,1007.97,210.0,1,LOW
2026-09-14T12:14:50.858+08:00,RUN_20260914_120952,236,1660991,SESSION_002,0,0,8190,4,25.72,72.00,1007.97,210.0,1,LOW
2026-09-14T12:14:51.861+08:00,RUN_20260914_120952,237,1661994,SESSION_002,0,0,8190,4,25.72,71.99,1007.97,210.0,1,LOW
2026-09-14T12:14:53.046+08:00,RUN_20260914_120952,238,1663179,SESSION_002,0,1,8191,2,25.72,72.00,1007.97,210.0,1,LOW
2026-09-14T12:14:54.051+08:00,RUN_20260914_120952,239,1664184,SESSION_002,0,1,8191,2,25.72,71.91,1007.97,210.0,1,LOW
2026-09-14T12:14:54.874+08:00,RUN_20260914_120952,240,1665007,SESSION_002,0,1,8190,4,25.71,71.96,1007.97,210.0,1,LOW
2026-09-14T12:14:56.059+08:00,RUN_20260914_120952,241,1666192,SESSION_002,0,1,8191,2,25.71,71.98,1007.97,210.0,1,LOW
2026-09-14T12:14:56.882+08:00,RUN_20260914_120952,242,1667015,SESSION_002,0,0,8190,4,25.71,71.86,1007.97,210.0,1,LOW
2026-09-14T12:14:58.067+08:00,RUN_20260914_120952,243,1668200,SESSION_002,0,0,8191,2,25.71,71.86,1007.97,210.0,1,LOW
2026-09-14T12:14:58.890+08:00,RUN_20260914_120952,244,1669023,SESSION_002,0,0,8190,4,25.71,71.89,1007.97,210.0,1,LOW
2026-09-14T12:14:59.893+08:00,RUN_20260914_120952,245,1670026,SESSION_002,0,0,8190,4,25.71,71.99,1007.97,210.0,1,LOW
2026-09-14T12:15:00.896+08:00,RUN_20260914_120952,246,1671029,SESSION_002,0,0,8190,4,25.71,71.96,1007.97,210.0,1,LOW
2026-09-14T12:15:02.081+08:00,RUN_20260914_120952,247,1672214,SESSION_002,0,0,8191,2,25.71,72.00,1007.97,210.0,1,LOW
2026-09-14T12:15:03.086+08:00,RUN_20260914_120952,248,1673219,SESSION_002,0,0,8191,2,25.71,71.92,1007.97,210.0,1,LOW
2026-09-14T12:15:03.909+08:00,RUN_20260914_120952,249,1674042,SESSION_002,0,0,8190,4,25.71,71.87,1007.96,210.0,1,LOW
2026-09-14T12:15:04.912+08:00,RUN_20260914_120952,250,1675045,SESSION_002,0,0,8190,4,25.71,71.91,1007.96,210.0,1,LOW
2026-09-14T12:15:06.097+08:00,RUN_20260914_120952,251,1676230,SESSION_002,0,0,8191,2,25.71,71.93,1007.97,210.0,1,LOW
2026-09-14T12:15:06.920+08:00,RUN_20260914_120952,252,1677053,SESSION_002,0,0,8190,4,25.71,71.93,1007.96,210.0,1,LOW
2026-09-14T12:15:08.105+08:00,RUN_20260914_120952,253,1678238,SESSION_002,0,1,8191,2,25.71,71.82,1007.96,210.0,1,LOW
2026-09-14T12:15:08.928+08:00,RUN_20260914_120952,254,1679061,SESSION_002,0,1,8190,4,25.71,71.85,1007.96,210.0,1,LOW
2026-09-14T12:15:10.113+08:00,RUN_20260914_120952,255,1680246,SESSION_002,0,0,8191,2,25.71,71.83,1007.96,210.0,1,LOW
2026-09-14T12:15:11.118+08:00,RUN_20260914_120952,256,1681251,SESSION_002,0,0,8191,2,25.71,71.88,1007.96,210.0,1,LOW
2026-09-14T12:15:11.941+08:00,RUN_20260914_120952,257,1682074,SESSION_002,0,0,8190,4,25.71,71.83,1007.96,210.0,1,LOW
2026-09-14T12:15:12.944+08:00,RUN_20260914_120952,258,1683077,SESSION_002,0,0,8190,4,25.71,71.85,1007.96,210.0,1,LOW
2026-09-14T12:15:13.947+08:00,RUN_20260914_120952,259,1684080,SESSION_002,0,0,8190,4,25.71,71.85,1007.96,210.0,1,LOW
2026-09-14T12:15:14.950+08:00,RUN_20260914_120952,260,1685083,SESSION_002,0,0,8190,4,25.71,71.85,1007.95,210.0,1,LOW
2026-09-14T12:15:15.953+08:00,RUN_20260914_120952,261,1686086,SESSION_002,0,0,8190,4,25.72,71.83,1007.96,210.0,1,LOW
2026-09-14T12:15:17.138+08:00,RUN_20260914_120952,262,1687271,SESSION_002,0,0,8191,2,25.72,71.82,1007.96,210.0,1,LOW
2026-09-14T12:15:17.961+08:00,RUN_20260914_120952,263,1688094,SESSION_002,0,0,8190,4,25.72,71.88,1007.96,210.0,1,LOW
2026-09-14T12:15:19.146+08:00,RUN_20260914_120952,264,1689279,SESSION_002,0,0,8191,2,25.72,71.93,1007.95,210.0,1,LOW
2026-09-14T12:15:19.969+08:00,RUN_20260914_120952,265,1690102,SESSION_002,0,1,8190,4,25.72,71.86,1007.95,210.0,1,LOW
2026-09-14T12:15:21.154+08:00,RUN_20260914_120952,266,1691287,SESSION_002,0,0,8191,2,25.71,71.86,1007.95,210.0,1,LOW
2026-09-14T12:15:22.159+08:00,RUN_20260914_120952,267,1692292,SESSION_002,0,0,8191,2,25.71,71.98,1007.95,210.0,1,LOW
2026-09-14T12:15:23.164+08:00,RUN_20260914_120952,268,1693297,SESSION_002,0,0,8191,2,25.71,71.91,1007.95,210.0,1,LOW
2026-09-14T12:15:23.987+08:00,RUN_20260914_120952,269,1694120,SESSION_002,0,1,8190,4,25.71,71.92,1007.95,210.0,1,LOW
2026-09-14T12:15:25.172+08:00,RUN_20260914_120952,270,1695305,SESSION_002,0,1,8191,2,25.71,71.95,1007.95,210.0,1,LOW
2026-09-14T12:15:26.177+08:00,RUN_20260914_120952,271,1696310,SESSION_002,0,0,8191,2,25.71,71.99,1007.95,210.0,1,LOW
2026-09-14T12:15:27.000+08:00,RUN_20260914_120952,272,1697133,SESSION_002,0,0,8190,4,25.71,71.92,1007.95,210.0,1,LOW
2026-09-14T12:15:28.003+08:00,RUN_20260914_120952,273,1698136,SESSION_002,0,0,8190,4,25.71,71.95,1007.95,210.0,1,LOW
2026-09-14T12:15:29.188+08:00,RUN_20260914_120952,274,1699321,SESSION_002,0,1,8191,2,25.70,71.92,1007.95,210.0,1,LOW
2026-09-14T12:15:30.193+08:00,RUN_20260914_120952,275,1700326,SESSION_002,0,0,8191,2,25.70,71.94,1007.95,210.0,1,LOW
2026-09-14T12:15:31.016+08:00,RUN_20260914_120952,276,1701149,SESSION_002,0,0,8190,4,25.70,71.93,1007.95,210.0,1,LOW
2026-09-14T12:15:32.019+08:00,RUN_20260914_120952,277,1702152,SESSION_002,1,0,8190,4,25.70,71.99,1007.95,210.0,1,LOW
2026-09-14T12:15:33.204+08:00,RUN_20260914_120952,278,1703337,SESSION_002,0,1,8191,2,25.70,71.99,1007.95,210.0,1,LOW
2026-09-14T12:15:34.209+08:00,RUN_20260914_120952,279,1704342,SESSION_002,0,0,8191,2,25.70,71.97,1007.95,210.0,1,LOW
2026-09-14T12:15:35.214+08:00,RUN_20260914_120952,280,1705347,SESSION_002,0,0,8191,2,25.70,71.99,1007.95,210.0,1,LOW
2026-09-14T12:15:36.037+08:00,RUN_20260914_120952,281,1706170,SESSION_002,0,0,8190,4,25.70,72.00,1007.95,210.0,1,LOW
2026-09-14T12:15:37.222+08:00,RUN_20260914_120952,282,1707355,SESSION_002,0,1,8191,2,25.70,72.00,1007.95,210.0,1,LOW
2026-09-14T12:15:38.227+08:00,RUN_20260914_120952,283,1708360,SESSION_002,0,0,8191,2,25.70,72.00,1007.95,210.0,1,LOW
2026-09-14T12:15:39.232+08:00,RUN_20260914_120952,284,1709365,SESSION_002,0,0,8191,2,25.70,71.97,1007.95,210.0,1,LOW
2026-09-14T12:15:40.055+08:00,RUN_20260914_120952,285,1710188,SESSION_002,0,0,8190,4,25.70,71.93,1007.95,210.0,1,LOW
2026-09-14T12:15:41.058+08:00,RUN_20260914_120952,286,1711191,SESSION_002,1,0,8190,4,25.70,71.94,1007.95,210.0,1,LOW
2026-09-14T12:15:42.243+08:00,RUN_20260914_120952,287,1712376,SESSION_002,0,0,8191,2,25.70,72.02,1007.95,210.0,1,LOW
2026-09-14T12:15:43.066+08:00,RUN_20260914_120952,288,1713199,SESSION_002,0,0,8190,4,25.70,71.95,1007.95,210.0,1,LOW
2026-09-14T12:15:44.251+08:00,RUN_20260914_120952,289,1714384,SESSION_002,0,0,8191,2,25.70,72.08,1007.95,210.0,1,LOW
2026-09-14T12:15:45.256+08:00,RUN_20260914_120952,290,1715389,SESSION_002,0,0,8191,2,25.70,72.07,1007.95,210.0,1,LOW
2026-09-14T12:15:46.079+08:00,RUN_20260914_120952,291,1716212,SESSION_002,1,0,8190,4,25.70,71.97,1007.95,210.8,1,LOW
2026-09-14T12:15:47.264+08:00,RUN_20260914_120952,292,1717397,SESSION_002,1,0,8191,2,25.70,71.97,1007.95,210.8,1,LOW
2026-09-14T12:15:48.269+08:00,RUN_20260914_120952,293,1718402,SESSION_002,0,0,8191,2,25.70,71.97,1007.95,210.8,1,LOW
2026-09-14T12:15:49.092+08:00,RUN_20260914_120952,294,1719225,SESSION_002,0,1,8190,4,25.70,72.02,1007.95,210.8,1,LOW
2026-09-14T12:15:50.095+08:00,RUN_20260914_120952,295,1720228,SESSION_002,0,0,8190,4,25.70,72.02,1007.94,210.8,1,LOW
2026-09-14T12:15:51.098+08:00,RUN_20260914_120952,296,1721231,SESSION_002,0,0,8190,4,25.70,72.02,1007.94,210.8,1,LOW
2026-09-14T12:15:52.283+08:00,RUN_20260914_120952,297,1722416,SESSION_002,0,0,8191,2,25.70,71.93,1007.93,210.8,1,LOW
2026-09-14T12:15:53.106+08:00,RUN_20260914_120952,298,1723239,SESSION_002,1,0,8190,4,25.70,72.00,1007.93,210.8,1,LOW
2026-09-14T12:15:54.291+08:00,RUN_20260914_120952,299,1724424,SESSION_002,0,0,8191,2,25.70,72.03,1007.93,210.8,1,LOW
2026-09-14T12:15:55.114+08:00,RUN_20260914_120952,300,1725247,SESSION_002,0,0,8190,4,25.70,72.02,1007.94,210.8,1,LOW
2026-09-14T12:15:56.299+08:00,RUN_20260914_120952,301,1726432,SESSION_002,0,0,8191,2,25.70,71.92,1007.93,210.8,1,LOW
2026-09-14T12:15:57.304+08:00,RUN_20260914_120952,302,1727437,SESSION_002,0,0,8191,2,25.70,71.94,1007.93,210.8,1,LOW
2026-09-14T12:15:58.127+08:00,RUN_20260914_120952,303,1728260,SESSION_002,0,0,8190,4,25.70,72.03,1007.92,211.7,1,LOW
2026-09-14T12:15:59.130+08:00,RUN_20260914_120952,304,1729263,SESSION_002,0,0,8190,4,25.70,71.93,1007.92,210.8,1,LOW
2026-09-14T12:16:00.133+08:00,RUN_20260914_120952,305,1730266,SESSION_002,0,0,8190,4,25.70,71.94,1007.92,210.8,1,LOW
2026-09-14T12:16:01.318+08:00,RUN_20260914_120952,306,1731451,SESSION_002,0,0,8191,2,25.70,71.95,1007.93,210.0,1,LOW
2026-09-14T12:16:02.141+08:00,RUN_20260914_120952,307,1732274,SESSION_002,0,0,8190,4,25.70,71.95,1007.93,210.0,1,LOW
2026-09-14T12:16:03.326+08:00,RUN_20260914_120952,308,1733459,SESSION_002,0,0,8191,2,25.70,71.93,1007.93,210.0,1,LOW
2026-09-14T12:16:04.149+08:00,RUN_20260914_120952,309,1734282,SESSION_002,1,1,8190,4,25.70,71.93,1007.94,210.0,1,LOW
2026-09-14T12:16:05.334+08:00,RUN_20260914_120952,310,1735467,SESSION_002,0,1,8191,2,25.70,71.95,1007.94,210.0,1,LOW
2026-09-14T12:16:06.339+08:00,RUN_20260914_120952,311,1736472,SESSION_002,0,1,8191,2,25.70,71.95,1007.94,210.0,1,LOW
2026-09-14T12:16:07.344+08:00,RUN_20260914_120952,312,1737477,SESSION_002,1,1,141,0,25.70,71.93,1007.94,207.5,1,LOW
2026-09-14T12:16:08.349+08:00,RUN_20260914_120952,313,1738482,SESSION_002,1,0,62,0,25.70,72.11,1007.94,206.7,1,LOW
2026-09-14T12:16:09.354+08:00,RUN_20260914_120952,314,1739487,SESSION_002,0,0,42,0,25.70,72.78,1007.94,207.5,1,LOW
2026-09-14T12:26:55.067+08:00,RUN_20260914_120952,1,2385200,SESSION_003,0,1,56,0,25.82,72.44,1007.75,199.2,1,EMPTY
2026-09-14T12:26:56.072+08:00,RUN_20260914_120952,2,2386205,SESSION_003,0,0,8191,2,25.82,72.38,1007.76,197.5,1,EMPTY
2026-09-14T12:26:57.077+08:00,RUN_20260914_120952,3,2387210,SESSION_003,0,0,8191,2,25.82,72.36,1007.75,197.5,1,EMPTY
2026-09-14T12:26:58.082+08:00,RUN_20260914_120952,4,2388215,SESSION_003,0,1,8191,2,25.83,72.30,1007.76,197.5,1,EMPTY
2026-09-14T12:26:59.087+08:00,RUN_20260914_120952,5,2389220,SESSION_003,0,1,8191,2,25.83,72.23,1007.76,197.5,1,EMPTY
2026-09-14T12:27:00.092+08:00,RUN_20260914_120952,6,2390225,SESSION_003,0,0,8191,2,25.83,72.27,1007.76,197.5,1,EMPTY
2026-09-14T12:27:01.097+08:00,RUN_20260914_120952,7,2391230,SESSION_003,0,0,8191,2,25.83,72.33,1007.75,197.5,1,EMPTY
2026-09-14T12:27:01.920+08:00,RUN_20260914_120952,8,2392053,SESSION_003,0,0,8190,4,25.83,72.33,1007.76,197.5,1,EMPTY
2026-09-14T12:27:03.105+08:00,RUN_20260914_120952,9,2393238,SESSION_003,0,1,8191,2,25.83,72.25,1007.75,197.5,1,EMPTY
2026-09-14T12:27:04.110+08:00,RUN_20260914_120952,10,2394243,SESSION_003,0,1,8191,2,25.83,72.21,1007.76,197.5,1,EMPTY
2026-09-14T12:27:05.110+08:00,RUN_20260914_120952,11,2395243,SESSION_003,0,1,8191,2,25.83,72.13,1007.75,197.5,1,EMPTY
2026-09-14T12:27:05.928+08:00,RUN_20260914_120952,12,2396061,SESSION_003,0,0,8190,4,25.83,72.10,1007.76,198.3,1,EMPTY
2026-09-14T12:27:07.114+08:00,RUN_20260914_120952,13,2397247,SESSION_003,0,0,8191,2,25.83,72.09,1007.75,198.3,1,EMPTY
2026-09-14T12:27:08.114+08:00,RUN_20260914_120952,14,2398247,SESSION_003,0,0,8191,2,25.84,72.10,1007.75,198.3,1,EMPTY
2026-09-14T12:27:09.114+08:00,RUN_20260914_120952,15,2399247,SESSION_003,0,1,8191,2,25.84,72.15,1007.74,198.3,1,EMPTY
2026-09-14T12:27:10.114+08:00,RUN_20260914_120952,16,2400247,SESSION_003,0,0,8191,2,25.84,72.14,1007.74,198.3,1,EMPTY
2026-09-14T12:27:11.114+08:00,RUN_20260914_120952,17,2401247,SESSION_003,0,0,8191,2,25.84,72.05,1007.74,198.3,1,EMPTY
2026-09-14T12:27:12.114+08:00,RUN_20260914_120952,18,2402247,SESSION_003,0,0,8191,2,25.84,71.97,1007.74,198.3,1,EMPTY
2026-09-14T12:27:13.114+08:00,RUN_20260914_120952,19,2403247,SESSION_003,0,0,8191,2,25.84,71.91,1007.74,198.3,1,EMPTY
2026-09-14T12:27:14.114+08:00,RUN_20260914_120952,20,2404247,SESSION_003,0,0,8191,2,25.84,71.91,1007.74,198.3,1,EMPTY
2026-09-14T12:27:15.114+08:00,RUN_20260914_120952,21,2405247,SESSION_003,0,0,8191,2,25.84,71.94,1007.74,198.3,1,EMPTY
2026-09-14T12:27:15.932+08:00,RUN_20260914_120952,22,2406065,SESSION_003,0,0,8190,4,25.84,72.01,1007.74,198.3,1,EMPTY
2026-09-14T12:27:17.118+08:00,RUN_20260914_120952,23,2407251,SESSION_003,0,0,8191,2,25.84,71.97,1007.74,198.3,1,EMPTY
2026-09-14T12:27:18.118+08:00,RUN_20260914_120952,24,2408251,SESSION_003,0,0,8191,2,25.84,71.98,1007.74,198.3,1,EMPTY
2026-09-14T12:27:19.118+08:00,RUN_20260914_120952,25,2409251,SESSION_003,0,0,8191,2,25.84,71.95,1007.74,198.3,1,EMPTY
2026-09-14T12:27:20.118+08:00,RUN_20260914_120952,26,2410251,SESSION_003,0,0,8191,2,25.84,71.96,1007.74,198.3,1,EMPTY
2026-09-14T12:27:21.118+08:00,RUN_20260914_120952,27,2411251,SESSION_003,0,0,8191,2,25.83,71.92,1007.74,198.3,1,EMPTY
2026-09-14T12:27:22.118+08:00,RUN_20260914_120952,28,2412251,SESSION_003,0,0,8191,2,25.83,71.92,1007.74,198.3,1,EMPTY
2026-09-14T12:27:23.118+08:00,RUN_20260914_120952,29,2413251,SESSION_003,0,0,8191,2,25.83,71.85,1007.74,198.3,1,EMPTY
2026-09-14T12:27:23.936+08:00,RUN_20260914_120952,30,2414069,SESSION_003,0,0,8190,4,25.83,71.86,1007.74,198.3,1,EMPTY
2026-09-14T12:27:25.122+08:00,RUN_20260914_120952,31,2415255,SESSION_003,0,0,8191,2,25.83,71.85,1007.74,198.3,1,EMPTY
2026-09-14T12:27:26.122+08:00,RUN_20260914_120952,32,2416255,SESSION_003,0,0,8191,2,25.84,71.85,1007.74,197.5,1,EMPTY
2026-09-14T12:27:27.122+08:00,RUN_20260914_120952,33,2417255,SESSION_003,0,0,8191,2,25.83,71.84,1007.74,198.3,1,EMPTY
2026-09-14T12:27:28.122+08:00,RUN_20260914_120952,34,2418255,SESSION_003,0,0,8191,2,25.83,71.82,1007.74,198.3,1,EMPTY
2026-09-14T12:27:29.122+08:00,RUN_20260914_120952,35,2419255,SESSION_003,0,0,8191,2,25.83,71.82,1007.74,198.3,1,EMPTY
2026-09-14T12:27:30.122+08:00,RUN_20260914_120952,36,2420255,SESSION_003,0,0,8191,2,25.83,71.83,1007.74,197.5,1,EMPTY
2026-09-14T12:27:31.122+08:00,RUN_20260914_120952,37,2421255,SESSION_003,0,0,8191,2,25.83,71.81,1007.73,197.5,1,EMPTY
2026-09-14T12:27:32.122+08:00,RUN_20260914_120952,38,2422255,SESSION_003,0,0,8191,2,25.83,71.78,1007.74,198.3,1,EMPTY
2026-09-14T12:27:33.122+08:00,RUN_20260914_120952,39,2423255,SESSION_003,0,0,8191,2,25.83,71.82,1007.74,198.3,1,EMPTY
2026-09-14T12:27:34.122+08:00,RUN_20260914_120952,40,2424255,SESSION_003,0,0,8191,2,25.83,71.81,1007.74,197.5,1,EMPTY
2026-09-14T12:27:35.122+08:00,RUN_20260914_120952,41,2425255,SESSION_003,0,0,8191,2,25.83,71.82,1007.73,198.3,1,EMPTY
2026-09-14T12:27:36.122+08:00,RUN_20260914_120952,42,2426255,SESSION_003,0,0,8191,2,25.83,71.81,1007.73,197.5,1,EMPTY
2026-09-14T12:27:37.122+08:00,RUN_20260914_120952,43,2427255,SESSION_003,0,0,8191,2,25.83,71.86,1007.73,197.5,1,EMPTY
2026-09-14T12:27:38.122+08:00,RUN_20260914_120952,44,2428255,SESSION_003,0,0,8191,2,25.83,71.86,1007.73,197.5,1,EMPTY
2026-09-14T12:27:39.122+08:00,RUN_20260914_120952,45,2429255,SESSION_003,0,0,8191,2,25.83,71.86,1007.73,197.5,1,EMPTY
2026-09-14T12:27:40.122+08:00,RUN_20260914_120952,46,2430255,SESSION_003,0,0,8191,2,25.83,71.78,1007.73,197.5,1,EMPTY
2026-09-14T12:27:41.122+08:00,RUN_20260914_120952,47,2431255,SESSION_003,0,0,8191,2,25.83,71.82,1007.73,197.5,1,EMPTY
2026-09-14T12:27:42.122+08:00,RUN_20260914_120952,48,2432255,SESSION_003,0,0,8191,2,25.83,71.80,1007.73,198.3,1,EMPTY
2026-09-14T12:27:43.122+08:00,RUN_20260914_120952,49,2433255,SESSION_003,0,0,8191,2,25.83,71.80,1007.73,197.5,1,EMPTY
2026-09-14T12:27:44.122+08:00,RUN_20260914_120952,50,2434255,SESSION_003,0,0,8191,2,25.83,71.80,1007.73,197.5,1,EMPTY
2026-09-14T12:27:45.122+08:00,RUN_20260914_120952,51,2435255,SESSION_003,0,0,8191,2,25.82,71.79,1007.73,198.3,1,EMPTY
2026-09-14T12:27:46.122+08:00,RUN_20260914_120952,52,2436255,SESSION_003,0,0,8191,2,25.82,71.79,1007.73,197.5,1,EMPTY
2026-09-14T12:27:47.122+08:00,RUN_20260914_120952,53,2437255,SESSION_003,0,0,8191,2,25.82,71.79,1007.73,198.3,1,EMPTY
2026-09-14T12:27:48.122+08:00,RUN_20260914_120952,54,2438255,SESSION_003,0,0,8191,2,25.82,71.78,1007.73,198.3,1,EMPTY
2026-09-14T12:27:49.122+08:00,RUN_20260914_120952,55,2439255,SESSION_003,0,0,8191,2,25.82,71.80,1007.73,198.3,1,EMPTY
2026-09-14T12:27:50.122+08:00,RUN_20260914_120952,56,2440255,SESSION_003,0,0,8191,2,25.82,71.80,1007.73,197.5,1,EMPTY
2026-09-14T12:27:51.122+08:00,RUN_20260914_120952,57,2441255,SESSION_003,0,0,8191,2,25.82,71.82,1007.73,197.5,1,EMPTY
2026-09-14T12:27:52.122+08:00,RUN_20260914_120952,58,2442255,SESSION_003,0,0,8191,2,25.82,71.90,1007.73,197.5,1,EMPTY
2026-09-14T12:27:53.122+08:00,RUN_20260914_120952,59,2443255,SESSION_003,0,0,8191,2,25.82,71.89,1007.73,197.5,1,EMPTY
2026-09-14T12:27:54.122+08:00,RUN_20260914_120952,60,2444255,SESSION_003,0,0,8191,2,25.82,71.79,1007.73,197.5,1,EMPTY
2026-09-14T12:27:55.122+08:00,RUN_20260914_120952,61,2445255,SESSION_003,0,0,8191,2,25.82,71.80,1007.73,197.5,1,EMPTY
2026-09-14T12:27:56.122+08:00,RUN_20260914_120952,62,2446255,SESSION_003,0,0,8191,2,25.82,71.83,1007.73,197.5,1,EMPTY
2026-09-14T12:27:57.122+08:00,RUN_20260914_120952,63,2447255,SESSION_003,0,0,8191,2,25.82,71.79,1007.73,197.5,1,EMPTY
2026-09-14T12:27:58.122+08:00,RUN_20260914_120952,64,2448255,SESSION_003,0,0,8191,2,25.82,71.80,1007.73,197.5,1,EMPTY
2026-09-14T12:27:59.122+08:00,RUN_20260914_120952,65,2449255,SESSION_003,0,0,8191,2,25.82,71.82,1007.73,197.5,1,EMPTY
2026-09-14T12:28:00.122+08:00,RUN_20260914_120952,66,2450255,SESSION_003,0,0,8191,2,25.82,71.78,1007.73,197.5,1,EMPTY
2026-09-14T12:28:01.122+08:00,RUN_20260914_120952,67,2451255,SESSION_003,0,0,8191,2,25.82,71.79,1007.72,197.5,1,EMPTY
2026-09-14T12:28:02.122+08:00,RUN_20260914_120952,68,2452255,SESSION_003,0,0,8191,2,25.82,71.79,1007.72,197.5,1,EMPTY
2026-09-14T12:28:03.122+08:00,RUN_20260914_120952,69,2453255,SESSION_003,0,0,8191,2,25.82,71.90,1007.72,198.3,1,EMPTY
2026-09-14T12:28:04.122+08:00,RUN_20260914_120952,70,2454255,SESSION_003,0,0,8191,2,25.82,71.88,1007.72,197.5,1,EMPTY
2026-09-14T12:28:05.122+08:00,RUN_20260914_120952,71,2455255,SESSION_003,0,0,8191,2,25.82,71.89,1007.72,197.5,1,EMPTY
2026-09-14T12:28:06.122+08:00,RUN_20260914_120952,72,2456255,SESSION_003,0,0,8191,2,25.82,71.79,1007.72,197.5,1,EMPTY
2026-09-14T12:28:07.122+08:00,RUN_20260914_120952,73,2457255,SESSION_003,0,0,8191,2,25.82,71.82,1007.72,197.5,1,EMPTY
2026-09-14T12:28:08.122+08:00,RUN_20260914_120952,74,2458255,SESSION_003,0,0,8191,2,25.82,71.82,1007.72,197.5,1,EMPTY
2026-09-14T12:28:09.122+08:00,RUN_20260914_120952,75,2459255,SESSION_003,0,0,8191,2,25.81,71.81,1007.72,197.5,1,EMPTY
2026-09-14T12:28:10.122+08:00,RUN_20260914_120952,76,2460255,SESSION_003,0,0,8191,2,25.81,71.79,1007.72,197.5,1,EMPTY
2026-09-14T12:28:11.122+08:00,RUN_20260914_120952,77,2461255,SESSION_003,0,0,8191,2,25.81,71.80,1007.72,197.5,1,EMPTY
2026-09-14T12:28:12.122+08:00,RUN_20260914_120952,78,2462255,SESSION_003,0,0,8191,2,25.81,71.81,1007.72,197.5,1,EMPTY
2026-09-14T12:28:13.122+08:00,RUN_20260914_120952,79,2463255,SESSION_003,0,0,8191,2,25.81,71.79,1007.72,197.5,1,EMPTY
2026-09-14T12:28:14.122+08:00,RUN_20260914_120952,80,2464255,SESSION_003,0,0,8191,2,25.81,71.81,1007.72,197.5,1,EMPTY
2026-09-14T12:28:15.122+08:00,RUN_20260914_120952,81,2465255,SESSION_003,0,0,8191,2,25.81,71.80,1007.72,197.5,1,EMPTY
2026-09-14T12:28:16.122+08:00,RUN_20260914_120952,82,2466255,SESSION_003,0,0,8191,2,25.81,71.81,1007.72,197.5,1,EMPTY
2026-09-14T12:28:17.122+08:00,RUN_20260914_120952,83,2467255,SESSION_003,0,0,8191,2,25.81,71.79,1007.72,197.5,1,EMPTY
2026-09-14T12:28:18.122+08:00,RUN_20260914_120952,84,2468255,SESSION_003,0,0,8191,2,25.81,71.90,1007.72,197.5,1,EMPTY
2026-09-14T12:28:19.122+08:00,RUN_20260914_120952,85,2469255,SESSION_003,0,0,8191,2,25.81,71.80,1007.72,197.5,1,EMPTY
2026-09-14T12:28:20.122+08:00,RUN_20260914_120952,86,2470255,SESSION_003,0,0,8191,2,25.81,71.80,1007.72,197.5,1,EMPTY
2026-09-14T12:28:21.122+08:00,RUN_20260914_120952,87,2471255,SESSION_003,0,0,8191,2,25.80,71.81,1007.72,197.5,1,EMPTY
2026-09-14T12:28:22.122+08:00,RUN_20260914_120952,88,2472255,SESSION_003,0,0,8191,2,25.80,71.90,1007.72,197.5,1,EMPTY
2026-09-14T12:28:23.122+08:00,RUN_20260914_120952,89,2473255,SESSION_003,0,0,8191,2,25.80,71.79,1007.72,197.5,1,EMPTY
2026-09-14T12:28:24.122+08:00,RUN_20260914_120952,90,2474255,SESSION_003,0,0,8191,2,25.80,71.80,1007.72,197.5,1,EMPTY
2026-09-14T12:28:25.122+08:00,RUN_20260914_120952,91,2475255,SESSION_003,0,0,8191,2,25.80,71.88,1007.72,197.5,1,EMPTY
2026-09-14T12:28:26.122+08:00,RUN_20260914_120952,92,2476255,SESSION_003,0,0,8191,2,25.80,71.87,1007.72,197.5,1,EMPTY
2026-09-14T12:28:26.940+08:00,RUN_20260914_120952,93,2477073,SESSION_003,0,0,8190,4,25.80,71.79,1007.72,197.5,1,EMPTY
2026-09-14T12:28:28.126+08:00,RUN_20260914_120952,94,2478259,SESSION_003,0,0,8191,2,25.80,71.78,1007.72,197.5,1,EMPTY
2026-09-14T12:28:29.126+08:00,RUN_20260914_120952,95,2479259,SESSION_003,0,0,8191,2,25.80,71.87,1007.72,197.5,1,EMPTY
2026-09-14T12:28:30.126+08:00,RUN_20260914_120952,96,2480259,SESSION_003,0,0,8191,2,25.80,71.78,1007.71,197.5,1,EMPTY
2026-09-14T12:28:31.126+08:00,RUN_20260914_120952,97,2481259,SESSION_003,0,0,8191,2,25.80,71.78,1007.72,197.5,1,EMPTY
2026-09-14T12:28:32.126+08:00,RUN_20260914_120952,98,2482259,SESSION_003,0,0,8191,2,25.80,71.87,1007.72,197.5,1,EMPTY
2026-09-14T12:28:33.126+08:00,RUN_20260914_120952,99,2483259,SESSION_003,0,0,8191,2,25.80,71.86,1007.72,197.5,1,EMPTY
2026-09-14T12:28:34.126+08:00,RUN_20260914_120952,100,2484259,SESSION_003,0,0,8191,2,25.80,71.77,1007.72,197.5,1,EMPTY
2026-09-14T12:28:35.126+08:00,RUN_20260914_120952,101,2485259,SESSION_003,0,0,8191,2,25.80,71.80,1007.71,197.5,1,EMPTY
2026-09-14T12:28:36.126+08:00,RUN_20260914_120952,102,2486259,SESSION_003,0,0,8191,2,25.80,71.83,1007.71,197.5,1,EMPTY
2026-09-14T12:28:37.126+08:00,RUN_20260914_120952,103,2487259,SESSION_003,0,0,8191,2,25.80,71.81,1007.71,197.5,1,EMPTY
2026-09-14T12:28:38.126+08:00,RUN_20260914_120952,104,2488259,SESSION_003,0,0,8191,2,25.80,71.79,1007.71,197.5,1,EMPTY
2026-09-14T12:28:39.126+08:00,RUN_20260914_120952,105,2489259,SESSION_003,0,0,8191,2,25.80,71.81,1007.71,197.5,1,EMPTY
2026-09-14T12:28:40.126+08:00,RUN_20260914_120952,106,2490259,SESSION_003,0,0,8191,2,25.80,71.78,1007.72,197.5,1,EMPTY
2026-09-14T12:28:41.126+08:00,RUN_20260914_120952,107,2491259,SESSION_003,0,0,8191,2,25.80,71.80,1007.72,197.5,1,EMPTY
2026-09-14T12:28:42.126+08:00,RUN_20260914_120952,108,2492259,SESSION_003,0,0,8191,2,25.80,71.79,1007.71,197.5,1,EMPTY
2026-09-14T12:28:43.126+08:00,RUN_20260914_120952,109,2493259,SESSION_003,0,0,8191,2,25.80,71.81,1007.72,197.5,1,EMPTY
2026-09-14T12:28:44.126+08:00,RUN_20260914_120952,110,2494259,SESSION_003,0,0,8191,2,25.80,71.77,1007.72,197.5,1,EMPTY
2026-09-14T12:28:45.126+08:00,RUN_20260914_120952,111,2495259,SESSION_003,0,0,8191,2,25.80,71.74,1007.72,197.5,1,EMPTY
2026-09-14T12:28:46.126+08:00,RUN_20260914_120952,112,2496259,SESSION_003,0,0,8191,2,25.80,71.74,1007.71,197.5,1,EMPTY
2026-09-14T12:28:47.126+08:00,RUN_20260914_120952,113,2497259,SESSION_003,0,0,8191,2,25.80,71.74,1007.71,197.5,1,EMPTY
2026-09-14T12:28:48.126+08:00,RUN_20260914_120952,114,2498259,SESSION_003,0,0,8191,2,25.80,71.74,1007.71,197.5,1,EMPTY
2026-09-14T12:28:49.126+08:00,RUN_20260914_120952,115,2499259,SESSION_003,0,0,8191,2,25.80,71.73,1007.71,197.5,1,EMPTY
2026-09-14T12:28:49.944+08:00,RUN_20260914_120952,116,2500077,SESSION_003,0,0,8190,4,25.80,71.75,1007.71,197.5,1,EMPTY
2026-09-14T12:28:51.130+08:00,RUN_20260914_120952,117,2501263,SESSION_003,0,0,8191,2,25.80,71.79,1007.71,197.5,1,EMPTY
2026-09-14T12:28:52.130+08:00,RUN_20260914_120952,118,2502263,SESSION_003,0,0,8191,2,25.80,71.78,1007.71,197.5,1,EMPTY
2026-09-14T12:28:53.130+08:00,RUN_20260914_120952,119,2503263,SESSION_003,0,0,8191,2,25.80,71.79,1007.72,197.5,1,EMPTY
2026-09-14T12:28:54.130+08:00,RUN_20260914_120952,120,2504263,SESSION_003,0,0,8191,2,25.80,71.80,1007.71,197.5,1,EMPTY
2026-09-14T12:28:55.130+08:00,RUN_20260914_120952,121,2505263,SESSION_003,0,0,8191,2,25.80,71.80,1007.71,197.5,1,EMPTY
2026-09-14T12:28:56.130+08:00,RUN_20260914_120952,122,2506263,SESSION_003,0,0,8191,2,25.80,71.79,1007.71,197.5,1,EMPTY
2026-09-14T12:28:57.130+08:00,RUN_20260914_120952,123,2507263,SESSION_003,0,0,8191,2,25.80,71.81,1007.71,197.5,1,EMPTY
2026-09-14T12:28:58.130+08:00,RUN_20260914_120952,124,2508263,SESSION_003,0,0,8191,2,25.80,71.79,1007.71,197.5,1,EMPTY
2026-09-14T12:28:59.130+08:00,RUN_20260914_120952,125,2509263,SESSION_003,0,0,8191,2,25.80,71.74,1007.71,197.5,1,EMPTY
2026-09-14T12:29:00.130+08:00,RUN_20260914_120952,126,2510263,SESSION_003,0,0,8191,2,25.80,71.74,1007.71,197.5,1,EMPTY
2026-09-14T12:29:00.948+08:00,RUN_20260914_120952,127,2511081,SESSION_003,0,0,8190,4,25.80,71.74,1007.72,197.5,1,EMPTY
2026-09-14T12:29:02.134+08:00,RUN_20260914_120952,128,2512267,SESSION_003,0,0,8191,2,25.80,71.75,1007.72,197.5,1,EMPTY
2026-09-14T12:29:03.134+08:00,RUN_20260914_120952,129,2513267,SESSION_003,0,0,8191,2,25.80,71.75,1007.72,197.5,1,EMPTY
2026-09-14T12:29:04.134+08:00,RUN_20260914_120952,130,2514267,SESSION_003,0,0,8191,2,25.80,71.74,1007.72,197.5,1,EMPTY
2026-09-14T12:29:05.134+08:00,RUN_20260914_120952,131,2515267,SESSION_003,0,0,8191,2,25.80,71.77,1007.72,197.5,1,EMPTY
2026-09-14T12:29:06.134+08:00,RUN_20260914_120952,132,2516267,SESSION_003,0,0,8191,2,25.80,71.77,1007.72,197.5,1,EMPTY
2026-09-14T12:29:07.134+08:00,RUN_20260914_120952,133,2517267,SESSION_003,0,0,8191,2,25.80,71.74,1007.72,197.5,1,EMPTY
2026-09-14T12:29:08.134+08:00,RUN_20260914_120952,134,2518267,SESSION_003,0,0,8191,2,25.80,71.75,1007.72,197.5,1,EMPTY
2026-09-14T12:29:09.134+08:00,RUN_20260914_120952,135,2519267,SESSION_003,0,0,8191,2,25.80,71.72,1007.72,197.5,1,EMPTY
2026-09-14T12:29:10.134+08:00,RUN_20260914_120952,136,2520267,SESSION_003,0,0,8191,2,25.80,71.73,1007.72,197.5,1,EMPTY
2026-09-14T12:29:11.134+08:00,RUN_20260914_120952,137,2521267,SESSION_003,0,0,8191,2,25.80,71.74,1007.72,197.5,1,EMPTY
2026-09-14T12:29:12.134+08:00,RUN_20260914_120952,138,2522267,SESSION_003,0,0,8191,2,25.80,71.77,1007.72,197.5,1,EMPTY
2026-09-14T12:29:13.134+08:00,RUN_20260914_120952,139,2523267,SESSION_003,0,0,8191,2,25.80,71.86,1007.72,197.5,1,EMPTY
2026-09-14T12:29:14.134+08:00,RUN_20260914_120952,140,2524267,SESSION_003,0,0,8191,2,25.80,71.85,1007.72,197.5,1,EMPTY
2026-09-14T12:29:15.134+08:00,RUN_20260914_120952,141,2525267,SESSION_003,0,0,8191,2,25.80,71.84,1007.72,197.5,1,EMPTY
2026-09-14T12:29:16.134+08:00,RUN_20260914_120952,142,2526267,SESSION_003,0,0,8191,2,25.80,71.86,1007.72,197.5,1,EMPTY
2026-09-14T12:29:17.134+08:00,RUN_20260914_120952,143,2527267,SESSION_003,0,0,8191,2,25.80,71.85,1007.72,197.5,1,EMPTY
2026-09-14T12:29:18.134+08:00,RUN_20260914_120952,144,2528267,SESSION_003,0,0,8191,2,25.80,71.90,1007.72,197.5,1,EMPTY
2026-09-14T12:29:19.134+08:00,RUN_20260914_120952,145,2529267,SESSION_003,0,0,8191,2,25.80,71.86,1007.72,197.5,1,EMPTY
2026-09-14T12:29:20.134+08:00,RUN_20260914_120952,146,2530267,SESSION_003,0,0,8191,2,25.80,71.86,1007.72,197.5,1,EMPTY
2026-09-14T12:29:21.134+08:00,RUN_20260914_120952,147,2531267,SESSION_003,0,0,8191,2,25.80,71.80,1007.72,197.5,1,EMPTY
2026-09-14T12:29:22.134+08:00,RUN_20260914_120952,148,2532267,SESSION_003,0,0,8191,2,25.80,71.77,1007.72,197.5,1,EMPTY
2026-09-14T12:29:23.134+08:00,RUN_20260914_120952,149,2533267,SESSION_003,0,0,8191,2,25.80,71.87,1007.72,197.5,1,EMPTY
2026-09-14T12:29:24.134+08:00,RUN_20260914_120952,150,2534267,SESSION_003,0,0,8191,2,25.80,71.85,1007.72,197.5,1,EMPTY
2026-09-14T12:29:25.134+08:00,RUN_20260914_120952,151,2535267,SESSION_003,0,0,8191,2,25.80,71.76,1007.72,197.5,1,EMPTY
2026-09-14T12:29:26.134+08:00,RUN_20260914_120952,152,2536267,SESSION_003,0,0,8191,2,25.80,71.75,1007.72,197.5,1,EMPTY
2026-09-14T12:29:27.134+08:00,RUN_20260914_120952,153,2537267,SESSION_003,0,0,8191,2,25.80,71.86,1007.72,197.5,1,EMPTY
2026-09-14T12:29:28.134+08:00,RUN_20260914_120952,154,2538267,SESSION_003,0,0,8191,2,25.80,71.89,1007.72,197.5,1,EMPTY
2026-09-14T12:29:29.134+08:00,RUN_20260914_120952,155,2539267,SESSION_003,0,0,8191,2,25.80,71.86,1007.72,197.5,1,EMPTY
2026-09-14T12:29:30.134+08:00,RUN_20260914_120952,156,2540267,SESSION_003,0,0,8191,2,25.80,71.86,1007.72,197.5,1,EMPTY
2026-09-14T12:29:31.134+08:00,RUN_20260914_120952,157,2541267,SESSION_003,0,0,8191,2,25.79,71.80,1007.72,197.5,1,EMPTY
2026-09-14T12:29:32.134+08:00,RUN_20260914_120952,158,2542267,SESSION_003,0,0,8191,2,25.79,71.85,1007.72,197.5,1,EMPTY
2026-09-14T12:29:33.134+08:00,RUN_20260914_120952,159,2543267,SESSION_003,0,0,8191,2,25.79,71.86,1007.72,197.5,1,EMPTY
2026-09-14T12:29:34.134+08:00,RUN_20260914_120952,160,2544267,SESSION_003,0,0,8191,2,25.79,71.82,1007.72,197.5,1,EMPTY
2026-09-14T12:29:35.134+08:00,RUN_20260914_120952,161,2545267,SESSION_003,0,0,8191,2,25.79,71.89,1007.72,197.5,1,EMPTY
2026-09-14T12:29:36.134+08:00,RUN_20260914_120952,162,2546267,SESSION_003,0,0,8191,2,25.79,71.81,1007.72,197.5,1,EMPTY
2026-09-14T12:29:37.134+08:00,RUN_20260914_120952,163,2547267,SESSION_003,0,0,8191,2,25.79,71.81,1007.71,197.5,1,EMPTY
2026-09-14T12:29:38.134+08:00,RUN_20260914_120952,164,2548267,SESSION_003,0,0,8191,2,25.79,71.83,1007.72,197.5,1,EMPTY
2026-09-14T12:29:39.134+08:00,RUN_20260914_120952,165,2549267,SESSION_003,0,0,8191,2,25.79,71.85,1007.72,197.5,1,EMPTY
2026-09-14T12:29:40.134+08:00,RUN_20260914_120952,166,2550267,SESSION_003,0,0,8191,2,25.79,71.78,1007.72,197.5,1,EMPTY
2026-09-14T12:29:41.134+08:00,RUN_20260914_120952,167,2551267,SESSION_003,0,0,8191,2,25.79,71.79,1007.72,197.5,1,EMPTY
2026-09-14T12:29:42.134+08:00,RUN_20260914_120952,168,2552267,SESSION_003,0,0,8191,2,25.79,71.79,1007.72,197.5,1,EMPTY
2026-09-14T12:29:43.134+08:00,RUN_20260914_120952,169,2553267,SESSION_003,0,0,8191,2,25.79,71.80,1007.72,197.5,1,EMPTY
2026-09-14T12:29:44.134+08:00,RUN_20260914_120952,170,2554267,SESSION_003,0,0,8191,2,25.79,71.78,1007.71,197.5,1,EMPTY
2026-09-14T12:29:45.134+08:00,RUN_20260914_120952,171,2555267,SESSION_003,0,0,8191,2,25.79,71.85,1007.71,197.5,1,EMPTY
2026-09-14T12:29:46.134+08:00,RUN_20260914_120952,172,2556267,SESSION_003,0,0,8191,2,25.79,71.86,1007.71,196.7,1,EMPTY
2026-09-14T12:29:47.134+08:00,RUN_20260914_120952,173,2557267,SESSION_003,0,0,8191,2,25.79,71.85,1007.71,197.5,1,EMPTY
2026-09-14T12:29:48.134+08:00,RUN_20260914_120952,174,2558267,SESSION_003,0,0,8191,2,25.79,71.83,1007.72,197.5,1,EMPTY
2026-09-14T12:29:49.134+08:00,RUN_20260914_120952,175,2559267,SESSION_003,0,0,8191,2,25.78,71.86,1007.71,197.5,1,EMPTY
2026-09-14T12:29:50.134+08:00,RUN_20260914_120952,176,2560267,SESSION_003,0,0,8191,2,25.78,71.92,1007.71,197.5,1,EMPTY
2026-09-14T12:29:51.134+08:00,RUN_20260914_120952,177,2561267,SESSION_003,0,0,8191,2,25.78,71.89,1007.72,197.5,1,EMPTY
2026-09-14T12:29:52.134+08:00,RUN_20260914_120952,178,2562267,SESSION_003,0,0,8191,2,25.78,71.90,1007.71,196.7,1,EMPTY
2026-09-14T12:29:53.134+08:00,RUN_20260914_120952,179,2563267,SESSION_003,0,0,8191,2,25.78,71.82,1007.71,197.5,1,EMPTY
2026-09-14T12:29:54.134+08:00,RUN_20260914_120952,180,2564267,SESSION_003,0,0,8191,2,25.78,71.80,1007.71,197.5,1,EMPTY
2026-09-14T12:29:55.134+08:00,RUN_20260914_120952,181,2565267,SESSION_003,0,0,8191,2,25.78,71.87,1007.71,197.5,1,EMPTY
2026-09-14T12:29:56.134+08:00,RUN_20260914_120952,182,2566267,SESSION_003,0,0,8191,2,25.78,71.86,1007.71,197.5,1,EMPTY
2026-09-14T12:29:57.134+08:00,RUN_20260914_120952,183,2567267,SESSION_003,0,0,8191,2,25.78,71.81,1007.71,197.5,1,EMPTY
2026-09-14T12:29:58.134+08:00,RUN_20260914_120952,184,2568267,SESSION_003,0,0,8191,2,25.78,71.82,1007.71,197.5,1,EMPTY
2026-09-14T12:29:59.134+08:00,RUN_20260914_120952,185,2569267,SESSION_003,0,0,8191,2,25.78,71.83,1007.71,197.5,1,EMPTY
2026-09-14T12:30:00.134+08:00,RUN_20260914_120952,186,2570267,SESSION_003,0,0,8191,2,25.78,71.80,1007.72,196.7,1,EMPTY
2026-09-14T12:30:01.134+08:00,RUN_20260914_120952,187,2571267,SESSION_003,0,0,8191,2,25.78,71.79,1007.72,197.5,1,EMPTY
2026-09-14T12:30:02.134+08:00,RUN_20260914_120952,188,2572267,SESSION_003,0,0,8191,2,25.78,71.75,1007.72,197.5,1,EMPTY
2026-09-14T12:30:03.134+08:00,RUN_20260914_120952,189,2573267,SESSION_003,0,0,8191,2,25.78,71.76,1007.72,197.5,1,EMPTY
2026-09-14T12:30:04.134+08:00,RUN_20260914_120952,190,2574267,SESSION_003,0,0,8191,2,25.78,71.80,1007.72,197.5,1,EMPTY
2026-09-14T12:30:05.134+08:00,RUN_20260914_120952,191,2575267,SESSION_003,0,0,8191,2,25.78,71.80,1007.72,197.5,1,EMPTY
2026-09-14T12:30:06.134+08:00,RUN_20260914_120952,192,2576267,SESSION_003,0,0,8191,2,25.78,71.80,1007.71,197.5,1,EMPTY
2026-09-14T12:30:07.134+08:00,RUN_20260914_120952,193,2577267,SESSION_003,0,0,8191,2,25.78,71.80,1007.71,196.7,1,EMPTY
2026-09-14T12:30:08.134+08:00,RUN_20260914_120952,194,2578267,SESSION_003,0,0,8191,2,25.78,71.89,1007.71,197.5,1,EMPTY
2026-09-14T12:30:09.134+08:00,RUN_20260914_120952,195,2579267,SESSION_003,0,0,8191,2,25.77,71.81,1007.71,196.7,1,EMPTY
2026-09-14T12:30:10.134+08:00,RUN_20260914_120952,196,2580267,SESSION_003,0,0,8191,2,25.77,71.87,1007.71,197.5,1,EMPTY
2026-09-14T12:30:11.134+08:00,RUN_20260914_120952,197,2581267,SESSION_003,0,0,8191,2,25.77,71.84,1007.71,197.5,1,EMPTY
2026-09-14T12:30:12.134+08:00,RUN_20260914_120952,198,2582267,SESSION_003,0,0,8191,2,25.77,71.94,1007.71,196.7,1,EMPTY
2026-09-14T12:30:13.134+08:00,RUN_20260914_120952,199,2583267,SESSION_003,0,0,8191,2,25.77,71.92,1007.71,197.5,1,EMPTY
2026-09-14T12:30:14.134+08:00,RUN_20260914_120952,200,2584267,SESSION_003,0,0,8191,2,25.77,71.86,1007.71,196.7,1,EMPTY
2026-09-14T12:30:15.134+08:00,RUN_20260914_120952,201,2585267,SESSION_003,0,0,8191,2,25.77,71.81,1007.71,196.7,1,EMPTY
2026-09-14T12:30:16.134+08:00,RUN_20260914_120952,202,2586267,SESSION_003,0,0,8191,2,25.77,71.89,1007.71,196.7,1,EMPTY
2026-09-14T12:30:17.134+08:00,RUN_20260914_120952,203,2587267,SESSION_003,0,0,8191,2,25.77,71.80,1007.71,196.7,1,EMPTY
2026-09-14T12:30:18.134+08:00,RUN_20260914_120952,204,2588267,SESSION_003,0,0,8191,2,25.77,71.83,1007.72,197.5,1,EMPTY
2026-09-14T12:30:19.134+08:00,RUN_20260914_120952,205,2589267,SESSION_003,0,0,8191,2,25.77,71.82,1007.72,196.7,1,EMPTY
2026-09-14T12:30:20.134+08:00,RUN_20260914_120952,206,2590267,SESSION_003,0,0,8191,2,25.77,71.80,1007.72,196.7,1,EMPTY
2026-09-14T12:30:21.134+08:00,RUN_20260914_120952,207,2591267,SESSION_003,0,0,8191,2,25.77,71.82,1007.72,196.7,1,EMPTY
2026-09-14T12:30:22.134+08:00,RUN_20260914_120952,208,2592267,SESSION_003,0,0,8191,2,25.77,71.83,1007.72,196.7,1,EMPTY
2026-09-14T12:30:23.134+08:00,RUN_20260914_120952,209,2593267,SESSION_003,0,0,8191,2,25.77,71.86,1007.72,196.7,1,EMPTY
2026-09-14T12:30:24.134+08:00,RUN_20260914_120952,210,2594267,SESSION_003,0,0,8191,2,25.77,71.82,1007.71,196.7,1,EMPTY
2026-09-14T12:30:25.134+08:00,RUN_20260914_120952,211,2595267,SESSION_003,0,0,8191,2,25.77,71.87,1007.71,196.7,1,EMPTY
2026-09-14T12:30:26.134+08:00,RUN_20260914_120952,212,2596267,SESSION_003,0,0,8191,2,25.77,71.94,1007.71,196.7,1,EMPTY
2026-09-14T12:30:27.134+08:00,RUN_20260914_120952,213,2597267,SESSION_003,0,0,8191,2,25.77,71.91,1007.71,197.5,1,EMPTY
2026-09-14T12:30:28.134+08:00,RUN_20260914_120952,214,2598267,SESSION_003,0,0,8191,2,25.77,71.81,1007.72,196.7,1,EMPTY
2026-09-14T12:30:28.952+08:00,RUN_20260914_120952,215,2599085,SESSION_003,0,0,8190,4,25.77,71.81,1007.71,197.5,1,EMPTY
2026-09-14T12:30:30.138+08:00,RUN_20260914_120952,216,2600271,SESSION_003,0,0,8191,2,25.77,71.82,1007.71,196.7,1,EMPTY
2026-09-14T12:30:31.138+08:00,RUN_20260914_120952,217,2601271,SESSION_003,0,0,8191,2,25.77,71.82,1007.71,196.7,1,EMPTY
2026-09-14T12:30:32.138+08:00,RUN_20260914_120952,218,2602271,SESSION_003,0,0,8191,2,25.77,71.79,1007.71,196.7,1,EMPTY
2026-09-14T12:30:33.138+08:00,RUN_20260914_120952,219,2603271,SESSION_003,0,0,8191,2,25.77,71.86,1007.71,196.7,1,EMPTY
2026-09-14T12:30:34.138+08:00,RUN_20260914_120952,220,2604271,SESSION_003,0,0,8191,2,25.77,71.79,1007.71,196.7,1,EMPTY
2026-09-14T12:30:35.138+08:00,RUN_20260914_120952,221,2605271,SESSION_003,0,0,8191,2,25.77,71.77,1007.71,196.7,1,EMPTY
2026-09-14T12:30:36.138+08:00,RUN_20260914_120952,222,2606271,SESSION_003,0,0,8191,2,25.77,71.87,1007.71,196.7,1,EMPTY
2026-09-14T12:30:37.138+08:00,RUN_20260914_120952,223,2607271,SESSION_003,0,0,8191,2,25.77,71.87,1007.71,196.7,1,EMPTY
2026-09-14T12:30:38.138+08:00,RUN_20260914_120952,224,2608271,SESSION_003,0,0,8191,2,25.78,71.80,1007.71,196.7,1,EMPTY
2026-09-14T12:30:39.138+08:00,RUN_20260914_120952,225,2609271,SESSION_003,0,0,8191,2,25.78,71.75,1007.71,196.7,1,EMPTY
2026-09-14T12:30:40.138+08:00,RUN_20260914_120952,226,2610271,SESSION_003,0,0,8191,2,25.78,71.84,1007.71,196.7,1,EMPTY
2026-09-14T12:30:41.138+08:00,RUN_20260914_120952,227,2611271,SESSION_003,0,0,8191,2,25.78,71.83,1007.71,196.7,1,EMPTY
2026-09-14T12:30:42.138+08:00,RUN_20260914_120952,228,2612271,SESSION_003,0,0,8191,2,25.78,71.83,1007.71,196.7,1,EMPTY
2026-09-14T12:30:43.138+08:00,RUN_20260914_120952,229,2613271,SESSION_003,0,0,8191,2,25.78,71.80,1007.71,196.7,1,EMPTY
2026-09-14T12:30:44.138+08:00,RUN_20260914_120952,230,2614271,SESSION_003,0,0,8191,2,25.78,71.80,1007.71,196.7,1,EMPTY
2026-09-14T12:30:45.138+08:00,RUN_20260914_120952,231,2615271,SESSION_003,0,0,8191,2,25.78,71.82,1007.72,196.7,1,EMPTY
2026-09-14T12:30:46.138+08:00,RUN_20260914_120952,232,2616271,SESSION_003,0,0,8191,2,25.78,71.82,1007.71,196.7,1,EMPTY
2026-09-14T12:30:47.138+08:00,RUN_20260914_120952,233,2617271,SESSION_003,0,0,8191,2,25.78,71.80,1007.72,196.7,1,EMPTY
2026-09-14T12:30:48.138+08:00,RUN_20260914_120952,234,2618271,SESSION_003,0,0,8191,2,25.78,71.71,1007.71,196.7,1,EMPTY
2026-09-14T12:30:49.138+08:00,RUN_20260914_120952,235,2619271,SESSION_003,0,0,8191,2,25.78,71.80,1007.71,196.7,1,EMPTY
2026-09-14T12:30:50.138+08:00,RUN_20260914_120952,236,2620271,SESSION_003,0,0,8191,2,25.78,71.75,1007.71,196.7,1,EMPTY
2026-09-14T12:30:51.138+08:00,RUN_20260914_120952,237,2621271,SESSION_003,0,0,8191,2,25.78,71.74,1007.72,196.7,1,EMPTY
2026-09-14T12:30:52.138+08:00,RUN_20260914_120952,238,2622271,SESSION_003,0,0,8191,2,25.78,71.73,1007.72,196.7,1,EMPTY
2026-09-14T12:30:53.138+08:00,RUN_20260914_120952,239,2623271,SESSION_003,0,0,8191,2,25.78,71.74,1007.72,196.7,1,EMPTY
2026-09-14T12:30:54.138+08:00,RUN_20260914_120952,240,2624271,SESSION_003,0,0,8191,2,25.78,71.73,1007.72,196.7,1,EMPTY
2026-09-14T12:30:54.956+08:00,RUN_20260914_120952,241,2625089,SESSION_003,0,0,8190,4,25.78,71.82,1007.72,196.7,1,EMPTY
2026-09-14T12:30:56.142+08:00,RUN_20260914_120952,242,2626275,SESSION_003,0,0,8191,2,25.78,71.82,1007.72,196.7,1,EMPTY
2026-09-14T12:30:57.142+08:00,RUN_20260914_120952,243,2627275,SESSION_003,0,0,8191,2,25.78,71.75,1007.72,196.7,1,EMPTY
2026-09-14T12:30:58.142+08:00,RUN_20260914_120952,244,2628275,SESSION_003,0,0,8191,2,25.78,71.78,1007.72,196.7,1,EMPTY
2026-09-14T12:30:59.142+08:00,RUN_20260914_120952,245,2629275,SESSION_003,0,0,8191,2,25.78,71.82,1007.72,196.7,1,EMPTY
2026-09-14T12:31:00.142+08:00,RUN_20260914_120952,246,2630275,SESSION_003,0,0,8191,2,25.78,71.82,1007.72,196.7,1,EMPTY
2026-09-14T12:31:01.142+08:00,RUN_20260914_120952,247,2631275,SESSION_003,0,0,8191,2,25.78,71.83,1007.72,196.7,1,EMPTY
2026-09-14T12:31:02.142+08:00,RUN_20260914_120952,248,2632275,SESSION_003,0,0,8191,2,25.78,71.81,1007.73,196.7,1,EMPTY
2026-09-14T12:31:03.142+08:00,RUN_20260914_120952,249,2633275,SESSION_003,0,0,8191,2,25.78,71.75,1007.73,196.7,1,EMPTY
2026-09-14T12:31:04.142+08:00,RUN_20260914_120952,250,2634275,SESSION_003,0,0,8191,2,25.78,71.75,1007.72,196.7,1,EMPTY
2026-09-14T12:31:05.142+08:00,RUN_20260914_120952,251,2635275,SESSION_003,0,0,8191,2,25.78,71.82,1007.72,196.7,1,EMPTY
2026-09-14T12:31:06.142+08:00,RUN_20260914_120952,252,2636275,SESSION_003,0,0,8191,2,25.79,71.83,1007.73,196.7,1,EMPTY
2026-09-14T12:31:07.142+08:00,RUN_20260914_120952,253,2637275,SESSION_003,0,0,8191,2,25.79,71.85,1007.73,196.7,1,EMPTY
2026-09-14T12:31:08.142+08:00,RUN_20260914_120952,254,2638275,SESSION_003,0,0,8191,2,25.79,71.75,1007.73,196.7,1,EMPTY
2026-09-14T12:31:09.142+08:00,RUN_20260914_120952,255,2639275,SESSION_003,0,0,8191,2,25.79,71.73,1007.73,196.7,1,EMPTY
2026-09-14T12:31:10.142+08:00,RUN_20260914_120952,256,2640275,SESSION_003,0,0,8191,2,25.78,71.78,1007.72,196.7,1,EMPTY
2026-09-14T12:31:11.142+08:00,RUN_20260914_120952,257,2641275,SESSION_003,0,0,8191,2,25.78,71.74,1007.72,196.7,1,EMPTY
2026-09-14T12:31:12.142+08:00,RUN_20260914_120952,258,2642275,SESSION_003,0,0,8191,2,25.78,71.80,1007.72,196.7,1,EMPTY
2026-09-14T12:31:13.142+08:00,RUN_20260914_120952,259,2643275,SESSION_003,0,0,8191,2,25.79,71.83,1007.73,196.7,1,EMPTY
2026-09-14T12:31:14.142+08:00,RUN_20260914_120952,260,2644275,SESSION_003,0,0,8191,2,25.78,71.76,1007.72,196.7,1,EMPTY
2026-09-14T12:31:15.142+08:00,RUN_20260914_120952,261,2645275,SESSION_003,0,0,8191,2,25.78,71.74,1007.72,196.7,1,EMPTY
2026-09-14T12:31:16.142+08:00,RUN_20260914_120952,262,2646275,SESSION_003,0,0,8191,2,25.78,71.70,1007.72,196.7,1,EMPTY
2026-09-14T12:31:17.142+08:00,RUN_20260914_120952,263,2647275,SESSION_003,0,0,8191,2,25.78,71.74,1007.72,196.7,1,EMPTY
2026-09-14T12:31:18.142+08:00,RUN_20260914_120952,264,2648275,SESSION_003,0,0,8191,2,25.78,71.73,1007.72,196.7,1,EMPTY
2026-09-14T12:31:19.142+08:00,RUN_20260914_120952,265,2649275,SESSION_003,0,0,8191,2,25.78,71.73,1007.72,196.7,1,EMPTY
2026-09-14T12:31:20.142+08:00,RUN_20260914_120952,266,2650275,SESSION_003,0,0,8191,2,25.78,71.80,1007.72,196.7,1,EMPTY
2026-09-14T12:31:21.142+08:00,RUN_20260914_120952,267,2651275,SESSION_003,0,0,8191,2,25.78,71.78,1007.72,196.7,1,EMPTY
2026-09-14T12:31:22.142+08:00,RUN_20260914_120952,268,2652275,SESSION_003,0,0,8191,2,25.78,71.76,1007.72,196.7,1,EMPTY
2026-09-14T12:31:23.142+08:00,RUN_20260914_120952,269,2653275,SESSION_003,0,0,8191,2,25.78,71.68,1007.72,196.7,1,EMPTY
2026-09-14T12:31:24.142+08:00,RUN_20260914_120952,270,2654275,SESSION_003,0,0,8191,2,25.78,71.68,1007.72,196.7,1,EMPTY
2026-09-14T12:31:25.142+08:00,RUN_20260914_120952,271,2655275,SESSION_003,0,0,8191,2,25.78,71.73,1007.72,196.7,1,EMPTY
2026-09-14T12:31:26.142+08:00,RUN_20260914_120952,272,2656275,SESSION_003,0,0,8191,2,25.78,71.73,1007.72,196.7,1,EMPTY
2026-09-14T12:31:27.142+08:00,RUN_20260914_120952,273,2657275,SESSION_003,0,0,8191,2,25.78,71.75,1007.72,196.7,1,EMPTY
2026-09-14T12:31:28.142+08:00,RUN_20260914_120952,274,2658275,SESSION_003,0,0,8191,2,25.78,71.76,1007.72,196.7,1,EMPTY
2026-09-14T12:31:29.142+08:00,RUN_20260914_120952,275,2659275,SESSION_003,0,0,8191,2,25.78,71.73,1007.72,196.7,1,EMPTY
2026-09-14T12:31:30.142+08:00,RUN_20260914_120952,276,2660275,SESSION_003,0,0,8191,2,25.78,71.73,1007.72,196.7,1,EMPTY
2026-09-14T12:31:31.142+08:00,RUN_20260914_120952,277,2661275,SESSION_003,0,0,8191,2,25.78,71.73,1007.71,196.7,1,EMPTY
2026-09-14T12:31:32.142+08:00,RUN_20260914_120952,278,2662275,SESSION_003,0,0,8191,2,25.78,71.75,1007.71,196.7,1,EMPTY
2026-09-14T12:31:33.142+08:00,RUN_20260914_120952,279,2663275,SESSION_003,0,0,8191,2,25.78,71.74,1007.71,196.7,1,EMPTY
2026-09-14T12:31:34.142+08:00,RUN_20260914_120952,280,2664275,SESSION_003,0,0,8191,2,25.78,71.75,1007.72,196.7,1,EMPTY
2026-09-14T12:31:34.960+08:00,RUN_20260914_120952,281,2665093,SESSION_003,0,0,8190,4,25.78,71.75,1007.71,196.7,1,EMPTY
2026-09-14T12:31:36.146+08:00,RUN_20260914_120952,282,2666279,SESSION_003,0,0,8191,2,25.78,71.83,1007.71,196.7,1,EMPTY
2026-09-14T12:31:37.146+08:00,RUN_20260914_120952,283,2667279,SESSION_003,0,0,8191,2,25.78,71.84,1007.71,196.7,1,EMPTY
2026-09-14T12:31:38.146+08:00,RUN_20260914_120952,284,2668279,SESSION_003,0,0,8191,2,25.78,71.83,1007.71,196.7,1,EMPTY
2026-09-14T12:31:39.146+08:00,RUN_20260914_120952,285,2669279,SESSION_003,0,0,8191,2,25.78,71.83,1007.71,196.7,1,EMPTY
2026-09-14T12:31:40.146+08:00,RUN_20260914_120952,286,2670279,SESSION_003,0,0,8191,2,25.78,71.84,1007.71,196.7,1,EMPTY
2026-09-14T12:31:41.146+08:00,RUN_20260914_120952,287,2671279,SESSION_003,0,0,8191,2,25.78,71.86,1007.71,196.7,1,EMPTY
2026-09-14T12:31:42.146+08:00,RUN_20260914_120952,288,2672279,SESSION_003,0,0,8191,2,25.77,71.84,1007.71,196.7,1,EMPTY
2026-09-14T12:31:43.146+08:00,RUN_20260914_120952,289,2673279,SESSION_003,0,0,8191,2,25.77,71.76,1007.71,196.7,1,EMPTY
2026-09-14T12:31:44.146+08:00,RUN_20260914_120952,290,2674279,SESSION_003,0,0,8191,2,25.77,71.76,1007.71,196.7,1,EMPTY
2026-09-14T12:31:44.964+08:00,RUN_20260914_120952,291,2675097,SESSION_003,0,0,8190,4,25.77,71.77,1007.72,196.7,1,EMPTY
2026-09-14T12:31:46.150+08:00,RUN_20260914_120952,292,2676283,SESSION_003,0,0,8191,2,25.77,71.78,1007.71,196.7,1,EMPTY
2026-09-14T12:31:47.150+08:00,RUN_20260914_120952,293,2677283,SESSION_003,0,0,8191,2,25.77,71.78,1007.72,196.7,1,EMPTY
2026-09-14T12:31:48.150+08:00,RUN_20260914_120952,294,2678283,SESSION_003,0,0,8191,2,25.77,71.78,1007.72,196.7,1,EMPTY
2026-09-14T12:31:49.150+08:00,RUN_20260914_120952,295,2679283,SESSION_003,0,0,8191,2,25.77,71.78,1007.72,196.7,1,EMPTY
2026-09-14T12:31:50.150+08:00,RUN_20260914_120952,296,2680283,SESSION_003,0,0,8191,2,25.77,71.77,1007.72,196.7,1,EMPTY
2026-09-14T12:31:51.150+08:00,RUN_20260914_120952,297,2681283,SESSION_003,0,0,8191,2,25.77,71.76,1007.72,196.7,1,EMPTY
2026-09-14T12:31:51.968+08:00,RUN_20260914_120952,298,2682101,SESSION_003,0,0,8190,4,25.77,71.77,1007.72,196.7,1,EMPTY
2026-09-14T12:31:53.154+08:00,RUN_20260914_120952,299,2683287,SESSION_003,0,0,8191,2,25.77,71.84,1007.72,196.7,1,EMPTY
2026-09-14T12:31:54.154+08:00,RUN_20260914_120952,300,2684287,SESSION_003,0,0,8191,2,25.77,71.76,1007.71,196.7,1,EMPTY
2026-09-14T12:31:55.154+08:00,RUN_20260914_120952,301,2685287,SESSION_003,0,0,8191,2,25.77,71.76,1007.71,196.7,1,EMPTY
2026-09-14T12:31:56.154+08:00,RUN_20260914_120952,302,2686287,SESSION_003,0,0,8191,2,25.77,71.77,1007.71,195.8,1,EMPTY
2026-09-14T12:31:57.154+08:00,RUN_20260914_120952,303,2687287,SESSION_003,0,0,8191,2,25.77,71.83,1007.71,196.7,1,EMPTY
2026-09-14T12:31:57.972+08:00,RUN_20260914_120952,304,2688105,SESSION_003,0,0,8190,4,25.77,71.78,1007.71,196.7,1,EMPTY
2026-09-14T12:31:59.158+08:00,RUN_20260914_120952,305,2689291,SESSION_003,0,0,8191,2,25.77,71.78,1007.71,196.7,1,EMPTY
2026-09-14T12:31:59.976+08:00,RUN_20260914_120952,306,2690109,SESSION_003,0,0,8190,4,25.77,71.80,1007.71,196.7,1,EMPTY
2026-09-14T12:32:01.162+08:00,RUN_20260914_120952,307,2691295,SESSION_003,0,0,8191,2,25.77,71.81,1007.71,196.7,1,EMPTY
2026-09-14T12:32:02.162+08:00,RUN_20260914_120952,308,2692295,SESSION_003,0,0,8191,2,25.77,71.78,1007.71,196.7,1,EMPTY
2026-09-14T12:32:03.162+08:00,RUN_20260914_120952,309,2693295,SESSION_003,0,0,8191,2,25.77,71.78,1007.71,195.8,1,EMPTY
2026-09-14T12:32:04.162+08:00,RUN_20260914_120952,310,2694295,SESSION_003,0,0,8191,2,25.76,71.85,1007.70,195.8,1,EMPTY
2026-09-14T12:32:05.162+08:00,RUN_20260914_120952,311,2695295,SESSION_003,0,0,8191,2,25.76,71.88,1007.71,196.7,1,EMPTY
2026-09-14T12:32:06.162+08:00,RUN_20260914_120952,312,2696295,SESSION_003,0,0,8191,2,25.76,71.89,1007.71,196.7,1,EMPTY
2026-09-14T12:32:07.162+08:00,RUN_20260914_120952,313,2697295,SESSION_003,0,0,8191,2,25.76,71.89,1007.71,195.8,1,EMPTY
2026-09-14T12:32:08.162+08:00,RUN_20260914_120952,314,2698295,SESSION_003,0,0,8191,2,25.76,71.91,1007.71,196.7,1,EMPTY
2026-09-14T12:32:09.162+08:00,RUN_20260914_120952,315,2699295,SESSION_003,0,0,8191,2,25.76,71.90,1007.71,196.7,1,EMPTY
2026-09-14T12:32:10.162+08:00,RUN_20260914_120952,316,2700295,SESSION_003,0,0,8191,2,25.76,71.90,1007.71,196.7,1,EMPTY
2026-09-14T12:32:11.162+08:00,RUN_20260914_120952,317,2701295,SESSION_003,0,0,8191,2,25.76,71.92,1007.71,196.7,1,EMPTY
2026-09-14T12:32:12.162+08:00,RUN_20260914_120952,318,2702295,SESSION_003,0,0,8191,2,25.76,71.87,1007.71,196.7,1,EMPTY
2026-09-14T12:32:13.162+08:00,RUN_20260914_120952,319,2703295,SESSION_003,0,0,8191,2,25.76,71.87,1007.71,196.7,1,EMPTY
2026-09-14T12:32:13.980+08:00,RUN_20260914_120952,320,2704113,SESSION_003,0,0,8190,4,25.75,71.95,1007.71,196.7,1,EMPTY
2026-09-14T12:32:15.166+08:00,RUN_20260914_120952,321,2705299,SESSION_003,0,0,8191,2,25.75,71.95,1007.71,195.8,1,EMPTY
2026-09-14T12:32:16.166+08:00,RUN_20260914_120952,322,2706299,SESSION_003,0,0,8191,2,25.75,71.95,1007.71,196.7,1,EMPTY
2026-09-14T12:32:17.166+08:00,RUN_20260914_120952,323,2707299,SESSION_003,0,0,8191,2,25.75,71.89,1007.71,195.8,1,EMPTY
2026-09-14T12:32:18.166+08:00,RUN_20260914_120952,324,2708299,SESSION_003,0,0,8191,2,25.75,71.90,1007.72,196.7,1,EMPTY
2026-09-14T12:32:19.166+08:00,RUN_20260914_120952,325,2709299,SESSION_003,0,0,8191,2,25.75,71.90,1007.71,196.7,1,EMPTY
2026-09-14T12:32:20.166+08:00,RUN_20260914_120952,326,2710299,SESSION_003,0,0,8191,2,25.75,71.97,1007.72,196.7,1,EMPTY
2026-09-14T12:32:21.166+08:00,RUN_20260914_120952,327,2711299,SESSION_003,0,0,8191,2,25.75,71.90,1007.71,195.8,1,EMPTY
2026-09-14T12:32:22.166+08:00,RUN_20260914_120952,328,2712299,SESSION_003,0,0,8191,2,25.75,71.86,1007.71,195.8,1,EMPTY
2026-09-14T12:32:23.166+08:00,RUN_20260914_120952,329,2713299,SESSION_003,0,0,8191,2,25.75,71.96,1007.71,196.7,1,EMPTY
2026-09-14T12:32:24.166+08:00,RUN_20260914_120952,330,2714299,SESSION_003,0,0,8191,2,25.74,71.89,1007.71,195.8,1,EMPTY
2026-09-14T12:32:25.166+08:00,RUN_20260914_120952,331,2715299,SESSION_003,0,0,8191,2,25.74,71.91,1007.71,195.8,1,EMPTY
2026-09-14T12:32:26.166+08:00,RUN_20260914_120952,332,2716299,SESSION_003,0,0,8191,2,25.74,71.91,1007.71,195.8,1,EMPTY
2026-09-14T12:32:27.166+08:00,RUN_20260914_120952,333,2717299,SESSION_003,0,0,8191,2,25.74,71.92,1007.71,195.8,1,EMPTY
2026-09-14T12:32:28.166+08:00,RUN_20260914_120952,334,2718299,SESSION_003,0,0,8191,2,25.74,71.90,1007.71,196.7,1,EMPTY
2026-09-14T12:32:29.166+08:00,RUN_20260914_120952,335,2719299,SESSION_003,0,0,8191,2,25.74,72.00,1007.71,195.8,1,EMPTY
2026-09-14T12:32:29.984+08:00,RUN_20260914_120952,336,2720117,SESSION_003,0,0,8190,4,25.74,72.01,1007.71,195.8,1,EMPTY
2026-09-14T12:32:31.170+08:00,RUN_20260914_120952,337,2721303,SESSION_003,0,0,8191,2,25.74,72.01,1007.71,196.7,1,EMPTY
2026-09-14T12:32:32.170+08:00,RUN_20260914_120952,338,2722303,SESSION_003,0,0,8191,2,25.74,71.94,1007.71,195.8,1,EMPTY
2026-09-14T12:32:33.170+08:00,RUN_20260914_120952,339,2723303,SESSION_003,0,0,8191,2,25.74,71.92,1007.71,195.8,1,EMPTY
2026-09-14T12:32:34.170+08:00,RUN_20260914_120952,340,2724303,SESSION_003,0,0,8191,2,25.74,71.90,1007.71,195.8,1,EMPTY
2026-09-14T12:32:35.170+08:00,RUN_20260914_120952,341,2725303,SESSION_003,0,0,8191,2,25.74,71.97,1007.71,196.7,1,EMPTY
2026-09-14T12:32:36.170+08:00,RUN_20260914_120952,342,2726303,SESSION_003,0,0,8191,2,25.74,71.96,1007.71,195.8,1,EMPTY
2026-09-14T12:32:37.170+08:00,RUN_20260914_120952,343,2727303,SESSION_003,0,0,8191,2,25.74,71.85,1007.71,195.8,1,EMPTY
2026-09-14T12:32:38.170+08:00,RUN_20260914_120952,344,2728303,SESSION_003,0,0,8191,2,25.74,71.97,1007.71,195.8,1,EMPTY
2026-09-14T12:32:39.170+08:00,RUN_20260914_120952,345,2729303,SESSION_003,0,0,8190,4,25.73,71.90,1007.71,195.8,1,EMPTY
2026-09-14T12:32:40.170+08:00,RUN_20260914_120952,346,2730303,SESSION_003,0,0,8191,2,25.73,71.96,1007.71,195.8,1,EMPTY
2026-09-14T12:32:41.170+08:00,RUN_20260914_120952,347,2731303,SESSION_003,0,0,8191,2,25.73,71.93,1007.71,195.8,1,EMPTY
2026-09-14T12:32:42.170+08:00,RUN_20260914_120952,348,2732303,SESSION_003,0,0,8191,2,25.73,71.94,1007.71,195.8,1,EMPTY
2026-09-14T12:32:43.170+08:00,RUN_20260914_120952,349,2733303,SESSION_003,0,0,8191,2,25.73,71.97,1007.71,195.8,1,EMPTY
2026-09-14T12:32:44.170+08:00,RUN_20260914_120952,350,2734303,SESSION_003,0,0,8191,2,25.73,71.94,1007.71,195.8,1,EMPTY
2026-09-14T12:32:45.170+08:00,RUN_20260914_120952,351,2735303,SESSION_003,0,0,8191,2,25.73,71.92,1007.71,195.8,1,EMPTY
2026-09-14T12:32:46.170+08:00,RUN_20260914_120952,352,2736303,SESSION_003,0,0,8191,2,25.73,71.84,1007.71,195.8,1,EMPTY
2026-09-14T12:32:47.170+08:00,RUN_20260914_120952,353,2737303,SESSION_003,0,0,8191,2,25.73,71.94,1007.71,195.8,1,EMPTY
2026-09-14T12:32:48.170+08:00,RUN_20260914_120952,354,2738303,SESSION_003,0,0,8191,2,25.73,71.93,1007.71,196.7,1,EMPTY
2026-09-14T12:32:48.988+08:00,RUN_20260914_120952,355,2739121,SESSION_003,0,0,8190,4,25.73,71.96,1007.71,196.7,1,EMPTY
2026-09-14T12:32:50.174+08:00,RUN_20260914_120952,356,2740307,SESSION_003,0,0,8191,2,25.73,71.89,1007.71,195.8,1,EMPTY
2026-09-14T12:32:51.174+08:00,RUN_20260914_120952,357,2741307,SESSION_003,0,0,8191,2,25.74,71.87,1007.71,195.8,1,EMPTY
2026-09-14T12:32:52.174+08:00,RUN_20260914_120952,358,2742307,SESSION_003,0,0,8191,2,25.74,71.89,1007.71,195.8,1,EMPTY
2026-09-14T12:32:53.174+08:00,RUN_20260914_120952,359,2743307,SESSION_003,0,0,8191,2,25.74,71.93,1007.71,195.8,1,EMPTY
2026-09-14T12:32:54.174+08:00,RUN_20260914_120952,360,2744307,SESSION_003,0,0,8191,2,25.74,71.91,1007.71,195.8,1,EMPTY
2026-09-14T12:32:55.174+08:00,RUN_20260914_120952,361,2745307,SESSION_003,0,0,8191,2,25.74,71.92,1007.71,196.7,1,EMPTY
2026-09-14T12:32:56.174+08:00,RUN_20260914_120952,362,2746307,SESSION_003,0,0,8191,2,25.74,71.92,1007.70,195.8,1,EMPTY
2026-09-14T12:32:57.174+08:00,RUN_20260914_120952,363,2747307,SESSION_003,0,0,8191,2,25.74,71.96,1007.71,195.8,1,EMPTY
2026-09-14T12:32:58.174+08:00,RUN_20260914_120952,364,2748307,SESSION_003,0,0,8191,2,25.74,71.89,1007.71,195.8,1,EMPTY
2026-09-14T12:32:59.174+08:00,RUN_20260914_120952,365,2749307,SESSION_003,0,0,8191,2,25.74,71.86,1007.71,195.8,1,EMPTY
2026-09-14T12:33:00.174+08:00,RUN_20260914_120952,366,2750307,SESSION_003,0,0,8191,2,25.74,71.87,1007.71,195.8,1,EMPTY
2026-09-14T12:33:01.174+08:00,RUN_20260914_120952,367,2751307,SESSION_003,0,0,8191,2,25.74,71.87,1007.71,195.8,1,EMPTY
2026-09-14T12:33:01.992+08:00,RUN_20260914_120952,368,2752125,SESSION_003,0,0,8190,4,25.74,71.86,1007.71,196.7,1,EMPTY
2026-09-14T12:33:03.178+08:00,RUN_20260914_120952,369,2753311,SESSION_003,0,0,8191,2,25.74,71.87,1007.71,195.8,1,EMPTY
2026-09-14T12:33:04.178+08:00,RUN_20260914_120952,370,2754311,SESSION_003,0,0,8191,2,25.74,71.89,1007.70,195.8,1,EMPTY
2026-09-14T12:33:05.178+08:00,RUN_20260914_120952,371,2755311,SESSION_003,0,0,8191,2,25.74,71.91,1007.70,195.8,1,EMPTY
2026-09-14T12:33:06.178+08:00,RUN_20260914_120952,372,2756311,SESSION_003,0,0,8191,2,25.74,71.96,1007.70,195.8,1,EMPTY
2026-09-14T12:33:07.178+08:00,RUN_20260914_120952,373,2757311,SESSION_003,0,0,8191,2,25.74,71.90,1007.70,195.8,1,EMPTY
2026-09-14T12:33:08.178+08:00,RUN_20260914_120952,374,2758311,SESSION_003,0,0,8191,2,25.74,71.90,1007.70,195.8,1,EMPTY
2026-09-14T12:33:09.178+08:00,RUN_20260914_120952,375,2759311,SESSION_003,0,0,8191,2,25.74,71.89,1007.70,195.8,1,EMPTY
2026-09-14T12:33:10.178+08:00,RUN_20260914_120952,376,2760311,SESSION_003,0,0,8191,2,25.74,71.86,1007.70,195.8,1,EMPTY
2026-09-14T12:33:11.178+08:00,RUN_20260914_120952,377,2761311,SESSION_003,0,0,8191,2,25.74,71.96,1007.70,195.8,1,EMPTY
2026-09-14T12:33:12.178+08:00,RUN_20260914_120952,378,2762311,SESSION_003,0,0,8191,2,25.74,71.87,1007.70,195.8,1,EMPTY
2026-09-14T12:33:13.178+08:00,RUN_20260914_120952,379,2763311,SESSION_003,0,0,8191,2,25.74,71.86,1007.70,195.8,1,EMPTY
2026-09-14T12:33:14.178+08:00,RUN_20260914_120952,380,2764311,SESSION_003,0,0,8191,2,25.74,71.89,1007.70,195.8,1,EMPTY
2026-09-14T12:33:15.178+08:00,RUN_20260914_120952,381,2765311,SESSION_003,0,0,8191,2,25.74,71.89,1007.70,195.8,1,EMPTY
2026-09-14T12:33:16.178+08:00,RUN_20260914_120952,382,2766311,SESSION_003,0,0,8191,2,25.74,71.89,1007.70,195.8,1,EMPTY
2026-09-14T12:33:17.178+08:00,RUN_20260914_120952,383,2767311,SESSION_003,0,0,8191,2,25.74,71.89,1007.69,195.8,1,EMPTY
2026-09-14T12:33:18.178+08:00,RUN_20260914_120952,384,2768311,SESSION_003,0,0,8191,2,25.74,71.87,1007.69,195.8,1,EMPTY
2026-09-14T12:33:19.178+08:00,RUN_20260914_120952,385,2769311,SESSION_003,0,0,8191,2,25.74,71.92,1007.69,195.8,1,EMPTY
2026-09-14T12:33:20.178+08:00,RUN_20260914_120952,386,2770311,SESSION_003,0,0,8191,2,25.74,71.99,1007.69,195.8,1,EMPTY
2026-09-14T12:33:21.178+08:00,RUN_20260914_120952,387,2771311,SESSION_003,0,0,8191,2,25.74,71.87,1007.69,195.8,1,EMPTY
2026-09-14T12:33:22.178+08:00,RUN_20260914_120952,388,2772311,SESSION_003,0,0,8191,2,25.74,71.96,1007.69,195.8,1,EMPTY
2026-09-14T12:33:23.178+08:00,RUN_20260914_120952,389,2773311,SESSION_003,0,0,8191,2,25.74,71.99,1007.69,195.8,1,EMPTY
2026-09-14T12:33:24.178+08:00,RUN_20260914_120952,390,2774311,SESSION_003,0,0,8191,2,25.74,71.98,1007.69,195.8,1,EMPTY
2026-09-14T12:33:24.996+08:00,RUN_20260914_120952,391,2775129,SESSION_003,0,0,8190,4,25.74,71.91,1007.69,195.8,1,EMPTY
2026-09-14T12:33:26.182+08:00,RUN_20260914_120952,392,2776315,SESSION_003,0,0,8191,2,25.74,71.94,1007.69,195.8,1,EMPTY
2026-09-14T12:33:27.182+08:00,RUN_20260914_120952,393,2777315,SESSION_003,0,0,8191,2,25.74,71.93,1007.69,195.8,1,EMPTY
2026-09-14T12:33:28.182+08:00,RUN_20260914_120952,394,2778315,SESSION_003,0,0,8191,2,25.74,71.96,1007.69,195.8,1,EMPTY
2026-09-14T12:33:29.182+08:00,RUN_20260914_120952,395,2779315,SESSION_003,0,0,8191,2,25.74,71.98,1007.69,195.8,1,EMPTY
2026-09-14T12:33:30.182+08:00,RUN_20260914_120952,396,2780315,SESSION_003,0,0,8191,2,25.74,71.96,1007.69,195.8,1,EMPTY
2026-09-14T12:33:31.182+08:00,RUN_20260914_120952,397,2781315,SESSION_003,0,0,8191,2,25.74,71.92,1007.69,195.8,1,EMPTY
2026-09-14T12:33:32.182+08:00,RUN_20260914_120952,398,2782315,SESSION_003,0,0,8191,2,25.74,72.00,1007.69,195.8,1,EMPTY
2026-09-14T12:33:33.182+08:00,RUN_20260914_120952,399,2783315,SESSION_003,0,0,8191,2,25.74,72.01,1007.69,195.8,1,EMPTY
2026-09-14T12:33:34.182+08:00,RUN_20260914_120952,400,2784315,SESSION_003,0,0,8191,2,25.74,71.91,1007.69,195.8,1,EMPTY
2026-09-14T12:33:35.182+08:00,RUN_20260914_120952,401,2785315,SESSION_003,0,0,8191,2,25.74,71.96,1007.69,195.8,1,EMPTY
2026-09-14T12:33:36.182+08:00,RUN_20260914_120952,402,2786315,SESSION_003,0,0,8191,2,25.74,72.04,1007.68,195.8,1,EMPTY
2026-09-14T12:33:37.182+08:00,RUN_20260914_120952,403,2787315,SESSION_003,0,0,8191,2,25.74,72.07,1007.69,195.8,1,EMPTY
2026-09-14T12:33:38.182+08:00,RUN_20260914_120952,404,2788315,SESSION_003,0,0,8191,2,25.74,72.00,1007.69,195.8,1,EMPTY
2026-09-14T12:33:39.182+08:00,RUN_20260914_120952,405,2789315,SESSION_003,0,0,8191,2,25.74,72.03,1007.69,195.8,1,EMPTY
2026-09-14T12:33:40.182+08:00,RUN_20260914_120952,406,2790315,SESSION_003,0,0,8191,2,25.74,71.94,1007.69,195.8,1,EMPTY
2026-09-14T12:33:41.182+08:00,RUN_20260914_120952,407,2791315,SESSION_003,0,0,8191,2,25.74,71.96,1007.69,195.8,1,EMPTY
2026-09-14T12:33:42.182+08:00,RUN_20260914_120952,408,2792315,SESSION_003,0,0,8191,2,25.73,71.96,1007.68,195.8,1,EMPTY
2026-09-14T12:33:43.182+08:00,RUN_20260914_120952,409,2793315,SESSION_003,0,0,8191,2,25.73,71.99,1007.68,195.8,1,EMPTY
2026-09-14T12:33:44.182+08:00,RUN_20260914_120952,410,2794315,SESSION_003,0,0,8191,2,25.73,71.96,1007.68,195.8,1,EMPTY
2026-09-14T12:33:45.182+08:00,RUN_20260914_120952,411,2795315,SESSION_003,0,0,8191,2,25.73,72.00,1007.68,195.8,1,EMPTY
2026-09-14T12:33:46.182+08:00,RUN_20260914_120952,412,2796315,SESSION_003,0,0,8191,2,25.73,72.06,1007.68,195.8,1,EMPTY
2026-09-14T12:33:47.182+08:00,RUN_20260914_120952,413,2797315,SESSION_003,0,0,8191,2,25.73,72.07,1007.68,195.8,1,EMPTY
2026-09-14T12:33:48.182+08:00,RUN_20260914_120952,414,2798315,SESSION_003,0,0,8191,2,25.73,71.98,1007.68,195.8,1,EMPTY
2026-09-14T12:33:49.182+08:00,RUN_20260914_120952,415,2799315,SESSION_003,0,0,8191,2,25.73,71.97,1007.68,195.8,1,EMPTY
2026-09-14T12:33:50.182+08:00,RUN_20260914_120952,416,2800315,SESSION_003,0,0,8191,2,25.73,71.94,1007.68,195.8,1,EMPTY
2026-09-14T12:33:51.182+08:00,RUN_20260914_120952,417,2801315,SESSION_003,0,0,8191,2,25.73,71.96,1007.68,195.8,1,EMPTY
2026-09-14T12:33:52.182+08:00,RUN_20260914_120952,418,2802315,SESSION_003,0,0,8191,2,25.73,71.93,1007.68,195.8,1,EMPTY
2026-09-14T12:33:53.182+08:00,RUN_20260914_120952,419,2803315,SESSION_003,0,0,8191,2,25.73,71.93,1007.68,195.8,1,EMPTY
2026-09-14T12:33:54.182+08:00,RUN_20260914_120952,420,2804315,SESSION_003,0,0,8191,2,25.73,71.92,1007.67,195.8,1,EMPTY
2026-09-14T12:33:55.182+08:00,RUN_20260914_120952,421,2805315,SESSION_003,0,0,8191,2,25.73,71.93,1007.67,195.8,1,EMPTY
2026-09-14T12:33:56.182+08:00,RUN_20260914_120952,422,2806315,SESSION_003,0,0,8191,2,25.73,71.93,1007.67,195.8,1,EMPTY
2026-09-14T12:33:57.182+08:00,RUN_20260914_120952,423,2807315,SESSION_003,0,0,8191,2,25.73,71.92,1007.67,195.8,1,EMPTY
2026-09-14T12:33:58.182+08:00,RUN_20260914_120952,424,2808315,SESSION_003,0,0,8191,2,25.73,71.94,1007.67,195.8,1,EMPTY
2026-09-14T12:33:59.182+08:00,RUN_20260914_120952,425,2809315,SESSION_003,0,0,8191,2,25.73,71.94,1007.67,195.8,1,EMPTY
2026-09-14T12:34:00.182+08:00,RUN_20260914_120952,426,2810315,SESSION_003,0,0,8191,2,25.73,72.04,1007.67,195.8,1,EMPTY
2026-09-14T12:34:01.182+08:00,RUN_20260914_120952,427,2811315,SESSION_003,0,0,8191,2,25.74,72.01,1007.67,195.8,1,EMPTY
2026-09-14T12:34:02.182+08:00,RUN_20260914_120952,428,2812315,SESSION_003,0,0,8191,2,25.74,71.94,1007.67,195.8,1,EMPTY
2026-09-14T12:34:03.182+08:00,RUN_20260914_120952,429,2813315,SESSION_003,0,0,8191,2,25.74,71.94,1007.67,195.8,1,EMPTY
2026-09-14T12:34:04.182+08:00,RUN_20260914_120952,430,2814315,SESSION_003,0,0,8191,2,25.74,71.92,1007.66,195.8,1,EMPTY
2026-09-14T12:34:05.182+08:00,RUN_20260914_120952,431,2815315,SESSION_003,0,0,8191,2,25.74,71.99,1007.66,195.8,1,EMPTY
2026-09-14T12:34:06.182+08:00,RUN_20260914_120952,432,2816315,SESSION_003,0,0,8191,2,25.74,72.01,1007.66,195.8,1,EMPTY
2026-09-14T12:34:07.182+08:00,RUN_20260914_120952,433,2817315,SESSION_003,0,0,8191,2,25.74,72.05,1007.66,195.8,1,EMPTY
2026-09-14T12:34:08.182+08:00,RUN_20260914_120952,434,2818315,SESSION_003,0,0,8191,2,25.74,72.07,1007.66,195.8,1,EMPTY
2026-09-14T12:34:09.182+08:00,RUN_20260914_120952,435,2819315,SESSION_003,0,0,8191,2,25.74,72.07,1007.66,195.8,1,EMPTY
2026-09-14T12:34:10.182+08:00,RUN_20260914_120952,436,2820315,SESSION_003,0,0,8191,2,25.74,72.11,1007.66,195.8,1,EMPTY
2026-09-14T12:34:11.182+08:00,RUN_20260914_120952,437,2821315,SESSION_003,0,0,8191,2,25.74,72.06,1007.66,195.8,1,EMPTY
2026-09-14T12:34:12.182+08:00,RUN_20260914_120952,438,2822315,SESSION_003,0,0,8191,2,25.74,71.96,1007.66,195.8,1,EMPTY
2026-09-14T12:34:13.182+08:00,RUN_20260914_120952,439,2823315,SESSION_003,0,0,8191,2,25.74,72.06,1007.66,195.8,1,EMPTY
2026-09-14T12:34:14.182+08:00,RUN_20260914_120952,440,2824315,SESSION_003,0,0,8191,2,25.74,71.99,1007.66,195.8,1,EMPTY
2026-09-14T12:34:15.182+08:00,RUN_20260914_120952,441,2825315,SESSION_003,0,0,8191,2,25.74,71.98,1007.66,195.8,1,EMPTY
2026-09-14T12:34:16.182+08:00,RUN_20260914_120952,442,2826315,SESSION_003,0,0,8191,2,25.74,72.00,1007.66,195.8,1,EMPTY
2026-09-14T12:34:17.182+08:00,RUN_20260914_120952,443,2827315,SESSION_003,0,0,8191,2,25.74,72.07,1007.66,195.8,1,EMPTY
2026-09-14T12:34:18.182+08:00,RUN_20260914_120952,444,2828315,SESSION_003,0,0,8191,2,25.74,72.06,1007.66,195.8,1,EMPTY
2026-09-14T12:34:19.182+08:00,RUN_20260914_120952,445,2829315,SESSION_003,0,0,8191,2,25.74,72.05,1007.66,195.8,1,EMPTY
2026-09-14T12:34:20.182+08:00,RUN_20260914_120952,446,2830315,SESSION_003,0,0,8191,2,25.74,71.97,1007.66,195.8,1,EMPTY
2026-09-14T12:34:21.182+08:00,RUN_20260914_120952,447,2831315,SESSION_003,0,0,8191,2,25.74,72.05,1007.66,195.8,1,EMPTY
2026-09-14T12:34:22.182+08:00,RUN_20260914_120952,448,2832315,SESSION_003,0,0,8191,2,25.74,72.05,1007.66,195.8,1,EMPTY
2026-09-14T12:34:23.182+08:00,RUN_20260914_120952,449,2833315,SESSION_003,0,0,8191,2,25.74,71.99,1007.66,195.8,1,EMPTY
2026-09-14T12:34:24.182+08:00,RUN_20260914_120952,450,2834315,SESSION_003,0,0,8191,2,25.74,72.00,1007.67,195.8,1,EMPTY
2026-09-14T12:34:25.182+08:00,RUN_20260914_120952,451,2835315,SESSION_003,0,0,8191,2,25.74,71.99,1007.67,195.8,1,EMPTY
2026-09-14T12:34:26.182+08:00,RUN_20260914_120952,452,2836315,SESSION_003,0,0,8191,2,25.74,71.99,1007.67,195.8,1,EMPTY
2026-09-14T12:34:27.182+08:00,RUN_20260914_120952,453,2837315,SESSION_003,0,0,8191,2,25.73,72.05,1007.66,195.8,1,EMPTY
2026-09-14T12:34:28.182+08:00,RUN_20260914_120952,454,2838315,SESSION_003,0,0,8191,2,25.73,72.03,1007.67,195.8,1,EMPTY
2026-09-14T12:34:29.182+08:00,RUN_20260914_120952,455,2839315,SESSION_003,0,0,8191,2,25.73,72.06,1007.67,195.8,1,EMPTY
2026-09-14T12:34:30.182+08:00,RUN_20260914_120952,456,2840315,SESSION_003,0,0,8191,2,25.73,72.10,1007.67,195.8,1,EMPTY
2026-09-14T12:34:31.000+08:00,RUN_20260914_120952,457,2841133,SESSION_003,0,0,8190,4,25.73,72.10,1007.67,195.8,1,EMPTY
2026-09-14T12:34:32.186+08:00,RUN_20260914_120952,458,2842319,SESSION_003,0,0,8191,2,25.73,72.01,1007.67,195.8,1,EMPTY
2026-09-14T12:34:33.186+08:00,RUN_20260914_120952,459,2843319,SESSION_003,0,0,8191,2,25.73,72.00,1007.67,195.8,1,EMPTY
2026-09-14T12:34:34.186+08:00,RUN_20260914_120952,460,2844319,SESSION_003,0,0,8191,2,25.73,72.09,1007.67,195.8,1,EMPTY
2026-09-14T12:34:35.186+08:00,RUN_20260914_120952,461,2845319,SESSION_003,0,0,8191,2,25.73,72.09,1007.67,195.8,1,EMPTY
2026-09-14T12:34:36.186+08:00,RUN_20260914_120952,462,2846319,SESSION_003,0,0,8191,2,25.73,72.03,1007.67,195.8,1,EMPTY
2026-09-14T12:34:37.186+08:00,RUN_20260914_120952,463,2847319,SESSION_003,0,0,8191,2,25.73,72.07,1007.67,195.8,1,EMPTY
2026-09-14T12:34:38.186+08:00,RUN_20260914_120952,464,2848319,SESSION_003,0,0,8191,2,25.73,72.06,1007.67,195.8,1,EMPTY
2026-09-14T12:34:39.186+08:00,RUN_20260914_120952,465,2849319,SESSION_003,0,0,8191,2,25.73,72.09,1007.67,195.8,1,EMPTY
2026-09-14T12:34:40.186+08:00,RUN_20260914_120952,466,2850319,SESSION_003,0,0,8191,2,25.73,72.07,1007.67,195.8,1,EMPTY
2026-09-14T12:34:41.186+08:00,RUN_20260914_120952,467,2851319,SESSION_003,0,0,8191,2,25.73,72.10,1007.67,195.8,1,EMPTY
2026-09-14T12:34:42.186+08:00,RUN_20260914_120952,468,2852319,SESSION_003,0,0,8191,2,25.73,72.10,1007.67,195.8,1,EMPTY
2026-09-14T12:34:43.186+08:00,RUN_20260914_120952,469,2853319,SESSION_003,0,0,8191,2,25.73,72.00,1007.67,195.0,1,EMPTY
2026-09-14T12:34:44.186+08:00,RUN_20260914_120952,470,2854319,SESSION_003,0,0,8191,2,25.73,72.00,1007.67,195.0,1,EMPTY
2026-09-14T12:34:45.186+08:00,RUN_20260914_120952,471,2855319,SESSION_003,0,0,8191,2,25.73,72.04,1007.67,195.8,1,EMPTY
2026-09-14T12:34:46.186+08:00,RUN_20260914_120952,472,2856319,SESSION_003,0,0,8191,2,25.73,72.10,1007.67,195.8,1,EMPTY
2026-09-14T12:34:47.186+08:00,RUN_20260914_120952,473,2857319,SESSION_003,0,0,8191,2,25.73,72.00,1007.66,195.0,1,EMPTY
2026-09-14T12:34:48.186+08:00,RUN_20260914_120952,474,2858319,SESSION_003,0,0,8191,2,25.73,72.03,1007.67,195.0,1,EMPTY
2026-09-14T12:34:49.186+08:00,RUN_20260914_120952,475,2859319,SESSION_003,0,0,8191,2,25.73,72.05,1007.67,195.8,1,EMPTY
2026-09-14T12:34:50.186+08:00,RUN_20260914_120952,476,2860319,SESSION_003,0,0,8191,2,25.73,72.04,1007.67,195.0,1,EMPTY
2026-09-14T12:34:51.186+08:00,RUN_20260914_120952,477,2861319,SESSION_003,0,0,8191,2,25.73,72.13,1007.66,195.8,1,EMPTY
2026-09-14T12:34:52.186+08:00,RUN_20260914_120952,478,2862319,SESSION_003,0,0,8191,2,25.73,72.04,1007.66,195.8,1,EMPTY
2026-09-14T12:34:53.186+08:00,RUN_20260914_120952,479,2863319,SESSION_003,0,0,8191,2,25.73,72.10,1007.66,195.8,1,EMPTY
2026-09-14T12:34:54.186+08:00,RUN_20260914_120952,480,2864319,SESSION_003,0,0,8191,2,25.73,72.08,1007.66,195.0,1,EMPTY
2026-09-14T12:34:55.186+08:00,RUN_20260914_120952,481,2865319,SESSION_003,0,0,8191,2,25.73,72.01,1007.66,195.8,1,EMPTY
2026-09-14T12:34:56.186+08:00,RUN_20260914_120952,482,2866319,SESSION_003,0,0,8191,2,25.73,72.07,1007.67,195.0,1,EMPTY
2026-09-14T12:34:57.186+08:00,RUN_20260914_120952,483,2867319,SESSION_003,0,0,8191,2,25.73,72.06,1007.67,195.0,1,EMPTY
2026-09-14T12:34:58.186+08:00,RUN_20260914_120952,484,2868319,SESSION_003,0,0,8191,2,25.73,72.05,1007.67,195.0,1,EMPTY
2026-09-14T12:34:59.004+08:00,RUN_20260914_120952,485,2869137,SESSION_003,0,0,8190,4,25.73,72.03,1007.67,195.8,1,EMPTY
2026-09-14T12:35:00.190+08:00,RUN_20260914_120952,486,2870323,SESSION_003,0,0,8191,2,25.73,71.99,1007.67,195.8,1,EMPTY
2026-09-14T12:35:01.190+08:00,RUN_20260914_120952,487,2871323,SESSION_003,0,0,8191,2,25.73,72.10,1007.67,195.0,1,EMPTY
2026-09-14T12:35:02.008+08:00,RUN_20260914_120952,488,2872141,SESSION_003,0,0,8190,4,25.73,72.04,1007.67,195.8,1,EMPTY
2026-09-14T12:35:03.194+08:00,RUN_20260914_120952,489,2873327,SESSION_003,0,0,8191,2,25.73,72.11,1007.67,195.0,1,EMPTY
2026-09-14T12:35:04.194+08:00,RUN_20260914_120952,490,2874327,SESSION_003,0,0,8191,2,25.73,72.13,1007.66,195.0,1,EMPTY
2026-09-14T12:35:05.194+08:00,RUN_20260914_120952,491,2875327,SESSION_003,0,0,8191,2,25.73,72.11,1007.67,195.0,1,EMPTY
2026-09-14T12:35:06.194+08:00,RUN_20260914_120952,492,2876327,SESSION_003,0,0,8191,2,25.73,72.11,1007.66,195.0,1,EMPTY
2026-09-14T12:35:07.194+08:00,RUN_20260914_120952,493,2877327,SESSION_003,0,0,8191,2,25.73,72.09,1007.67,195.0,1,EMPTY
2026-09-14T12:35:08.194+08:00,RUN_20260914_120952,494,2878327,SESSION_003,0,0,8190,4,25.73,72.11,1007.67,195.0,1,EMPTY
2026-09-14T12:35:09.194+08:00,RUN_20260914_120952,495,2879327,SESSION_003,0,0,8191,2,25.73,72.04,1007.67,195.8,1,EMPTY
2026-09-14T12:35:10.194+08:00,RUN_20260914_120952,496,2880327,SESSION_003,0,0,8191,2,25.73,72.09,1007.67,195.0,1,EMPTY
2026-09-14T12:35:11.194+08:00,RUN_20260914_120952,497,2881327,SESSION_003,0,0,8191,2,25.73,72.13,1007.67,195.0,1,EMPTY
2026-09-14T12:35:12.194+08:00,RUN_20260914_120952,498,2882327,SESSION_003,0,0,8191,2,25.73,72.02,1007.67,195.0,1,EMPTY
2026-09-14T12:35:13.194+08:00,RUN_20260914_120952,499,2883327,SESSION_003,0,0,8191,2,25.73,72.12,1007.67,195.0,1,EMPTY
2026-09-14T12:35:14.194+08:00,RUN_20260914_120952,500,2884327,SESSION_003,0,0,8191,2,25.73,72.11,1007.67,195.0,1,EMPTY
2026-09-14T12:35:15.194+08:00,RUN_20260914_120952,501,2885327,SESSION_003,0,0,8191,2,25.72,72.02,1007.67,195.0,1,EMPTY
2026-09-14T12:35:16.194+08:00,RUN_20260914_120952,502,2886327,SESSION_003,0,0,8191,2,25.72,72.02,1007.67,195.0,1,EMPTY
2026-09-14T12:35:17.194+08:00,RUN_20260914_120952,503,2887327,SESSION_003,0,0,8191,2,25.72,72.05,1007.67,195.0,1,EMPTY
2026-09-14T12:35:18.194+08:00,RUN_20260914_120952,504,2888327,SESSION_003,0,0,8191,2,25.72,72.13,1007.67,195.0,1,EMPTY
2026-09-14T12:35:19.194+08:00,RUN_20260914_120952,505,2889327,SESSION_003,0,0,8191,2,25.72,72.13,1007.67,195.0,1,EMPTY
2026-09-14T12:35:20.194+08:00,RUN_20260914_120952,506,2890327,SESSION_003,0,0,8191,2,25.72,72.14,1007.67,195.0,1,EMPTY
2026-09-14T12:35:21.194+08:00,RUN_20260914_120952,507,2891327,SESSION_003,0,0,8191,2,25.72,72.14,1007.67,195.0,1,EMPTY
2026-09-14T12:35:22.194+08:00,RUN_20260914_120952,508,2892327,SESSION_003,0,0,8191,2,25.72,72.02,1007.67,195.0,1,EMPTY
2026-09-14T12:35:23.194+08:00,RUN_20260914_120952,509,2893327,SESSION_003,0,0,8191,2,25.72,72.02,1007.67,195.0,1,EMPTY
2026-09-14T12:35:24.194+08:00,RUN_20260914_120952,510,2894327,SESSION_003,0,0,8191,2,25.73,72.05,1007.67,195.0,1,EMPTY
2026-09-14T12:35:25.194+08:00,RUN_20260914_120952,511,2895327,SESSION_003,0,0,8191,2,25.73,72.11,1007.67,195.0,1,EMPTY
2026-09-14T12:35:26.194+08:00,RUN_20260914_120952,512,2896327,SESSION_003,0,0,8191,2,25.73,72.11,1007.67,195.0,1,EMPTY
2026-09-14T12:35:27.194+08:00,RUN_20260914_120952,513,2897327,SESSION_003,0,0,8191,2,25.73,72.08,1007.67,195.0,1,EMPTY
2026-09-14T12:35:28.194+08:00,RUN_20260914_120952,514,2898327,SESSION_003,0,0,8191,2,25.72,72.01,1007.67,195.0,1,EMPTY
2026-09-14T12:35:29.194+08:00,RUN_20260914_120952,515,2899327,SESSION_003,0,0,8191,2,25.72,72.04,1007.67,195.0,1,EMPTY
2026-09-14T12:35:30.194+08:00,RUN_20260914_120952,516,2900327,SESSION_003,0,0,8191,2,25.72,72.02,1007.67,195.0,1,EMPTY
2026-09-14T12:35:31.194+08:00,RUN_20260914_120952,517,2901327,SESSION_003,0,0,8191,2,25.72,72.02,1007.67,195.0,1,EMPTY
2026-09-14T12:35:32.012+08:00,RUN_20260914_120952,518,2902145,SESSION_003,0,0,8190,4,25.72,72.04,1007.67,195.0,1,EMPTY
2026-09-14T12:35:33.198+08:00,RUN_20260914_120952,519,2903331,SESSION_003,0,0,8191,2,25.72,72.05,1007.67,195.0,1,EMPTY
2026-09-14T12:35:34.198+08:00,RUN_20260914_120952,520,2904331,SESSION_003,0,0,8191,2,25.72,72.05,1007.67,195.0,1,EMPTY
2026-09-14T12:35:35.198+08:00,RUN_20260914_120952,521,2905331,SESSION_003,0,0,8191,2,25.72,72.01,1007.67,195.0,1,EMPTY
2026-09-14T12:35:36.198+08:00,RUN_20260914_120952,522,2906331,SESSION_003,0,0,8191,2,25.72,72.02,1007.67,195.0,1,EMPTY
2026-09-14T12:35:37.016+08:00,RUN_20260914_120952,523,2907149,SESSION_003,0,0,8190,4,25.72,71.99,1007.67,195.0,1,EMPTY
2026-09-14T12:35:38.202+08:00,RUN_20260914_120952,524,2908335,SESSION_003,0,0,8191,2,25.72,71.99,1007.67,195.0,1,EMPTY
2026-09-14T12:35:39.202+08:00,RUN_20260914_120952,525,2909335,SESSION_003,0,0,8191,2,25.72,71.95,1007.67,195.0,1,EMPTY
2026-09-14T12:35:40.202+08:00,RUN_20260914_120952,526,2910335,SESSION_003,0,0,8191,2,25.72,72.08,1007.67,195.0,1,EMPTY
2026-09-14T12:35:41.202+08:00,RUN_20260914_120952,527,2911335,SESSION_003,0,0,8191,2,25.72,71.98,1007.67,195.0,1,EMPTY
2026-09-14T12:35:42.202+08:00,RUN_20260914_120952,528,2912335,SESSION_003,0,0,8191,2,25.72,72.07,1007.67,195.0,1,EMPTY
2026-09-14T12:35:43.202+08:00,RUN_20260914_120952,529,2913335,SESSION_003,0,0,8191,2,25.72,71.99,1007.67,195.0,1,EMPTY
2026-09-14T12:35:44.202+08:00,RUN_20260914_120952,530,2914335,SESSION_003,0,0,8191,2,25.72,72.06,1007.67,195.0,1,EMPTY
2026-09-14T12:35:45.202+08:00,RUN_20260914_120952,531,2915335,SESSION_003,0,0,8191,2,25.72,72.09,1007.67,195.0,1,EMPTY
2026-09-14T12:35:46.202+08:00,RUN_20260914_120952,532,2916335,SESSION_003,0,0,8191,2,25.72,72.10,1007.66,195.0,1,EMPTY
2026-09-14T12:35:47.202+08:00,RUN_20260914_120952,533,2917335,SESSION_003,0,0,8191,2,25.72,72.09,1007.66,195.0,1,EMPTY
2026-09-14T12:35:48.202+08:00,RUN_20260914_120952,534,2918335,SESSION_003,0,0,8191,2,25.72,72.09,1007.67,195.0,1,EMPTY
2026-09-14T12:35:49.202+08:00,RUN_20260914_120952,535,2919335,SESSION_003,0,0,8191,2,25.72,72.10,1007.67,195.0,1,EMPTY
2026-09-14T12:35:50.202+08:00,RUN_20260914_120952,536,2920335,SESSION_003,0,0,8191,2,25.72,72.10,1007.67,195.0,1,EMPTY
2026-09-14T12:35:51.202+08:00,RUN_20260914_120952,537,2921335,SESSION_003,0,0,8191,2,25.72,72.02,1007.67,195.0,1,EMPTY
2026-09-14T12:35:52.202+08:00,RUN_20260914_120952,538,2922335,SESSION_003,0,0,8191,2,25.72,72.02,1007.67,195.0,1,EMPTY
2026-09-14T12:35:53.202+08:00,RUN_20260914_120952,539,2923335,SESSION_003,0,0,8191,2,25.71,72.09,1007.66,195.0,1,EMPTY
2026-09-14T12:35:54.202+08:00,RUN_20260914_120952,540,2924335,SESSION_003,0,0,8191,2,25.71,72.01,1007.66,195.0,1,EMPTY
2026-09-14T12:35:55.202+08:00,RUN_20260914_120952,541,2925335,SESSION_003,0,0,8191,2,25.71,72.03,1007.66,195.0,1,EMPTY
2026-09-14T12:35:56.202+08:00,RUN_20260914_120952,542,2926335,SESSION_003,0,0,8191,2,25.71,72.15,1007.66,195.0,1,EMPTY
2026-09-14T12:35:57.202+08:00,RUN_20260914_120952,543,2927335,SESSION_003,0,0,8191,2,25.71,72.14,1007.67,195.0,1,EMPTY
2026-09-14T12:35:58.202+08:00,RUN_20260914_120952,544,2928335,SESSION_003,0,0,8191,2,25.71,72.12,1007.66,195.0,1,EMPTY
2026-09-14T12:35:59.202+08:00,RUN_20260914_120952,545,2929335,SESSION_003,0,0,8191,2,25.71,72.14,1007.66,195.0,1,EMPTY
2026-09-14T12:36:00.202+08:00,RUN_20260914_120952,546,2930335,SESSION_003,0,0,8191,2,25.71,72.05,1007.66,195.0,1,EMPTY
2026-09-14T12:36:01.202+08:00,RUN_20260914_120952,547,2931335,SESSION_003,0,0,8191,2,25.71,72.13,1007.66,195.0,1,EMPTY
2026-09-14T12:36:02.202+08:00,RUN_20260914_120952,548,2932335,SESSION_003,0,0,8191,2,25.71,72.14,1007.66,195.0,1,EMPTY
2026-09-14T12:36:03.202+08:00,RUN_20260914_120952,549,2933335,SESSION_003,0,0,8191,2,25.71,72.12,1007.66,195.0,1,EMPTY
2026-09-14T12:36:04.202+08:00,RUN_20260914_120952,550,2934335,SESSION_003,0,1,8191,2,25.71,72.12,1007.65,195.8,1,EMPTY
2026-09-14T12:36:05.202+08:00,RUN_20260914_120952,551,2935335,SESSION_003,0,1,8191,2,25.71,72.09,1007.65,195.8,1,EMPTY
2026-09-14T12:36:06.202+08:00,RUN_20260914_120952,552,2936335,SESSION_003,0,1,8191,2,25.71,72.09,1007.65,195.0,1,EMPTY
2026-09-14T12:36:07.202+08:00,RUN_20260914_120952,553,2937335,SESSION_003,0,0,8191,2,25.71,72.13,1007.65,195.0,1,EMPTY
2026-09-14T12:36:08.202+08:00,RUN_20260914_120952,554,2938335,SESSION_003,0,0,8191,2,25.71,72.08,1007.65,195.0,1,EMPTY
2026-09-14T12:36:09.202+08:00,RUN_20260914_120952,555,2939335,SESSION_003,0,0,8191,2,25.71,72.00,1007.65,195.0,1,EMPTY
2026-09-14T12:36:10.202+08:00,RUN_20260914_120952,556,2940335,SESSION_003,0,0,8191,2,25.71,72.00,1007.65,195.0,1,EMPTY
2026-09-14T12:36:11.202+08:00,RUN_20260914_120952,557,2941335,SESSION_003,0,0,8191,2,25.71,72.00,1007.65,195.0,1,EMPTY
2026-09-14T12:36:12.202+08:00,RUN_20260914_120952,558,2942335,SESSION_003,0,0,8191,2,25.71,72.03,1007.65,195.0,1,EMPTY
2026-09-14T12:36:13.202+08:00,RUN_20260914_120952,559,2943335,SESSION_003,0,1,8191,2,25.71,72.12,1007.65,194.2,1,EMPTY
2026-09-14T12:36:14.202+08:00,RUN_20260914_120952,560,2944335,SESSION_003,0,1,8191,2,25.71,72.15,1007.65,194.2,1,EMPTY
2026-09-14T12:36:15.202+08:00,RUN_20260914_120952,561,2945335,SESSION_003,0,1,8191,2,25.71,72.05,1007.65,194.2,1,EMPTY
2026-09-14T12:36:16.202+08:00,RUN_20260914_120952,562,2946335,SESSION_003,0,1,72,0,25.71,72.02,1007.65,189.2,1,EMPTY
2026-09-14T12:36:17.207+08:00,RUN_20260914_120952,563,2947340,SESSION_003,1,1,69,0,25.71,72.09,1007.65,195.8,1,EMPTY
2026-09-14T12:36:18.212+08:00,RUN_20260914_120952,564,2948345,SESSION_003,0,0,64,0,25.71,72.86,1007.65,197.5,1,EMPTY
2026-09-14T12:36:19.217+08:00,RUN_20260914_120952,565,2949350,SESSION_003,0,0,66,0,25.71,72.65,1007.65,196.7,1,EMPTY
2026-09-14T12:36:20.222+08:00,RUN_20260914_120952,566,2950355,SESSION_003,1,0,68,0,25.71,72.53,1007.65,195.8,1,EMPTY
2026-09-14T12:36:21.227+08:00,RUN_20260914_120952,567,2951360,SESSION_003,1,1,44,0,25.71,72.69,1007.65,195.0,1,EMPTY
2026-09-14T13:35:45.159+08:00,RUN_20260914_120952,1,6515292,SESSION_004,0,0,23,0,25.75,75.85,1006.87,205.0,1,LOW
2026-09-14T13:35:45.982+08:00,RUN_20260914_120952,2,6516115,SESSION_004,1,0,8190,4,25.76,75.59,1006.87,201.7,1,LOW
2026-09-14T13:35:47.167+08:00,RUN_20260914_120952,3,6517300,SESSION_004,1,0,8191,2,25.76,76.20,1006.88,207.5,1,LOW
2026-09-14T13:35:48.172+08:00,RUN_20260914_120952,4,6518305,SESSION_004,1,0,8191,2,25.77,76.14,1006.88,207.5,1,LOW
2026-09-14T13:35:49.177+08:00,RUN_20260914_120952,5,6519310,SESSION_004,0,0,8191,2,25.77,75.37,1006.87,207.5,1,LOW
2026-09-14T13:35:50.000+08:00,RUN_20260914_120952,6,6520133,SESSION_004,0,0,8190,4,25.78,74.90,1006.88,207.5,1,LOW
2026-09-14T13:35:51.185+08:00,RUN_20260914_120952,7,6521318,SESSION_004,1,0,8191,2,25.78,74.27,1006.87,207.5,1,LOW
2026-09-14T13:35:52.190+08:00,RUN_20260914_120952,8,6522323,SESSION_004,0,0,8191,2,25.78,73.74,1006.87,207.5,1,LOW
2026-09-14T13:35:53.195+08:00,RUN_20260914_120952,9,6523328,SESSION_004,0,0,8191,2,25.78,73.64,1006.87,207.5,1,LOW
2026-09-14T13:35:54.018+08:00,RUN_20260914_120952,10,6524151,SESSION_004,0,0,8190,4,25.78,73.59,1006.87,207.5,1,LOW
2026-09-14T13:35:55.021+08:00,RUN_20260914_120952,11,6525154,SESSION_004,1,0,8190,4,25.79,73.58,1006.87,207.5,1,LOW
2026-09-14T13:35:56.206+08:00,RUN_20260914_120952,12,6526339,SESSION_004,0,0,8191,2,25.79,73.58,1006.87,207.5,1,LOW
2026-09-14T13:35:57.211+08:00,RUN_20260914_120952,13,6527344,SESSION_004,0,0,8191,2,25.79,73.60,1006.86,207.5,1,LOW
2026-09-14T13:35:58.216+08:00,RUN_20260914_120952,14,6528349,SESSION_004,0,0,8191,2,25.79,73.47,1006.86,207.5,1,LOW
2026-09-14T13:35:59.221+08:00,RUN_20260914_120952,15,6529354,SESSION_004,0,0,8191,2,25.79,73.36,1006.86,207.5,1,LOW
2026-09-14T13:36:00.226+08:00,RUN_20260914_120952,16,6530359,SESSION_004,0,0,8191,2,25.79,73.22,1006.86,207.5,1,LOW
2026-09-14T13:36:01.231+08:00,RUN_20260914_120952,17,6531364,SESSION_004,0,0,8191,2,25.79,73.19,1006.86,208.3,1,LOW
2026-09-14T13:36:02.236+08:00,RUN_20260914_120952,18,6532369,SESSION_004,1,0,8191,2,25.79,73.11,1006.86,207.5,1,LOW
2026-09-14T13:36:03.241+08:00,RUN_20260914_120952,19,6533374,SESSION_004,1,0,8191,2,25.79,73.09,1006.86,207.5,1,LOW
2026-09-14T13:36:04.246+08:00,RUN_20260914_120952,20,6534379,SESSION_004,0,0,8191,2,25.79,73.12,1006.86,208.3,1,LOW
2026-09-14T13:36:05.251+08:00,RUN_20260914_120952,21,6535384,SESSION_004,0,0,8191,2,25.79,73.09,1006.86,208.3,1,LOW
2026-09-14T13:36:06.074+08:00,RUN_20260914_120952,22,6536207,SESSION_004,1,0,8190,4,25.79,73.09,1006.86,208.3,1,LOW
2026-09-14T13:36:07.077+08:00,RUN_20260914_120952,23,6537210,SESSION_004,0,0,8190,4,25.79,72.99,1006.86,208.3,1,LOW
2026-09-14T13:36:08.262+08:00,RUN_20260914_120952,24,6538395,SESSION_004,0,0,8191,2,25.79,73.05,1006.86,208.3,1,LOW
2026-09-14T13:36:09.085+08:00,RUN_20260914_120952,25,6539218,SESSION_004,0,0,8190,4,25.79,72.98,1006.86,208.3,1,LOW
2026-09-14T13:36:10.270+08:00,RUN_20260914_120952,26,6540403,SESSION_004,0,0,8191,2,25.79,73.01,1006.87,208.3,1,LOW
2026-09-14T13:36:11.093+08:00,RUN_20260914_120952,27,6541226,SESSION_004,0,0,8190,4,25.79,72.96,1006.86,208.3,1,LOW
2026-09-14T13:36:12.278+08:00,RUN_20260914_120952,28,6542411,SESSION_004,1,0,8191,2,25.79,73.01,1006.86,208.3,1,LOW
2026-09-14T13:36:13.101+08:00,RUN_20260914_120952,29,6543234,SESSION_004,1,0,8190,4,25.79,73.01,1006.86,208.3,1,LOW
2026-09-14T13:36:14.104+08:00,RUN_20260914_120952,30,6544237,SESSION_004,0,0,8190,4,25.79,73.00,1006.86,208.3,1,LOW
2026-09-14T13:36:15.289+08:00,RUN_20260914_120952,31,6545422,SESSION_004,0,0,8191,2,25.79,72.91,1006.86,208.3,1,LOW
2026-09-14T13:36:16.294+08:00,RUN_20260914_120952,32,6546427,SESSION_004,0,0,8191,2,25.79,73.01,1006.86,208.3,1,LOW
2026-09-14T13:36:17.299+08:00,RUN_20260914_120952,33,6547432,SESSION_004,0,0,8191,2,25.79,73.01,1006.86,208.3,1,LOW
2026-09-14T13:36:18.122+08:00,RUN_20260914_120952,34,6548255,SESSION_004,0,0,8190,4,25.79,72.99,1006.86,208.3,1,LOW
2026-09-14T13:36:19.307+08:00,RUN_20260914_120952,35,6549440,SESSION_004,0,0,8191,2,25.79,72.92,1006.86,208.3,1,LOW
2026-09-14T13:36:20.130+08:00,RUN_20260914_120952,36,6550263,SESSION_004,0,0,8190,4,25.79,72.92,1006.86,208.3,1,LOW
2026-09-14T13:36:21.315+08:00,RUN_20260914_120952,37,6551448,SESSION_004,0,0,8191,2,25.79,72.89,1006.86,208.3,1,LOW
2026-09-14T13:36:22.320+08:00,RUN_20260914_120952,38,6552453,SESSION_004,0,0,8191,2,25.79,72.86,1006.86,208.3,1,LOW
2026-09-14T13:36:23.325+08:00,RUN_20260914_120952,39,6553458,SESSION_004,0,0,8191,2,25.79,72.85,1006.86,208.3,1,LOW
2026-09-14T13:36:24.330+08:00,RUN_20260914_120952,40,6554463,SESSION_004,0,0,8191,2,25.79,72.85,1006.86,208.3,1,LOW
2026-09-14T13:36:25.335+08:00,RUN_20260914_120952,41,6555468,SESSION_004,0,0,8191,2,25.79,72.82,1006.86,208.3,1,LOW
2026-09-14T13:36:26.158+08:00,RUN_20260914_120952,42,6556291,SESSION_004,0,0,8190,4,25.79,72.85,1006.86,208.3,1,LOW
2026-09-14T13:36:27.161+08:00,RUN_20260914_120952,43,6557294,SESSION_004,0,0,8190,4,25.79,72.86,1006.86,208.3,1,LOW
2026-09-14T13:36:28.346+08:00,RUN_20260914_120952,44,6558479,SESSION_004,0,0,8191,2,25.79,72.75,1006.86,208.3,1,LOW
2026-09-14T13:36:29.351+08:00,RUN_20260914_120952,45,6559484,SESSION_004,0,0,8191,2,25.79,72.71,1006.86,208.3,1,LOW
2026-09-14T13:36:30.174+08:00,RUN_20260914_120952,46,6560307,SESSION_004,0,0,8190,4,25.79,72.78,1006.86,208.3,1,LOW
2026-09-14T13:36:31.177+08:00,RUN_20260914_120952,47,6561310,SESSION_004,0,0,8190,4,25.79,72.79,1006.86,208.3,1,LOW
2026-09-14T13:36:32.362+08:00,RUN_20260914_120952,48,6562495,SESSION_004,0,0,8191,2,25.79,72.72,1006.86,208.3,1,LOW
2026-09-14T13:36:33.367+08:00,RUN_20260914_120952,49,6563500,SESSION_004,0,0,8191,2,25.78,72.69,1006.86,208.3,1,LOW
2026-09-14T13:36:34.372+08:00,RUN_20260914_120952,50,6564505,SESSION_004,1,0,8191,2,25.78,72.66,1006.86,208.3,1,LOW
2026-09-14T13:36:35.195+08:00,RUN_20260914_120952,51,6565328,SESSION_004,1,0,8190,4,25.78,72.67,1006.86,208.3,1,LOW
2026-09-14T13:36:36.380+08:00,RUN_20260914_120952,52,6566513,SESSION_004,0,0,8191,2,25.78,72.65,1006.86,208.3,1,LOW
2026-09-14T13:36:37.385+08:00,RUN_20260914_120952,53,6567518,SESSION_004,0,0,8191,2,25.78,72.65,1006.86,208.3,1,LOW
2026-09-14T13:36:38.390+08:00,RUN_20260914_120952,54,6568523,SESSION_004,1,0,8191,2,25.78,72.68,1006.86,208.3,1,LOW
2026-09-14T13:36:39.395+08:00,RUN_20260914_120952,55,6569528,SESSION_004,0,0,8191,2,25.78,72.64,1006.86,208.3,1,LOW
2026-09-14T13:36:40.218+08:00,RUN_20260914_120952,56,6570351,SESSION_004,0,0,8190,4,25.78,72.66,1006.86,208.3,1,LOW
2026-09-14T13:36:41.403+08:00,RUN_20260914_120952,57,6571536,SESSION_004,1,0,8191,2,25.78,72.56,1006.86,208.3,1,LOW
2026-09-14T13:36:42.226+08:00,RUN_20260914_120952,58,6572359,SESSION_004,1,0,8190,4,25.78,72.63,1006.86,208.3,1,LOW
2026-09-14T13:36:43.229+08:00,RUN_20260914_120952,59,6573362,SESSION_004,0,0,8190,4,25.78,72.62,1006.86,209.2,1,LOW
2026-09-14T13:36:44.414+08:00,RUN_20260914_120952,60,6574547,SESSION_004,0,0,8191,2,25.78,72.60,1006.86,210.0,1,LOW
2026-09-14T13:36:45.419+08:00,RUN_20260914_120952,61,6575552,SESSION_004,0,0,8191,2,25.77,72.60,1006.86,208.3,1,LOW
2026-09-14T13:36:46.424+08:00,RUN_20260914_120952,62,6576557,SESSION_004,0,0,8191,2,25.77,72.57,1006.86,208.3,1,LOW
2026-09-14T13:36:47.247+08:00,RUN_20260914_120952,63,6577380,SESSION_004,1,0,8190,4,25.77,72.54,1006.86,208.3,1,LOW
2026-09-14T13:36:48.432+08:00,RUN_20260914_120952,64,6578565,SESSION_004,0,0,8191,2,25.77,72.55,1006.86,208.3,1,LOW
2026-09-14T13:36:49.437+08:00,RUN_20260914_120952,65,6579570,SESSION_004,0,0,8191,2,25.77,72.55,1006.86,208.3,1,LOW
2026-09-14T13:36:50.442+08:00,RUN_20260914_120952,66,6580575,SESSION_004,0,0,8191,2,25.77,72.56,1006.86,208.3,1,LOW
2026-09-14T13:36:51.447+08:00,RUN_20260914_120952,67,6581580,SESSION_004,1,0,8191,2,25.77,72.57,1006.86,208.3,1,LOW
2026-09-14T13:36:52.270+08:00,RUN_20260914_120952,68,6582403,SESSION_004,0,0,8190,4,25.77,72.56,1006.86,208.3,1,LOW
2026-09-14T13:36:53.455+08:00,RUN_20260914_120952,69,6583588,SESSION_004,0,0,8191,2,25.77,72.56,1006.86,208.3,1,LOW
2026-09-14T13:36:54.278+08:00,RUN_20260914_120952,70,6584411,SESSION_004,0,0,8190,4,25.77,72.65,1006.86,208.3,1,LOW
2026-09-14T13:36:55.463+08:00,RUN_20260914_120952,71,6585596,SESSION_004,0,0,8191,2,25.77,72.56,1006.86,208.3,1,LOW
2026-09-14T13:36:56.468+08:00,RUN_20260914_120952,72,6586601,SESSION_004,0,0,8191,2,25.76,72.57,1006.86,207.5,1,LOW
2026-09-14T13:36:57.291+08:00,RUN_20260914_120952,73,6587424,SESSION_004,0,0,8190,4,25.76,72.55,1006.86,208.3,1,LOW
2026-09-14T13:36:58.476+08:00,RUN_20260914_120952,74,6588609,SESSION_004,0,0,8191,2,25.76,72.57,1006.86,208.3,1,LOW
2026-09-14T13:36:59.299+08:00,RUN_20260914_120952,75,6589432,SESSION_004,0,0,8190,4,25.76,72.63,1006.86,208.3,1,LOW
2026-09-14T13:37:00.484+08:00,RUN_20260914_120952,76,6590617,SESSION_004,0,0,8191,2,25.76,72.52,1006.86,208.3,1,LOW
2026-09-14T13:37:01.307+08:00,RUN_20260914_120952,77,6591440,SESSION_004,0,0,8190,4,25.76,72.54,1006.86,208.3,1,LOW
2026-09-14T13:37:02.492+08:00,RUN_20260914_120952,78,6592625,SESSION_004,0,0,8191,2,25.76,72.58,1006.86,208.3,1,LOW
2026-09-14T13:37:03.497+08:00,RUN_20260914_120952,79,6593630,SESSION_004,0,0,8191,2,25.76,72.62,1006.86,208.3,1,LOW
2026-09-14T13:37:04.320+08:00,RUN_20260914_120952,80,6594453,SESSION_004,0,0,8190,4,25.76,72.61,1006.86,208.3,1,LOW
2026-09-14T13:37:05.505+08:00,RUN_20260914_120952,81,6595638,SESSION_004,0,0,8191,2,25.76,72.54,1006.86,208.3,1,LOW
2026-09-14T13:37:06.510+08:00,RUN_20260914_120952,82,6596643,SESSION_004,0,0,8191,2,25.76,72.52,1006.86,208.3,1,LOW
2026-09-14T13:37:07.515+08:00,RUN_20260914_120952,83,6597648,SESSION_004,0,0,8191,2,25.76,72.54,1006.86,208.3,1,LOW
2026-09-14T13:37:08.520+08:00,RUN_20260914_120952,84,6598653,SESSION_004,1,0,8191,2,25.75,72.54,1006.86,208.3,1,LOW
2026-09-14T13:37:09.343+08:00,RUN_20260914_120952,85,6599476,SESSION_004,0,0,8190,4,25.75,72.56,1006.86,208.3,1,LOW
2026-09-14T13:37:10.346+08:00,RUN_20260914_120952,86,6600479,SESSION_004,0,0,8190,4,25.75,72.57,1006.86,208.3,1,LOW
2026-09-14T13:37:11.531+08:00,RUN_20260914_120952,87,6601664,SESSION_004,0,0,8191,2,25.75,72.64,1006.86,208.3,1,LOW
2026-09-14T13:37:12.536+08:00,RUN_20260914_120952,88,6602669,SESSION_004,1,0,8191,2,25.75,72.60,1006.86,208.3,1,LOW
2026-09-14T13:37:13.359+08:00,RUN_20260914_120952,89,6603492,SESSION_004,0,0,8190,4,25.75,72.60,1006.86,208.3,1,LOW
2026-09-14T13:37:14.362+08:00,RUN_20260914_120952,90,6604495,SESSION_004,0,0,8190,4,25.75,72.60,1006.86,208.3,1,LOW
2026-09-14T13:37:15.547+08:00,RUN_20260914_120952,91,6605680,SESSION_004,0,0,8191,2,25.75,72.57,1006.86,208.3,1,LOW
2026-09-14T13:37:16.370+08:00,RUN_20260914_120952,92,6606503,SESSION_004,0,0,8190,4,25.75,72.60,1006.86,208.3,1,LOW
2026-09-14T13:37:17.555+08:00,RUN_20260914_120952,93,6607688,SESSION_004,0,0,8191,2,25.74,72.70,1006.86,208.3,1,LOW
2026-09-14T13:37:18.560+08:00,RUN_20260914_120952,94,6608693,SESSION_004,1,0,8191,2,25.74,72.68,1006.86,208.3,1,LOW
2026-09-14T13:37:19.383+08:00,RUN_20260914_120952,95,6609516,SESSION_004,1,0,8190,4,25.74,72.66,1006.86,208.3,1,LOW
2026-09-14T13:37:20.568+08:00,RUN_20260914_120952,96,6610701,SESSION_004,0,0,8191,2,25.74,72.67,1006.86,208.3,1,LOW
2026-09-14T13:37:21.573+08:00,RUN_20260914_120952,97,6611706,SESSION_004,0,0,8191,2,25.74,72.66,1006.86,208.3,1,LOW
2026-09-14T13:37:22.578+08:00,RUN_20260914_120952,98,6612711,SESSION_004,0,0,8191,2,25.74,72.66,1006.86,208.3,1,LOW
2026-09-14T13:37:23.583+08:00,RUN_20260914_120952,99,6613716,SESSION_004,0,0,8191,2,25.74,72.66,1006.86,208.3,1,LOW
2026-09-14T13:37:24.588+08:00,RUN_20260914_120952,100,6614721,SESSION_004,0,0,8191,2,25.73,72.67,1006.86,208.3,1,LOW
2026-09-14T13:37:25.593+08:00,RUN_20260914_120952,101,6615726,SESSION_004,1,0,8191,2,25.73,72.58,1006.86,208.3,1,LOW
2026-09-14T13:37:26.416+08:00,RUN_20260914_120952,102,6616549,SESSION_004,0,0,8190,4,25.73,72.60,1006.86,208.3,1,LOW
2026-09-14T13:37:27.601+08:00,RUN_20260914_120952,103,6617734,SESSION_004,0,0,8191,2,25.73,72.68,1006.86,208.3,1,LOW
2026-09-14T13:37:28.424+08:00,RUN_20260914_120952,104,6618557,SESSION_004,0,0,8190,4,25.73,72.68,1006.86,208.3,1,LOW
2026-09-14T13:37:29.609+08:00,RUN_20260914_120952,105,6619742,SESSION_004,0,0,8191,2,25.73,72.71,1006.86,208.3,1,LOW
2026-09-14T13:37:30.614+08:00,RUN_20260914_120952,106,6620747,SESSION_004,1,0,8191,2,25.73,72.62,1006.86,208.3,1,LOW
2026-09-14T13:37:31.619+08:00,RUN_20260914_120952,107,6621752,SESSION_004,0,0,8191,2,25.73,72.63,1006.86,208.3,1,LOW
2026-09-14T13:37:32.624+08:00,RUN_20260914_120952,108,6622757,SESSION_004,0,0,8191,2,25.73,72.66,1006.86,208.3,1,LOW
2026-09-14T13:37:33.447+08:00,RUN_20260914_120952,109,6623580,SESSION_004,0,0,8190,4,25.72,72.76,1006.86,208.3,1,LOW
2026-09-14T13:37:34.632+08:00,RUN_20260914_120952,110,6624765,SESSION_004,1,0,8191,2,25.72,72.75,1006.86,208.3,1,LOW
2026-09-14T13:37:35.637+08:00,RUN_20260914_120952,111,6625770,SESSION_004,0,0,8191,2,25.72,72.74,1006.86,208.3,1,LOW
2026-09-14T13:37:36.642+08:00,RUN_20260914_120952,112,6626775,SESSION_004,0,0,8191,2,25.72,72.73,1006.86,208.3,1,LOW
2026-09-14T13:37:37.465+08:00,RUN_20260914_120952,113,6627598,SESSION_004,1,0,8190,4,25.72,72.61,1006.86,208.3,1,LOW
2026-09-14T13:37:38.468+08:00,RUN_20260914_120952,114,6628601,SESSION_004,1,0,8190,4,25.72,72.63,1006.86,208.3,1,LOW
2026-09-14T13:37:39.653+08:00,RUN_20260914_120952,115,6629786,SESSION_004,0,0,8191,2,25.72,72.67,1006.86,208.3,1,LOW
2026-09-14T13:37:40.658+08:00,RUN_20260914_120952,116,6630791,SESSION_004,0,0,8191,2,25.72,72.69,1006.86,208.3,1,LOW
2026-09-14T13:37:41.481+08:00,RUN_20260914_120952,117,6631614,SESSION_004,0,0,8190,4,25.72,72.74,1006.86,208.3,1,LOW
2026-09-14T13:37:42.666+08:00,RUN_20260914_120952,118,6632799,SESSION_004,1,0,8191,2,25.72,72.71,1006.86,208.3,1,LOW
2026-09-14T13:37:43.671+08:00,RUN_20260914_120952,119,6633804,SESSION_004,0,0,8191,2,25.72,72.62,1006.85,208.3,1,LOW
2026-09-14T13:37:44.676+08:00,RUN_20260914_120952,120,6634809,SESSION_004,0,0,8191,2,25.72,72.74,1006.86,208.3,1,LOW
2026-09-14T13:37:45.681+08:00,RUN_20260914_120952,121,6635814,SESSION_004,1,0,8191,2,25.72,72.76,1006.86,208.3,1,LOW
2026-09-14T13:37:46.686+08:00,RUN_20260914_120952,122,6636819,SESSION_004,0,0,8191,2,25.72,72.79,1006.85,208.3,1,LOW
2026-09-14T13:37:47.691+08:00,RUN_20260914_120952,123,6637824,SESSION_004,0,0,8191,2,25.72,72.68,1006.85,208.3,1,LOW
2026-09-14T13:37:48.514+08:00,RUN_20260914_120952,124,6638647,SESSION_004,0,0,8190,4,25.71,72.73,1006.85,208.3,1,LOW
2026-09-14T13:37:49.517+08:00,RUN_20260914_120952,125,6639650,SESSION_004,0,0,8190,4,25.71,72.75,1006.85,208.3,1,LOW
2026-09-14T13:37:50.702+08:00,RUN_20260914_120952,126,6640835,SESSION_004,0,0,8191,2,25.71,72.66,1006.85,208.3,1,LOW
2026-09-14T13:37:51.707+08:00,RUN_20260914_120952,127,6641840,SESSION_004,0,0,8191,2,25.71,72.67,1006.85,208.3,1,LOW
2026-09-14T13:37:52.712+08:00,RUN_20260914_120952,128,6642845,SESSION_004,0,0,8191,2,25.71,72.67,1006.85,208.3,1,LOW
2026-09-14T13:37:53.717+08:00,RUN_20260914_120952,129,6643850,SESSION_004,1,0,8191,2,25.71,72.77,1006.85,208.3,1,LOW
2026-09-14T13:37:54.540+08:00,RUN_20260914_120952,130,6644673,SESSION_004,1,0,8190,4,25.71,72.77,1006.85,208.3,1,LOW
2026-09-14T13:37:55.725+08:00,RUN_20260914_120952,131,6645858,SESSION_004,0,0,8191,2,25.71,72.68,1006.85,208.3,1,LOW
2026-09-14T13:37:56.548+08:00,RUN_20260914_120952,132,6646681,SESSION_004,0,0,8190,4,25.70,72.69,1006.85,208.3,1,LOW
2026-09-14T13:37:57.551+08:00,RUN_20260914_120952,133,6647684,SESSION_004,0,0,8190,4,25.70,72.73,1006.85,208.3,1,LOW
2026-09-14T13:37:58.554+08:00,RUN_20260914_120952,134,6648687,SESSION_004,0,0,8190,4,25.70,72.83,1006.85,208.3,1,LOW
2026-09-14T13:37:59.739+08:00,RUN_20260914_120952,135,6649872,SESSION_004,0,0,8191,2,25.70,72.83,1006.85,208.3,1,LOW
2026-09-14T13:38:00.562+08:00,RUN_20260914_120952,136,6650695,SESSION_004,0,0,8190,4,25.70,72.80,1006.85,208.3,1,LOW
2026-09-14T13:38:01.747+08:00,RUN_20260914_120952,137,6651880,SESSION_004,0,0,8191,2,25.70,72.84,1006.85,208.3,1,LOW
2026-09-14T13:38:02.752+08:00,RUN_20260914_120952,138,6652885,SESSION_004,0,0,8191,2,25.70,72.82,1006.85,208.3,1,LOW
2026-09-14T13:38:03.757+08:00,RUN_20260914_120952,139,6653890,SESSION_004,0,0,8191,2,25.70,72.74,1006.85,208.3,1,LOW
2026-09-14T13:38:04.580+08:00,RUN_20260914_120952,140,6654713,SESSION_004,0,0,8190,4,25.70,72.80,1006.85,208.3,1,LOW
2026-09-14T13:38:05.765+08:00,RUN_20260914_120952,141,6655898,SESSION_004,0,0,8191,2,25.70,72.80,1006.85,208.3,1,LOW
2026-09-14T13:38:06.770+08:00,RUN_20260914_120952,142,6656903,SESSION_004,0,0,8191,2,25.69,72.77,1006.84,208.3,1,LOW
2026-09-14T13:38:07.593+08:00,RUN_20260914_120952,143,6657726,SESSION_004,0,0,8190,4,25.69,72.69,1006.85,208.3,1,LOW
2026-09-14T13:38:08.778+08:00,RUN_20260914_120952,144,6658911,SESSION_004,0,0,8191,2,25.69,72.77,1006.85,208.3,1,LOW
2026-09-14T13:38:09.783+08:00,RUN_20260914_120952,145,6659916,SESSION_004,0,0,8191,2,25.69,72.67,1006.85,208.3,1,LOW
2026-09-14T13:38:10.788+08:00,RUN_20260914_120952,146,6660921,SESSION_004,1,0,8191,2,25.69,72.76,1006.85,208.3,1,LOW
2026-09-14T13:38:11.793+08:00,RUN_20260914_120952,147,6661926,SESSION_004,0,0,8191,2,25.69,72.77,1006.85,208.3,1,LOW
2026-09-14T13:38:12.616+08:00,RUN_20260914_120952,148,6662749,SESSION_004,0,0,8190,4,25.69,72.67,1006.85,208.3,1,LOW
2026-09-14T13:38:13.801+08:00,RUN_20260914_120952,149,6663934,SESSION_004,0,0,8191,2,25.69,72.75,1006.85,208.3,1,LOW
2026-09-14T13:38:14.624+08:00,RUN_20260914_120952,150,6664757,SESSION_004,0,0,8190,4,25.69,72.72,1006.85,208.3,1,LOW
2026-09-14T13:38:15.809+08:00,RUN_20260914_120952,151,6665942,SESSION_004,0,0,8191,2,25.69,72.76,1006.84,208.3,1,LOW
2026-09-14T13:38:16.814+08:00,RUN_20260914_120952,152,6666947,SESSION_004,1,0,8191,2,25.69,72.65,1006.84,208.3,1,LOW
2026-09-14T13:38:17.819+08:00,RUN_20260914_120952,153,6667952,SESSION_004,1,0,8191,2,25.69,72.65,1006.84,208.3,1,LOW
2026-09-14T13:38:18.824+08:00,RUN_20260914_120952,154,6668957,SESSION_004,0,0,8191,2,25.69,72.65,1006.84,208.3,1,LOW
2026-09-14T13:38:19.647+08:00,RUN_20260914_120952,155,6669780,SESSION_004,0,0,8190,4,25.69,72.67,1006.84,208.3,1,LOW
2026-09-14T13:38:20.832+08:00,RUN_20260914_120952,156,6670965,SESSION_004,0,0,8191,2,25.69,72.64,1006.84,208.3,1,LOW
2026-09-14T13:38:21.837+08:00,RUN_20260914_120952,157,6671970,SESSION_004,1,0,8191,2,25.69,72.75,1006.84,208.3,1,LOW
2026-09-14T13:38:22.842+08:00,RUN_20260914_120952,158,6672975,SESSION_004,0,0,8191,2,25.69,72.67,1006.85,208.3,1,LOW
2026-09-14T13:38:23.847+08:00,RUN_20260914_120952,159,6673980,SESSION_004,0,0,8191,2,25.69,72.67,1006.85,208.3,1,LOW
2026-09-14T13:38:24.852+08:00,RUN_20260914_120952,160,6674985,SESSION_004,1,0,8191,2,25.69,72.68,1006.85,208.3,1,LOW
2026-09-14T13:38:25.857+08:00,RUN_20260914_120952,161,6675990,SESSION_004,0,0,8191,2,25.69,72.68,1006.85,208.3,1,LOW
2026-09-14T13:38:26.680+08:00,RUN_20260914_120952,162,6676813,SESSION_004,0,0,8190,4,25.69,72.65,1006.84,208.3,1,LOW
2026-09-14T13:38:27.683+08:00,RUN_20260914_120952,163,6677816,SESSION_004,1,0,8190,4,25.69,72.67,1006.85,208.3,1,LOW
2026-09-14T13:38:28.868+08:00,RUN_20260914_120952,164,6679001,SESSION_004,1,0,8191,2,25.69,72.77,1006.85,208.3,1,LOW
2026-09-14T13:38:29.691+08:00,RUN_20260914_120952,165,6679824,SESSION_004,1,0,8190,4,25.69,72.70,1006.85,208.3,1,LOW
2026-09-14T13:38:30.876+08:00,RUN_20260914_120952,166,6681009,SESSION_004,1,0,8191,2,25.69,72.79,1006.85,208.3,1,LOW
2026-09-14T13:38:31.881+08:00,RUN_20260914_120952,167,6682014,SESSION_004,0,0,8191,2,25.68,72.71,1006.85,208.3,1,LOW
2026-09-14T13:38:32.704+08:00,RUN_20260914_120952,168,6682837,SESSION_004,0,0,8190,4,25.68,72.71,1006.84,208.3,1,LOW
2026-09-14T13:38:33.889+08:00,RUN_20260914_120952,169,6684022,SESSION_004,1,0,8191,2,25.68,72.70,1006.84,208.3,1,LOW
2026-09-14T13:38:34.712+08:00,RUN_20260914_120952,170,6684845,SESSION_004,0,0,8190,4,25.68,72.69,1006.85,208.3,1,LOW
2026-09-14T13:38:35.715+08:00,RUN_20260914_120952,171,6685848,SESSION_004,0,0,8190,4,25.68,72.79,1006.85,208.3,1,LOW
2026-09-14T13:38:36.900+08:00,RUN_20260914_120952,172,6687033,SESSION_004,1,0,8191,2,25.68,72.73,1006.85,208.3,1,LOW
2026-09-14T13:38:37.723+08:00,RUN_20260914_120952,173,6687856,SESSION_004,0,0,8190,4,25.68,72.71,1006.85,208.3,1,LOW
2026-09-14T13:38:38.908+08:00,RUN_20260914_120952,174,6689041,SESSION_004,0,0,8191,2,25.68,72.78,1006.85,208.3,1,LOW
2026-09-14T13:38:39.731+08:00,RUN_20260914_120952,175,6689864,SESSION_004,0,0,8190,4,25.68,72.79,1006.85,208.3,1,LOW
2026-09-14T13:38:40.916+08:00,RUN_20260914_120952,176,6691049,SESSION_004,1,0,8191,2,25.68,72.80,1006.85,208.3,1,LOW
2026-09-14T13:38:41.739+08:00,RUN_20260914_120952,177,6691872,SESSION_004,1,0,8190,4,25.67,72.75,1006.84,208.3,1,LOW
2026-09-14T13:38:42.924+08:00,RUN_20260914_120952,178,6693057,SESSION_004,0,0,8191,2,25.67,72.75,1006.84,208.3,1,LOW
2026-09-14T13:38:43.929+08:00,RUN_20260914_120952,179,6694062,SESSION_004,0,0,8191,2,25.67,72.75,1006.84,208.3,1,LOW
2026-09-14T13:38:44.934+08:00,RUN_20260914_120952,180,6695067,SESSION_004,1,0,8191,2,25.67,72.75,1006.84,208.3,1,LOW
2026-09-14T13:38:45.939+08:00,RUN_20260914_120952,181,6696072,SESSION_004,1,1,8191,2,25.68,72.79,1006.85,208.3,1,LOW
2026-09-14T13:38:46.944+08:00,RUN_20260914_120952,182,6697077,SESSION_004,0,1,8191,2,25.68,72.82,1006.85,208.3,1,LOW
2026-09-14T13:38:47.949+08:00,RUN_20260914_120952,183,6698082,SESSION_004,0,0,8191,2,25.68,72.75,1006.85,208.3,1,LOW
2026-09-14T13:38:48.954+08:00,RUN_20260914_120952,184,6699087,SESSION_004,1,0,8191,2,25.68,72.72,1006.85,208.3,1,LOW
2026-09-14T13:38:49.959+08:00,RUN_20260914_120952,185,6700092,SESSION_004,0,0,216,0,25.68,72.73,1006.85,208.3,1,LOW
2026-09-14T13:38:50.782+08:00,RUN_20260914_120952,186,6700915,SESSION_004,0,0,8190,4,25.68,72.71,1006.85,208.3,1,LOW
2026-09-14T13:38:51.785+08:00,RUN_20260914_120952,187,6701918,SESSION_004,1,0,8190,4,25.68,72.69,1006.85,208.3,1,LOW
2026-09-14T13:38:52.970+08:00,RUN_20260914_120952,188,6703103,SESSION_004,1,0,8191,2,25.68,72.73,1006.85,208.3,1,LOW
2026-09-14T13:38:53.975+08:00,RUN_20260914_120952,189,6704108,SESSION_004,1,0,8191,2,25.68,72.83,1006.85,208.3,1,LOW
2026-09-14T13:38:54.980+08:00,RUN_20260914_120952,190,6705113,SESSION_004,0,0,8191,2,25.68,72.88,1006.85,208.3,1,LOW
2026-09-14T13:38:55.798+08:00,RUN_20260914_120952,191,6705931,SESSION_004,0,0,8190,4,25.68,72.79,1006.84,209.2,1,LOW
2026-09-14T13:38:56.801+08:00,RUN_20260914_120952,192,6706934,SESSION_004,1,0,8190,4,25.68,72.90,1006.84,208.3,1,LOW
2026-09-14T13:38:57.986+08:00,RUN_20260914_120952,193,6708119,SESSION_004,0,0,8191,2,25.68,72.88,1006.84,208.3,1,LOW
2026-09-14T13:38:58.804+08:00,RUN_20260914_120952,194,6708937,SESSION_004,0,0,8190,4,25.68,72.78,1006.84,208.3,1,LOW
2026-09-14T13:38:59.807+08:00,RUN_20260914_120952,195,6709940,SESSION_004,0,0,8190,4,25.68,72.77,1006.84,208.3,1,LOW
2026-09-14T13:39:00.992+08:00,RUN_20260914_120952,196,6711125,SESSION_004,0,0,8191,2,25.68,72.75,1006.84,208.3,1,LOW
2026-09-14T13:39:01.815+08:00,RUN_20260914_120952,197,6711948,SESSION_004,1,0,8190,4,25.68,72.76,1006.84,208.3,1,LOW
2026-09-14T13:39:03.000+08:00,RUN_20260914_120952,198,6713133,SESSION_004,0,0,8191,2,25.68,72.76,1006.85,208.3,1,LOW
2026-09-14T13:39:03.823+08:00,RUN_20260914_120952,199,6713956,SESSION_004,0,0,8190,4,25.68,72.80,1006.85,208.3,1,LOW
2026-09-14T13:39:05.008+08:00,RUN_20260914_120952,200,6715141,SESSION_004,1,0,8191,2,25.68,72.78,1006.85,208.3,1,LOW
2026-09-14T13:39:05.831+08:00,RUN_20260914_120952,201,6715964,SESSION_004,0,0,8190,4,25.68,72.80,1006.85,209.2,1,LOW
2026-09-14T13:39:07.016+08:00,RUN_20260914_120952,202,6717149,SESSION_004,0,0,8191,2,25.68,72.80,1006.85,208.3,1,LOW
2026-09-14T13:39:07.839+08:00,RUN_20260914_120952,203,6717972,SESSION_004,0,0,8190,4,25.68,72.80,1006.85,208.3,1,LOW
2026-09-14T13:39:09.024+08:00,RUN_20260914_120952,204,6719157,SESSION_004,1,0,8191,2,25.68,72.76,1006.85,208.3,1,LOW
2026-09-14T13:39:10.029+08:00,RUN_20260914_120952,205,6720162,SESSION_004,0,0,8191,2,25.68,72.80,1006.85,208.3,1,LOW
2026-09-14T13:39:11.034+08:00,RUN_20260914_120952,206,6721167,SESSION_004,0,0,8191,2,25.68,72.73,1006.85,209.2,1,LOW
2026-09-14T13:39:11.857+08:00,RUN_20260914_120952,207,6721990,SESSION_004,0,0,8190,4,25.68,72.75,1006.85,208.3,1,LOW
2026-09-14T13:39:13.042+08:00,RUN_20260914_120952,208,6723175,SESSION_004,1,0,8191,2,25.68,72.73,1006.85,208.3,1,LOW
2026-09-14T13:39:14.047+08:00,RUN_20260914_120952,209,6724180,SESSION_004,1,0,8191,2,25.68,72.75,1006.84,208.3,1,LOW
2026-09-14T13:39:14.870+08:00,RUN_20260914_120952,210,6725003,SESSION_004,1,0,8190,4,25.68,72.73,1006.85,208.3,1,LOW
2026-09-14T13:39:15.873+08:00,RUN_20260914_120952,211,6726006,SESSION_004,0,0,8190,4,25.68,72.79,1006.85,208.3,1,LOW
2026-09-14T13:39:16.876+08:00,RUN_20260914_120952,212,6727009,SESSION_004,0,0,8190,4,25.67,72.73,1006.84,208.3,1,LOW
2026-09-14T13:39:17.879+08:00,RUN_20260914_120952,213,6728012,SESSION_004,1,0,8190,4,25.67,72.73,1006.84,208.3,1,LOW
2026-09-14T13:39:19.064+08:00,RUN_20260914_120952,214,6729197,SESSION_004,1,0,8191,2,25.67,72.76,1006.84,208.3,1,LOW
2026-09-14T13:39:20.069+08:00,RUN_20260914_120952,215,6730202,SESSION_004,0,0,8191,2,25.67,72.74,1006.84,208.3,1,LOW
2026-09-14T13:39:21.074+08:00,RUN_20260914_120952,216,6731207,SESSION_004,0,0,8191,2,25.67,72.71,1006.84,208.3,1,LOW
2026-09-14T13:39:22.079+08:00,RUN_20260914_120952,217,6732212,SESSION_004,1,0,8191,2,25.67,72.73,1006.84,208.3,1,LOW
2026-09-14T13:39:23.084+08:00,RUN_20260914_120952,218,6733217,SESSION_004,0,0,8191,2,25.67,72.72,1006.84,208.3,1,LOW
2026-09-14T13:39:24.089+08:00,RUN_20260914_120952,219,6734222,SESSION_004,0,0,8191,2,25.67,72.71,1006.84,208.3,1,LOW
2026-09-14T13:39:25.094+08:00,RUN_20260914_120952,220,6735227,SESSION_004,0,0,8191,2,25.67,72.75,1006.84,208.3,1,LOW
2026-09-14T13:39:25.917+08:00,RUN_20260914_120952,221,6736050,SESSION_004,1,0,8190,4,25.67,72.78,1006.84,208.3,1,LOW
2026-09-14T13:39:27.102+08:00,RUN_20260914_120952,222,6737235,SESSION_004,0,0,8191,2,25.67,72.75,1006.84,208.3,1,LOW
2026-09-14T13:39:28.107+08:00,RUN_20260914_120952,223,6738240,SESSION_004,0,0,8191,2,25.67,72.77,1006.84,208.3,1,LOW
2026-09-14T13:39:29.112+08:00,RUN_20260914_120952,224,6739245,SESSION_004,0,1,8191,2,25.67,72.68,1006.84,208.3,1,LOW
2026-09-14T13:39:30.117+08:00,RUN_20260914_120952,225,6740250,SESSION_004,0,0,8191,2,25.67,72.67,1006.84,208.3,1,LOW
2026-09-14T13:39:31.122+08:00,RUN_20260914_120952,226,6741255,SESSION_004,0,0,8191,2,25.67,72.67,1006.84,208.3,1,LOW
2026-09-14T13:39:32.127+08:00,RUN_20260914_120952,227,6742260,SESSION_004,0,0,8191,2,25.67,72.73,1006.84,208.3,1,LOW
2026-09-14T13:39:33.132+08:00,RUN_20260914_120952,228,6743265,SESSION_004,0,1,8191,2,25.67,72.74,1006.83,208.3,1,LOW
2026-09-14T13:39:33.955+08:00,RUN_20260914_120952,229,6744088,SESSION_004,0,0,8190,4,25.67,72.67,1006.83,208.3,1,LOW
2026-09-14T13:39:35.140+08:00,RUN_20260914_120952,230,6745273,SESSION_004,0,0,8191,2,25.67,72.69,1006.84,208.3,1,LOW
2026-09-14T13:39:35.963+08:00,RUN_20260914_120952,231,6746096,SESSION_004,0,1,8190,4,25.67,72.76,1006.84,208.3,1,LOW
2026-09-14T13:39:37.148+08:00,RUN_20260914_120952,232,6747281,SESSION_004,0,0,8191,2,25.67,72.73,1006.84,208.3,1,LOW
2026-09-14T13:39:38.153+08:00,RUN_20260914_120952,233,6748286,SESSION_004,0,0,8191,2,25.67,72.74,1006.83,208.3,1,LOW
2026-09-14T13:39:39.158+08:00,RUN_20260914_120952,234,6749291,SESSION_004,0,1,8191,2,25.67,72.83,1006.83,208.3,1,LOW
2026-09-14T13:39:39.981+08:00,RUN_20260914_120952,235,6750114,SESSION_004,0,0,8190,4,25.67,72.75,1006.83,208.3,1,LOW
2026-09-14T13:39:41.166+08:00,RUN_20260914_120952,236,6751299,SESSION_004,0,0,8191,2,25.67,72.72,1006.83,208.3,1,LOW
2026-09-14T13:39:41.989+08:00,RUN_20260914_120952,237,6752122,SESSION_004,0,0,8190,4,25.67,72.75,1006.83,208.3,1,LOW
2026-09-14T13:39:43.174+08:00,RUN_20260914_120952,238,6753307,SESSION_004,0,1,8191,2,25.68,72.71,1006.84,208.3,1,LOW
2026-09-14T13:39:44.179+08:00,RUN_20260914_120952,239,6754312,SESSION_004,0,0,8191,2,25.68,72.71,1006.84,208.3,1,LOW
2026-09-14T13:39:45.184+08:00,RUN_20260914_120952,240,6755317,SESSION_004,0,0,8191,2,25.68,72.66,1006.84,208.3,1,LOW
2026-09-14T13:39:46.189+08:00,RUN_20260914_120952,241,6756322,SESSION_004,0,1,8191,2,25.68,72.67,1006.84,208.3,1,LOW
2026-09-14T13:39:47.194+08:00,RUN_20260914_120952,242,6757327,SESSION_004,0,0,8191,2,25.68,72.73,1006.84,208.3,1,LOW
2026-09-14T13:39:48.199+08:00,RUN_20260914_120952,243,6758332,SESSION_004,0,0,8191,2,25.68,72.73,1006.84,208.3,1,LOW
2026-09-14T13:39:49.022+08:00,RUN_20260914_120952,244,6759155,SESSION_004,0,0,8190,4,25.68,72.72,1006.84,208.3,1,LOW
2026-09-14T13:39:50.025+08:00,RUN_20260914_120952,245,6760158,SESSION_004,0,1,8190,4,25.68,72.70,1006.84,208.3,1,LOW
2026-09-14T13:39:51.210+08:00,RUN_20260914_120952,246,6761343,SESSION_004,0,1,8191,2,25.68,72.62,1006.84,208.3,1,LOW
2026-09-14T13:39:52.033+08:00,RUN_20260914_120952,247,6762166,SESSION_004,0,0,8190,4,25.67,72.69,1006.83,208.3,1,LOW
2026-09-14T13:39:53.218+08:00,RUN_20260914_120952,248,6763351,SESSION_004,0,0,8191,2,25.67,72.63,1006.83,208.3,1,LOW
2026-09-14T13:39:54.041+08:00,RUN_20260914_120952,249,6764174,SESSION_004,0,0,8190,4,25.67,72.63,1006.83,208.3,1,LOW
2026-09-14T13:39:55.044+08:00,RUN_20260914_120952,250,6765177,SESSION_004,0,0,8190,4,25.67,72.64,1006.83,208.3,1,LOW
2026-09-14T13:39:56.047+08:00,RUN_20260914_120952,251,6766180,SESSION_004,0,0,8190,4,25.67,72.73,1006.83,208.3,1,LOW
2026-09-14T13:39:57.050+08:00,RUN_20260914_120952,252,6767183,SESSION_004,0,1,8190,4,25.67,72.71,1006.83,208.3,1,LOW
2026-09-14T13:39:58.053+08:00,RUN_20260914_120952,253,6768186,SESSION_004,0,0,8190,4,25.67,72.62,1006.83,208.3,1,LOW
2026-09-14T13:39:59.238+08:00,RUN_20260914_120952,254,6769371,SESSION_004,0,0,8191,2,25.67,72.62,1006.83,208.3,1,LOW
2026-09-14T13:40:00.243+08:00,RUN_20260914_120952,255,6770376,SESSION_004,0,0,8191,2,25.67,72.60,1006.83,208.3,1,LOW
2026-09-14T13:40:01.066+08:00,RUN_20260914_120952,256,6771199,SESSION_004,0,1,8190,4,25.67,72.62,1006.83,208.3,1,LOW
2026-09-14T13:40:02.251+08:00,RUN_20260914_120952,257,6772384,SESSION_004,0,0,8191,2,25.67,72.63,1006.84,208.3,1,LOW
2026-09-14T13:40:03.074+08:00,RUN_20260914_120952,258,6773207,SESSION_004,0,0,8190,4,25.67,72.69,1006.84,208.3,1,LOW
2026-09-14T13:40:04.259+08:00,RUN_20260914_120952,259,6774392,SESSION_004,0,0,8191,2,25.67,72.70,1006.84,208.3,1,LOW
2026-09-14T13:40:05.082+08:00,RUN_20260914_120952,260,6775215,SESSION_004,0,1,8190,4,25.67,72.66,1006.84,208.3,1,LOW
2026-09-14T13:40:06.085+08:00,RUN_20260914_120952,261,6776218,SESSION_004,0,1,8190,4,25.67,72.69,1006.84,208.3,1,LOW
2026-09-14T13:40:07.270+08:00,RUN_20260914_120952,262,6777403,SESSION_004,0,0,8191,2,25.67,72.63,1006.84,208.3,1,LOW
2026-09-14T13:40:08.093+08:00,RUN_20260914_120952,263,6778226,SESSION_004,0,0,8190,4,25.67,72.65,1006.84,208.3,1,LOW
2026-09-14T13:40:09.278+08:00,RUN_20260914_120952,264,6779411,SESSION_004,0,1,8191,2,25.67,72.63,1006.85,208.3,1,LOW
2026-09-14T13:40:10.283+08:00,RUN_20260914_120952,265,6780416,SESSION_004,0,0,8191,2,25.67,72.63,1006.85,208.3,1,LOW
2026-09-14T13:40:11.288+08:00,RUN_20260914_120952,266,6781421,SESSION_004,0,0,8191,2,25.67,72.63,1006.85,208.3,1,LOW
2026-09-14T13:40:12.111+08:00,RUN_20260914_120952,267,6782244,SESSION_004,0,1,8190,4,25.67,72.62,1006.85,208.3,1,LOW
2026-09-14T13:40:13.296+08:00,RUN_20260914_120952,268,6783429,SESSION_004,0,0,8191,2,25.67,72.60,1006.85,208.3,1,LOW
2026-09-14T13:40:14.119+08:00,RUN_20260914_120952,269,6784252,SESSION_004,0,0,8190,4,25.67,72.71,1006.85,208.3,1,LOW
2026-09-14T13:40:15.304+08:00,RUN_20260914_120952,270,6785437,SESSION_004,0,0,8191,2,25.67,72.62,1006.84,208.3,1,LOW
2026-09-14T13:40:16.309+08:00,RUN_20260914_120952,271,6786442,SESSION_004,0,0,8191,2,25.67,72.64,1006.84,207.5,1,LOW
2026-09-14T13:40:17.314+08:00,RUN_20260914_120952,272,6787447,SESSION_004,0,0,8191,2,25.67,72.67,1006.84,207.5,1,LOW
2026-09-14T13:40:18.319+08:00,RUN_20260914_120952,273,6788452,SESSION_004,0,1,8191,2,25.67,72.60,1006.84,207.5,1,LOW
2026-09-14T13:40:19.142+08:00,RUN_20260914_120952,274,6789275,SESSION_004,0,0,8190,4,25.67,72.64,1006.84,208.3,1,LOW
2026-09-14T13:40:20.327+08:00,RUN_20260914_120952,275,6790460,SESSION_004,1,0,8191,2,25.67,72.65,1006.84,207.5,1,LOW
2026-09-14T13:40:21.332+08:00,RUN_20260914_120952,276,6791465,SESSION_004,1,0,8191,2,25.67,72.67,1006.84,207.5,1,LOW
2026-09-14T13:40:22.155+08:00,RUN_20260914_120952,277,6792288,SESSION_004,0,0,8190,4,25.67,72.58,1006.84,208.3,1,LOW
2026-09-14T13:40:23.340+08:00,RUN_20260914_120952,278,6793473,SESSION_004,0,0,8191,2,25.67,72.59,1006.84,207.5,1,LOW
2026-09-14T13:40:24.345+08:00,RUN_20260914_120952,279,6794478,SESSION_004,0,0,8191,2,25.67,72.69,1006.84,208.3,1,LOW
2026-09-14T13:40:25.168+08:00,RUN_20260914_120952,280,6795301,SESSION_004,1,0,8190,4,25.67,72.59,1006.84,208.3,1,LOW
2026-09-14T13:40:26.353+08:00,RUN_20260914_120952,281,6796486,SESSION_004,1,0,8191,2,25.67,72.67,1006.84,208.3,1,LOW
2026-09-14T13:40:27.176+08:00,RUN_20260914_120952,282,6797309,SESSION_004,0,0,8190,4,25.67,72.67,1006.84,208.3,1,LOW
2026-09-14T13:40:28.179+08:00,RUN_20260914_120952,283,6798312,SESSION_004,1,0,8190,4,25.67,72.69,1006.84,208.3,1,LOW
2026-09-14T13:40:29.182+08:00,RUN_20260914_120952,284,6799315,SESSION_004,1,0,8190,4,25.68,72.64,1006.85,208.3,1,LOW
2026-09-14T13:40:30.367+08:00,RUN_20260914_120952,285,6800500,SESSION_004,0,0,8191,2,25.68,72.65,1006.85,207.5,1,LOW
2026-09-14T13:40:31.190+08:00,RUN_20260914_120952,286,6801323,SESSION_004,0,0,8190,4,25.68,72.75,1006.85,208.3,1,LOW
2026-09-14T13:40:32.193+08:00,RUN_20260914_120952,287,6802326,SESSION_004,0,0,8190,4,25.68,72.70,1006.85,208.3,1,LOW
2026-09-14T13:40:33.196+08:00,RUN_20260914_120952,288,6803329,SESSION_004,1,0,8190,4,25.68,72.63,1006.85,208.3,1,LOW
2026-09-14T13:40:34.381+08:00,RUN_20260914_120952,289,6804514,SESSION_004,1,0,8191,2,25.68,72.67,1006.85,208.3,1,LOW
2026-09-14T13:40:35.204+08:00,RUN_20260914_120952,290,6805337,SESSION_004,0,0,8190,4,25.68,72.68,1006.85,208.3,1,LOW
2026-09-14T13:40:36.389+08:00,RUN_20260914_120952,291,6806522,SESSION_004,0,0,8191,2,25.68,72.69,1006.85,207.5,1,LOW
2026-09-14T13:40:37.394+08:00,RUN_20260914_120952,292,6807527,SESSION_004,1,0,8191,2,25.68,72.64,1006.85,207.5,1,LOW
2026-09-14T13:40:38.399+08:00,RUN_20260914_120952,293,6808532,SESSION_004,1,0,8191,2,25.68,72.64,1006.85,207.5,1,LOW
2026-09-14T13:40:39.222+08:00,RUN_20260914_120952,294,6809355,SESSION_004,0,0,8190,4,25.68,72.65,1006.85,208.3,1,LOW
2026-09-14T13:40:40.407+08:00,RUN_20260914_120952,295,6810540,SESSION_004,0,0,8191,2,25.68,72.65,1006.85,207.5,1,LOW
2026-09-14T13:40:41.412+08:00,RUN_20260914_120952,296,6811545,SESSION_004,0,0,8191,2,25.68,72.70,1006.85,207.5,1,LOW
2026-09-14T13:40:42.417+08:00,RUN_20260914_120952,297,6812550,SESSION_004,1,0,8191,2,25.68,72.71,1006.85,207.5,1,LOW
2026-09-14T13:40:43.240+08:00,RUN_20260914_120952,298,6813373,SESSION_004,1,0,8190,4,25.68,72.71,1006.85,208.3,1,LOW
2026-09-14T13:40:44.425+08:00,RUN_20260914_120952,299,6814558,SESSION_004,0,0,8191,2,25.68,72.64,1006.85,207.5,1,LOW
2026-09-14T13:40:45.248+08:00,RUN_20260914_120952,300,6815381,SESSION_004,0,0,8190,4,25.68,72.72,1006.85,208.3,1,LOW
2026-09-14T13:40:46.251+08:00,RUN_20260914_120952,301,6816384,SESSION_004,0,0,8190,4,25.68,72.64,1006.85,207.5,1,LOW
2026-09-14T13:40:47.254+08:00,RUN_20260914_120952,302,6817387,SESSION_004,1,0,8190,4,25.68,72.67,1006.85,208.3,1,LOW
2026-09-14T13:40:48.439+08:00,RUN_20260914_120952,303,6818572,SESSION_004,0,0,8191,2,25.68,72.73,1006.85,207.5,1,LOW
2026-09-14T13:40:49.444+08:00,RUN_20260914_120952,304,6819577,SESSION_004,0,0,8191,2,25.68,72.75,1006.85,207.5,1,LOW
2026-09-14T13:40:50.449+08:00,RUN_20260914_120952,305,6820582,SESSION_004,0,0,8191,2,25.68,72.77,1006.86,207.5,1,LOW
2026-09-14T13:40:51.454+08:00,RUN_20260914_120952,306,6821587,SESSION_004,1,0,8191,2,25.68,72.70,1006.86,207.5,1,LOW
2026-09-14T13:40:52.277+08:00,RUN_20260914_120952,307,6822410,SESSION_004,1,0,8190,4,25.68,72.59,1006.86,208.3,1,LOW
2026-09-14T13:40:53.462+08:00,RUN_20260914_120952,308,6823595,SESSION_004,0,0,8191,2,25.68,72.60,1006.86,207.5,1,LOW
2026-09-14T13:40:54.285+08:00,RUN_20260914_120952,309,6824418,SESSION_004,0,0,8190,4,25.68,72.62,1006.86,208.3,1,LOW
2026-09-14T13:40:55.288+08:00,RUN_20260914_120952,310,6825421,SESSION_004,1,0,8190,4,25.68,72.70,1006.86,208.3,1,LOW
2026-09-14T13:40:56.291+08:00,RUN_20260914_120952,311,6826424,SESSION_004,1,0,8190,4,25.68,72.67,1006.86,208.3,1,LOW
2026-09-14T13:40:57.476+08:00,RUN_20260914_120952,312,6827609,SESSION_004,1,0,8191,2,25.68,72.59,1006.86,207.5,1,LOW
2026-09-14T13:40:58.481+08:00,RUN_20260914_120952,313,6828614,SESSION_004,0,0,8191,2,25.68,72.69,1006.87,207.5,1,LOW
2026-09-14T13:40:59.304+08:00,RUN_20260914_120952,314,6829437,SESSION_004,0,0,8190,4,25.67,72.69,1006.87,208.3,1,LOW
2026-09-14T13:41:00.489+08:00,RUN_20260914_120952,315,6830622,SESSION_004,1,0,8191,2,25.67,72.67,1006.87,207.5,1,LOW
2026-09-14T13:41:01.494+08:00,RUN_20260914_120952,316,6831627,SESSION_004,1,0,8191,2,25.67,72.58,1006.87,208.3,1,LOW
2026-09-14T13:41:02.499+08:00,RUN_20260914_120952,317,6832632,SESSION_004,0,0,8191,2,25.68,72.62,1006.87,208.3,1,LOW
2026-09-14T13:41:03.504+08:00,RUN_20260914_120952,318,6833637,SESSION_004,0,0,8191,2,25.68,72.63,1006.87,208.3,1,LOW
2026-09-14T13:41:04.509+08:00,RUN_20260914_120952,319,6834642,SESSION_004,0,0,8191,2,25.68,72.63,1006.87,208.3,1,LOW
2026-09-14T13:41:05.514+08:00,RUN_20260914_120952,320,6835647,SESSION_004,1,0,8191,2,25.68,72.65,1006.87,208.3,1,LOW
2026-09-14T13:41:06.519+08:00,RUN_20260914_120952,321,6836652,SESSION_004,1,0,26,0,25.68,72.60,1006.87,207.5,1,LOW
2026-09-14T13:41:07.524+08:00,RUN_20260914_120952,322,6837657,SESSION_004,0,0,22,0,25.68,72.84,1006.87,207.5,1,LOW
2026-09-14T13:41:08.529+08:00,RUN_20260914_120952,323,6838662,SESSION_004,0,0,21,0,25.68,72.76,1006.87,207.5,1,LOW
