window_id,recording_id,session_id,segment_id,window_start,window_end,occupant_count,ac_on,light_on,occupancy_label,class_id,pir_1_ratio,pir_2_ratio,pir_any_ratio,pir_both_ratio,pir_1_rising_edges,pir_2_rising_edges,tof_valid_ratio,tof_min_mm,tof_median_mm,tof_std_mm,temperature_mean,temperature_delta,humidity_mean,humidity_delta,pressure_mean,pressure_delta,light_mean,light_delta,light_std
S01_EMPTY_ACOFF_LIGHTOFF__RUN_20260913_121444__SESSION_001__SEG_01__W_00000,S01_EMPTY_ACOFF_LIGHTOFF,S01_EMPTY_ACOFF_LIGHTOFF__RUN_20260913_121444__SESSION_001,S01_EMPTY_ACOFF_LIGHTOFF__RUN_20260913_121444__SESSION_001__SEG_01,2026-09-13T04:17:02.460000Z,2026-09-13T04:17:31.765000Z,0,0,0,EMPTY,0,0.0,0.0,0.0,0.0,0.0,0.0,0.0,2000.0,2000.0,0.0,32.398666666666664,0.00999999999999801,64.28733333333334,-1.2399999999999949,1007.5580000000003,0.0,5.800000000000002,0.0,1.7763568394002505e-15
S01_EMPTY_ACOFF_LIGHTOFF__RUN_20260913_121444__SESSION_001__SEG_01__W_00005,S01_EMPTY_ACOFF_LIGHTOFF,S01_EMPTY_ACOFF_LIGHTOFF__RUN_20260913_121444__SESSION_001,S01_EMPTY_ACOFF_LIGHTOFF__RUN_20260913_121444__SESSION_001__SEG_01,2026-09-13T04:17:07.481000Z,2026-09-13T04:17:36.788000Z,0,0,0,EMPTY,0,0.0,0.0,0.0,0.0,0.0,0.0,0.0,2000.0,2000.0,0.0,32.39999999999999,0.0,64.17199999999998,-0.3999999999999915,1007.5580000000003,0.0,5.800000000000002,0.0,1.7763568394002505e-15
S01_EMPTY_ACOFF_LIGHTOFF__RUN_20260913_121444__SESSION_001__SEG_01__W_00010,S01_EMPTY_ACOFF_LIGHTOFF,S01_EMPTY_ACOFF_LIGHTOFF__RUN_20260913_121444__SESSION_001,S01_EMPTY_ACOFF_LIGHTOFF__RUN_20260913_121444__SESSION_001__SEG_01,2026-09-13T04:17:12.682000Z,2026-09-13T04:17:41.627000Z,0,0,0,EMPTY,0,0.0,0.0,0.0,0.0,0.0,0.0,0.0,2000.0,2000.0,0.0,32.39999999999999,0.0,64.10433333333333,-0.23999999999999488,1007.5590000000001,0.010000000000104592,5.800000000000002,0.0,1.7763568394002505e-15
S01_EMPTY_ACOFF_LIGHTOFF__RUN_20260913_121444__SESSION_001__SEG_01__W_00015,S01_EMPTY_ACOFF_LIGHTOFF,S01_EMPTY_ACOFF_LIGHTOFF__RUN_20260913_121444__SESSION_001,S01_EMPTY_ACOFF_LIGHTOFF__RUN_20260913_121444__SESSION_001__SEG_01,2026-09-13T04:17:17.699000Z,2026-09-13T04:17:46.826000Z,0,0,0,EMPTY,0,0.0,0.0,0.0,0.0,0.0,0.0,0.0,2000.0,2000.0,0.0,32.39999999999999,0.0,64.07733333333333,-0.20999999999999375,1007.5606666666666,0.020000000000095497,5.800000000000002,0.0,1.7763568394002505e-15
S01_EMPTY_ACOFF_LIGHTOFF__RUN_20260913_121444__SESSION_001__SEG_01__W_00020,S01_EMPTY_ACOFF_LIGHTOFF,S01_EMPTY_ACOFF_LIGHTOFF__RUN_20260913_121444__SESSION_001,S01_EMPTY_ACOFF_LIGHTOFF__RUN_20260913_121444__SESSION_001__SEG_01,2026-09-13T04:17:22.724000Z,2026-09-13T04:17:51.849000Z,0,0,0,EMPTY,0,0.0,0.0,0.0,0.0,0.0,0.0,0.0,2000.0,2000.0,0.0,32.40099999999999,0.00999999999999801,64.057,-0.01999999999999602,1007.564,0.020000000000095497,5.800000000000002,0.0,1.7763568394002505e-15
S01_EMPTY_ACOFF_LIGHTOFF__RUN_20260913_121444__SESSION_001__SEG_01__W_00025,S01_EMPTY_ACOFF_LIGHTOFF,S01_EMPTY_ACOFF_LIGHTOFF__RUN_20260913_121444__SESSION_001,S01_EMPTY_ACOFF_LIGHTOFF__RUN_20260913_121444__SESSION_001__SEG_01,2026-09-13T04:17:27.747000Z,2026-09-13T04:17:56.872000Z,0,0,0,EMPTY,0,0.0,0.0,0.0,0.0,0.0,0.0,0.0,2000.0,2000.0,0.0,32.402666666666654,0.00999999999999801,64.04266666666666,-0.09000000000000341,1007.5650000000002,0.0,5.800000000000002,0.0,1.7763568394002505e-15
S01_EMPTY_ACOFF_LIGHTOFF__RUN_20260913_121444__SESSION_001__SEG_01__W_00030,S01_EMPTY_ACOFF_LIGHTOFF,S01_EMPTY_ACOFF_LIGHTOFF__RUN_20260913_121444__SESSION_001,S01_EMPTY_ACOFF_LIGHTOFF__RUN_20260913_121444__SESSION_001__SEG_01,2026-09-13T04:17:32.770000Z,2026-09-13T04:18:01.895000Z,0,0,0,EMPTY,0,0.0,0.0,0.0,0.0,0.0,0.0,0.0,2000.0,2000.0,0.0,32.40433333333332,0.00999999999999801,64.02733333333333,-0.10999999999999943,1007.5650000000004,0.0,5.800000000000002,0.0,1.7763568394002505e-15
S01_EMPTY_ACOFF_LIGHTOFF__RUN_20260913_121444__SESSION_001__SEG_01__W_00035,S01_EMPTY_ACOFF_LIGHTOFF,S01_EMPTY_ACOFF_LIGHTOFF__RUN_20260913_121444__SESSION_001,S01_EMPTY_ACOFF_LIGHTOFF__RUN_20260913_121444__SESSION_001__SEG_01,2026-09-13T04:17:37.793000Z,2026-09-13T04:18:06.736000Z,0,0,0,EMPTY,0,0.0,0.0,0.0,0.0,0.0,0.0,0.0,2000.0,2000.0,0.0,32.40599999999999,0.00999999999999801,64.00033333333334,-0.21000000000000085,1007.5633333333333,-0.009999999999990905,5.800000000000002,0.0,1.7763568394002505e-15
S01_EMPTY_ACOFF_LIGHTOFF__RUN_20260913_121444__SESSION_001__SEG_01__W_00040,S01_EMPTY_ACOFF_LIGHTOFF,S01_EMPTY_ACOFF_LIGHTOFF__RUN_20260913_121444__SESSION_001,S01_EMPTY_ACOFF_LIGHTOFF__RUN_20260913_121444__SESSION_001__SEG_01,2026-09-13T04:17:42.630000Z,2026-09-13T04:18:11.939000Z,0,0,0,EMPTY,0,0.0,0.0,0.0,0.0,0.0,0.0,0.0,2000.0,2000.0,0.0,32.40766666666666,0.00999999999999801,63.98033333333334,-0.18999999999999773,1007.5606666666665,-0.020000000000095497,5.800000000000002,0.0,1.7763568394002505e-15
S01_EMPTY_ACOFF_LIGHTOFF__RUN_20260913_121444__SESSION_001__SEG_01__W_00045,S01_EMPTY_ACOFF_LIGHTOFF,S01_EMPTY_ACOFF_LIGHTOFF__RUN_20260913_121444__SESSION_001,S01_EMPTY_ACOFF_LIGHTOFF__RUN_20260913_121444__SESSION_001__SEG_01,2026-09-13T04:17:47.831000Z,2026-09-13T04:18:16.960000Z,0,0,0,EMPTY,0,0.0,0.0,0.0,0.0,0.0,0.0,0.0,2000.0,2000.0,0.0,32.40933333333332,0.00999999999999801,63.97166666666668,0.11000000000000654,1007.557,-0.030000000000086402,5.800000000000002,0.0,1.7763568394002505e-15
S01_EMPTY_ACOFF_LIGHTOFF__RUN_20260913_121444__SESSION_001__SEG_01__W_00050,S01_EMPTY_ACOFF_LIGHTOFF,S01_EMPTY_ACOFF_LIGHTOFF__RUN_20260913_121444__SESSION_001,S01_EMPTY_ACOFF_LIGHTOFF__RUN_20260913_121444__SESSION_001__SEG_01,2026-09-13T04:17:52.854000Z,2026-09-13T04:18:21.801000Z,0,0,0,EMPTY,0,0.0,0.0,0.0,0.0,0.0,0.0,0.0,2000.0,2000.0,0.0,32.40999999999999,0.0,63.96900000000001,0.0,1007.5520000000001,-0.030000000000086402,5.800000000000002,0.0,1.7763568394002505e-15
S01_EMPTY_ACOFF_LIGHTOFF__RUN_20260913_121444__SESSION_001__SEG_01__W_00055,S01_EMPTY_ACOFF_LIGHTOFF,S01_EMPTY_ACOFF_LIGHTOFF__RUN_20260913_121444__SESSION_001,S01_EMPTY_ACOFF_LIGHTOFF__RUN_20260913_121444__SESSION_001__SEG_01,2026-09-13T04:17:57.877000Z,2026-09-13T04:18:27.004000Z,0,0,0,EMPTY,0,0.0,0.0,0.0,0.0,0.0,0.0,0.0,2000.0,2000.0,0.0,32.411333333333324,0.010000000000005116,63.958000000000006,-0.10000000000000142,1007.5480000000001,-0.01999999999998181,5.800000000000002,0.0,1.7763568394002505e-15
S01_EMPTY_ACOFF_LIGHTOFF__RUN_20260913_121444__SESSION_001__SEG_01__W_00060,S01_EMPTY_ACOFF_LIGHTOFF,S01_EMPTY_ACOFF_LIGHTOFF__RUN_20260913_121444__SESSION_001,S01_EMPTY_ACOFF_LIGHTOFF__RUN_20260913_121444__SESSION_001__SEG_01,2026-09-13T04:18:02.900000Z,2026-09-13T04:18:32.025000Z,0,0,0,EMPTY,0,0.0,0.0,0.0,0.0,0.0,0.0,0.0,2000.0,2000.0,0.0,32.41299999999999,0.010000000000005116,63.945666666666675,-0.10999999999999943,1007.5450000000001,0.0,5.800000000000002,0.0,1.7763568394002505e-15
S01_EMPTY_ACOFF_LIGHTOFF__RUN_20260913_121444__SESSION_001__SEG_01__W_00065,S01_EMPTY_ACOFF_LIGHTOFF,S01_EMPTY_ACOFF_LIGHTOFF__RUN_20260913_121444__SESSION_001,S01_EMPTY_ACOFF_LIGHTOFF__RUN_20260913_121444__SESSION_001__SEG_01,2026-09-13T04:18:07.739000Z,2026-09-13T04:18:36.864000Z,0,0,0,EMPTY,0,0.0,0.0,0.0,0.0,0.0,0.0,0.0,2000.0,2000.0,0.0,32.414666666666655,0.010000000000005116,63.954,0.04999999999999716,1007.5433333333335,-0.009999999999990905,5.800000000000002,0.0,1.7763568394002505e-15
S01_EMPTY_ACOFF_LIGHTOFF__RUN_20260913_121444__SESSION_001__SEG_01__W_00070,S01_EMPTY_ACOFF_LIGHTOFF,S01_EMPTY_ACOFF_LIGHTOFF__RUN_20260913_121444__SESSION_001,S01_EMPTY_ACOFF_LIGHTOFF__RUN_20260913_121444__SESSION_001__SEG_01,2026-09-13T04:18:12.944000Z,2026-09-13T04:18:42.065000Z,0,0,0,EMPTY,0,0.0,0.0,0.0,0.0,0.0,0.0,0.0,2000.0,2000.0,0.0,32.41633333333333,0.010000000000005116,63.96100000000001,0.060000000000002274,1007.543,0.0,5.800000000000002,0.0,1.7763568394002505e-15
S01_EMPTY_ACOFF_LIGHTOFF__RUN_20260913_121444__SESSION_001__SEG_01__W_00075,S01_EMPTY_ACOFF_LIGHTOFF,S01_EMPTY_ACOFF_LIGHTOFF__RUN_20260913_121444__SESSION_001,S01_EMPTY_ACOFF_LIGHTOFF__RUN_20260913_121444__SESSION_001__SEG_01,2026-09-13T04:18:17.965000Z,2026-09-13T04:18:47.082000Z,0,0,0,EMPTY,0,0.0,0.0,0.0,0.0,0.0,0.0,0.0,2000.0,2000.0,0.0,32.41799999999999,0.010000000000005116,63.95666666666668,0.0,1007.5433333333332,0.009999999999990905,5.800000000000002,0.0,1.7763568394002505e-15
S01_EMPTY_ACOFF_LIGHTOFF__RUN_20260913_121444__SESSION_001__SEG_01__W_00080,S01_EMPTY_ACOFF_LIGHTOFF,S01_EMPTY_ACOFF_LIGHTOFF__RUN_20260913_121444__SESSION_001,S01_EMPTY_ACOFF_LIGHTOFF__RUN_20260913_121444__SESSION_001__SEG_01,2026-09-13T04:18:22.986000Z,2026-09-13T04:18:51.919000Z,0,0,0,EMPTY,0,0.0,0.0,0.0,0.0,0.0,0.0,0.0,2000.0,2000.0,0.0,32.41966666666666,0.010000000000005116,63.945333333333345,-0.07000000000000739,1007.546666666667,0.01999999999998181,5.800000000000002,0.0,1.7763568394002505e-15
S01_EMPTY_ACOFF_LIGHTOFF__RUN_20260913_121444__SESSION_001__SEG_01__W_00085,S01_EMPTY_ACOFF_LIGHTOFF,S01_EMPTY_ACOFF_LIGHTOFF__RUN_20260913_121444__SESSION_001,S01_EMPTY_ACOFF_LIGHTOFF__RUN_20260913_121444__SESSION_001__SEG_01,2026-09-13T04:18:28.009000Z,2026-09-13T04:18:57.120000Z,0,0,0,EMPTY,0,0.0,0.0,0.0,0.0,0.0,0.0,0.0,2000.0,2000.0,0.0,32.419999999999995,0.0,63.94666666666668,0.07000000000000028,1007.5500000000003,0.01999999999998181,5.800000000000002,0.0,1.7763568394002505e-15
S01_EMPTY_ACOFF_LIGHTOFF__RUN_20260913_121444__SESSION_001__SEG_01__W_00090,S01_EMPTY_ACOFF_LIGHTOFF,S01_EMPTY_ACOFF_LIGHTOFF__RUN_20260913_121444__SESSION_001,S01_EMPTY_ACOFF_LIGHTOFF__RUN_20260913_121444__SESSION_001__SEG_01,2026-09-13T04:18:32.848000Z,2026-09-13T04:19:01.961000Z,0,0,0,EMPTY,0,0.0,0.0,0.0,0.0,0.0,0.0,0.0,2000.0,2000.0,0.0,32.419999999999995,0.0,63.95833333333334,0.060000000000002274,1007.5533333333334,0.030000000000086402,5.800000000000002,0.0,1.7763568394002505e-15
S01_EMPTY_ACOFF_LIGHTOFF__RUN_20260913_121444__SESSION_001__SEG_01__W_00095,S01_EMPTY_ACOFF_LIGHTOFF,S01_EMPTY_ACOFF_LIGHTOFF__RUN_20260913_121444__SESSION_001,S01_EMPTY_ACOFF_LIGHTOFF__RUN_20260913_121444__SESSION_001__SEG_01,2026-09-13T04:18:38.049000Z,2026-09-13T04:19:07.162000Z,0,0,0,EMPTY,0,0.0,0.0,0.0,0.0,0.0,0.0,0.0,2000.0,2000.0,0.0,32.419999999999995,0.0,63.95933333333334,0.060000000000002274,1007.5593333333335,0.04000000000007731,5.800000000000002,0.0,1.7763568394002505e-15
S01_EMPTY_ACOFF_LIGHTOFF__RUN_20260913_121444__SESSION_001__SEG_01__W_00100,S01_EMPTY_ACOFF_LIGHTOFF,S01_EMPTY_ACOFF_LIGHTOFF__RUN_20260913_121444__SESSION_001,S01_EMPTY_ACOFF_LIGHTOFF__RUN_20260913_121444__SESSION_001__SEG_01,2026-09-13T04:18:42.888000Z,2026-09-13T04:19:12.183000Z,0,0,0,EMPTY,0,0.0,0.0,0.0,0.0,0.0,0.0,0.0,2000.0,2000.0,0.0,32.419999999999995,0.0,63.96100000000001,0.05999999999999517,1007.5676666666666,0.06000000000005912,5.800000000000002,0.0,1.7763568394002505e-15
S01_EMPTY_ACOFF_LIGHTOFF__RUN_20260913_121444__SESSION_001__SEG_01__W_00105,S01_EMPTY_ACOFF_LIGHTOFF,S01_EMPTY_ACOFF_LIGHTOFF__RUN_20260913_121444__SESSION_001,S01_EMPTY_ACOFF_LIGHTOFF__RUN_20260913_121444__SESSION_001__SEG_01,2026-09-13T04:18:47.905000Z,2026-09-13T04:19:17.206000Z,0,0,0,EMPTY,0,0.0,0.0,0.0,0.0,0.0,0.0,0.0,2000.0,2000.0,0.0,32.419999999999995,0.0,63.95933333333335,0.05000000000000426,1007.5759999999998,0.030000000000086402,5.800000000000002,0.0,1.7763568394002505e-15
S01_EMPTY_ACOFF_LIGHTOFF__RUN_20260913_121444__SESSION_001__SEG_01__W_00110,S01_EMPTY_ACOFF_LIGHTOFF,S01_EMPTY_ACOFF_LIGHTOFF__RUN_20260913_121444__SESSION_001,S01_EMPTY_ACOFF_LIGHTOFF__RUN_20260913_121444__SESSION_001__SEG_01,2026-09-13T04:18:52.922000Z,2026-09-13T04:19:22.223000Z,0,0,0,EMPTY,0,0.0,0.0,0.0,0.0,0.0,0.0,0.0,2000.0,2000.0,0.0,32.419999999999995,0.0,63.96933333333334,0.0799999999999983,1007.5806666666667,0.020000000000095497,5.800000000000002,0.0,1.7763568394002505e-15
S01_EMPTY_ACOFF_LIGHTOFF__RUN_20260913_121444__SESSION_001__SEG_01__W_00115,S01_EMPTY_ACOFF_LIGHTOFF,S01_EMPTY_ACOFF_LIGHTOFF__RUN_20260913_121444__SESSION_001,S01_EMPTY_ACOFF_LIGHTOFF__RUN_20260913_121444__SESSION_001__SEG_01,2026-09-13T04:18:58.125000Z,2026-09-13T04:19:27.062000Z,0,0,0,EMPTY,0,0.0,0.0,0.0,0.0,0.0,0.0,0.0,2000.0,2000.0,0.0,32.419999999999995,0.0,63.97266666666667,0.09999999999999432,1007.5833333333336,0.010000000000104592,5.800000000000002,0.0,1.7763568394002505e-15
S01_EMPTY_ACOFF_LIGHTOFF__RUN_20260913_121444__SESSION_001__SEG_01__W_00120,S01_EMPTY_ACOFF_LIGHTOFF,S01_EMPTY_ACOFF_LIGHTOFF__RUN_20260913_121444__SESSION_001,S01_EMPTY_ACOFF_LIGHTOFF__RUN_20260913_121444__SESSION_001__SEG_01,2026-09-13T04:19:03.146000Z,2026-09-13T04:19:32.265000Z,0,0,0,EMPTY,0,0.0,0.0,0.0,0.0,0.0,0.0,0.0,2000.0,2000.0,0.0,32.419999999999995,0.0,63.97233333333333,0.05000000000000426,1007.5836666666669,-0.010000000000104592,5.800000000000002,0.0,1.7763568394002505e-15
S01_EMPTY_ACOFF_LIGHTOFF__RUN_20260913_121444__SESSION_001__SEG_01__W_00125,S01_EMPTY_ACOFF_LIGHTOFF,S01_EMPTY_ACOFF_LIGHTOFF__RUN_20260913_121444__SESSION_001,S01_EMPTY_ACOFF_LIGHTOFF__RUN_20260913_121444__SESSION_001__SEG_01,2026-09-13T04:19:07.985000Z,2026-09-13T04:19:37.104000Z,0,0,0,EMPTY,0,0.0,0.0,0.0,0.0,0.0,0.0,0.0,2000.0,2000.0,0.0,32.419999999999995,0.0,63.97233333333334,0.03999999999999915,1007.5830000000001,-0.009999999999990905,5.800000000000002,0.0,1.7763568394002505e-15
S01_EMPTY_ACOFF_LIGHTOFF__RUN_20260913_121444__SESSION_001__SEG_01__W_00130,S01_EMPTY_ACOFF_LIGHTOFF,S01_EMPTY_ACOFF_LIGHTOFF__RUN_20260913_121444__SESSION_001,S01_EMPTY_ACOFF_LIGHTOFF__RUN_20260913_121444__SESSION_001__SEG_01,2026-09-13T04:19:13.188000Z,2026-09-13T04:19:42.309000Z,0,0,0,EMPTY,0,0.0,0.0,0.0,0.0,0.0,0.0,0.0,2000.0,2000.0,0.0,32.419999999999995,0.0,63.97166666666668,0.0800000000000054,1007.5800000000003,-0.029999999999972715,5.800000000000002,0.0,1.7763568394002505e-15
S01_EMPTY_ACOFF_LIGHTOFF__RUN_20260913_121444__SESSION_001__SEG_01__W_00135,S01_EMPTY_ACOFF_LIGHTOFF,S01_EMPTY_ACOFF_LIGHTOFF__RUN_20260913_121444__SESSION_001,S01_EMPTY_ACOFF_LIGHTOFF__RUN_20260913_121444__SESSION_001__SEG_01,2026-09-13T04:19:18.029000Z,2026-09-13T04:19:47.330000Z,0,0,0,EMPTY,0,0.0,0.0,0.0,0.0,0.0,0.0,0.0,2000.0,2000.0,0.0,32.419999999999995,0.0,63.980333333333334,0.07000000000000739,1007.5756666666668,-0.01999999999998181,5.800000000000002,0.0,1.7763568394002505e-15
S01_EMPTY_ACOFF_LIGHTOFF__RUN_20260913_121444__SESSION_001__SEG_01__W_00140,S01_EMPTY_ACOFF_LIGHTOFF,S01_EMPTY_ACOFF_LIGHTOFF__RUN_20260913_121444__SESSION_001,S01_EMPTY_ACOFF_LIGHTOFF__RUN_20260913_121444__SESSION_001__SEG_01,2026-09-13T04:19:23.228000Z,2026-09-13T04:19:52.355000Z,0,0,0,EMPTY,0,0.0,0.0,0.0,0.0,0.0,0.0,0.0,2000.0,2000.0,0.0,32.419999999999995,0.0,63.97166666666668,-0.07000000000000028,1007.5713333333335,-0.020000000000095497,5.800000000000002,0.0,1.7763568394002505e-15
S01_EMPTY_ACOFF_LIGHTOFF__RUN_20260913_121444__SESSION_001__SEG_01__W_00145,S01_EMPTY_ACOFF_LIGHTOFF,S01_EMPTY_ACOFF_LIGHTOFF__RUN_20260913_121444__SESSION_001,S01_EMPTY_ACOFF_LIGHTOFF__RUN_20260913_121444__SESSION_001__SEG_01,2026-09-13T04:19:28.247000Z,2026-09-13T04:19:57.376000Z,0,0,0,EMPTY,0,0.0,0.0,0.0,0.0,0.0,0.0,0.0,2000.0,2000.0,0.0,32.419999999999995,0.0,63.96366666666668,-0.0899999999999963,1007.5676666666667,-0.020000000000095497,5.800000000000002,0.0,1.7763568394002505e-15
S01_EMPTY_ACOFF_LIGHTOFF__RUN_20260913_121444__SESSION_001__SEG_01__W_00150,S01_EMPTY_ACOFF_LIGHTOFF,S01_EMPTY_ACOFF_LIGHTOFF__RUN_20260913_121444__SESSION_001,S01_EMPTY_ACOFF_LIGHTOFF__RUN_20260913_121444__SESSION_001__SEG_01,2026-09-13T04:19:33.270000Z,2026-09-13T04:20:02.219000Z,0,0,0,EMPTY,0,0.0,0.0,0.0,0.0,0.0,0.0,0.0,2000.0,2000.0,0.0,32.419999999999995,0.0,63.942,-0.030000000000001137,1007.5643333333334,-0.030000000000086402,5.800000000000002,0.0,1.7763568394002505e-15
S01_EMPTY_ACOFF_LIGHTOFF__RUN_20260913_121444__SESSION_001__SEG_01__W_00155,S01_EMPTY_ACOFF_LIGHTOFF,S01_EMPTY_ACOFF_LIGHTOFF__RUN_20260913_121444__SESSION_001,S01_EMPTY_ACOFF_LIGHTOFF__RUN_20260913_121444__SESSION_001__SEG_01,2026-09-13T04:19:38.289000Z,2026-09-13T04:20:07.420000Z,0,0,0,EMPTY,0,0.0,0.0,0.0,0.0,0.0,0.0,0.0,2000.0,2000.0,0.0,32.419999999999995,0.0,63.93566666666668,0.0,1007.5590000000001,-0.04000000000007731,5.800000000000002,0.0,1.7763568394002505e-15
S01_EMPTY_ACOFF_LIGHTOFF__RUN_20260913_121444__SESSION_001__SEG_01__W_00160,S01_EMPTY_ACOFF_LIGHTOFF,S01_EMPTY_ACOFF_LIGHTOFF__RUN_20260913_121444__SESSION_001,S01_EMPTY_ACOFF_LIGHTOFF__RUN_20260913_121444__SESSION_001__SEG_01,2026-09-13T04:19:43.314000Z,2026-09-13T04:20:12.441000Z,0,0,0,EMPTY,0,0.0,0.0,0.0,0.0,0.0,0.0,0.0,2000.0,2000.0,0.0,32.419999999999995,0.0,63.93466666666667,0.01999999999999602,1007.5523333333334,-0.04000000000007731,5.830000000000001,0.0,0.1615549442140352
S01_EMPTY_ACOFF_LIGHTOFF__RUN_20260913_121444__SESSION_001__SEG_01__W_00165,S01_EMPTY_ACOFF_LIGHTOFF,S01_EMPTY_ACOFF_LIGHTOFF__RUN_20260913_121444__SESSION_001,S01_EMPTY_ACOFF_LIGHTOFF__RUN_20260913_121444__SESSION_001__SEG_01,2026-09-13T04:19:48.335000Z,2026-09-13T04:20:17.282000Z,0,0,0,EMPTY,0,0.0,0.0,0.0,0.0,0.0,0.0,0.0,2000.0,2000.0,0.0,32.419999999999995,0.0,63.930666666666674,-0.010000000000005116,1007.5483333333331,-0.020000000000095497,5.830000000000002,0.0,0.16155494421403518
S01_EMPTY_ACOFF_LIGHTOFF__RUN_20260913_121444__SESSION_001__SEG_01__W_00170,S01_EMPTY_ACOFF_LIGHTOFF,S01_EMPTY_ACOFF_LIGHTOFF__RUN_20260913_121444__SESSION_001,S01_EMPTY_ACOFF_LIGHTOFF__RUN_20260913_121444__SESSION_001__SEG_01,2026-09-13T04:19:53.360000Z,2026-09-13T04:20:22.303000Z,0,0,0,EMPTY,0,0.0,0.0,0.0,0.0,0.0,0.0,0.0,2000.0,2000.0,0.0,32.419999999999995,0.0,63.933333333333344,0.02999999999999403,1007.5446666666668,-0.01999999999998181,5.830000000000002,0.0,0.16155494421403518
S01_EMPTY_ACOFF_LIGHTOFF__RUN_20260913_121444__SESSION_001__SEG_01__W_00175,S01_EMPTY_ACOFF_LIGHTOFF,S01_EMPTY_ACOFF_LIGHTOFF__RUN_20260913_121444__SESSION_001,S01_EMPTY_ACOFF_LIGHTOFF__RUN_20260913_121444__SESSION_001__SEG_01,2026-09-13T04:19:58.381000Z,2026-09-13T04:20:27.324000Z,0,0,0,EMPTY,0,0.0,0.0,0.0,0.0,0.0,0.0,0.0,2000.0,2000.0,0.0,32.419999999999995,0.0,63.936666666666675,0.12000000000000455,1007.5436666666666,0.0,5.830000000000002,0.0,0.16155494421403518
S01_EMPTY_ACOFF_LIGHTOFF__RUN_20260913_121444__SESSION_001__SEG_01__W_00180,S01_EMPTY_ACOFF_LIGHTOFF,S01_EMPTY_ACOFF_LIGHTOFF__RUN_20260913_121444__SESSION_001,S01_EMPTY_ACOFF_LIGHTOFF__RUN_20260913_121444__SESSION_001__SEG_01,2026-09-13T04:20:03.404000Z,2026-09-13T04:20:32.527000Z,0,0,0,EMPTY,0,0.0,0.0,0.0,0.0,0.0,0.0,0.0,2000.0,2000.0,0.0,32.419999999999995,0.0,63.945333333333345,-0.04999999999999716,1007.5446666666666,0.009999999999990905,5.860000000000001,0.0,0.22449944320643658
S01_EMPTY_ACOFF_LIGHTOFF__RUN_20260913_121444__SESSION_001__SEG_01__W_00185,S01_EMPTY_ACOFF_LIGHTOFF,S01_EMPTY_ACOFF_LIGHTOFF__RUN_20260913_121444__SESSION_001,S01_EMPTY_ACOFF_LIGHTOFF__RUN_20260913_121444__SESSION_001__SEG_01,2026-09-13T04:20:08.425000Z,2026-09-13T04:20:37.368000Z,0,0,0,EMPTY,0,0.0,0.0,0.0,0.0,0.0,0.0,0.0,2000.0,2000.0,0.0,32.419999999999995,0.0,63.94000000000002,-0.0799999999999983,1007.5463333333332,0.009999999999990905,5.860000000000002,0.0,0.22449944320643656
S01_EMPTY_ACOFF_LIGHTOFF__RUN_20260913_121444__SESSION_001__SEG_01__W_00190,S01_EMPTY_ACOFF_LIGHTOFF,S01_EMPTY_ACOFF_LIGHTOFF__RUN_20260913_121444__SESSION_001,S01_EMPTY_ACOFF_LIGHTOFF__RUN_20260913_121444__SESSION_001__SEG_01,2026-09-13T04:20:13.446000Z,2026-09-13T04:20:42.569000Z,0,0,0,EMPTY,0,0.0,0.0,0.0,0.0,0.0,0.0,0.0,2000.0,2000.0,0.0,32.419999999999995,0.0,63.935000000000024,-0.10999999999999943,1007.5473333333333,-0.009999999999990905,5.830000000000002,0.0,0.16155494421403518
S01_EMPTY_ACOFF_LIGHTOFF__RUN_20260913_121444__SESSION_001__SEG_01__W_00195,S01_EMPTY_ACOFF_LIGHTOFF,S01_EMPTY_ACOFF_LIGHTOFF__RUN_20260913_121444__SESSION_001,S01_EMPTY_ACOFF_LIGHTOFF__RUN_20260913_121444__SESSION_001__SEG_01,2026-09-13T04:20:18.467000Z,2026-09-13T04:20:47.410000Z,0,0,0,EMPTY,0,0.0,0.0,0.0,0.0,0.0,0.0,0.0,2000.0,2000.0,0.0,32.419999999999995,0.0,63.92933333333335,-0.020000000000003126,1007.5456666666668,0.0,5.830000000000002,0.0,0.16155494421403518
S01_EMPTY_ACOFF_LIGHTOFF__RUN_20260913_121444__SESSION_001__SEG_01__W_00200,S01_EMPTY_ACOFF_LIGHTOFF,S01_EMPTY_ACOFF_LIGHTOFF__RUN_20260913_121444__SESSION_001,S01_EMPTY_ACOFF_LIGHTOFF__RUN_20260913_121444__SESSION_001__SEG_01,2026-09-13T04:20:23.488000Z,2026-09-13T04:20:52.431000Z,0,0,0,EMPTY,0,0.0,0.0,0.0,0.0,0.0,0.0,0.0,2000.0,2000.0,0.0,32.420333333333325,0.00999999999999801,63.93266666666668,0.09999999999999432,1007.5456666666668,0.0,5.830000000000002,0.0,0.16155494421403518
S01_EMPTY_ACOFF_LIGHTOFF__RUN_20260913_121444__SESSION_001__SEG_01__W_00205,S01_EMPTY_ACOFF_LIGHTOFF,S01_EMPTY_ACOFF_LIGHTOFF__RUN_20260913_121444__SESSION_001,S01_EMPTY_ACOFF_LIGHTOFF__RUN_20260913_121444__SESSION_001__SEG_01,2026-09-13T04:20:28.509000Z,2026-09-13T04:20:57.450000Z,0,0,0,EMPTY,0,0.0,0.0,0.0,0.0,0.0,0.0,0.0,2000.0,2000.0,0.0,32.420333333333325,0.0,63.940333333333335,-0.09000000000000341,1007.5426666666665,-0.01999999999998181,5.860000000000001,0.0,0.22449944320643658
S01_EMPTY_ACOFF_LIGHTOFF__RUN_20260913_121444__SESSION_001__SEG_01__W_00210,S01_EMPTY_ACOFF_LIGHTOFF,S01_EMPTY_ACOFF_LIGHTOFF__RUN_20260913_121444__SESSION_001,S01_EMPTY_ACOFF_LIGHTOFF__RUN_20260913_121444__SESSION_001__SEG_01,2026-09-13T04:20:33.532000Z,2026-09-13T04:21:02.651000Z,0,0,0,EMPTY,0,0.0,0.0,0.0,0.0,0.0,0.0,0.0,2000.0,2000.0,0.0,32.42166666666666,0.00999999999999801,63.95366666666666,0.1699999999999946,1007.5396666666664,-0.01999999999998181,5.890000000000001,0.0,0.27000000000000013
S01_EMPTY_ACOFF_LIGHTOFF__RUN_20260913_121444__SESSION_001__SEG_01__W_00215,S01_EMPTY_ACOFF_LIGHTOFF,S01_EMPTY_ACOFF_LIGHTOFF__RUN_20260913_121444__SESSION_001,S01_EMPTY_ACOFF_LIGHTOFF__RUN_20260913_121444__SESSION_001__SEG_01,2026-09-13T04:20:38.553000Z,2026-09-13T04:21:07.670000Z,0,0,0,EMPTY,0,0.0,0.0,0.0,0.0,0.0,0.0,0.0,2000.0,2000.0,0.0,32.423333333333325,0.00999999999999801,63.965,0.0,1007.536333333333,-0.01999999999998181,5.890000000000002,0.0,0.2700000000000002
S01_EMPTY_ACOFF_LIGHTOFF__RUN_20260913_121444__SESSION_001__SEG_01__W_00220,S01_EMPTY_ACOFF_LIGHTOFF,S01_EMPTY_ACOFF_LIGHTOFF__RUN_20260913_121444__SESSION_001,S01_EMPTY_ACOFF_LIGHTOFF__RUN_20260913_121444__SESSION_001__SEG_01,2026-09-13T04:20:43.574000Z,2026-09-13T04:21:12.693000Z,0,0,0,EMPTY,0,0.0,0.0,0.0,0.0,0.0,0.0,0.0,2000.0,2000.0,0.0,32.42499999999999,0.00999999999999801,63.973333333333336,0.060000000000002274,1007.5336666666665,-0.009999999999990905,5.890000000000002,0.0,0.2700000000000002
S01_EMPTY_ACOFF_LIGHTOFF__RUN_20260913_121444__SESSION_001__SEG_01__W_00225,S01_EMPTY_ACOFF_LIGHTOFF,S01_EMPTY_ACOFF_LIGHTOFF__RUN_20260913_121444__SESSION_001,S01_EMPTY_ACOFF_LIGHTOFF__RUN_20260913_121444__SESSION_001__SEG_01,2026-09-13T04:20:48.595000Z,2026-09-13T04:21:17.718000Z,0,0,0,EMPTY,0,0.0,0.0,0.0,0.0,0.0,0.0,0.0,2000.0,2000.0,0.0,32.426666666666655,0.00999999999999801,63.97933333333334,0.0,1007.5319999999997,-0.009999999999990905,5.890000000000002,0.0,0.2700000000000002
S01_EMPTY_ACOFF_LIGHTOFF__RUN_20260913_121444__SESSION_001__SEG_01__W_00230,S01_EMPTY_ACOFF_LIGHTOFF,S01_EMPTY_ACOFF_LIGHTOFF__RUN_20260913_121444__SESSION_001,S01_EMPTY_ACOFF_LIGHTOFF__RUN_20260913_121444__SESSION_001__SEG_01,2026-09-13T04:20:53.616000Z,2026-09-13T04:21:22.559000Z,0,0,0,EMPTY,0,0.0,0.0,0.0,0.0,0.0,0.0,0.0,2000.0,2000.0,0.0,32.42799999999999,0.00999999999999801,63.97666666666668,-0.09999999999999432,1007.5303333333333,0.0,5.890000000000002,0.0,0.2700000000000002
S01_EMPTY_ACOFF_LIGHTOFF__RUN_20260913_121444__SESSION_001__SEG_01__W_00235,S01_EMPTY_ACOFF_LIGHTOFF,S01_EMPTY_ACOFF_LIGHTOFF__RUN_20260913_121444__SESSION_001,S01_EMPTY_ACOFF_LIGHTOFF__RUN_20260913_121444__SESSION_001__SEG_01,2026-09-13T04:20:58.453000Z,2026-09-13T04:21:27.764000Z,0,0,0,EMPTY,0,0.0,0.0,0.0,0.0,0.0,0.0,0.0,2000.0,2000.0,0.0,32.429666666666655,0.00999999999999801,63.97133333333334,0.05999999999999517,1007.5296666666667,-0.009999999999990905,5.860000000000002,-0.9000000000000004,0.22449944320643656
S01_EMPTY_ACOFF_LIGHTOFF__RUN_20260913_121444__SESSION_001__SEG_01__W_00240,S01_EMPTY_ACOFF_LIGHTOFF,S01_EMPTY_ACOFF_LIGHTOFF__RUN_20260913_121444__SESSION_001,S01_EMPTY_ACOFF_LIGHTOFF__RUN_20260913_121444__SESSION_001__SEG_01,2026-09-13T04:21:03.474000Z,2026-09-13T04:21:32.601000Z,0,0,0,EMPTY,0,0.0,0.0,0.0,0.0,0.0,0.0,0.0,2000.0,2000.0,0.0,32.429999999999986,0.0,63.95533333333335,-0.04999999999999716,1007.528,0.0,5.830000000000001,0.0,0.16155494421403518
S01_EMPTY_ACOFF_LIGHTOFF__RUN_20260913_121444__SESSION_001__SEG_01__W_00245,S01_EMPTY_ACOFF_LIGHTOFF,S01_EMPTY_ACOFF_LIGHTOFF__RUN_20260913_121444__SESSION_001,S01_EMPTY_ACOFF_LIGHTOFF__RUN_20260913_121444__SESSION_001__SEG_01,2026-09-13T04:21:08.493000Z,2026-09-13T04:21:37.800000Z,0,0,0,EMPTY,0,0.0,0.0,0.0,0.0,0.0,0.0,0.0,2000.0,2000.0,0.0,32.429999999999986,0.0,63.94366666666668,-0.00999999999999801,1007.5263333333334,-0.009999999999990905,5.860000000000001,0.0,0.22449944320643658
S01_EMPTY_ACOFF_LIGHTOFF__RUN_20260913_121444__SESSION_001__SEG_01__W_00250,S01_EMPTY_ACOFF_LIGHTOFF,S01_EMPTY_ACOFF_LIGHTOFF__RUN_20260913_121444__SESSION_001,S01_EMPTY_ACOFF_LIGHTOFF__RUN_20260913_121444__SESSION_001__SEG_01,2026-09-13T04:21:13.698000Z,2026-09-13T04:21:42.823000Z,0,0,0,EMPTY,0,0.0,0.0,0.0,0.0,0.0,0.0,0.0,2000.0,2000.0,0.0,32.429999999999986,0.0,63.94233333333334,-0.020000000000003126,1007.5239999999999,-0.01999999999998181,5.860000000000002,0.0,0.22449944320643656
S01_EMPTY_ACOFF_LIGHTOFF__RUN_20260913_121444__SESSION_001__SEG_01__W_00255,S01_EMPTY_ACOFF_LIGHTOFF,S01_EMPTY_ACOFF_LIGHTOFF__RUN_20260913_121444__SESSION_001,S01_EMPTY_ACOFF_LIGHTOFF__RUN_20260913_121444__SESSION_001__SEG_01,2026-09-13T04:21:18.723000Z,2026-09-13T04:21:47.662000Z,0,0,0,EMPTY,0,0.0,0.0,0.0,0.0,0.0,0.0,0.0,2000.0,2000.0,0.0,32.429999999999986,0.0,63.93800000000001,0.0,1007.5206666666662,-0.01999999999998181,5.860000000000002,0.0,0.22449944320643656
S01_EMPTY_ACOFF_LIGHTOFF__RUN_20260913_121444__SESSION_001__SEG_01__W_00260,S01_EMPTY_ACOFF_LIGHTOFF,S01_EMPTY_ACOFF_LIGHTOFF__RUN_20260913_121444__SESSION_001,S01_EMPTY_ACOFF_LIGHTOFF__RUN_20260913_121444__SESSION_001__SEG_01,2026-09-13T04:21:23.744000Z,2026-09-13T04:21:52.863000Z,0,0,0,EMPTY,0,0.0,0.0,0.0,0.0,0.0,0.0,0.0,2000.0,2000.0,0.0,32.429999999999986,0.0,63.94000000000001,0.09000000000000341,1007.5156666666666,-0.029999999999972715,5.920000000000001,0.0,0.3059411708155672
S01_EMPTY_ACOFF_LIGHTOFF__RUN_20260913_121444__SESSION_001__SEG_01__W_00265,S01_EMPTY_ACOFF_LIGHTOFF,S01_EMPTY_ACOFF_LIGHTOFF__RUN_20260913_121444__SESSION_001,S01_EMPTY_ACOFF_LIGHTOFF__RUN_20260913_121444__SESSION_001__SEG_01,2026-09-13T04:21:28.587000Z,2026-09-13T04:21:57.880000Z,0,0,0,EMPTY,0,0.0,0.0,0.0,0.0,0.0,0.0,0.0,2000.0,2000.0,0.0,32.429999999999986,0.0,63.946666666666665,0.10000000000000853,1007.5106666666668,-0.029999999999972715,5.980000000000001,0.0,0.36000000000000015
S01_EMPTY_ACOFF_LIGHTOFF__RUN_20260913_121444__SESSION_001__SEG_01__W_00270,S01_EMPTY_ACOFF_LIGHTOFF,S01_EMPTY_ACOFF_LIGHTOFF__RUN_20260913_121444__SESSION_001,S01_EMPTY_ACOFF_LIGHTOFF__RUN_20260913_121444__SESSION_001__SEG_01,2026-09-13T04:21:33.604000Z,2026-09-13T04:22:02.905000Z,0,0,0,EMPTY,0,0.0,0.0,0.0,0.0,0.0,0.0,0.0,2000.0,2000.0,0.0,32.429999999999986,0.0,63.96533333333333,0.09999999999999432,1007.5053333333336,-0.029999999999972715,5.950000000000002,0.0,0.3354101966249686
S01_EMPTY_ACOFF_LIGHTOFF__RUN_20260913_121444__SESSION_001__SEG_01__W_00275,S01_EMPTY_ACOFF_LIGHTOFF,S01_EMPTY_ACOFF_LIGHTOFF__RUN_20260913_121444__SESSION_001,S01_EMPTY_ACOFF_LIGHTOFF__RUN_20260913_121444__SESSION_001__SEG_01,2026-09-13T04:21:38.805000Z,2026-09-13T04:22:07.926000Z,0,0,0,EMPTY,0,0.0,0.0,0.0,0.0,0.0,0.0,0.0,2000.0,2000.0,0.0,32.429999999999986,0.0,63.983333333333334,0.10999999999999943,1007.5003333333336,-0.029999999999972715,5.950000000000002,0.0,0.3354101966249686
S01_EMPTY_ACOFF_LIGHTOFF__RUN_20260913_121444__SESSION_001__SEG_01__W_00280,S01_EMPTY_ACOFF_LIGHTOFF,S01_EMPTY_ACOFF_LIGHTOFF__RUN_20260913_121444__SESSION_001,S01_EMPTY_ACOFF_LIGHTOFF__RUN_20260913_121444__SESSION_001__SEG_01,2026-09-13T04:21:43.646000Z,2026-09-13T04:22:12.765000Z,0,0,0,EMPTY,0,0.0,0.0,0.0,0.0,0.0,0.0,0.0,2000.0,2000.0,0.0,32.429999999999986,0.0,63.97900000000001,-0.00999999999999801,1007.4973333333334,-0.009999999999990905,5.950000000000002,0.0,0.3354101966249686
S01_EMPTY_ACOFF_LIGHTOFF__RUN_20260913_121444__SESSION_001__SEG_01__W_00285,S01_EMPTY_ACOFF_LIGHTOFF,S01_EMPTY_ACOFF_LIGHTOFF__RUN_20260913_121444__SESSION_001,S01_EMPTY_ACOFF_LIGHTOFF__RUN_20260913_121444__SESSION_001__SEG_01,2026-09-13T04:21:48.665000Z,2026-09-13T04:22:17.962000Z,0,0,0,EMPTY,0,0.0,0.0,0.0,0.0,0.0,0.0,0.0,2000.0,2000.0,0.0,32.429999999999986,0.0,63.989333333333335,0.07000000000000028,1007.4956666666666,0.0,5.980000000000001,-0.9000000000000004,0.36000000000000015
S01_EMPTY_ACOFF_LIGHTOFF__RUN_20260913_121444__SESSION_001__SEG_01__W_00290,S01_EMPTY_ACOFF_LIGHTOFF,S01_EMPTY_ACOFF_LIGHTOFF__RUN_20260913_121444__SESSION_001,S01_EMPTY_ACOFF_LIGHTOFF__RUN_20260913_121444__SESSION_001__SEG_01,2026-09-13T04:21:53.686000Z,2026-09-13T04:22:22.983000Z,0,0,0,EMPTY,0,0.0,0.0,0.0,0.0,0.0,0.0,0.0,2000.0,2000.0,0.0,32.429999999999986,0.0,64.00633333333333,0.060000000000002274,1007.497333333333,0.009999999999990905,5.950000000000002,0.0,0.3354101966249686
S01_EMPTY_ACOFF_LIGHTOFF__RUN_20260913_121444__SESSION_001__SEG_01__W_00295,S01_EMPTY_ACOFF_LIGHTOFF,S01_EMPTY_ACOFF_LIGHTOFF__RUN_20260913_121444__SESSION_001,S01_EMPTY_ACOFF_LIGHTOFF__RUN_20260913_121444__SESSION_001__SEG_01,2026-09-13T04:21:58.885000Z,2026-09-13T04:22:27.824000Z,0,0,0,EMPTY,0,0.0,0.0,0.0,0.0,0.0,0.0,0.0,2000.0,2000.0,0.0,32.429999999999986,0.0,64.01299999999999,0.0800000000000054,1007.5016666666666,0.03999999999996362,5.8900000000000015,0.0,0.2700000000000001
S01_EMPTY_ACOFF_LIGHTOFF__RUN_20260913_121444__SESSION_001__SEG_01__W_00300,S01_EMPTY_ACOFF_LIGHTOFF,S01_EMPTY_ACOFF_LIGHTOFF__RUN_20260913_121444__SESSION_001,S01_EMPTY_ACOFF_LIGHTOFF__RUN_20260913_121444__SESSION_001__SEG_01,2026-09-13T04:22:03.728000Z,2026-09-13T04:22:33.025000Z,0,0,0,EMPTY,0,0.0,0.0,0.0,0.0,0.0,0.0,0.0,2000.0,2000.0,0.0,32.429999999999986,0.0,64.00366666666666,-0.07999999999999119,1007.5083333333331,0.03999999999996362,5.8900000000000015,0.0,0.2700000000000001
S01_EMPTY_ACOFF_LIGHTOFF__RUN_20260913_121444__SESSION_001__SEG_01__W_00305,S01_EMPTY_ACOFF_LIGHTOFF,S01_EMPTY_ACOFF_LIGHTOFF__RUN_20260913_121444__SESSION_001,S01_EMPTY_ACOFF_LIGHTOFF__RUN_20260913_121444__SESSION_001__SEG_01,2026-09-13T04:22:08.749000Z,2026-09-13T04:22:38.046000Z,0,0,0,EMPTY,0,0.0,0.0,0.0,0.0,0.0,0.0,0.0,2000.0,2000.0,0.0,32.429999999999986,0.0,64.001,0.12000000000000455,1007.5156666666666,0.049999999999954525,5.860000000000002,0.0,0.22449944320643656
S01_EMPTY_ACOFF_LIGHTOFF__RUN_20260913_121444__SESSION_001__SEG_01__W_00310,S01_EMPTY_ACOFF_LIGHTOFF,S01_EMPTY_ACOFF_LIGHTOFF__RUN_20260913_121444__SESSION_001,S01_EMPTY_ACOFF_LIGHTOFF__RUN_20260913_121444__SESSION_001__SEG_01,2026-09-13T04:22:13.768000Z,2026-09-13T04:22:42.885000Z,0,0,0,EMPTY,0,0.0,0.0,0.0,0.0,0.0,0.0,0.0,2000.0,2000.0,0.0,32.429999999999986,0.0,64.00866666666667,-0.0800000000000054,1007.522666666667,0.03999999999996362,5.860000000000002,0.0,0.22449944320643656
S01_EMPTY_ACOFF_LIGHTOFF__RUN_20260913_121444__SESSION_001__SEG_01__W_00315,S01_EMPTY_ACOFF_LIGHTOFF,S01_EMPTY_ACOFF_LIGHTOFF__RUN_20260913_121444__SESSION_001,S01_EMPTY_ACOFF_LIGHTOFF__RUN_20260913_121444__SESSION_001__SEG_01,2026-09-13T04:22:18.967000Z,2026-09-13T04:22:47.902000Z,0,0,0,EMPTY,0,0.0,0.0,0.0,0.0,0.0,0.0,0.0,2000.0,2000.0,0.0,32.429999999999986,0.0,64.00166666666668,-0.0799999999999983,1007.5300000000001,0.03999999999996362,5.92,0.9000000000000004,0.30594117081556726
S01_EMPTY_ACOFF_LIGHTOFF__RUN_20260913_121444__SESSION_001__SEG_01__W_00320,S01_EMPTY_ACOFF_LIGHTOFF,S01_EMPTY_ACOFF_LIGHTOFF__RUN_20260913_121444__SESSION_001,S01_EMPTY_ACOFF_LIGHTOFF__RUN_20260913_121444__SESSION_001__SEG_01,2026-09-13T04:22:23.988000Z,2026-09-13T04:22:52.923000Z,0,0,0,EMPTY,0,0.0,0.0,0.0,0.0,0.0,0.0,0.0,2000.0,2000.0,0.0,32.429999999999986,0.0,63.992,-0.060000000000002274,1007.5343333333333,0.01999999999998181,5.920000000000001,0.9000000000000004,0.3059411708155672
S01_EMPTY_ACOFF_LIGHTOFF__RUN_20260913_121444__SESSION_001__SEG_01__W_00325,S01_EMPTY_ACOFF_LIGHTOFF,S01_EMPTY_ACOFF_LIGHTOFF__RUN_20260913_121444__SESSION_001,S01_EMPTY_ACOFF_LIGHTOFF__RUN_20260913_121444__SESSION_001__SEG_01,2026-09-13T04:22:28.827000Z,2026-09-13T04:22:57.946000Z,0,0,0,EMPTY,0,0.0,0.0,0.0,0.0,0.0,0.0,0.0,2000.0,2000.0,0.0,32.429999999999986,0.0,63.983666666666664,0.04999999999999716,1007.5346666666666,-0.009999999999990905,5.950000000000001,0.9000000000000004,0.33541019662496857
S01_EMPTY_ACOFF_LIGHTOFF__RUN_20260913_121444__SESSION_001__SEG_01__W_00330,S01_EMPTY_ACOFF_LIGHTOFF,S01_EMPTY_ACOFF_LIGHTOFF__RUN_20260913_121444__SESSION_001,S01_EMPTY_ACOFF_LIGHTOFF__RUN_20260913_121444__SESSION_001__SEG_01,2026-09-13T04:22:33.848000Z,2026-09-13T04:23:03.145000Z,0,0,0,EMPTY,0,0.0,0.0,0.0,0.0,0.0,0.0,0.0,2000.0,2000.0,0.0,32.429999999999986,0.0,63.97966666666667,-0.07000000000000028,1007.5326666666665,-0.009999999999990905,5.950000000000002,0.0,0.3354101966249686
S01_EMPTY_ACOFF_LIGHTOFF__RUN_20260913_121444__SESSION_001__SEG_01__W_00335,S01_EMPTY_ACOFF_LIGHTOFF,S01_EMPTY_ACOFF_LIGHTOFF__RUN_20260913_121444__SESSION_001,S01_EMPTY_ACOFF_LIGHTOFF__RUN_20260913_121444__SESSION_001__SEG_01,2026-09-13T04:22:38.869000Z,2026-09-13T04:23:07.986000Z,0,0,0,EMPTY,0,0.0,0.0,0.0,0.0,0.0,0.0,0.0,2000.0,2000.0,0.0,32.429999999999986,0.0,63.97633333333333,-0.03999999999999915,1007.5296666666667,-0.029999999999972715,6.010000000000001,0.9000000000000004,0.38065732621348575
S01_EMPTY_ACOFF_LIGHTOFF__RUN_20260913_121444__SESSION_001__SEG_01__W_00340,S01_EMPTY_ACOFF_LIGHTOFF,S01_EMPTY_ACOFF_LIGHTOFF__RUN_20260913_121444__SESSION_001,S01_EMPTY_ACOFF_LIGHTOFF__RUN_20260913_121444__SESSION_001__SEG_01,2026-09-13T04:22:43.888000Z,2026-09-13T04:23:13.191000Z,0,0,0,EMPTY,0,0.0,0.0,0.0,0.0,0.0,0.0,0.0,2000.0,2000.0,0.0,32.429999999999986,0.0,63.97866666666666,0.09000000000000341,1007.5246666666663,-0.029999999999972715,6.010000000000002,0.0,0.38065732621348586
S01_EMPTY_ACOFF_LIGHTOFF__RUN_20260913_121444__SESSION_001__SEG_01__W_00345,S01_EMPTY_ACOFF_LIGHTOFF,S01_EMPTY_ACOFF_LIGHTOFF__RUN_20260913_121444__SESSION_001,S01_EMPTY_ACOFF_LIGHTOFF__RUN_20260913_121444__SESSION_001__SEG_01,2026-09-13T04:22:48.905000Z,2026-09-13T04:23:18.212000Z,0,0,0,EMPTY,0,0.0,0.0,0.0,0.0,0.0,0.0,0.0,2000.0,2000.0,0.0,32.429999999999986,0.0,63.97500000000001,0.02999999999999403,1007.5206666666666,-0.009999999999990905,5.950000000000002,0.0,0.3354101966249686
S01_EMPTY_ACOFF_LIGHTOFF__RUN_20260913_121444__SESSION_001__SEG_01__W_00350,S01_EMPTY_ACOFF_LIGHTOFF,S01_EMPTY_ACOFF_LIGHTOFF__RUN_20260913_121444__SESSION_001,S01_EMPTY_ACOFF_LIGHTOFF__RUN_20260913_121444__SESSION_001__SEG_01,2026-09-13T04:22:54.108000Z,2026-09-13T04:23:23.231000Z,0,0,0,EMPTY,0,0.0,0.0,0.0,0.0,0.0,0.0,0.0,2000.0,2000.0,0.0,32.429999999999986,0.0,63.968,0.04999999999999716,1007.519,-0.009999999999990905,5.980000000000001,0.0,0.36000000000000015
S01_EMPTY_ACOFF_LIGHTOFF__RUN_20260913_121444__SESSION_001__SEG_01__W_00355,S01_EMPTY_ACOFF_LIGHTOFF,S01_EMPTY_ACOFF_LIGHTOFF__RUN_20260913_121444__SESSION_001,S01_EMPTY_ACOFF_LIGHTOFF__RUN_20260913_121444__SESSION_001__SEG_01,2026-09-13T04:22:58.949000Z,2026-09-13T04:23:28.072000Z,0,0,0,EMPTY,0,0.0,0.0,0.0,0.0,0.0,0.0,0.0,2000.0,2000.0,0.0,32.429999999999986,0.0,63.95533333333333,-0.0899999999999963,1007.5199999999999,0.009999999999990905,5.980000000000002,0.9000000000000004,0.36000000000000015
S01_EMPTY_ACOFF_LIGHTOFF__RUN_20260913_121444__SESSION_001__SEG_01__W_00360,S01_EMPTY_ACOFF_LIGHTOFF,S01_EMPTY_ACOFF_LIGHTOFF__RUN_20260913_121444__SESSION_001,S01_EMPTY_ACOFF_LIGHTOFF__RUN_20260913_121444__SESSION_001__SEG_01,2026-09-13T04:23:04.150000Z,2026-09-13T04:23:33.273000Z,0,0,0,EMPTY,0,0.0,0.0,0.0,0.0,0.0,0.0,0.0,2000.0,2000.0,0.0,32.429999999999986,0.0,63.94633333333332,-0.0799999999999983,1007.5219999999997,0.009999999999990905,6.010000000000002,0.0,0.3806573262134858
S01_EMPTY_ACOFF_LIGHTOFF__RUN_20260913_121444__SESSION_001__SEG_01__W_00365,S01_EMPTY_ACOFF_LIGHTOFF,S01_EMPTY_ACOFF_LIGHTOFF__RUN_20260913_121444__SESSION_001,S01_EMPTY_ACOFF_LIGHTOFF__RUN_20260913_121444__SESSION_001__SEG_01,2026-09-13T04:23:09.171000Z,2026-09-13T04:23:38.292000Z,0,0,0,EMPTY,0,0.0,0.0,0.0,0.0,0.0,0.0,0.0,2000.0,2000.0,0.0,32.429999999999986,0.0,63.93466666666667,-0.12000000000000455,1007.524333333333,0.01999999999998181,5.980000000000001,0.0,0.3600000000000001
S01_EMPTY_ACOFF_LIGHTOFF__RUN_20260913_121444__SESSION_001__SEG_01__W_00370,S01_EMPTY_ACOFF_LIGHTOFF,S01_EMPTY_ACOFF_LIGHTOFF__RUN_20260913_121444__SESSION_001,S01_EMPTY_ACOFF_LIGHTOFF__RUN_20260913_121444__SESSION_001__SEG_01,2026-09-13T04:23:14.196000Z,2026-09-13T04:23:43.129000Z,0,0,0,EMPTY,0,0.0,0.0,0.0,0.0,0.0,0.0,0.0,2000.0,2000.0,0.0,32.429999999999986,0.0,63.92433333333335,-0.03999999999999915,1007.5276666666665,0.01999999999998181,6.040000000000001,0.9000000000000004,0.39799497484264806
S01_EMPTY_ACOFF_LIGHTOFF__RUN_20260913_121444__SESSION_001__SEG_01__W_00375,S01_EMPTY_ACOFF_LIGHTOFF,S01_EMPTY_ACOFF_LIGHTOFF__RUN_20260913_121444__SESSION_001,S01_EMPTY_ACOFF_LIGHTOFF__RUN_20260913_121444__SESSION_001__SEG_01,2026-09-13T04:23:19.035000Z,2026-09-13T04:23:48.334000Z,0,0,0,EMPTY,0,0.0,0.0,0.0,0.0,0.0,0.0,0.0,2000.0,2000.0,0.0,32.429999999999986,0.0,63.91833333333334,-0.03999999999999915,1007.5283333333333,-0.009999999999990905,6.0100000000000025,-0.9000000000000004,0.3806573262134858
S01_EMPTY_ACOFF_LIGHTOFF__RUN_20260913_121444__SESSION_001__SEG_01__W_00380,S01_EMPTY_ACOFF_LIGHTOFF,S01_EMPTY_ACOFF_LIGHTOFF__RUN_20260913_121444__SESSION_001,S01_EMPTY_ACOFF_LIGHTOFF__RUN_20260913_121444__SESSION_001__SEG_01,2026-09-13T04:23:24.236000Z,2026-09-13T04:23:53.359000Z,0,0,0,EMPTY,0,0.0,0.0,0.0,0.0,0.0,0.0,0.0,2000.0,2000.0,0.0,32.429999999999986,0.0,63.91666666666667,0.04000000000000625,1007.5256666666664,-0.01999999999998181,5.950000000000002,0.0,0.3354101966249686
S01_EMPTY_ACOFF_LIGHTOFF__RUN_20260913_121444__SESSION_001__SEG_01__W_00385,S01_EMPTY_ACOFF_LIGHTOFF,S01_EMPTY_ACOFF_LIGHTOFF__RUN_20260913_121444__SESSION_001,S01_EMPTY_ACOFF_LIGHTOFF__RUN_20260913_121444__SESSION_001__SEG_01,2026-09-13T04:23:29.257000Z,2026-09-13T04:23:58.202000Z,0,0,0,EMPTY,0,0.0,0.0,0.0,0.0,0.0,0.0,0.0,2000.0,2000.0,0.0,32.429999999999986,0.0,63.92233333333334,0.060000000000002274,1007.5219999999997,-0.029999999999972715,5.950000000000002,0.9000000000000004,0.3354101966249686
S01_EMPTY_ACOFF_LIGHTOFF__RUN_20260913_121444__SESSION_001__SEG_01__W_00390,S01_EMPTY_ACOFF_LIGHTOFF,S01_EMPTY_ACOFF_LIGHTOFF__RUN_20260913_121444__SESSION_001,S01_EMPTY_ACOFF_LIGHTOFF__RUN_20260913_121444__SESSION_001__SEG_01,2026-09-13T04:23:34.096000Z,2026-09-13T04:24:03.219000Z,0,0,0,EMPTY,0,0.0,0.0,0.0,0.0,0.0,0.0,0.0,2000.0,2000.0,0.0,32.429999999999986,0.0,63.939,0.07000000000000028,1007.5166666666667,-0.03999999999996362,5.9799999999999995,0.0,0.3600000000000002
S02_EMPTY_ACOFF_LIGHTON__RUN_20260913_121444__SESSION_002__SEG_01__W_00000,S02_EMPTY_ACOFF_LIGHTON,S02_EMPTY_ACOFF_LIGHTON__RUN_20260913_121444__SESSION_002,S02_EMPTY_ACOFF_LIGHTON__RUN_20260913_121444__SESSION_002__SEG_01,2026-09-13T04:33:31.425000Z,2026-09-13T04:34:00.534000Z,0,0,1,EMPTY,0,0.0,0.0,0.0,0.0,0.0,0.0,0.0,2000.0,2000.0,0.0,32.56900000000001,0.00999999999999801,64.24233333333335,-3.5,1007.3536666666664,0.0,45.0,0.0,0.0
S02_EMPTY_ACOFF_LIGHTON__RUN_20260913_121444__SESSION_002__SEG_01__W_00005,S02_EMPTY_ACOFF_LIGHTON,S02_EMPTY_ACOFF_LIGHTON__RUN_20260913_121444__SESSION_002,S02_EMPTY_ACOFF_LIGHTON__RUN_20260913_121444__SESSION_002__SEG_01,2026-09-13T04:33:36.446000Z,2026-09-13T04:34:05.731000Z,0,0,1,EMPTY,0,0.0,0.0,0.0,0.0,0.0,0.0,0.0,2000.0,2000.0,0.0,32.569,-0.00999999999999801,63.827000000000005,-1.1500000000000057,1007.3529999999996,-0.009999999999990905,45.0,0.0,0.0
S02_EMPTY_ACOFF_LIGHTON__RUN_20260913_121444__SESSION_002__SEG_01__W_00010,S02_EMPTY_ACOFF_LIGHTON,S02_EMPTY_ACOFF_LIGHTON__RUN_20260913_121444__SESSION_002,S02_EMPTY_ACOFF_LIGHTON__RUN_20260913_121444__SESSION_002__SEG_01,2026-09-13T04:33:41.461000Z,2026-09-13T04:34:10.568000Z,0,0,1,EMPTY,0,0.0,0.0,0.0,0.0,0.0,0.0,0.0,2000.0,2000.0,0.0,32.56733333333332,-0.00999999999999801,63.587,-1.4699999999999989,1007.3513333333332,-0.009999999999990905,45.0,0.0,0.0
S02_EMPTY_ACOFF_LIGHTON__RUN_20260913_121444__SESSION_002__SEG_01__W_00015,S02_EMPTY_ACOFF_LIGHTON,S02_EMPTY_ACOFF_LIGHTON__RUN_20260913_121444__SESSION_002,S02_EMPTY_ACOFF_LIGHTON__RUN_20260913_121444__SESSION_002__SEG_01,2026-09-13T04:33:46.478000Z,2026-09-13T04:34:15.585000Z,0,0,1,EMPTY,0,0.0,0.0,0.0,0.0,0.0,0.0,0.0,2000.0,2000.0,0.0,32.56566666666666,-0.00999999999999801,63.395999999999994,-0.7800000000000011,1007.3489999999999,-0.009999999999990905,44.973333333333336,0.0,0.14360439485691961
S02_EMPTY_ACOFF_LIGHTON__RUN_20260913_121444__SESSION_002__SEG_01__W_00020,S02_EMPTY_ACOFF_LIGHTON,S02_EMPTY_ACOFF_LIGHTON__RUN_20260913_121444__SESSION_002,S02_EMPTY_ACOFF_LIGHTON__RUN_20260913_121444__SESSION_002__SEG_01,2026-09-13T04:33:51.681000Z,2026-09-13T04:34:20.786000Z,0,0,1,EMPTY,0,0.0,0.0,0.0,0.0,0.0,0.0,0.0,2000.0,2000.0,0.0,32.563999999999986,-0.00999999999999801,63.27966666666665,-0.509999999999998,1007.3460000000002,-0.01999999999998181,44.89333333333334,-0.7999999999999972,0.2719477073916142
S02_EMPTY_ACOFF_LIGHTON__RUN_20260913_121444__SESSION_002__SEG_01__W_00025,S02_EMPTY_ACOFF_LIGHTON,S02_EMPTY_ACOFF_LIGHTON__RUN_20260913_121444__SESSION_002,S02_EMPTY_ACOFF_LIGHTON__RUN_20260913_121444__SESSION_002__SEG_01,2026-09-13T04:33:56.520000Z,2026-09-13T04:34:25.803000Z,0,0,1,EMPTY,0,0.0,0.0,0.0,0.0,0.0,0.0,0.0,2000.0,2000.0,0.0,32.56233333333332,-0.00999999999999801,63.17466666666667,-0.5399999999999991,1007.3426666666671,-0.01999999999998181,44.84,-0.7999999999999972,0.3199999999999989
S02_EMPTY_ACOFF_LIGHTON__RUN_20260913_121444__SESSION_002__SEG_01__W_00030,S02_EMPTY_ACOFF_LIGHTON,S02_EMPTY_ACOFF_LIGHTON__RUN_20260913_121444__SESSION_002,S02_EMPTY_ACOFF_LIGHTON__RUN_20260913_121444__SESSION_002__SEG_01,2026-09-13T04:34:01.537000Z,2026-09-13T04:34:30.822000Z,0,0,1,EMPTY,0,0.0,0.0,0.0,0.0,0.0,0.0,0.0,2000.0,2000.0,0.0,32.55999999999999,-0.020000000000003126,63.08766666666666,-0.5300000000000011,1007.3373333333334,-0.04000000000007731,44.78666666666667,-0.7999999999999972,0.35377331097124143
S02_EMPTY_ACOFF_LIGHTON__RUN_20260913_121444__SESSION_002__SEG_01__W_00035,S02_EMPTY_ACOFF_LIGHTON,S02_EMPTY_ACOFF_LIGHTON__RUN_20260913_121444__SESSION_002,S02_EMPTY_ACOFF_LIGHTON__RUN_20260913_121444__SESSION_002__SEG_01,2026-09-13T04:34:06.554000Z,2026-09-13T04:34:35.659000Z,0,0,1,EMPTY,0,0.0,0.0,0.0,0.0,0.0,0.0,0.0,2000.0,2000.0,0.0,32.55766666666666,-0.010000000000005116,63.01499999999998,-0.4200000000000017,1007.3306666666668,-0.04000000000007731,44.70666666666668,-0.7999999999999972,0.3855155278613576
S02_EMPTY_ACOFF_LIGHTON__RUN_20260913_121444__SESSION_002__SEG_01__W_00040,S02_EMPTY_ACOFF_LIGHTON,S02_EMPTY_ACOFF_LIGHTON__RUN_20260913_121444__SESSION_002,S02_EMPTY_ACOFF_LIGHTON__RUN_20260913_121444__SESSION_002__SEG_01,2026-09-13T04:34:11.571000Z,2026-09-13T04:34:40.860000Z,0,0,1,EMPTY,0,0.0,0.0,0.0,0.0,0.0,0.0,0.0,2000.0,2000.0,0.0,32.556,-0.010000000000005116,62.972,-0.19999999999999574,1007.3223333333333,-0.05000000000006821,44.573333333333345,-0.7999999999999972,0.39911012125588563
S02_EMPTY_ACOFF_LIGHTON__RUN_20260913_121444__SESSION_002__SEG_01__W_00045,S02_EMPTY_ACOFF_LIGHTON,S02_EMPTY_ACOFF_LIGHTON__RUN_20260913_121444__SESSION_002,S02_EMPTY_ACOFF_LIGHTON__RUN_20260913_121444__SESSION_002__SEG_01,2026-09-13T04:34:16.588000Z,2026-09-13T04:34:45.695000Z,0,0,1,EMPTY,0,0.0,0.0,0.0,0.0,0.0,0.0,0.0,2000.0,2000.0,0.0,32.554333333333325,-0.010000000000005116,62.93766666666668,-0.11999999999999744,1007.3133333333335,-0.05000000000006821,44.46666666666668,-0.7999999999999972,0.377123616632824
S02_EMPTY_ACOFF_LIGHTON__RUN_20260913_121444__SESSION_002__SEG_01__W_00050,S02_EMPTY_ACOFF_LIGHTON,S02_EMPTY_ACOFF_LIGHTON__RUN_20260913_121444__SESSION_002,S02_EMPTY_ACOFF_LIGHTON__RUN_20260913_121444__SESSION_002__SEG_01,2026-09-13T04:34:21.609000Z,2026-09-13T04:34:50.712000Z,0,0,1,EMPTY,0,0.0,0.0,0.0,0.0,0.0,0.0,0.0,2000.0,2000.0,0.0,32.55266666666666,-0.010000000000005116,62.916666666666664,0.00999999999999801,1007.306,-0.05000000000006821,44.41333333333334,-0.7999999999999972,0.3537733109712414
S02_EMPTY_ACOFF_LIGHTON__RUN_20260913_121444__SESSION_002__SEG_01__W_00055,S02_EMPTY_ACOFF_LIGHTON,S02_EMPTY_ACOFF_LIGHTON__RUN_20260913_121444__SESSION_002,S02_EMPTY_ACOFF_LIGHTON__RUN_20260913_121444__SESSION_002__SEG_01,2026-09-13T04:34:26.808000Z,2026-09-13T04:34:55.911000Z,0,0,1,EMPTY,0,0.0,0.0,0.0,0.0,0.0,0.0,0.0,2000.0,2000.0,0.0,32.550999999999995,-0.010000000000005116,62.92166666666667,0.14999999999999858,1007.2976666666665,-0.04000000000007731,44.33333333333334,0.0,0.2981423969999709
S02_EMPTY_ACOFF_LIGHTON__RUN_20260913_121444__SESSION_002__SEG_01__W_00060,S02_EMPTY_ACOFF_LIGHTON,S02_EMPTY_ACOFF_LIGHTON__RUN_20260913_121444__SESSION_002,S02_EMPTY_ACOFF_LIGHTON__RUN_20260913_121444__SESSION_002__SEG_01,2026-09-13T04:34:31.645000Z,2026-09-13T04:35:00.746000Z,0,0,1,EMPTY,0,0.0,0.0,0.0,0.0,0.0,0.0,0.0,2000.0,2000.0,0.0,32.54999999999999,0.0,62.93,0.0,1007.291333333333,-0.029999999999972715,44.253333333333345,-0.7999999999999972,0.19955506062794282
S02_EMPTY_ACOFF_LIGHTON__RUN_20260913_121444__SESSION_002__SEG_01__W_00065,S02_EMPTY_ACOFF_LIGHTON,S02_EMPTY_ACOFF_LIGHTON__RUN_20260913_121444__SESSION_002,S02_EMPTY_ACOFF_LIGHTON__RUN_20260913_121444__SESSION_002__SEG_01,2026-09-13T04:34:36.662000Z,2026-09-13T04:35:05.763000Z,0,0,1,EMPTY,0,0.0,0.0,0.0,0.0,0.0,0.0,0.0,2000.0,2000.0,0.0,32.54999999999999,0.0,62.93633333333334,-0.07000000000000028,1007.2863333333331,-0.01999999999998181,44.20000000000002,0.0,1.4210854715202004e-14
S02_EMPTY_ACOFF_LIGHTON__RUN_20260913_121444__SESSION_002__SEG_01__W_00070,S02_EMPTY_ACOFF_LIGHTON,S02_EMPTY_ACOFF_LIGHTON__RUN_20260913_121444__SESSION_002,S02_EMPTY_ACOFF_LIGHTON__RUN_20260913_121444__SESSION_002__SEG_01,2026-09-13T04:34:41.683000Z,2026-09-13T04:35:10.775000Z,0,0,1,EMPTY,0,0.0,0.0,0.0,0.0,0.0,0.0,0.0,2000.0,2000.0,0.0,32.54999999999999,0.0,62.92733333333334,0.0,1007.2833333333331,0.0,44.20000000000002,0.0,1.4210854715202004e-14
S02_EMPTY_ACOFF_LIGHTON__RUN_20260913_121444__SESSION_002__SEG_01__W_00075,S02_EMPTY_ACOFF_LIGHTON,S02_EMPTY_ACOFF_LIGHTON__RUN_20260913_121444__SESSION_002,S02_EMPTY_ACOFF_LIGHTON__RUN_20260913_121444__SESSION_002__SEG_01,2026-09-13T04:34:46.698000Z,2026-09-13T04:35:15.795000Z,0,0,1,EMPTY,0,0.0,0.0,0.0,0.0,0.0,0.0,0.0,2000.0,2000.0,0.0,32.54999999999999,0.0,62.92666666666669,-0.02999999999999403,1007.2833333333335,0.0,44.20000000000002,0.0,1.4210854715202004e-14
S02_EMPTY_ACOFF_LIGHTON__RUN_20260913_121444__SESSION_002__SEG_01__W_00080,S02_EMPTY_ACOFF_LIGHTON,S02_EMPTY_ACOFF_LIGHTON__RUN_20260913_121444__SESSION_002,S02_EMPTY_ACOFF_LIGHTON__RUN_20260913_121444__SESSION_002__SEG_01,2026-09-13T04:34:51.715000Z,2026-09-13T04:35:20.993000Z,0,0,1,EMPTY,0,0.0,0.0,0.0,0.0,0.0,0.0,0.0,2000.0,2000.0,0.0,32.54999999999999,0.0,62.92433333333335,-0.0800000000000054,1007.2833333333334,0.0,44.20000000000002,0.0,1.4210854715202004e-14
S02_EMPTY_ACOFF_LIGHTON__RUN_20260913_121444__SESSION_002__SEG_01__W_00085,S02_EMPTY_ACOFF_LIGHTON,S02_EMPTY_ACOFF_LIGHTON__RUN_20260913_121444__SESSION_002,S02_EMPTY_ACOFF_LIGHTON__RUN_20260913_121444__SESSION_002__SEG_01,2026-09-13T04:34:56.734000Z,2026-09-13T04:35:25.823000Z,0,0,1,EMPTY,0,0.0,0.0,0.0,0.0,0.0,0.0,0.0,2000.0,2000.0,0.0,32.54999999999999,0.0,62.91566666666668,0.03999999999999915,1007.2833333333331,0.0,44.20000000000002,0.0,1.4210854715202004e-14
S02_EMPTY_ACOFF_LIGHTON__RUN_20260913_121444__SESSION_002__SEG_01__W_00090,S02_EMPTY_ACOFF_LIGHTON,S02_EMPTY_ACOFF_LIGHTON__RUN_20260913_121444__SESSION_002,S02_EMPTY_ACOFF_LIGHTON__RUN_20260913_121444__SESSION_002__SEG_01,2026-09-13T04:35:01.749000Z,2026-09-13T04:35:31.025000Z,0,0,1,EMPTY,0,0.0,0.0,0.0,0.0,0.0,0.0,0.0,2000.0,2000.0,0.0,32.54999999999999,0.0,62.911666666666676,-0.09999999999999432,1007.2833333333331,0.0,44.20000000000002,0.0,1.4210854715202004e-14
S02_EMPTY_ACOFF_LIGHTON__RUN_20260913_121444__SESSION_002__SEG_01__W_00095,S02_EMPTY_ACOFF_LIGHTON,S02_EMPTY_ACOFF_LIGHTON__RUN_20260913_121444__SESSION_002,S02_EMPTY_ACOFF_LIGHTON__RUN_20260913_121444__SESSION_002__SEG_01,2026-09-13T04:35:06.949000Z,2026-09-13T04:35:35.847000Z,0,0,1,EMPTY,0,0.0,0.0,0.0,0.0,0.0,0.0,0.0,2000.0,2000.0,0.0,32.54999999999999,0.0,62.907999999999994,-0.03999999999999915,1007.2826666666665,-0.009999999999990905,44.20000000000002,0.0,1.4210854715202004e-14
S02_EMPTY_ACOFF_LIGHTON__RUN_20260913_121444__SESSION_002__SEG_01__W_00100,S02_EMPTY_ACOFF_LIGHTON,S02_EMPTY_ACOFF_LIGHTON__RUN_20260913_121444__SESSION_002,S02_EMPTY_ACOFF_LIGHTON__RUN_20260913_121444__SESSION_002__SEG_01,2026-09-13T04:35:11.779000Z,2026-09-13T04:35:41.041000Z,0,0,1,EMPTY,0,0.0,0.0,0.0,0.0,0.0,0.0,0.0,2000.0,2000.0,0.0,32.54999999999999,0.0,62.90533333333334,-0.020000000000003126,1007.2806666666668,-0.01999999999998181,44.20000000000002,0.0,1.4210854715202004e-14
S02_EMPTY_ACOFF_LIGHTON__RUN_20260913_121444__SESSION_002__SEG_01__W_00105,S02_EMPTY_ACOFF_LIGHTON,S02_EMPTY_ACOFF_LIGHTON__RUN_20260913_121444__SESSION_002,S02_EMPTY_ACOFF_LIGHTON__RUN_20260913_121444__SESSION_002__SEG_01,2026-09-13T04:35:16.799000Z,2026-09-13T04:35:45.867000Z,0,0,1,EMPTY,0,0.0,0.0,0.0,0.0,0.0,0.0,0.0,2000.0,2000.0,0.0,32.54999999999999,0.0,62.90066666666667,-0.060000000000002274,1007.2773333333334,-0.01999999999998181,44.20000000000002,0.0,1.4210854715202004e-14
S02_EMPTY_ACOFF_LIGHTON__RUN_20260913_121444__SESSION_002__SEG_01__W_00110,S02_EMPTY_ACOFF_LIGHTON,S02_EMPTY_ACOFF_LIGHTON__RUN_20260913_121444__SESSION_002,S02_EMPTY_ACOFF_LIGHTON__RUN_20260913_121444__SESSION_002__SEG_01,2026-09-13T04:35:21.811000Z,2026-09-13T04:35:50.883000Z,0,0,1,EMPTY,0,0.0,0.0,0.0,0.0,0.0,0.0,0.0,2000.0,2000.0,0.0,32.54999999999999,0.0,62.904,0.030000000000001137,1007.2729999999998,-0.01999999999998181,44.20000000000002,0.0,1.4210854715202004e-14
S02_EMPTY_ACOFF_LIGHTON__RUN_20260913_121444__SESSION_002__SEG_01__W_00115,S02_EMPTY_ACOFF_LIGHTON,S02_EMPTY_ACOFF_LIGHTON__RUN_20260913_121444__SESSION_002,S02_EMPTY_ACOFF_LIGHTON__RUN_20260913_121444__SESSION_002__SEG_01,2026-09-13T04:35:26.827000Z,2026-09-13T04:35:55.899000Z,0,0,1,EMPTY,0,0.0,0.0,0.0,0.0,0.0,0.0,0.0,2000.0,2000.0,0.0,32.54999999999999,0.0,62.90866666666668,0.0799999999999983,1007.2696666666664,-0.01999999999998181,44.20000000000002,0.0,1.4210854715202004e-14
S02_EMPTY_ACOFF_LIGHTON__RUN_20260913_121444__SESSION_002__SEG_01__W_00120,S02_EMPTY_ACOFF_LIGHTON,S02_EMPTY_ACOFF_LIGHTON__RUN_20260913_121444__SESSION_002,S02_EMPTY_ACOFF_LIGHTON__RUN_20260913_121444__SESSION_002__SEG_01,2026-09-13T04:35:32.025000Z,2026-09-13T04:36:01.097000Z,0,0,1,EMPTY,0,0.0,0.0,0.0,0.0,0.0,0.0,0.0,2000.0,2000.0,0.0,32.54999999999999,0.0,62.915000000000006,0.060000000000002274,1007.2653333333332,-0.029999999999972715,44.20000000000002,0.0,1.4210854715202004e-14
S02_EMPTY_ACOFF_LIGHTON__RUN_20260913_121444__SESSION_002__SEG_01__W_00125,S02_EMPTY_ACOFF_LIGHTON,S02_EMPTY_ACOFF_LIGHTON__RUN_20260913_121444__SESSION_002,S02_EMPTY_ACOFF_LIGHTON__RUN_20260913_121444__SESSION_002__SEG_01,2026-09-13T04:35:37.033000Z,2026-09-13T04:36:06.101000Z,0,0,1,EMPTY,0,0.0,0.0,0.0,0.0,0.0,0.0,0.0,2000.0,2000.0,0.0,32.54999999999999,0.0,62.92400000000001,0.060000000000002274,1007.2610000000001,-0.01999999999998181,44.20000000000002,0.0,1.4210854715202004e-14
S02_EMPTY_ACOFF_LIGHTON__RUN_20260913_121444__SESSION_002__SEG_01__W_00130,S02_EMPTY_ACOFF_LIGHTON,S02_EMPTY_ACOFF_LIGHTON__RUN_20260913_121444__SESSION_002,S02_EMPTY_ACOFF_LIGHTON__RUN_20260913_121444__SESSION_002__SEG_01,2026-09-13T04:35:42.041000Z,2026-09-13T04:36:11.113000Z,0,0,1,EMPTY,0,0.0,0.0,0.0,0.0,0.0,0.0,0.0,2000.0,2000.0,0.0,32.54999999999999,0.0,62.936333333333344,0.17999999999999972,1007.2576666666665,-0.01999999999998181,44.20000000000002,0.0,1.4210854715202004e-14
S02_EMPTY_ACOFF_LIGHTON__RUN_20260913_121444__SESSION_002__SEG_01__W_00135,S02_EMPTY_ACOFF_LIGHTON,S02_EMPTY_ACOFF_LIGHTON__RUN_20260913_121444__SESSION_002,S02_EMPTY_ACOFF_LIGHTON__RUN_20260913_121444__SESSION_002__SEG_01,2026-09-13T04:35:46.871000Z,2026-09-13T04:36:15.943000Z,0,0,1,EMPTY,0,0.0,0.0,0.0,0.0,0.0,0.0,0.0,2000.0,2000.0,0.0,32.54999999999999,0.0,62.949,0.07000000000000028,1007.2553333333332,-0.009999999999990905,44.20000000000002,0.0,1.4210854715202004e-14
S02_EMPTY_ACOFF_LIGHTON__RUN_20260913_121444__SESSION_002__SEG_01__W_00140,S02_EMPTY_ACOFF_LIGHTON,S02_EMPTY_ACOFF_LIGHTON__RUN_20260913_121444__SESSION_002,S02_EMPTY_ACOFF_LIGHTON__RUN_20260913_121444__SESSION_002__SEG_01,2026-09-13T04:35:52.069000Z,2026-09-13T04:36:20.959000Z,0,0,1,EMPTY,0,0.0,0.0,0.0,0.0,0.0,0.0,0.0,2000.0,2000.0,0.0,32.54999999999999,0.0,62.958,0.11999999999999744,1007.2549999999998,0.0,44.20000000000002,0.0,1.4210854715202004e-14
S02_EMPTY_ACOFF_LIGHTON__RUN_20260913_121444__SESSION_002__SEG_01__W_00145,S02_EMPTY_ACOFF_LIGHTON,S02_EMPTY_ACOFF_LIGHTON__RUN_20260913_121444__SESSION_002,S02_EMPTY_ACOFF_LIGHTON__RUN_20260913_121444__SESSION_002__SEG_01,2026-09-13T04:35:57.085000Z,2026-09-13T04:36:25.971000Z,0,0,1,EMPTY,0,0.0,0.0,0.0,0.0,0.0,0.0,0.0,2000.0,2000.0,0.0,32.54999999999999,0.0,62.95500000000001,-0.05000000000000426,1007.2549999999998,0.0,44.20000000000002,0.0,1.4210854715202004e-14
S02_EMPTY_ACOFF_LIGHTON__RUN_20260913_121444__SESSION_002__SEG_01__W_00150,S02_EMPTY_ACOFF_LIGHTON,S02_EMPTY_ACOFF_LIGHTON__RUN_20260913_121444__SESSION_002,S02_EMPTY_ACOFF_LIGHTON__RUN_20260913_121444__SESSION_002__SEG_01,2026-09-13T04:36:02.097000Z,2026-09-13T04:36:30.975000Z,0,0,1,EMPTY,0,0.0,0.0,0.0,0.0,0.0,0.0,0.0,2000.0,2000.0,0.0,32.54999999999999,0.0,62.95200000000001,0.05000000000000426,1007.2553333333332,0.0,44.20000000000002,0.0,1.4210854715202004e-14
S02_EMPTY_ACOFF_LIGHTON__RUN_20260913_121444__SESSION_002__SEG_01__W_00155,S02_EMPTY_ACOFF_LIGHTON,S02_EMPTY_ACOFF_LIGHTON__RUN_20260913_121444__SESSION_002,S02_EMPTY_ACOFF_LIGHTON__RUN_20260913_121444__SESSION_002__SEG_01,2026-09-13T04:36:07.101000Z,2026-09-13T04:36:35.991000Z,0,0,1,EMPTY,0,0.0,0.0,0.0,0.0,0.0,0.0,0.0,2000.0,2000.0,0.0,32.54999999999999,0.0,62.953,0.05999999999999517,1007.2569999999997,0.009999999999990905,44.20000000000002,0.0,1.4210854715202004e-14
S02_EMPTY_ACOFF_LIGHTON__RUN_20260913_121444__SESSION_002__SEG_01__W_00160,S02_EMPTY_ACOFF_LIGHTON,S02_EMPTY_ACOFF_LIGHTON__RUN_20260913_121444__SESSION_002,S02_EMPTY_ACOFF_LIGHTON__RUN_20260913_121444__SESSION_002__SEG_01,2026-09-13T04:36:11.931000Z,2026-09-13T04:36:41.193000Z,0,0,1,EMPTY,0,0.0,0.0,0.0,0.0,0.0,0.0,0.0,2000.0,2000.0,0.0,32.54999999999999,0.0,62.95366666666667,-0.01999999999999602,1007.2606666666666,0.029999999999972715,44.20000000000002,0.0,1.4210854715202004e-14
S02_EMPTY_ACOFF_LIGHTON__RUN_20260913_121444__SESSION_002__SEG_01__W_00165,S02_EMPTY_ACOFF_LIGHTON,S02_EMPTY_ACOFF_LIGHTON__RUN_20260913_121444__SESSION_002,S02_EMPTY_ACOFF_LIGHTON__RUN_20260913_121444__SESSION_002__SEG_01,2026-09-13T04:36:16.947000Z,2026-09-13T04:36:46.019000Z,0,0,1,EMPTY,0,0.0,0.0,0.0,0.0,0.0,0.0,0.0,2000.0,2000.0,0.0,32.54999999999999,0.0,62.95366666666668,-0.05000000000000426,1007.2646666666664,0.01999999999998181,44.20000000000002,0.0,1.4210854715202004e-14
S02_EMPTY_ACOFF_LIGHTON__RUN_20260913_121444__SESSION_002__SEG_01__W_00170,S02_EMPTY_ACOFF_LIGHTON,S02_EMPTY_ACOFF_LIGHTON__RUN_20260913_121444__SESSION_002,S02_EMPTY_ACOFF_LIGHTON__RUN_20260913_121444__SESSION_002__SEG_01,2026-09-13T04:36:21.963000Z,2026-09-13T04:36:51.209000Z,0,0,1,EMPTY,0,0.0,0.0,0.0,0.0,0.0,0.0,0.0,2000.0,2000.0,0.0,32.54999999999999,0.0,62.94266666666668,-0.07000000000000028,1007.2679999999998,0.01999999999998181,44.20000000000002,0.0,1.4210854715202004e-14
S02_EMPTY_ACOFF_LIGHTON__RUN_20260913_121444__SESSION_002__SEG_01__W_00175,S02_EMPTY_ACOFF_LIGHTON,S02_EMPTY_ACOFF_LIGHTON__RUN_20260913_121444__SESSION_002,S02_EMPTY_ACOFF_LIGHTON__RUN_20260913_121444__SESSION_002__SEG_01,2026-09-13T04:36:27.157000Z,2026-09-13T04:36:56.217000Z,0,0,1,EMPTY,0,0.0,0.0,0.0,0.0,0.0,0.0,0.0,2000.0,2000.0,0.0,32.54933333333332,-0.00999999999999801,62.93733333333333,-0.02999999999999403,1007.271333333333,0.01999999999998181,44.20000000000002,0.0,1.4210854715202004e-14
S02_EMPTY_ACOFF_LIGHTON__RUN_20260913_121444__SESSION_002__SEG_01__W_00180,S02_EMPTY_ACOFF_LIGHTON,S02_EMPTY_ACOFF_LIGHTON__RUN_20260913_121444__SESSION_002,S02_EMPTY_ACOFF_LIGHTON__RUN_20260913_121444__SESSION_002__SEG_01,2026-09-13T04:36:31.979000Z,2026-09-13T04:37:01.051000Z,0,0,1,EMPTY,0,0.0,0.0,0.0,0.0,0.0,0.0,0.0,2000.0,2000.0,0.0,32.54766666666665,-0.00999999999999801,62.93133333333335,-0.02999999999999403,1007.2736666666665,0.0,44.20000000000002,0.0,1.4210854715202004e-14
S02_EMPTY_ACOFF_LIGHTON__RUN_20260913_121444__SESSION_002__SEG_01__W_00185,S02_EMPTY_ACOFF_LIGHTON,S02_EMPTY_ACOFF_LIGHTON__RUN_20260913_121444__SESSION_002,S02_EMPTY_ACOFF_LIGHTON__RUN_20260913_121444__SESSION_002__SEG_01,2026-09-13T04:36:36.995000Z,2026-09-13T04:37:06.067000Z,0,0,1,EMPTY,0,0.0,0.0,0.0,0.0,0.0,0.0,0.0,2000.0,2000.0,0.0,32.545999999999985,-0.00999999999999801,62.921333333333344,-0.07000000000000028,1007.2736666666664,-0.009999999999990905,44.20000000000002,0.0,1.4210854715202004e-14
S02_EMPTY_ACOFF_LIGHTON__RUN_20260913_121444__SESSION_002__SEG_01__W_00190,S02_EMPTY_ACOFF_LIGHTON,S02_EMPTY_ACOFF_LIGHTON__RUN_20260913_121444__SESSION_002,S02_EMPTY_ACOFF_LIGHTON__RUN_20260913_121444__SESSION_002__SEG_01,2026-09-13T04:36:42.011000Z,2026-09-13T04:37:11.261000Z,0,0,1,EMPTY,0,0.0,0.0,0.0,0.0,0.0,0.0,0.0,2000.0,2000.0,0.0,32.54433333333332,-0.00999999999999801,62.91433333333335,0.030000000000001137,1007.2716666666662,-0.01999999999998181,44.20000000000002,0.0,1.4210854715202004e-14
S02_EMPTY_ACOFF_LIGHTON__RUN_20260913_121444__SESSION_002__SEG_01__W_00195,S02_EMPTY_ACOFF_LIGHTON,S02_EMPTY_ACOFF_LIGHTON__RUN_20260913_121444__SESSION_002,S02_EMPTY_ACOFF_LIGHTON__RUN_20260913_121444__SESSION_002__SEG_01,2026-09-13T04:36:47.205000Z,2026-09-13T04:37:16.083000Z,0,0,1,EMPTY,0,0.0,0.0,0.0,0.0,0.0,0.0,0.0,2000.0,2000.0,0.0,32.542666666666655,-0.00999999999999801,62.90600000000001,0.00999999999999801,1007.268333333333,-0.01999999999998181,44.20000000000002,0.0,1.4210854715202004e-14
S02_EMPTY_ACOFF_LIGHTON__RUN_20260913_121444__SESSION_002__SEG_01__W_00200,S02_EMPTY_ACOFF_LIGHTON,S02_EMPTY_ACOFF_LIGHTON__RUN_20260913_121444__SESSION_002,S02_EMPTY_ACOFF_LIGHTON__RUN_20260913_121444__SESSION_002__SEG_01,2026-09-13T04:36:52.027000Z,2026-09-13T04:37:21.095000Z,0,0,1,EMPTY,0,0.0,0.0,0.0,0.0,0.0,0.0,0.0,2000.0,2000.0,0.0,32.54099999999999,-0.00999999999999801,62.908000000000015,0.030000000000001137,1007.2633333333332,-0.029999999999972715,44.17000000000001,0.0,0.16155494421403616
S02_EMPTY_ACOFF_LIGHTON__RUN_20260913_121444__SESSION_002__SEG_01__W_00205,S02_EMPTY_ACOFF_LIGHTON,S02_EMPTY_ACOFF_LIGHTON__RUN_20260913_121444__SESSION_002,S02_EMPTY_ACOFF_LIGHTON__RUN_20260913_121444__SESSION_002__SEG_01,2026-09-13T04:36:57.035000Z,2026-09-13T04:37:26.289000Z,0,0,1,EMPTY,0,0.0,0.0,0.0,0.0,0.0,0.0,0.0,2000.0,2000.0,0.0,32.53999999999999,0.0,62.91866666666668,0.020000000000003126,1007.2566666666669,-0.03999999999996362,44.080000000000005,-0.9000000000000057,0.30594117081556904
S02_EMPTY_ACOFF_LIGHTON__RUN_20260913_121444__SESSION_002__SEG_01__W_00210,S02_EMPTY_ACOFF_LIGHTON,S02_EMPTY_ACOFF_LIGHTON__RUN_20260913_121444__SESSION_002,S02_EMPTY_ACOFF_LIGHTON__RUN_20260913_121444__SESSION_002__SEG_01,2026-09-13T04:37:02.055000Z,2026-09-13T04:37:31.119000Z,0,0,1,EMPTY,0,0.0,0.0,0.0,0.0,0.0,0.0,0.0,2000.0,2000.0,0.0,32.53999999999999,0.0,62.93566666666666,0.07000000000000028,1007.2513333333336,-0.01999999999998181,44.05,0.0,0.33541019662497057
S02_EMPTY_ACOFF_LIGHTON__RUN_20260913_121444__SESSION_002__SEG_01__W_00215,S02_EMPTY_ACOFF_LIGHTON,S02_EMPTY_ACOFF_LIGHTON__RUN_20260913_121444__SESSION_002,S02_EMPTY_ACOFF_LIGHTON__RUN_20260913_121444__SESSION_002__SEG_01,2026-09-13T04:37:07.071000Z,2026-09-13T04:37:36.135000Z,0,0,1,EMPTY,0,0.0,0.0,0.0,0.0,0.0,0.0,0.0,2000.0,2000.0,0.0,32.53999999999999,0.0,62.948333333333345,0.0899999999999963,1007.2490000000001,-0.009999999999990905,44.05000000000002,0.0,0.3354101966249706
S02_EMPTY_ACOFF_LIGHTON__RUN_20260913_121444__SESSION_002__SEG_01__W_00220,S02_EMPTY_ACOFF_LIGHTON,S02_EMPTY_ACOFF_LIGHTON__RUN_20260913_121444__SESSION_002,S02_EMPTY_ACOFF_LIGHTON__RUN_20260913_121444__SESSION_002__SEG_01,2026-09-13T04:37:12.079000Z,2026-09-13T04:37:41.147000Z,0,0,1,EMPTY,0,0.0,0.0,0.0,0.0,0.0,0.0,0.0,2000.0,2000.0,0.0,32.53999999999999,0.0,62.957,0.04999999999999716,1007.2499999999999,0.009999999999990905,44.02000000000001,0.0,0.36000000000000226
S02_EMPTY_ACOFF_LIGHTON__RUN_20260913_121444__SESSION_002__SEG_01__W_00225,S02_EMPTY_ACOFF_LIGHTON,S02_EMPTY_ACOFF_LIGHTON__RUN_20260913_121444__SESSION_002,S02_EMPTY_ACOFF_LIGHTON__RUN_20260913_121444__SESSION_002__SEG_01,2026-09-13T04:37:17.269000Z,2026-09-13T04:37:46.155000Z,0,0,1,EMPTY,0,0.0,0.0,0.0,0.0,0.0,0.0,0.0,2000.0,2000.0,0.0,32.53999999999999,0.0,62.97066666666667,0.0799999999999983,1007.2523333333334,0.01999999999998181,43.93,0.0,0.4124318125460282
S02_EMPTY_ACOFF_LIGHTON__RUN_20260913_121444__SESSION_002__SEG_01__W_00230,S02_EMPTY_ACOFF_LIGHTON,S02_EMPTY_ACOFF_LIGHTON__RUN_20260913_121444__SESSION_002,S02_EMPTY_ACOFF_LIGHTON__RUN_20260913_121444__SESSION_002__SEG_01,2026-09-13T04:37:22.281000Z,2026-09-13T04:37:51.171000Z,0,0,1,EMPTY,0,0.0,0.0,0.0,0.0,0.0,0.0,0.0,2000.0,2000.0,0.0,32.53999999999999,0.0,62.976,0.020000000000003126,1007.2553333333334,0.01999999999998181,43.93,0.9000000000000057,0.4124318125460282
S02_EMPTY_ACOFF_LIGHTON__RUN_20260913_121444__SESSION_002__SEG_01__W_00235,S02_EMPTY_ACOFF_LIGHTON,S02_EMPTY_ACOFF_LIGHTON__RUN_20260913_121444__SESSION_002,S02_EMPTY_ACOFF_LIGHTON__RUN_20260913_121444__SESSION_002__SEG_01,2026-09-13T04:37:27.107000Z,2026-09-13T04:37:56.183000Z,0,0,1,EMPTY,0,0.0,0.0,0.0,0.0,0.0,0.0,0.0,2000.0,2000.0,0.0,32.53999999999999,0.0,62.98400000000001,-0.10999999999999943,1007.2586666666663,0.01999999999998181,43.96000000000001,0.0,0.39799497484265045
S02_EMPTY_ACOFF_LIGHTON__RUN_20260913_121444__SESSION_002__SEG_01__W_00240,S02_EMPTY_ACOFF_LIGHTON,S02_EMPTY_ACOFF_LIGHTON__RUN_20260913_121444__SESSION_002,S02_EMPTY_ACOFF_LIGHTON__RUN_20260913_121444__SESSION_002__SEG_01,2026-09-13T04:37:32.305000Z,2026-09-13T04:38:01.195000Z,0,0,1,EMPTY,0,0.0,0.0,0.0,0.0,0.0,0.0,0.0,2000.0,2000.0,0.0,32.53999999999999,0.0,62.980333333333334,0.00999999999999801,1007.2623333333329,0.01999999999998181,43.93,0.0,0.4124318125460282
S02_EMPTY_ACOFF_LIGHTON__RUN_20260913_121444__SESSION_002__SEG_01__W_00245,S02_EMPTY_ACOFF_LIGHTON,S02_EMPTY_ACOFF_LIGHTON__RUN_20260913_121444__SESSION_002,S02_EMPTY_ACOFF_LIGHTON__RUN_20260913_121444__SESSION_002__SEG_01,2026-09-13T04:37:37.321000Z,2026-09-13T04:38:06.397000Z,0,0,1,EMPTY,0,0.0,0.0,0.0,0.0,0.0,0.0,0.0,2000.0,2000.0,0.0,32.53999999999999,0.0,62.983666666666664,-0.030000000000001137,1007.2646666666664,0.0,43.9,-0.9000000000000057,0.42426406871193123
S02_EMPTY_ACOFF_LIGHTON__RUN_20260913_121444__SESSION_002__SEG_01__W_00250,S02_EMPTY_ACOFF_LIGHTON,S02_EMPTY_ACOFF_LIGHTON__RUN_20260913_121444__SESSION_002,S02_EMPTY_ACOFF_LIGHTON__RUN_20260913_121444__SESSION_002__SEG_01,2026-09-13T04:37:42.333000Z,2026-09-13T04:38:11.227000Z,0,0,1,EMPTY,0,0.0,0.0,0.0,0.0,0.0,0.0,0.0,2000.0,2000.0,0.0,32.53999999999999,0.0,62.97900000000001,-0.03999999999999915,1007.2649999999999,0.0,43.9,0.9000000000000057,0.42426406871193123
S02_EMPTY_ACOFF_LIGHTON__RUN_20260913_121444__SESSION_002__SEG_01__W_00255,S02_EMPTY_ACOFF_LIGHTON,S02_EMPTY_ACOFF_LIGHTON__RUN_20260913_121444__SESSION_002,S02_EMPTY_ACOFF_LIGHTON__RUN_20260913_121444__SESSION_002__SEG_01,2026-09-13T04:37:47.159000Z,2026-09-13T04:38:16.231000Z,0,0,1,EMPTY,0,0.0,0.0,0.0,0.0,0.0,0.0,0.0,2000.0,2000.0,0.0,32.53999999999999,0.0,62.98266666666667,0.0,1007.2643333333333,0.0,43.87,0.0,0.4337049688440316
S02_EMPTY_ACOFF_LIGHTON__RUN_20260913_121444__SESSION_002__SEG_01__W_00260,S02_EMPTY_ACOFF_LIGHTON,S02_EMPTY_ACOFF_LIGHTON__RUN_20260913_121444__SESSION_002,S02_EMPTY_ACOFF_LIGHTON__RUN_20260913_121444__SESSION_002__SEG_01,2026-09-13T04:37:52.357000Z,2026-09-13T04:38:21.421000Z,0,0,1,EMPTY,0,0.0,0.0,0.0,0.0,0.0,0.0,0.0,2000.0,2000.0,0.0,32.53999999999999,0.0,62.98000000000001,-0.0899999999999963,1007.2646666666667,0.009999999999990905,43.78,0.0,0.44899888641287583
S02_EMPTY_ACOFF_LIGHTON__RUN_20260913_121444__SESSION_002__SEG_01__W_00265,S02_EMPTY_ACOFF_LIGHTON,S02_EMPTY_ACOFF_LIGHTON__RUN_20260913_121444__SESSION_002,S02_EMPTY_ACOFF_LIGHTON__RUN_20260913_121444__SESSION_002__SEG_01,2026-09-13T04:37:57.369000Z,2026-09-13T04:38:26.247000Z,0,0,1,EMPTY,0,0.0,0.0,0.0,0.0,0.0,0.0,0.0,2000.0,2000.0,0.0,32.53999999999999,0.0,62.96833333333335,-0.14000000000000057,1007.267,0.01999999999998181,43.78,0.9000000000000057,0.44899888641287583
S02_EMPTY_ACOFF_LIGHTON__RUN_20260913_121444__SESSION_002__SEG_01__W_00270,S02_EMPTY_ACOFF_LIGHTON,S02_EMPTY_ACOFF_LIGHTON__RUN_20260913_121444__SESSION_002,S02_EMPTY_ACOFF_LIGHTON__RUN_20260913_121444__SESSION_002__SEG_01,2026-09-13T04:38:02.199000Z,2026-09-13T04:38:31.263000Z,0,0,1,EMPTY,0,0.0,0.0,0.0,0.0,0.0,0.0,0.0,2000.0,2000.0,0.0,32.53999999999999,0.0,62.96533333333334,-0.0799999999999983,1007.2713333333334,0.029999999999972715,43.78,-0.9000000000000057,0.44899888641287583
S02_EMPTY_ACOFF_LIGHTON__RUN_20260913_121444__SESSION_002__SEG_01__W_00275,S02_EMPTY_ACOFF_LIGHTON,S02_EMPTY_ACOFF_LIGHTON__RUN_20260913_121444__SESSION_002,S02_EMPTY_ACOFF_LIGHTON__RUN_20260913_121444__SESSION_002__SEG_01,2026-09-13T04:38:07.397000Z,2026-09-13T04:38:36.457000Z,0,0,1,EMPTY,0,0.0,0.0,0.0,0.0,0.0,0.0,0.0,2000.0,2000.0,0.0,32.53999999999999,0.0,62.95300000000002,0.0,1007.277,0.03999999999996362,43.72,0.0,0.44899888641287583
S02_EMPTY_ACOFF_LIGHTON__RUN_20260913_121444__SESSION_002__SEG_01__W_00280,S02_EMPTY_ACOFF_LIGHTON,S02_EMPTY_ACOFF_LIGHTON__RUN_20260913_121444__SESSION_002,S02_EMPTY_ACOFF_LIGHTON__RUN_20260913_121444__SESSION_002__SEG_01,2026-09-13T04:38:12.413000Z,2026-09-13T04:38:41.465000Z,0,0,1,EMPTY,0,0.0,0.0,0.0,0.0,0.0,0.0,0.0,2000.0,2000.0,0.0,32.53966666666666,-0.00999999999999801,62.960333333333345,0.0,1007.2836666666667,0.029999999999972715,43.599999999999994,0.0,0.4242640687119311
S02_EMPTY_ACOFF_LIGHTON__RUN_20260913_121444__SESSION_002__SEG_01__W_00285,S02_EMPTY_ACOFF_LIGHTON,S02_EMPTY_ACOFF_LIGHTON__RUN_20260913_121444__SESSION_002,S02_EMPTY_ACOFF_LIGHTON__RUN_20260913_121444__SESSION_002__SEG_01,2026-09-13T04:38:17.417000Z,2026-09-13T04:38:46.477000Z,0,0,1,EMPTY,0,0.0,0.0,0.0,0.0,0.0,0.0,0.0,2000.0,2000.0,0.0,32.53966666666666,0.0,62.96033333333333,0.01999999999999602,1007.2903333333336,0.03999999999996362,43.629999999999995,0.0,0.4337049688440315
S02_EMPTY_ACOFF_LIGHTON__RUN_20260913_121444__SESSION_002__SEG_01__W_00290,S02_EMPTY_ACOFF_LIGHTON,S02_EMPTY_ACOFF_LIGHTON__RUN_20260913_121444__SESSION_002,S02_EMPTY_ACOFF_LIGHTON__RUN_20260913_121444__SESSION_002__SEG_01,2026-09-13T04:38:22.421000Z,2026-09-13T04:38:51.311000Z,0,0,1,EMPTY,0,0.0,0.0,0.0,0.0,0.0,0.0,0.0,2000.0,2000.0,0.0,32.538999999999994,-0.00999999999999801,62.967,0.0,1007.2963333333335,0.029999999999972715,43.690000000000005,0.0,0.44598206241955796
S02_EMPTY_ACOFF_LIGHTON__RUN_20260913_121444__SESSION_002__SEG_01__W_00295,S02_EMPTY_ACOFF_LIGHTON,S02_EMPTY_ACOFF_LIGHTON__RUN_20260913_121444__SESSION_002,S02_EMPTY_ACOFF_LIGHTON__RUN_20260913_121444__SESSION_002__SEG_01,2026-09-13T04:38:27.251000Z,2026-09-13T04:38:56.323000Z,0,0,1,EMPTY,0,0.0,0.0,0.0,0.0,0.0,0.0,0.0,2000.0,2000.0,0.0,32.53733333333333,-0.00999999999999801,62.983999999999995,0.14000000000000057,1007.3023333333334,0.029999999999972715,43.599999999999994,-0.9000000000000057,0.4242640687119311
S02_EMPTY_ACOFF_LIGHTON__RUN_20260913_121444__SESSION_002__SEG_01__W_00300,S02_EMPTY_ACOFF_LIGHTON,S02_EMPTY_ACOFF_LIGHTON__RUN_20260913_121444__SESSION_002,S02_EMPTY_ACOFF_LIGHTON__RUN_20260913_121444__SESSION_002__SEG_01,2026-09-13T04:38:32.267000Z,2026-09-13T04:39:01.339000Z,0,0,1,EMPTY,0,0.0,0.0,0.0,0.0,0.0,0.0,0.0,2000.0,2000.0,0.0,32.535666666666664,-0.00999999999999801,63.00499999999999,0.18999999999999773,1007.3060000000002,0.01999999999998181,43.53999999999999,-0.9000000000000057,0.39799497484265045
S02_EMPTY_ACOFF_LIGHTON__RUN_20260913_121444__SESSION_002__SEG_01__W_00305,S02_EMPTY_ACOFF_LIGHTON,S02_EMPTY_ACOFF_LIGHTON__RUN_20260913_121444__SESSION_002,S02_EMPTY_ACOFF_LIGHTON__RUN_20260913_121444__SESSION_002__SEG_01,2026-09-13T04:38:37.275000Z,2026-09-13T04:39:06.351000Z,0,0,1,EMPTY,0,0.0,0.0,0.0,0.0,0.0,0.0,0.0,2000.0,2000.0,0.0,32.53399999999999,-0.00999999999999801,63.03199999999999,0.00999999999999801,1007.3073333333334,-0.009999999999990905,43.50999999999999,0.0,0.3806573262134881
S02_EMPTY_ACOFF_LIGHTON__RUN_20260913_121444__SESSION_002__SEG_01__W_00310,S02_EMPTY_ACOFF_LIGHTON,S02_EMPTY_ACOFF_LIGHTON__RUN_20260913_121444__SESSION_002,S02_EMPTY_ACOFF_LIGHTON__RUN_20260913_121444__SESSION_002__SEG_01,2026-09-13T04:38:42.283000Z,2026-09-13T04:39:11.367000Z,0,0,1,EMPTY,0,0.0,0.0,0.0,0.0,0.0,0.0,0.0,2000.0,2000.0,0.0,32.53266666666666,-0.00999999999999801,63.044333333333334,0.00999999999999801,1007.3043333333335,-0.01999999999998181,43.50999999999999,0.0,0.3806573262134881
S02_EMPTY_ACOFF_LIGHTON__RUN_20260913_121444__SESSION_002__SEG_01__W_00315,S02_EMPTY_ACOFF_LIGHTON,S02_EMPTY_ACOFF_LIGHTON__RUN_20260913_121444__SESSION_002,S02_EMPTY_ACOFF_LIGHTON__RUN_20260913_121444__SESSION_002__SEG_01,2026-09-13T04:38:47.295000Z,2026-09-13T04:39:16.387000Z,0,0,1,EMPTY,0,0.0,0.0,0.0,0.0,0.0,0.0,0.0,2000.0,2000.0,0.0,32.53099999999999,-0.00999999999999801,63.046,0.00999999999999801,1007.302,-0.009999999999990905,43.44999999999998,-0.9000000000000057,0.3354101966249706
S02_EMPTY_ACOFF_LIGHTON__RUN_20260913_121444__SESSION_002__SEG_01__W_00320,S02_EMPTY_ACOFF_LIGHTON,S02_EMPTY_ACOFF_LIGHTON__RUN_20260913_121444__SESSION_002,S02_EMPTY_ACOFF_LIGHTON__RUN_20260913_121444__SESSION_002__SEG_01,2026-09-13T04:38:52.315000Z,2026-09-13T04:39:21.403000Z,0,0,1,EMPTY,0,0.0,0.0,0.0,0.0,0.0,0.0,0.0,2000.0,2000.0,0.0,32.529999999999994,0.0,63.04633333333334,-0.00999999999999801,1007.3006666666664,-0.01999999999998181,43.38999999999999,0.9000000000000057,0.2700000000000017
S03_EMPTY_ACON_LIGHTON_R2__RUN_20260913_121444__SESSION_004__SEG_01__W_00000,S03_EMPTY_ACON_LIGHTON_R2,S03_EMPTY_ACON_LIGHTON_R2__RUN_20260913_121444__SESSION_004,S03_EMPTY_ACON_LIGHTON_R2__RUN_20260913_121444__SESSION_004__SEG_01,2026-09-13T05:20:17.387000Z,2026-09-13T05:20:46.498000Z,0,1,1,EMPTY,0,0.0,0.0,0.0,0.0,0.0,0.0,0.0,2000.0,2000.0,0.0,28.551333333333332,0.030000000000001137,60.44466666666667,-0.13999999999999346,1006.7106666666667,-0.01999999999998181,43.99000000000001,0.0,0.3806573262134881
S03_EMPTY_ACON_LIGHTON_R2__RUN_20260913_121444__SESSION_004__SEG_01__W_00005,S03_EMPTY_ACON_LIGHTON_R2,S03_EMPTY_ACON_LIGHTON_R2__RUN_20260913_121444__SESSION_004,S03_EMPTY_ACON_LIGHTON_R2__RUN_20260913_121444__SESSION_004__SEG_01,2026-09-13T05:20:22.406000Z,2026-09-13T05:20:51.697000Z,0,1,1,EMPTY,0,0.0,0.0,0.0,0.0,0.0,0.0,0.0,2000.0,2000.0,0.0,28.556333333333342,0.030000000000001137,60.424333333333315,-0.21000000000000085,1006.7073333333335,-0.01999999999998181,44.05,-0.9000000000000057,0.33541019662497057
S03_EMPTY_ACON_LIGHTON_R2__RUN_20260913_121444__SESSION_004__SEG_01__W_00010,S03_EMPTY_ACON_LIGHTON_R2,S03_EMPTY_ACON_LIGHTON_R2__RUN_20260913_121444__SESSION_004,S03_EMPTY_ACON_LIGHTON_R2__RUN_20260913_121444__SESSION_004__SEG_01,2026-09-13T05:20:27.423000Z,2026-09-13T05:20:56.532000Z,0,1,1,EMPTY,0,0.0,0.0,0.0,0.0,0.0,0.0,0.0,2000.0,2000.0,0.0,28.561333333333344,0.029999999999997584,60.40066666666666,-0.12000000000000455,1006.705,-0.009999999999990905,44.08000000000001,0.0,0.305941170815569
S03_EMPTY_ACON_LIGHTON_R2__RUN_20260913_121444__SESSION_004__SEG_01__W_00015,S03_EMPTY_ACON_LIGHTON_R2,S03_EMPTY_ACON_LIGHTON_R2__RUN_20260913_121444__SESSION_004,S03_EMPTY_ACON_LIGHTON_R2__RUN_20260913_121444__SESSION_004__SEG_01,2026-09-13T05:20:32.444000Z,2026-09-13T05:21:01.547000Z,0,1,1,EMPTY,0,0.0,0.0,0.0,0.0,0.0,0.0,0.0,2000.0,2000.0,0.0,28.56633333333334,0.029999999999997584,60.373999999999995,-0.22999999999999687,1006.7030000000001,-0.01999999999998181,44.11000000000001,0.0,0.2700000000000017
S03_EMPTY_ACON_LIGHTON_R2__RUN_20260913_121444__SESSION_004__SEG_01__W_00020,S03_EMPTY_ACON_LIGHTON_R2,S03_EMPTY_ACON_LIGHTON_R2__RUN_20260913_121444__SESSION_004,S03_EMPTY_ACON_LIGHTON_R2__RUN_20260913_121444__SESSION_004__SEG_01,2026-09-13T05:20:37.643000Z,2026-09-13T05:21:06.562000Z,0,1,1,EMPTY,0,0.0,0.0,0.0,0.0,0.0,0.0,0.0,2000.0,2000.0,0.0,28.57133333333334,0.019999999999999574,60.32866666666666,-0.36999999999999744,1006.6996666666665,-0.01999999999998181,44.11000000000001,0.0,0.2700000000000017
S03_EMPTY_ACON_LIGHTON_R2__RUN_20260913_121444__SESSION_004__SEG_01__W_00025,S03_EMPTY_ACON_LIGHTON_R2,S03_EMPTY_ACON_LIGHTON_R2__RUN_20260913_121444__SESSION_004,S03_EMPTY_ACON_LIGHTON_R2__RUN_20260913_121444__SESSION_004__SEG_01,2026-09-13T05:20:42.664000Z,2026-09-13T05:21:11.577000Z,0,1,1,EMPTY,0,0.0,0.0,0.0,0.0,0.0,0.0,0.0,2000.0,2000.0,0.0,28.574666666666676,0.019999999999999574,60.27466666666666,-0.22999999999999687,1006.6969999999999,-0.009999999999990905,44.14000000000001,0.0,0.2244994432064379
S03_EMPTY_ACON_LIGHTON_R2__RUN_20260913_121444__SESSION_004__SEG_01__W_00030,S03_EMPTY_ACON_LIGHTON_R2,S03_EMPTY_ACON_LIGHTON_R2__RUN_20260913_121444__SESSION_004,S03_EMPTY_ACON_LIGHTON_R2__RUN_20260913_121444__SESSION_004__SEG_01,2026-09-13T05:20:47.501000Z,2026-09-13T05:21:16.598000Z,0,1,1,EMPTY,0,0.0,0.0,0.0,0.0,0.0,0.0,0.0,2000.0,2000.0,0.0,28.57733333333334,0.019999999999999574,60.223666666666674,-0.259999999999998,1006.6939999999998,-0.020000000000095497,44.17000000000001,0.0,0.16155494421403616
S03_EMPTY_ACON_LIGHTON_R2__RUN_20260913_121444__SESSION_004__SEG_01__W_00035,S03_EMPTY_ACON_LIGHTON_R2,S03_EMPTY_ACON_LIGHTON_R2__RUN_20260913_121444__SESSION_004,S03_EMPTY_ACON_LIGHTON_R2__RUN_20260913_121444__SESSION_004__SEG_01,2026-09-13T05:20:52.520000Z,2026-09-13T05:21:21.799000Z,0,1,1,EMPTY,0,0.0,0.0,0.0,0.0,0.0,0.0,0.0,2000.0,2000.0,0.0,28.57966666666667,0.00999999999999801,60.189,-0.20000000000000284,1006.6889999999999,-0.04000000000007731,44.20000000000002,0.0,1.4210854715202004e-14
S03_EMPTY_ACON_LIGHTON_R2__RUN_20260913_121444__SESSION_004__SEG_01__W_00040,S03_EMPTY_ACON_LIGHTON_R2,S03_EMPTY_ACON_LIGHTON_R2__RUN_20260913_121444__SESSION_004,S03_EMPTY_ACON_LIGHTON_R2__RUN_20260913_121444__SESSION_004__SEG_01,2026-09-13T05:20:57.535000Z,2026-09-13T05:21:26.636000Z,0,1,1,EMPTY,0,0.0,0.0,0.0,0.0,0.0,0.0,0.0,2000.0,2000.0,0.0,28.58233333333334,0.010000000000001563,60.156666666666666,-0.28999999999999915,1006.6823333333334,-0.04000000000007731,44.20000000000002,0.0,1.4210854715202004e-14
S03_EMPTY_ACON_LIGHTON_R2__RUN_20260913_121444__SESSION_004__SEG_01__W_00045,S03_EMPTY_ACON_LIGHTON_R2,S03_EMPTY_ACON_LIGHTON_R2__RUN_20260913_121444__SESSION_004,S03_EMPTY_ACON_LIGHTON_R2__RUN_20260913_121444__SESSION_004__SEG_01,2026-09-13T05:21:02.550000Z,2026-09-13T05:21:31.657000Z,0,1,1,EMPTY,0,0.0,0.0,0.0,0.0,0.0,0.0,0.0,2000.0,2000.0,0.0,28.584000000000007,0.010000000000001563,60.12633333333333,-0.23999999999999488,1006.6743333333336,-0.04000000000007731,44.20000000000002,0.0,1.4210854715202004e-14
S03_EMPTY_ACON_LIGHTON_R2__RUN_20260913_121444__SESSION_004__SEG_01__W_00050,S03_EMPTY_ACON_LIGHTON_R2,S03_EMPTY_ACON_LIGHTON_R2__RUN_20260913_121444__SESSION_004,S03_EMPTY_ACON_LIGHTON_R2__RUN_20260913_121444__SESSION_004__SEG_01,2026-09-13T05:21:07.565000Z,2026-09-13T05:21:36.678000Z,0,1,1,EMPTY,0,0.0,0.0,0.0,0.0,0.0,0.0,0.0,2000.0,2000.0,0.0,28.585666666666672,0.010000000000001563,60.10433333333332,-0.10000000000000142,1006.6663333333332,-0.05000000000006821,44.20000000000002,0.0,1.4210854715202004e-14
S03_EMPTY_ACON_LIGHTON_R2__RUN_20260913_121444__SESSION_004__SEG_01__W_00055,S03_EMPTY_ACON_LIGHTON_R2,S03_EMPTY_ACON_LIGHTON_R2__RUN_20260913_121444__SESSION_004,S03_EMPTY_ACON_LIGHTON_R2__RUN_20260913_121444__SESSION_004__SEG_01,2026-09-13T05:21:12.762000Z,2026-09-13T05:21:41.695000Z,0,1,1,EMPTY,0,0.0,0.0,0.0,0.0,0.0,0.0,0.0,2000.0,2000.0,0.0,28.587333333333337,0.010000000000001563,60.07766666666667,-0.17999999999999972,1006.6573333333332,-0.06000000000005912,44.20000000000002,0.0,1.4210854715202004e-14
S03_EMPTY_ACON_LIGHTON_R2__RUN_20260913_121444__SESSION_004__SEG_01__W_00060,S03_EMPTY_ACON_LIGHTON_R2,S03_EMPTY_ACON_LIGHTON_R2__RUN_20260913_121444__SESSION_004,S03_EMPTY_ACON_LIGHTON_R2__RUN_20260913_121444__SESSION_004__SEG_01,2026-09-13T05:21:17.601000Z,2026-09-13T05:21:46.714000Z,0,1,1,EMPTY,0,0.0,0.0,0.0,0.0,0.0,0.0,0.0,2000.0,2000.0,0.0,28.588666666666672,0.0,60.05533333333334,-0.00999999999999801,1006.6499999999999,-0.03999999999996362,44.20000000000002,0.0,1.4210854715202004e-14
S03_EMPTY_ACON_LIGHTON_R2__RUN_20260913_121444__SESSION_004__SEG_01__W_00065,S03_EMPTY_ACON_LIGHTON_R2,S03_EMPTY_ACON_LIGHTON_R2__RUN_20260913_121444__SESSION_004,S03_EMPTY_ACON_LIGHTON_R2__RUN_20260913_121444__SESSION_004__SEG_01,2026-09-13T05:21:22.622000Z,2026-09-13T05:21:51.725000Z,0,1,1,EMPTY,0,0.0,0.0,0.0,0.0,0.0,0.0,0.0,2000.0,2000.0,0.0,28.589666666666673,0.0,60.030666666666676,-0.17999999999999972,1006.644,-0.01999999999998181,44.20000000000002,0.0,1.4210854715202004e-14
S03_EMPTY_ACON_LIGHTON_R2__RUN_20260913_121444__SESSION_004__SEG_01__W_00070,S03_EMPTY_ACON_LIGHTON_R2,S03_EMPTY_ACON_LIGHTON_R2__RUN_20260913_121444__SESSION_004,S03_EMPTY_ACON_LIGHTON_R2__RUN_20260913_121444__SESSION_004__SEG_01,2026-09-13T05:21:27.821000Z,2026-09-13T05:21:56.741000Z,0,1,1,EMPTY,0,0.0,0.0,0.0,0.0,0.0,0.0,0.0,2000.0,2000.0,0.0,28.590000000000007,0.0,60.00133333333334,-0.13000000000000256,1006.6393333333333,-0.01999999999998181,44.20000000000002,0.0,1.4210854715202004e-14
S03_EMPTY_ACON_LIGHTON_R2__RUN_20260913_121444__SESSION_004__SEG_01__W_00075,S03_EMPTY_ACON_LIGHTON_R2,S03_EMPTY_ACON_LIGHTON_R2__RUN_20260913_121444__SESSION_004,S03_EMPTY_ACON_LIGHTON_R2__RUN_20260913_121444__SESSION_004__SEG_01,2026-09-13T05:21:32.660000Z,2026-09-13T05:22:01.939000Z,0,1,1,EMPTY,0,0.0,0.0,0.0,0.0,0.0,0.0,0.0,2000.0,2000.0,0.0,28.590000000000007,0.0,59.95466666666666,-0.259999999999998,1006.6353333333334,-0.029999999999972715,44.20000000000002,0.0,1.4210854715202004e-14
S03_EMPTY_ACON_LIGHTON_R2__RUN_20260913_121444__SESSION_004__SEG_01__W_00080,S03_EMPTY_ACON_LIGHTON_R2,S03_EMPTY_ACON_LIGHTON_R2__RUN_20260913_121444__SESSION_004,S03_EMPTY_ACON_LIGHTON_R2__RUN_20260913_121444__SESSION_004__SEG_01,2026-09-13T05:21:37.681000Z,2026-09-13T05:22:06.939000Z,0,1,1,EMPTY,0,0.0,0.0,0.0,0.0,0.0,0.0,0.0,2000.0,2000.0,0.0,28.590000000000007,0.0,59.911999999999985,-0.2600000000000051,1006.6316666666663,-0.01999999999998181,44.20000000000002,0.0,1.4210854715202004e-14
S03_EMPTY_ACON_LIGHTON_R2__RUN_20260913_121444__SESSION_004__SEG_01__W_00085,S03_EMPTY_ACON_LIGHTON_R2,S03_EMPTY_ACON_LIGHTON_R2__RUN_20260913_121444__SESSION_004,S03_EMPTY_ACON_LIGHTON_R2__RUN_20260913_121444__SESSION_004__SEG_01,2026-09-13T05:21:42.880000Z,2026-09-13T05:22:11.757000Z,0,1,1,EMPTY,0,0.0,0.0,0.0,0.0,0.0,0.0,0.0,2000.0,2000.0,0.0,28.59133333333334,0.010000000000001563,59.889333333333326,-0.01999999999999602,1006.6286666666664,-0.01999999999998181,44.20000000000002,0.0,1.4210854715202004e-14
S03_EMPTY_ACON_LIGHTON_R2__RUN_20260913_121444__SESSION_004__SEG_01__W_00090,S03_EMPTY_ACON_LIGHTON_R2,S03_EMPTY_ACON_LIGHTON_R2__RUN_20260913_121444__SESSION_004,S03_EMPTY_ACON_LIGHTON_R2__RUN_20260913_121444__SESSION_004__SEG_01,2026-09-13T05:21:47.899000Z,2026-09-13T05:22:16.773000Z,0,1,1,EMPTY,0,0.0,0.0,0.0,0.0,0.0,0.0,0.0,2000.0,2000.0,0.0,28.593000000000007,0.010000000000001563,59.86433333333333,-0.11999999999999744,1006.6243333333333,-0.029999999999972715,44.20000000000002,0.0,1.4210854715202004e-14
S03_EMPTY_ACON_LIGHTON_R2__RUN_20260913_121444__SESSION_004__SEG_01__W_00095,S03_EMPTY_ACON_LIGHTON_R2,S03_EMPTY_ACON_LIGHTON_R2__RUN_20260913_121444__SESSION_004,S03_EMPTY_ACON_LIGHTON_R2__RUN_20260913_121444__SESSION_004__SEG_01,2026-09-13T05:21:52.729000Z,2026-09-13T05:22:21.793000Z,0,1,1,EMPTY,0,0.0,0.0,0.0,0.0,0.0,0.0,0.0,2000.0,2000.0,0.0,28.594666666666672,0.010000000000001563,59.84099999999999,-0.060000000000002274,1006.6203333333334,-0.029999999999972715,44.20000000000002,0.0,1.4210854715202004e-14
S03_EMPTY_ACON_LIGHTON_R2__RUN_20260913_121444__SESSION_004__SEG_01__W_00100,S03_EMPTY_ACON_LIGHTON_R2,S03_EMPTY_ACON_LIGHTON_R2__RUN_20260913_121444__SESSION_004,S03_EMPTY_ACON_LIGHTON_R2__RUN_20260913_121444__SESSION_004__SEG_01,2026-09-13T05:21:57.745000Z,2026-09-13T05:22:26.991000Z,0,1,1,EMPTY,0,0.0,0.0,0.0,0.0,0.0,0.0,0.0,2000.0,2000.0,0.0,28.596333333333337,0.010000000000001563,59.809999999999995,-0.10000000000000142,1006.6166666666667,-0.01999999999998181,44.20000000000002,0.0,1.4210854715202004e-14
S03_EMPTY_ACON_LIGHTON_R2__RUN_20260913_121444__SESSION_004__SEG_01__W_00105,S03_EMPTY_ACON_LIGHTON_R2,S03_EMPTY_ACON_LIGHTON_R2__RUN_20260913_121444__SESSION_004,S03_EMPTY_ACON_LIGHTON_R2__RUN_20260913_121444__SESSION_004__SEG_01,2026-09-13T05:22:02.939000Z,2026-09-13T05:22:32.003000Z,0,1,1,EMPTY,0,0.0,0.0,0.0,0.0,0.0,0.0,0.0,2000.0,2000.0,0.0,28.598000000000003,0.010000000000001563,59.787000000000006,-0.11999999999999744,1006.6140000000001,-0.009999999999990905,44.20000000000002,0.0,1.4210854715202004e-14
S03_EMPTY_ACON_LIGHTON_R2__RUN_20260913_121444__SESSION_004__SEG_01__W_00110,S03_EMPTY_ACON_LIGHTON_R2,S03_EMPTY_ACON_LIGHTON_R2__RUN_20260913_121444__SESSION_004,S03_EMPTY_ACON_LIGHTON_R2__RUN_20260913_121444__SESSION_004__SEG_01,2026-09-13T05:22:07.939000Z,2026-09-13T05:22:36.833000Z,0,1,1,EMPTY,0,0.0,0.0,0.0,0.0,0.0,0.0,0.0,2000.0,2000.0,0.0,28.600333333333342,0.019999999999999574,59.76166666666667,-0.11999999999999744,1006.6106666666664,-0.01999999999998181,44.20000000000002,0.0,1.4210854715202004e-14
S03_EMPTY_ACON_LIGHTON_R2__RUN_20260913_121444__SESSION_004__SEG_01__W_00115,S03_EMPTY_ACON_LIGHTON_R2,S03_EMPTY_ACON_LIGHTON_R2__RUN_20260913_121444__SESSION_004,S03_EMPTY_ACON_LIGHTON_R2__RUN_20260913_121444__SESSION_004__SEG_01,2026-09-13T05:22:12.761000Z,2026-09-13T05:22:42.027000Z,0,1,1,EMPTY,0,0.0,0.0,0.0,0.0,0.0,0.0,0.0,2000.0,2000.0,0.0,28.601000000000006,0.0,59.72633333333333,-0.28000000000000114,1006.6056666666667,-0.01999999999998181,44.20000000000002,0.0,1.4210854715202004e-14
S03_EMPTY_ACON_LIGHTON_R2__RUN_20260913_121444__SESSION_004__SEG_01__W_00120,S03_EMPTY_ACON_LIGHTON_R2,S03_EMPTY_ACON_LIGHTON_R2__RUN_20260913_121444__SESSION_004,S03_EMPTY_ACON_LIGHTON_R2__RUN_20260913_121444__SESSION_004__SEG_01,2026-09-13T05:22:17.777000Z,2026-09-13T05:22:47.031000Z,0,1,1,EMPTY,0,0.0,0.0,0.0,0.0,0.0,0.0,0.0,2000.0,2000.0,0.0,28.601000000000006,0.0,59.68099999999999,-0.28000000000000114,1006.6016666666668,-0.01999999999998181,44.20000000000002,0.0,1.4210854715202004e-14
S03_EMPTY_ACON_LIGHTON_R2__RUN_20260913_121444__SESSION_004__SEG_01__W_00125,S03_EMPTY_ACON_LIGHTON_R2,S03_EMPTY_ACON_LIGHTON_R2__RUN_20260913_121444__SESSION_004,S03_EMPTY_ACON_LIGHTON_R2__RUN_20260913_121444__SESSION_004__SEG_01,2026-09-13T05:22:22.797000Z,2026-09-13T05:22:51.861000Z,0,1,1,EMPTY,0,0.0,0.0,0.0,0.0,0.0,0.0,0.0,2000.0,2000.0,0.0,28.601000000000006,0.0,59.62499999999999,-0.4399999999999977,1006.5983333333335,-0.01999999999998181,44.20000000000002,0.0,1.4210854715202004e-14
S03_EMPTY_ACON_LIGHTON_R2__RUN_20260913_121444__SESSION_004__SEG_01__W_00130,S03_EMPTY_ACON_LIGHTON_R2,S03_EMPTY_ACON_LIGHTON_R2__RUN_20260913_121444__SESSION_004,S03_EMPTY_ACON_LIGHTON_R2__RUN_20260913_121444__SESSION_004__SEG_01,2026-09-13T05:22:27.809000Z,2026-09-13T05:22:56.873000Z,0,1,1,EMPTY,0,0.0,0.0,0.0,0.0,0.0,0.0,0.0,2000.0,2000.0,0.0,28.601000000000006,0.0,59.57266666666667,-0.28000000000000114,1006.5953333333333,-0.009999999999990905,44.20000000000002,0.0,1.4210854715202004e-14
S03_EMPTY_ACON_LIGHTON_R2__RUN_20260913_121444__SESSION_004__SEG_01__W_00135,S03_EMPTY_ACON_LIGHTON_R2,S03_EMPTY_ACON_LIGHTON_R2__RUN_20260913_121444__SESSION_004,S03_EMPTY_ACON_LIGHTON_R2__RUN_20260913_121444__SESSION_004__SEG_01,2026-09-13T05:22:32.821000Z,2026-09-13T05:23:02.071000Z,0,1,1,EMPTY,0,0.0,0.0,0.0,0.0,0.0,0.0,0.0,2000.0,2000.0,0.0,28.601000000000006,0.0,59.53,-0.25,1006.593333333333,0.0,44.20000000000002,0.0,1.4210854715202004e-14
S03_EMPTY_ACON_LIGHTON_R2__RUN_20260913_121444__SESSION_004__SEG_01__W_00140,S03_EMPTY_ACON_LIGHTON_R2,S03_EMPTY_ACON_LIGHTON_R2__RUN_20260913_121444__SESSION_004,S03_EMPTY_ACON_LIGHTON_R2__RUN_20260913_121444__SESSION_004__SEG_01,2026-09-13T05:22:38.019000Z,2026-09-13T05:23:06.897000Z,0,1,1,EMPTY,0,0.0,0.0,0.0,0.0,0.0,0.0,0.0,2000.0,2000.0,0.0,28.59933333333334,-0.019999999999999574,59.49566666666668,-0.2700000000000031,1006.593333333333,0.009999999999990905,44.20000000000002,0.0,1.4210854715202004e-14
S03_EMPTY_ACON_LIGHTON_R2__RUN_20260913_121444__SESSION_004__SEG_01__W_00145,S03_EMPTY_ACON_LIGHTON_R2,S03_EMPTY_ACON_LIGHTON_R2__RUN_20260913_121444__SESSION_004,S03_EMPTY_ACON_LIGHTON_R2__RUN_20260913_121444__SESSION_004__SEG_01,2026-09-13T05:22:43.027000Z,2026-09-13T05:23:11.913000Z,0,1,1,EMPTY,0,0.0,0.0,0.0,0.0,0.0,0.0,0.0,2000.0,2000.0,0.0,28.597333333333342,-0.010000000000001563,59.46700000000001,-0.15000000000000568,1006.5933333333334,0.0,44.20000000000002,0.0,1.4210854715202004e-14
S03_EMPTY_ACON_LIGHTON_R2__RUN_20260913_121444__SESSION_004__SEG_01__W_00150,S03_EMPTY_ACON_LIGHTON_R2,S03_EMPTY_ACON_LIGHTON_R2__RUN_20260913_121444__SESSION_004,S03_EMPTY_ACON_LIGHTON_R2__RUN_20260913_121444__SESSION_004__SEG_01,2026-09-13T05:22:47.849000Z,2026-09-13T05:23:16.929000Z,0,1,1,EMPTY,0,0.0,0.0,0.0,0.0,0.0,0.0,0.0,2000.0,2000.0,0.0,28.595666666666677,-0.010000000000001563,59.44966666666667,-0.10999999999999943,1006.5920000000003,-0.009999999999990905,44.20000000000002,0.0,1.4210854715202004e-14
S03_EMPTY_ACON_LIGHTON_R2__RUN_20260913_121444__SESSION_004__SEG_01__W_00155,S03_EMPTY_ACON_LIGHTON_R2,S03_EMPTY_ACON_LIGHTON_R2__RUN_20260913_121444__SESSION_004,S03_EMPTY_ACON_LIGHTON_R2__RUN_20260913_121444__SESSION_004__SEG_01,2026-09-13T05:22:53.047000Z,2026-09-13T05:23:22.127000Z,0,1,1,EMPTY,0,0.0,0.0,0.0,0.0,0.0,0.0,0.0,2000.0,2000.0,0.0,28.594000000000005,-0.010000000000001563,59.448333333333345,0.0,1006.5910000000003,0.0,44.20000000000002,0.0,1.4210854715202004e-14
S03_EMPTY_ACON_LIGHTON_R2__RUN_20260913_121444__SESSION_004__SEG_01__W_00160,S03_EMPTY_ACON_LIGHTON_R2,S03_EMPTY_ACON_LIGHTON_R2__RUN_20260913_121444__SESSION_004,S03_EMPTY_ACON_LIGHTON_R2__RUN_20260913_121444__SESSION_004__SEG_01,2026-09-13T05:22:58.059000Z,2026-09-13T05:23:26.957000Z,0,1,1,EMPTY,0,0.0,0.0,0.0,0.0,0.0,0.0,0.0,2000.0,2000.0,0.0,28.59233333333334,-0.010000000000001563,59.45033333333334,0.12999999999999545,1006.5963333333333,0.049999999999954525,44.20000000000002,0.0,1.4210854715202004e-14
S03_EMPTY_ACON_LIGHTON_R2__RUN_20260913_121444__SESSION_004__SEG_01__W_00165,S03_EMPTY_ACON_LIGHTON_R2,S03_EMPTY_ACON_LIGHTON_R2__RUN_20260913_121444__SESSION_004,S03_EMPTY_ACON_LIGHTON_R2__RUN_20260913_121444__SESSION_004__SEG_01,2026-09-13T05:23:02.889000Z,2026-09-13T05:23:31.969000Z,0,1,1,EMPTY,0,0.0,0.0,0.0,0.0,0.0,0.0,0.0,2000.0,2000.0,0.0,28.592000000000006,0.0,59.465333333333334,-0.02999999999999403,1006.6046666666668,0.049999999999954525,44.20000000000002,0.0,1.4210854715202004e-14
S03_EMPTY_ACON_LIGHTON_R2__RUN_20260913_121444__SESSION_004__SEG_01__W_00170,S03_EMPTY_ACON_LIGHTON_R2,S03_EMPTY_ACON_LIGHTON_R2__RUN_20260913_121444__SESSION_004,S03_EMPTY_ACON_LIGHTON_R2__RUN_20260913_121444__SESSION_004__SEG_01,2026-09-13T05:23:08.083000Z,2026-09-13T05:23:37.171000Z,0,1,1,EMPTY,0,0.0,0.0,0.0,0.0,0.0,0.0,0.0,2000.0,2000.0,0.0,28.593000000000007,0.010000000000001563,59.46466666666667,-0.05999999999999517,1006.6113333333334,0.03999999999996362,44.20000000000002,0.0,1.4210854715202004e-14
S03_EMPTY_ACON_LIGHTON_R2__RUN_20260913_121444__SESSION_004__SEG_01__W_00175,S03_EMPTY_ACON_LIGHTON_R2,S03_EMPTY_ACON_LIGHTON_R2__RUN_20260913_121444__SESSION_004,S03_EMPTY_ACON_LIGHTON_R2__RUN_20260913_121444__SESSION_004__SEG_01,2026-09-13T05:23:13.099000Z,2026-09-13T05:23:42.001000Z,0,1,1,EMPTY,0,0.0,0.0,0.0,0.0,0.0,0.0,0.0,2000.0,2000.0,0.0,28.594666666666672,0.010000000000001563,59.46066666666668,-0.13000000000000256,1006.6166666666667,0.029999999999972715,44.20000000000002,0.0,1.4210854715202004e-14
S03_EMPTY_ACON_LIGHTON_R2__RUN_20260913_121444__SESSION_004__SEG_01__W_00180,S03_EMPTY_ACON_LIGHTON_R2,S03_EMPTY_ACON_LIGHTON_R2__RUN_20260913_121444__SESSION_004,S03_EMPTY_ACON_LIGHTON_R2__RUN_20260913_121444__SESSION_004__SEG_01,2026-09-13T05:23:17.933000Z,2026-09-13T05:23:47.199000Z,0,1,1,EMPTY,0,0.0,0.0,0.0,0.0,0.0,0.0,0.0,2000.0,2000.0,0.0,28.596333333333337,0.010000000000001563,59.45433333333335,-0.05000000000000426,1006.6209999999999,0.029999999999972715,44.20000000000002,0.0,1.4210854715202004e-14
S03_EMPTY_ACON_LIGHTON_R2__RUN_20260913_121444__SESSION_004__SEG_01__W_00185,S03_EMPTY_ACON_LIGHTON_R2,S03_EMPTY_ACON_LIGHTON_R2__RUN_20260913_121444__SESSION_004,S03_EMPTY_ACON_LIGHTON_R2__RUN_20260913_121444__SESSION_004__SEG_01,2026-09-13T05:23:23.127000Z,2026-09-13T05:23:52.033000Z,0,1,1,EMPTY,0,0.0,0.0,0.0,0.0,0.0,0.0,0.0,2000.0,2000.0,0.0,28.598000000000003,0.010000000000001563,59.46533333333333,0.10999999999999943,1006.6236666666664,-0.009999999999990905,44.20000000000002,0.0,1.4210854715202004e-14
S03_EMPTY_ACON_LIGHTON_R2__RUN_20260913_121444__SESSION_004__SEG_01__W_00190,S03_EMPTY_ACON_LIGHTON_R2,S03_EMPTY_ACON_LIGHTON_R2__RUN_20260913_121444__SESSION_004,S03_EMPTY_ACON_LIGHTON_R2__RUN_20260913_121444__SESSION_004__SEG_01,2026-09-13T05:23:28.143000Z,2026-09-13T05:23:57.231000Z,0,1,1,EMPTY,0,0.0,0.0,0.0,0.0,0.0,0.0,0.0,2000.0,2000.0,0.0,28.599666666666675,0.010000000000001563,59.47599999999999,0.04999999999999716,1006.6189999999999,-0.049999999999954525,44.20000000000002,0.0,1.4210854715202004e-14
S03_EMPTY_ACON_LIGHTON_R2__RUN_20260913_121444__SESSION_004__SEG_01__W_00195,S03_EMPTY_ACON_LIGHTON_R2,S03_EMPTY_ACON_LIGHTON_R2__RUN_20260913_121444__SESSION_004,S03_EMPTY_ACON_LIGHTON_R2__RUN_20260913_121444__SESSION_004__SEG_01,2026-09-13T05:23:32.973000Z,2026-09-13T05:24:02.053000Z,0,1,1,EMPTY,0,0.0,0.0,0.0,0.0,0.0,0.0,0.0,2000.0,2000.0,0.0,28.60000000000001,0.0,59.485,0.17999999999999972,1006.6083333333335,-0.06999999999993634,44.20000000000002,0.0,1.4210854715202004e-14
S03_EMPTY_ACON_LIGHTON_R2__RUN_20260913_121444__SESSION_004__SEG_01__W_00200,S03_EMPTY_ACON_LIGHTON_R2,S03_EMPTY_ACON_LIGHTON_R2__RUN_20260913_121444__SESSION_004,S03_EMPTY_ACON_LIGHTON_R2__RUN_20260913_121444__SESSION_004__SEG_01,2026-09-13T05:23:37.989000Z,2026-09-13T05:24:07.069000Z,0,1,1,EMPTY,0,0.0,0.0,0.0,0.0,0.0,0.0,0.0,2000.0,2000.0,0.0,28.60000000000001,0.0,59.50766666666666,0.1700000000000017,1006.5980000000003,-0.05999999999994543,44.20000000000002,0.0,1.4210854715202004e-14
S03_EMPTY_ACON_LIGHTON_R2__RUN_20260913_121444__SESSION_004__SEG_01__W_00205,S03_EMPTY_ACON_LIGHTON_R2,S03_EMPTY_ACON_LIGHTON_R2__RUN_20260913_121444__SESSION_004,S03_EMPTY_ACON_LIGHTON_R2__RUN_20260913_121444__SESSION_004__SEG_01,2026-09-13T05:23:43.005000Z,2026-09-13T05:24:12.081000Z,0,1,1,EMPTY,0,0.0,0.0,0.0,0.0,0.0,0.0,0.0,2000.0,2000.0,0.0,28.60000000000001,0.0,59.53799999999998,0.22999999999999687,1006.5906666666668,-0.029999999999972715,44.20000000000002,0.0,1.4210854715202004e-14
S03_EMPTY_ACON_LIGHTON_R2__RUN_20260913_121444__SESSION_004__SEG_01__W_00210,S03_EMPTY_ACON_LIGHTON_R2,S03_EMPTY_ACON_LIGHTON_R2__RUN_20260913_121444__SESSION_004,S03_EMPTY_ACON_LIGHTON_R2__RUN_20260913_121444__SESSION_004__SEG_01,2026-09-13T05:23:48.017000Z,2026-09-13T05:24:17.101000Z,0,1,1,EMPTY,0,0.0,0.0,0.0,0.0,0.0,0.0,0.0,2000.0,2000.0,0.0,28.60000000000001,0.0,59.56433333333333,0.060000000000002274,1006.5860000000004,-0.01999999999998181,44.20000000000002,0.0,1.4210854715202004e-14
S03_EMPTY_ACON_LIGHTON_R2__RUN_20260913_121444__SESSION_004__SEG_01__W_00215,S03_EMPTY_ACON_LIGHTON_R2,S03_EMPTY_ACON_LIGHTON_R2__RUN_20260913_121444__SESSION_004,S03_EMPTY_ACON_LIGHTON_R2__RUN_20260913_121444__SESSION_004__SEG_01,2026-09-13T05:23:53.037000Z,2026-09-13T05:24:22.299000Z,0,1,1,EMPTY,0,0.0,0.0,0.0,0.0,0.0,0.0,0.0,2000.0,2000.0,0.0,28.600333333333342,0.00999999999999801,59.57866666666666,0.1599999999999966,1006.5830000000003,-0.009999999999990905,44.20000000000002,0.0,1.4210854715202004e-14
S03_EMPTY_ACON_LIGHTON_R2__RUN_20260913_121444__SESSION_004__SEG_01__W_00220,S03_EMPTY_ACON_LIGHTON_R2,S03_EMPTY_ACON_LIGHTON_R2__RUN_20260913_121444__SESSION_004,S03_EMPTY_ACON_LIGHTON_R2__RUN_20260913_121444__SESSION_004__SEG_01,2026-09-13T05:23:58.231000Z,2026-09-13T05:24:27.307000Z,0,1,1,EMPTY,0,0.0,0.0,0.0,0.0,0.0,0.0,0.0,2000.0,2000.0,0.0,28.600666666666672,0.0,59.59366666666666,0.09000000000000341,1006.582,0.0,44.20000000000002,0.0,1.4210854715202004e-14
S03_EMPTY_ACON_LIGHTON_R2__RUN_20260913_121444__SESSION_004__SEG_01__W_00225,S03_EMPTY_ACON_LIGHTON_R2,S03_EMPTY_ACON_LIGHTON_R2__RUN_20260913_121444__SESSION_004,S03_EMPTY_ACON_LIGHTON_R2__RUN_20260913_121444__SESSION_004__SEG_01,2026-09-13T05:24:03.057000Z,2026-09-13T05:24:32.311000Z,0,1,1,EMPTY,0,0.0,0.0,0.0,0.0,0.0,0.0,0.0,2000.0,2000.0,0.0,28.601666666666674,0.00999999999999801,59.60066666666666,0.00999999999999801,1006.5830000000001,0.009999999999990905,44.20000000000002,0.0,1.4210854715202004e-14
S03_EMPTY_ACON_LIGHTON_R2__RUN_20260913_121444__SESSION_004__SEG_01__W_00230,S03_EMPTY_ACON_LIGHTON_R2,S03_EMPTY_ACON_LIGHTON_R2__RUN_20260913_121444__SESSION_004,S03_EMPTY_ACON_LIGHTON_R2__RUN_20260913_121444__SESSION_004__SEG_01,2026-09-13T05:24:08.255000Z,2026-09-13T05:24:37.137000Z,0,1,1,EMPTY,0,0.0,0.0,0.0,0.0,0.0,0.0,0.0,2000.0,2000.0,0.0,28.60333333333334,0.00999999999999801,59.60099999999999,-0.03999999999999915,1006.5856666666666,0.029999999999972715,44.20000000000002,0.0,1.4210854715202004e-14
S03_EMPTY_ACON_LIGHTON_R2__RUN_20260913_121444__SESSION_004__SEG_01__W_00235,S03_EMPTY_ACON_LIGHTON_R2,S03_EMPTY_ACON_LIGHTON_R2__RUN_20260913_121444__SESSION_004,S03_EMPTY_ACON_LIGHTON_R2__RUN_20260913_121444__SESSION_004__SEG_01,2026-09-13T05:24:13.085000Z,2026-09-13T05:24:42.153000Z,0,1,1,EMPTY,0,0.0,0.0,0.0,0.0,0.0,0.0,0.0,2000.0,2000.0,0.0,28.605000000000004,0.00999999999999801,59.59133333333333,-0.04999999999999716,1006.5899999999999,0.029999999999972715,44.20000000000002,0.0,1.4210854715202004e-14
S03_EMPTY_ACON_LIGHTON_R2__RUN_20260913_121444__SESSION_004__SEG_01__W_00240,S03_EMPTY_ACON_LIGHTON_R2,S03_EMPTY_ACON_LIGHTON_R2__RUN_20260913_121444__SESSION_004,S03_EMPTY_ACON_LIGHTON_R2__RUN_20260913_121444__SESSION_004__SEG_01,2026-09-13T05:24:18.105000Z,2026-09-13T05:24:47.165000Z,0,1,1,EMPTY,0,0.0,0.0,0.0,0.0,0.0,0.0,0.0,2000.0,2000.0,0.0,28.60666666666667,0.00999999999999801,59.584666666666664,-0.10999999999999943,1006.5950000000001,0.029999999999972715,44.20000000000002,0.0,1.4210854715202004e-14
S03_EMPTY_ACON_LIGHTON_R2__RUN_20260913_121444__SESSION_004__SEG_01__W_00245,S03_EMPTY_ACON_LIGHTON_R2,S03_EMPTY_ACON_LIGHTON_R2__RUN_20260913_121444__SESSION_004,S03_EMPTY_ACON_LIGHTON_R2__RUN_20260913_121444__SESSION_004__SEG_01,2026-09-13T05:24:23.299000Z,2026-09-13T05:24:52.367000Z,0,1,1,EMPTY,0,0.0,0.0,0.0,0.0,0.0,0.0,0.0,2000.0,2000.0,0.0,28.608,0.0,59.564,-0.18999999999999773,1006.5996666666668,0.01999999999998181,44.20000000000002,0.0,1.4210854715202004e-14
S03_EMPTY_ACON_LIGHTON_R2__RUN_20260913_121444__SESSION_004__SEG_01__W_00250,S03_EMPTY_ACON_LIGHTON_R2,S03_EMPTY_ACON_LIGHTON_R2__RUN_20260913_121444__SESSION_004,S03_EMPTY_ACON_LIGHTON_R2__RUN_20260913_121444__SESSION_004__SEG_01,2026-09-13T05:24:28.307000Z,2026-09-13T05:24:57.193000Z,0,1,1,EMPTY,0,0.0,0.0,0.0,0.0,0.0,0.0,0.0,2000.0,2000.0,0.0,28.609333333333332,0.00999999999999801,59.53433333333334,-0.23000000000000398,1006.602,0.009999999999990905,44.20000000000002,0.0,1.4210854715202004e-14
S03_EMPTY_ACON_LIGHTON_R2__RUN_20260913_121444__SESSION_004__SEG_01__W_00255,S03_EMPTY_ACON_LIGHTON_R2,S03_EMPTY_ACON_LIGHTON_R2__RUN_20260913_121444__SESSION_004,S03_EMPTY_ACON_LIGHTON_R2__RUN_20260913_121444__SESSION_004__SEG_01,2026-09-13T05:24:33.129000Z,2026-09-13T05:25:02.391000Z,0,1,1,EMPTY,0,0.0,0.0,0.0,0.0,0.0,0.0,0.0,2000.0,2000.0,0.0,28.610000000000003,0.0,59.50500000000001,-0.1600000000000037,1006.6036666666664,0.009999999999990905,44.20000000000002,0.0,1.4210854715202004e-14
S03_EMPTY_ACON_LIGHTON_R2__RUN_20260913_121444__SESSION_004__SEG_01__W_00260,S03_EMPTY_ACON_LIGHTON_R2,S03_EMPTY_ACON_LIGHTON_R2__RUN_20260913_121444__SESSION_004,S03_EMPTY_ACON_LIGHTON_R2__RUN_20260913_121444__SESSION_004__SEG_01,2026-09-13T05:24:38.323000Z,2026-09-13T05:25:07.221000Z,0,1,1,EMPTY,0,0.0,0.0,0.0,0.0,0.0,0.0,0.0,2000.0,2000.0,0.0,28.610000000000003,0.0,59.48133333333335,-0.1600000000000037,1006.6046666666664,0.0,44.20000000000002,0.0,1.4210854715202004e-14
S03_EMPTY_ACON_LIGHTON_R2__RUN_20260913_121444__SESSION_004__SEG_01__W_00265,S03_EMPTY_ACON_LIGHTON_R2,S03_EMPTY_ACON_LIGHTON_R2__RUN_20260913_121444__SESSION_004,S03_EMPTY_ACON_LIGHTON_R2__RUN_20260913_121444__SESSION_004__SEG_01,2026-09-13T05:24:43.339000Z,2026-09-13T05:25:12.241000Z,0,1,1,EMPTY,0,0.0,0.0,0.0,0.0,0.0,0.0,0.0,2000.0,2000.0,0.0,28.610000000000003,0.0,59.469333333333346,-0.030000000000001137,1006.6049999999999,0.0,44.20000000000002,0.0,1.4210854715202004e-14
S03_EMPTY_ACON_LIGHTON_R2__RUN_20260913_121444__SESSION_004__SEG_01__W_00270,S03_EMPTY_ACON_LIGHTON_R2,S03_EMPTY_ACON_LIGHTON_R2__RUN_20260913_121444__SESSION_004,S03_EMPTY_ACON_LIGHTON_R2__RUN_20260913_121444__SESSION_004__SEG_01,2026-09-13T05:24:48.169000Z,2026-09-13T05:25:17.261000Z,0,1,1,EMPTY,0,0.0,0.0,0.0,0.0,0.0,0.0,0.0,2000.0,2000.0,0.0,28.610000000000003,0.0,59.46433333333333,-0.060000000000002274,1006.6039999999998,-0.009999999999990905,44.20000000000002,0.0,1.4210854715202004e-14
S03_EMPTY_ACON_LIGHTON_R2__RUN_20260913_121444__SESSION_004__SEG_01__W_00275,S03_EMPTY_ACON_LIGHTON_R2,S03_EMPTY_ACON_LIGHTON_R2__RUN_20260913_121444__SESSION_004,S03_EMPTY_ACON_LIGHTON_R2__RUN_20260913_121444__SESSION_004__SEG_01,2026-09-13T05:24:53.185000Z,2026-09-13T05:25:22.455000Z,0,1,1,EMPTY,0,0.0,0.0,0.0,0.0,0.0,0.0,0.0,2000.0,2000.0,0.0,28.610000000000003,0.0,59.45300000000001,0.0,1006.6000000000001,-0.029999999999972715,44.20000000000002,0.0,1.4210854715202004e-14
S03_EMPTY_ACON_LIGHTON_R2__RUN_20260913_121444__SESSION_004__SEG_01__W_00280,S03_EMPTY_ACON_LIGHTON_R2,S03_EMPTY_ACON_LIGHTON_R2__RUN_20260913_121444__SESSION_004,S03_EMPTY_ACON_LIGHTON_R2__RUN_20260913_121444__SESSION_004__SEG_01,2026-09-13T05:24:58.379000Z,2026-09-13T05:25:27.467000Z,0,1,1,EMPTY,0,0.0,0.0,0.0,0.0,0.0,0.0,0.0,2000.0,2000.0,0.0,28.610333333333337,0.0,59.43733333333332,-0.09000000000000341,1006.5966666666669,-0.01999999999998181,44.20000000000002,0.0,1.4210854715202004e-14
S03_EMPTY_ACON_LIGHTON_R2__RUN_20260913_121444__SESSION_004__SEG_01__W_00285,S03_EMPTY_ACON_LIGHTON_R2,S03_EMPTY_ACON_LIGHTON_R2__RUN_20260913_121444__SESSION_004,S03_EMPTY_ACON_LIGHTON_R2__RUN_20260913_121444__SESSION_004__SEG_01,2026-09-13T05:25:03.209000Z,2026-09-13T05:25:32.293000Z,0,1,1,EMPTY,0,0.0,0.0,0.0,0.0,0.0,0.0,0.0,2000.0,2000.0,0.0,28.612000000000005,0.010000000000001563,59.41866666666665,-0.060000000000002274,1006.595,-0.009999999999990905,44.20000000000002,0.0,1.4210854715202004e-14
S03_EMPTY_ACON_LIGHTON_R2__RUN_20260913_121444__SESSION_004__SEG_01__W_00290,S03_EMPTY_ACON_LIGHTON_R2,S03_EMPTY_ACON_LIGHTON_R2__RUN_20260913_121444__SESSION_004,S03_EMPTY_ACON_LIGHTON_R2__RUN_20260913_121444__SESSION_004__SEG_01,2026-09-13T05:25:08.225000Z,2026-09-13T05:25:37.313000Z,0,1,1,EMPTY,0,0.0,0.0,0.0,0.0,0.0,0.0,0.0,2000.0,2000.0,0.0,28.612333333333336,0.0,59.39999999999999,-0.14999999999999858,1006.5933333333334,-0.009999999999990905,44.20000000000002,0.0,1.4210854715202004e-14
S03_EMPTY_ACON_LIGHTON_R2__RUN_20260913_121444__SESSION_004__SEG_01__W_00295,S03_EMPTY_ACON_LIGHTON_R2,S03_EMPTY_ACON_LIGHTON_R2__RUN_20260913_121444__SESSION_004,S03_EMPTY_ACON_LIGHTON_R2__RUN_20260913_121444__SESSION_004__SEG_01,2026-09-13T05:25:13.245000Z,2026-09-13T05:25:42.325000Z,0,1,1,EMPTY,0,0.0,0.0,0.0,0.0,0.0,0.0,0.0,2000.0,2000.0,0.0,28.612333333333336,0.0,59.359666666666676,-0.38000000000000256,1006.5900000000001,-0.029999999999972715,44.20000000000002,0.0,1.4210854715202004e-14
S03_EMPTY_ACON_LIGHTON_R2__RUN_20260913_121444__SESSION_004__SEG_01__W_00300,S03_EMPTY_ACON_LIGHTON_R2,S03_EMPTY_ACON_LIGHTON_R2__RUN_20260913_121444__SESSION_004,S03_EMPTY_ACON_LIGHTON_R2__RUN_20260913_121444__SESSION_004__SEG_01,2026-09-13T05:25:18.447000Z,2026-09-13T05:25:47.345000Z,0,1,1,EMPTY,0,0.0,0.0,0.0,0.0,0.0,0.0,0.0,2000.0,2000.0,0.0,28.612333333333336,0.0,59.317,-0.22000000000000597,1006.5853333333337,-0.01999999999998181,44.20000000000002,0.0,1.4210854715202004e-14
S03_EMPTY_ACON_LIGHTON_R2__RUN_20260913_121444__SESSION_004__SEG_01__W_00305,S03_EMPTY_ACON_LIGHTON_R2,S03_EMPTY_ACON_LIGHTON_R2__RUN_20260913_121444__SESSION_004,S03_EMPTY_ACON_LIGHTON_R2__RUN_20260913_121444__SESSION_004__SEG_01,2026-09-13T05:25:23.273000Z,2026-09-13T05:25:52.365000Z,0,1,1,EMPTY,0,0.0,0.0,0.0,0.0,0.0,0.0,0.0,2000.0,2000.0,0.0,28.612333333333336,0.0,59.284666666666666,-0.22999999999999687,1006.5816666666668,-0.020000000000095497,44.20000000000002,0.0,1.4210854715202004e-14
S03_EMPTY_ACON_LIGHTON_R2__RUN_20260913_121444__SESSION_004__SEG_01__W_00310,S03_EMPTY_ACON_LIGHTON_R2,S03_EMPTY_ACON_LIGHTON_R2__RUN_20260913_121444__SESSION_004,S03_EMPTY_ACON_LIGHTON_R2__RUN_20260913_121444__SESSION_004__SEG_01,2026-09-13T05:25:28.285000Z,2026-09-13T05:25:57.381000Z,0,1,1,EMPTY,0,0.0,0.0,0.0,0.0,0.0,0.0,0.0,2000.0,2000.0,0.0,28.612000000000005,-0.010000000000001563,59.26766666666667,-0.060000000000002274,1006.5776666666669,-0.030000000000086402,44.20000000000002,0.0,1.4210854715202004e-14
S03_EMPTY_ACON_LIGHTON_R2__RUN_20260913_121444__SESSION_004__SEG_01__W_00315,S03_EMPTY_ACON_LIGHTON_R2,S03_EMPTY_ACON_LIGHTON_R2__RUN_20260913_121444__SESSION_004,S03_EMPTY_ACON_LIGHTON_R2__RUN_20260913_121444__SESSION_004__SEG_01,2026-09-13T05:25:33.297000Z,2026-09-13T05:26:02.393000Z,0,1,1,EMPTY,0,0.0,0.0,0.0,0.0,0.0,0.0,0.0,2000.0,2000.0,0.0,28.61033333333334,-0.010000000000001563,59.25933333333333,-0.17999999999999972,1006.5726666666669,-0.030000000000086402,44.20000000000002,0.0,1.4210854715202004e-14
S03_EMPTY_ACON_LIGHTON_R2__RUN_20260913_121444__SESSION_004__SEG_01__W_00320,S03_EMPTY_ACON_LIGHTON_R2,S03_EMPTY_ACON_LIGHTON_R2__RUN_20260913_121444__SESSION_004,S03_EMPTY_ACON_LIGHTON_R2__RUN_20260913_121444__SESSION_004__SEG_01,2026-09-13T05:25:38.317000Z,2026-09-13T05:26:07.409000Z,0,1,1,EMPTY,0,0.0,0.0,0.0,0.0,0.0,0.0,0.0,2000.0,2000.0,0.0,28.610000000000003,0.0,59.24266666666667,-0.07000000000000028,1006.5676666666669,-0.030000000000086402,44.20000000000002,0.0,1.4210854715202004e-14
S03_EMPTY_ACON_LIGHTON_R2__RUN_20260913_121444__SESSION_004__SEG_01__W_00325,S03_EMPTY_ACON_LIGHTON_R2,S03_EMPTY_ACON_LIGHTON_R2__RUN_20260913_121444__SESSION_004,S03_EMPTY_ACON_LIGHTON_R2__RUN_20260913_121444__SESSION_004__SEG_01,2026-09-13T05:25:43.329000Z,2026-09-13T05:26:12.611000Z,0,1,1,EMPTY,0,0.0,0.0,0.0,0.0,0.0,0.0,0.0,2000.0,2000.0,0.0,28.610000000000003,0.0,59.248333333333335,0.03999999999999915,1006.5633333333336,-0.020000000000095497,44.20000000000002,0.0,1.4210854715202004e-14
S03_EMPTY_ACON_LIGHTON_R2__RUN_20260913_121444__SESSION_004__SEG_01__W_00330,S03_EMPTY_ACON_LIGHTON_R2,S03_EMPTY_ACON_LIGHTON_R2__RUN_20260913_121444__SESSION_004,S03_EMPTY_ACON_LIGHTON_R2__RUN_20260913_121444__SESSION_004__SEG_01,2026-09-13T05:25:48.349000Z,2026-09-13T05:26:17.619000Z,0,1,1,EMPTY,0,0.0,0.0,0.0,0.0,0.0,0.0,0.0,2000.0,2000.0,0.0,28.610000000000003,0.0,59.25799999999999,0.09000000000000341,1006.5606666666669,-0.010000000000104592,44.20000000000002,0.0,1.4210854715202004e-14
S03_EMPTY_ACON_LIGHTON_R2__RUN_20260913_121444__SESSION_004__SEG_01__W_00335,S03_EMPTY_ACON_LIGHTON_R2,S03_EMPTY_ACON_LIGHTON_R2__RUN_20260913_121444__SESSION_004,S03_EMPTY_ACON_LIGHTON_R2__RUN_20260913_121444__SESSION_004__SEG_01,2026-09-13T05:25:53.551000Z,2026-09-13T05:26:22.449000Z,0,1,1,EMPTY,0,0.0,0.0,0.0,0.0,0.0,0.0,0.0,2000.0,2000.0,0.0,28.610000000000003,0.0,59.27233333333333,0.14000000000000057,1006.5596666666668,-0.009999999999990905,44.20000000000002,0.0,1.4210854715202004e-14
S03_EMPTY_ACON_LIGHTON_R2__RUN_20260913_121444__SESSION_004__SEG_01__W_00340,S03_EMPTY_ACON_LIGHTON_R2,S03_EMPTY_ACON_LIGHTON_R2__RUN_20260913_121444__SESSION_004,S03_EMPTY_ACON_LIGHTON_R2__RUN_20260913_121444__SESSION_004__SEG_01,2026-09-13T05:25:58.567000Z,2026-09-13T05:26:27.643000Z,0,1,1,EMPTY,0,0.0,0.0,0.0,0.0,0.0,0.0,0.0,2000.0,2000.0,0.0,28.610000000000003,0.0,59.275666666666666,-0.03999999999999915,1006.5593333333334,0.0,44.20000000000002,0.0,1.4210854715202004e-14
S04_LOW_ACON_LIGHTON__RUN_20260913_121444__SESSION_005__SEG_01__W_00000,S04_LOW_ACON_LIGHTON,S04_LOW_ACON_LIGHTON__RUN_20260913_121444__SESSION_005,S04_LOW_ACON_LIGHTON__RUN_20260913_121444__SESSION_005__SEG_01,2026-09-13T05:36:32.326000Z,2026-09-13T05:37:01.253000Z,1,1,1,LOW,1,0.3333333333333333,0.0,0.3333333333333333,0.0,5.0,0.0,0.16666666666666666,477.0,850.0,178.1026670210191,28.730666666666668,0.019999999999999574,58.92733333333333,-0.5,1006.4196666666668,0.030000000000086402,43.93,0.9000000000000057,0.4124318125460282
S04_LOW_ACON_LIGHTON__RUN_20260913_121444__SESSION_005__SEG_01__W_00005,S04_LOW_ACON_LIGHTON,S04_LOW_ACON_LIGHTON__RUN_20260913_121444__SESSION_005,S04_LOW_ACON_LIGHTON__RUN_20260913_121444__SESSION_005__SEG_01,2026-09-13T05:36:37.351000Z,2026-09-13T05:37:06.268000Z,1,1,1,LOW,1,0.3,0.0,0.3,0.0,6.0,0.0,0.0,2000.0,2000.0,0.0,28.733999999999998,0.00999999999999801,58.85966666666666,-0.25,1006.425333333333,0.04000000000007731,44.08000000000001,0.9000000000000057,0.30594117081556893
S04_LOW_ACON_LIGHTON__RUN_20260913_121444__SESSION_005__SEG_01__W_00010,S04_LOW_ACON_LIGHTON,S04_LOW_ACON_LIGHTON__RUN_20260913_121444__SESSION_005,S04_LOW_ACON_LIGHTON__RUN_20260913_121444__SESSION_005__SEG_01,2026-09-13T05:36:42.186000Z,2026-09-13T05:37:11.471000Z,1,1,1,LOW,1,0.3333333333333333,0.0,0.3333333333333333,0.0,7.0,0.0,0.0,2000.0,2000.0,0.0,28.735666666666667,0.00999999999999801,58.823333333333345,-0.1599999999999966,1006.4300000000001,0.029999999999972715,44.20000000000002,0.0,1.4210854715202004e-14
S04_LOW_ACON_LIGHTON__RUN_20260913_121444__SESSION_005__SEG_01__W_00015,S04_LOW_ACON_LIGHTON,S04_LOW_ACON_LIGHTON__RUN_20260913_121444__SESSION_005,S04_LOW_ACON_LIGHTON__RUN_20260913_121444__SESSION_005__SEG_01,2026-09-13T05:36:47.201000Z,2026-09-13T05:37:16.308000Z,1,1,1,LOW,1,0.3,0.0,0.3,0.0,6.0,0.0,0.0,2000.0,2000.0,0.0,28.737333333333332,0.00999999999999801,58.80366666666667,-0.07000000000000028,1006.4329999999998,0.009999999999990905,44.20000000000002,0.0,1.4210854715202004e-14
S04_LOW_ACON_LIGHTON__RUN_20260913_121444__SESSION_005__SEG_01__W_00020,S04_LOW_ACON_LIGHTON,S04_LOW_ACON_LIGHTON__RUN_20260913_121444__SESSION_005,S04_LOW_ACON_LIGHTON__RUN_20260913_121444__SESSION_005__SEG_01,2026-09-13T05:36:52.220000Z,2026-09-13T05:37:21.505000Z,1,1,1,LOW,1,0.26666666666666666,0.0,0.26666666666666666,0.0,7.0,0.0,0.0,2000.0,2000.0,0.0,28.739,0.00999999999999801,58.79833333333333,0.060000000000002274,1006.4339999999996,-0.009999999999990905,44.20000000000002,0.0,1.4210854715202004e-14
S04_LOW_ACON_LIGHTON__RUN_20260913_121444__SESSION_005__SEG_01__W_00025,S04_LOW_ACON_LIGHTON,S04_LOW_ACON_LIGHTON__RUN_20260913_121444__SESSION_005,S04_LOW_ACON_LIGHTON__RUN_20260913_121444__SESSION_005__SEG_01,2026-09-13T05:36:57.419000Z,2026-09-13T05:37:26.340000Z,1,1,1,LOW,1,0.3,0.0,0.3,0.0,8.0,0.0,0.0,2000.0,2000.0,0.0,28.740000000000002,0.0,58.78866666666667,-0.10999999999999943,1006.4299999999997,-0.04000000000007731,44.20000000000002,0.0,1.4210854715202004e-14
S04_LOW_ACON_LIGHTON__RUN_20260913_121444__SESSION_005__SEG_01__W_00030,S04_LOW_ACON_LIGHTON,S04_LOW_ACON_LIGHTON__RUN_20260913_121444__SESSION_005,S04_LOW_ACON_LIGHTON__RUN_20260913_121444__SESSION_005__SEG_01,2026-09-13T05:37:02.256000Z,2026-09-13T05:37:31.359000Z,1,1,1,LOW,1,0.3,0.0,0.3,0.0,8.0,0.0,0.0,2000.0,2000.0,0.0,28.740000000000002,0.0,58.77899999999999,0.00999999999999801,1006.4246666666664,-0.020000000000095497,44.20000000000002,0.0,1.4210854715202004e-14
S04_LOW_ACON_LIGHTON__RUN_20260913_121444__SESSION_005__SEG_01__W_00035,S04_LOW_ACON_LIGHTON,S04_LOW_ACON_LIGHTON__RUN_20260913_121444__SESSION_005,S04_LOW_ACON_LIGHTON__RUN_20260913_121444__SESSION_005__SEG_01,2026-09-13T05:37:07.453000Z,2026-09-13T05:37:36.376000Z,1,1,1,LOW,1,0.3333333333333333,0.0,0.3333333333333333,0.0,8.0,0.0,0.0,2000.0,2000.0,0.0,28.740000000000002,0.0,58.782000000000004,-0.060000000000002274,1006.4203333333331,-0.030000000000086402,44.20000000000002,0.0,1.4210854715202004e-14
S04_LOW_ACON_LIGHTON__RUN_20260913_121444__SESSION_005__SEG_01__W_00040,S04_LOW_ACON_LIGHTON,S04_LOW_ACON_LIGHTON__RUN_20260913_121444__SESSION_005,S04_LOW_ACON_LIGHTON__RUN_20260913_121444__SESSION_005__SEG_01,2026-09-13T05:37:12.294000Z,2026-09-13T05:37:41.391000Z,1,1,1,LOW,1,0.26666666666666666,0.0,0.26666666666666666,0.0,8.0,0.0,0.0,2000.0,2000.0,0.0,28.740000000000002,0.0,58.78233333333334,0.020000000000003126,1006.4150000000003,-0.029999999999972715,44.20000000000002,0.0,1.4210854715202004e-14
S04_LOW_ACON_LIGHTON__RUN_20260913_121444__SESSION_005__SEG_01__W_00045,S04_LOW_ACON_LIGHTON,S04_LOW_ACON_LIGHTON__RUN_20260913_121444__SESSION_005,S04_LOW_ACON_LIGHTON__RUN_20260913_121444__SESSION_005__SEG_01,2026-09-13T05:37:17.311000Z,2026-09-13T05:37:46.408000Z,1,1,1,LOW,1,0.26666666666666666,0.0,0.26666666666666666,0.0,8.0,0.0,0.0,2000.0,2000.0,0.0,28.740000000000002,0.0,58.782666666666664,0.13000000000000256,1006.4116666666669,-0.01999999999998181,44.20000000000002,0.0,1.4210854715202004e-14
S04_LOW_ACON_LIGHTON__RUN_20260913_121444__SESSION_005__SEG_01__W_00050,S04_LOW_ACON_LIGHTON,S04_LOW_ACON_LIGHTON__RUN_20260913_121444__SESSION_005,S04_LOW_ACON_LIGHTON__RUN_20260913_121444__SESSION_005__SEG_01,2026-09-13T05:37:22.328000Z,2026-09-13T05:37:51.423000Z,1,1,1,LOW,1,0.3,0.0,0.3,0.0,9.0,0.0,0.0,2000.0,2000.0,0.0,28.740000000000002,0.0,58.75433333333334,-0.1699999999999946,1006.4083333333335,-0.01999999999998181,44.20000000000002,0.0,1.4210854715202004e-14
S04_LOW_ACON_LIGHTON__RUN_20260913_121444__SESSION_005__SEG_01__W_00055,S04_LOW_ACON_LIGHTON,S04_LOW_ACON_LIGHTON__RUN_20260913_121444__SESSION_005,S04_LOW_ACON_LIGHTON__RUN_20260913_121444__SESSION_005__SEG_01,2026-09-13T05:37:27.525000Z,2026-09-13T05:37:56.438000Z,1,1,1,LOW,1,0.3,0.0,0.3,0.0,9.0,0.0,0.0,2000.0,2000.0,0.0,28.738333333333337,-0.00999999999999801,58.728333333333346,-0.10000000000000142,1006.4053333333336,-0.009999999999990905,44.20000000000002,0.0,1.4210854715202004e-14
S04_LOW_ACON_LIGHTON__RUN_20260913_121444__SESSION_005__SEG_01__W_00060,S04_LOW_ACON_LIGHTON,S04_LOW_ACON_LIGHTON__RUN_20260913_121444__SESSION_005,S04_LOW_ACON_LIGHTON__RUN_20260913_121444__SESSION_005__SEG_01,2026-09-13T05:37:32.362000Z,2026-09-13T05:38:01.637000Z,1,1,1,LOW,1,0.3,0.0,0.3,0.0,9.0,0.0,0.0,2000.0,2000.0,0.0,28.73666666666667,-0.00999999999999801,58.700333333333326,-0.07000000000000028,1006.4016666666668,-0.029999999999972715,44.20000000000002,0.0,1.4210854715202004e-14
S04_LOW_ACON_LIGHTON__RUN_20260913_121444__SESSION_005__SEG_01__W_00065,S04_LOW_ACON_LIGHTON,S04_LOW_ACON_LIGHTON__RUN_20260913_121444__SESSION_005,S04_LOW_ACON_LIGHTON__RUN_20260913_121444__SESSION_005__SEG_01,2026-09-13T05:37:37.379000Z,2026-09-13T05:38:06.654000Z,1,1,1,LOW,1,0.26666666666666666,0.0,0.26666666666666666,0.0,8.0,0.0,0.0,2000.0,2000.0,0.0,28.735000000000003,-0.00999999999999801,58.69100000000001,-0.12000000000000455,1006.3960000000001,-0.01999999999998181,44.20000000000002,0.0,1.4210854715202004e-14
S04_LOW_ACON_LIGHTON__RUN_20260913_121444__SESSION_005__SEG_01__W_00070,S04_LOW_ACON_LIGHTON,S04_LOW_ACON_LIGHTON__RUN_20260913_121444__SESSION_005,S04_LOW_ACON_LIGHTON__RUN_20260913_121444__SESSION_005__SEG_01,2026-09-13T05:37:42.576000Z,2026-09-13T05:38:11.673000Z,1,1,1,LOW,1,0.23333333333333334,0.0,0.23333333333333334,0.0,6.0,0.0,0.0,2000.0,2000.0,0.0,28.731666666666673,-0.019999999999999574,58.68033333333334,0.0,1006.3909999999998,-0.029999999999972715,44.20000000000002,0.0,1.4210854715202004e-14
S04_LOW_ACON_LIGHTON__RUN_20260913_121444__SESSION_005__SEG_01__W_00075,S04_LOW_ACON_LIGHTON,S04_LOW_ACON_LIGHTON__RUN_20260913_121444__SESSION_005,S04_LOW_ACON_LIGHTON__RUN_20260913_121444__SESSION_005__SEG_01,2026-09-13T05:37:47.411000Z,2026-09-13T05:38:16.508000Z,1,1,1,LOW,1,0.2,0.0,0.2,0.0,5.0,0.0,0.0,2000.0,2000.0,0.0,28.72833333333334,-0.019999999999999574,58.658,-0.14000000000000057,1006.3856666666665,-0.029999999999972715,44.20000000000002,0.0,1.4210854715202004e-14
S04_LOW_ACON_LIGHTON__RUN_20260913_121444__SESSION_005__SEG_01__W_00080,S04_LOW_ACON_LIGHTON,S04_LOW_ACON_LIGHTON__RUN_20260913_121444__SESSION_005,S04_LOW_ACON_LIGHTON__RUN_20260913_121444__SESSION_005__SEG_01,2026-09-13T05:37:52.426000Z,2026-09-13T05:38:21.527000Z,1,1,1,LOW,1,0.13333333333333333,0.0,0.13333333333333333,0.0,4.0,0.0,0.0,2000.0,2000.0,0.0,28.72500000000001,-0.010000000000001563,58.638999999999996,-0.10000000000000142,1006.3790000000001,-0.03999999999996362,44.20000000000002,0.0,1.4210854715202004e-14
S04_LOW_ACON_LIGHTON__RUN_20260913_121444__SESSION_005__SEG_01__W_00085,S04_LOW_ACON_LIGHTON,S04_LOW_ACON_LIGHTON__RUN_20260913_121444__SESSION_005,S04_LOW_ACON_LIGHTON__RUN_20260913_121444__SESSION_005__SEG_01,2026-09-13T05:37:57.623000Z,2026-09-13T05:38:26.726000Z,1,1,1,LOW,1,0.06666666666666667,0.0,0.06666666666666667,0.0,2.0,0.0,0.0,2000.0,2000.0,0.0,28.723333333333343,-0.010000000000001563,58.618333333333325,-0.11999999999999744,1006.3723333333335,-0.03999999999996362,44.20000000000002,0.0,1.4210854715202004e-14
S04_LOW_ACON_LIGHTON__RUN_20260913_121444__SESSION_005__SEG_01__W_00090,S04_LOW_ACON_LIGHTON,S04_LOW_ACON_LIGHTON__RUN_20260913_121444__SESSION_005,S04_LOW_ACON_LIGHTON__RUN_20260913_121444__SESSION_005__SEG_01,2026-09-13T05:38:02.460000Z,2026-09-13T05:38:31.561000Z,1,1,1,LOW,1,0.1,0.0,0.1,0.0,2.0,0.0,0.0,2000.0,2000.0,0.0,28.721333333333337,-0.019999999999999574,58.59233333333334,-0.25,1006.3666666666669,-0.01999999999998181,44.20000000000002,0.0,1.4210854715202004e-14
S04_LOW_ACON_LIGHTON__RUN_20260913_121444__SESSION_005__SEG_01__W_00095,S04_LOW_ACON_LIGHTON,S04_LOW_ACON_LIGHTON__RUN_20260913_121444__SESSION_005,S04_LOW_ACON_LIGHTON__RUN_20260913_121444__SESSION_005__SEG_01,2026-09-13T05:38:07.659000Z,2026-09-13T05:38:36.762000Z,1,1,1,LOW,1,0.1,0.0,0.1,0.0,2.0,0.0,0.0,2000.0,2000.0,0.0,28.718000000000007,-0.00999999999999801,58.55233333333334,-0.28000000000000114,1006.3633333333335,-0.009999999999990905,44.20000000000002,0.0,1.4210854715202004e-14
S04_LOW_ACON_LIGHTON__RUN_20260913_121444__SESSION_005__SEG_01__W_00100,S04_LOW_ACON_LIGHTON,S04_LOW_ACON_LIGHTON__RUN_20260913_121444__SESSION_005,S04_LOW_ACON_LIGHTON__RUN_20260913_121444__SESSION_005__SEG_01,2026-09-13T05:38:12.496000Z,2026-09-13T05:38:41.781000Z,1,1,1,LOW,1,0.13333333333333333,0.0,0.13333333333333333,0.0,3.0,0.0,0.0,2000.0,2000.0,0.0,28.716333333333342,-0.00999999999999801,58.526,-0.11999999999999744,1006.3616666666669,-0.009999999999990905,44.20000000000002,0.0,1.4210854715202004e-14
S04_LOW_ACON_LIGHTON__RUN_20260913_121444__SESSION_005__SEG_01__W_00105,S04_LOW_ACON_LIGHTON,S04_LOW_ACON_LIGHTON__RUN_20260913_121444__SESSION_005,S04_LOW_ACON_LIGHTON__RUN_20260913_121444__SESSION_005__SEG_01,2026-09-13T05:38:17.511000Z,2026-09-13T05:38:46.616000Z,1,1,1,LOW,1,0.16666666666666666,0.0,0.16666666666666666,0.0,4.0,0.0,0.0,2000.0,2000.0,0.0,28.714666666666677,-0.00999999999999801,58.52233333333333,0.09000000000000341,1006.3589999999999,-0.009999999999990905,44.20000000000002,0.0,1.4210854715202004e-14
S04_LOW_ACON_LIGHTON__RUN_20260913_121444__SESSION_005__SEG_01__W_00110,S04_LOW_ACON_LIGHTON,S04_LOW_ACON_LIGHTON__RUN_20260913_121444__SESSION_005,S04_LOW_ACON_LIGHTON__RUN_20260913_121444__SESSION_005__SEG_01,2026-09-13T05:38:22.530000Z,2026-09-13T05:38:51.635000Z,1,1,1,LOW,1,0.26666666666666666,0.0,0.26666666666666666,0.0,6.0,0.0,0.0,2000.0,2000.0,0.0,28.71300000000001,-0.00999999999999801,58.51700000000001,0.00999999999999801,1006.357333333333,-0.009999999999990905,44.20000000000002,0.0,1.4210854715202004e-14
S04_LOW_ACON_LIGHTON__RUN_20260913_121444__SESSION_005__SEG_01__W_00115,S04_LOW_ACON_LIGHTON,S04_LOW_ACON_LIGHTON__RUN_20260913_121444__SESSION_005,S04_LOW_ACON_LIGHTON__RUN_20260913_121444__SESSION_005__SEG_01,2026-09-13T05:38:27.549000Z,2026-09-13T05:38:56.838000Z,1,1,1,LOW,1,0.3,0.0,0.3,0.0,7.0,0.0,0.0,2000.0,2000.0,0.0,28.71133333333334,-0.00999999999999801,58.508,0.00999999999999801,1006.3556666666664,-0.009999999999990905,44.11000000000001,0.0,0.2700000000000017
S04_LOW_ACON_LIGHTON__RUN_20260913_121444__SESSION_005__SEG_01__W_00120,S04_LOW_ACON_LIGHTON,S04_LOW_ACON_LIGHTON__RUN_20260913_121444__SESSION_005,S04_LOW_ACON_LIGHTON__RUN_20260913_121444__SESSION_005__SEG_01,2026-09-13T05:38:32.564000Z,2026-09-13T05:39:01.673000Z,1,1,1,LOW,1,0.23333333333333334,0.0,0.23333333333333334,0.0,6.0,0.0,0.0,2000.0,2000.0,0.0,28.71133333333334,0.00999999999999801,58.509666666666675,0.04999999999999716,1006.3539999999997,-0.009999999999990905,44.110000000000014,0.0,0.2700000000000017
S04_LOW_ACON_LIGHTON__RUN_20260913_121444__SESSION_005__SEG_01__W_00125,S04_LOW_ACON_LIGHTON,S04_LOW_ACON_LIGHTON__RUN_20260913_121444__SESSION_005,S04_LOW_ACON_LIGHTON__RUN_20260913_121444__SESSION_005__SEG_01,2026-09-13T05:38:37.767000Z,2026-09-13T05:39:06.688000Z,1,1,1,LOW,1,0.3,0.0,0.3,0.0,6.0,0.0,0.0,2000.0,2000.0,0.0,28.713000000000005,0.00999999999999801,58.513,0.09000000000000341,1006.352333333333,-0.009999999999990905,44.080000000000005,0.0,0.305941170815569
S04_LOW_ACON_LIGHTON__RUN_20260913_121444__SESSION_005__SEG_01__W_00130,S04_LOW_ACON_LIGHTON,S04_LOW_ACON_LIGHTON__RUN_20260913_121444__SESSION_005,S04_LOW_ACON_LIGHTON__RUN_20260913_121444__SESSION_005__SEG_01,2026-09-13T05:38:42.604000Z,2026-09-13T05:39:11.891000Z,1,1,1,LOW,1,0.3,0.0,0.3,0.0,6.0,0.0,0.03333333333333333,615.0,615.0,0.0,28.713333333333342,0.0,58.521666666666654,-0.10000000000000142,1006.3506666666665,-0.009999999999990905,44.08000000000001,0.0,0.305941170815569
S04_LOW_ACON_LIGHTON__RUN_20260913_121444__SESSION_005__SEG_01__W_00135,S04_LOW_ACON_LIGHTON,S04_LOW_ACON_LIGHTON__RUN_20260913_121444__SESSION_005,S04_LOW_ACON_LIGHTON__RUN_20260913_121444__SESSION_005__SEG_01,2026-09-13T05:38:47.801000Z,2026-09-13T05:39:16.730000Z,1,1,1,LOW,1,0.3,0.06666666666666667,0.3333333333333333,0.03333333333333333,5.0,1.0,0.03333333333333333,615.0,615.0,0.0,28.713333333333345,0.0,58.507,-0.030000000000001137,1006.3496666666665,-0.009999999999990905,44.02,-0.9000000000000057,0.3600000000000023
S04_LOW_ACON_LIGHTON__RUN_20260913_121444__SESSION_005__SEG_01__W_00140,S04_LOW_ACON_LIGHTON,S04_LOW_ACON_LIGHTON__RUN_20260913_121444__SESSION_005,S04_LOW_ACON_LIGHTON__RUN_20260913_121444__SESSION_005__SEG_01,2026-09-13T05:38:52.820000Z,2026-09-13T05:39:21.931000Z,1,1,1,LOW,1,0.2,0.16666666666666666,0.3333333333333333,0.03333333333333333,4.0,2.0,0.06666666666666667,603.0,609.0,6.0,28.713333333333345,0.0,58.474000000000004,-0.21999999999999886,1006.3483333333334,-0.009999999999990905,43.99000000000001,0.9000000000000057,0.3806573262134881
S04_LOW_ACON_LIGHTON__RUN_20260913_121444__SESSION_005__SEG_01__W_00145,S04_LOW_ACON_LIGHTON,S04_LOW_ACON_LIGHTON__RUN_20260913_121444__SESSION_005,S04_LOW_ACON_LIGHTON__RUN_20260913_121444__SESSION_005__SEG_01,2026-09-13T05:38:57.661000Z,2026-09-13T05:39:26.768000Z,1,1,1,LOW,1,0.26666666666666666,0.2,0.4,0.06666666666666667,4.0,3.0,0.06666666666666667,603.0,609.0,6.0,28.713333333333345,0.0,58.433,-0.1700000000000017,1006.3466666666667,-0.009999999999990905,44.08000000000001,0.0,0.305941170815569
S04_LOW_ACON_LIGHTON__RUN_20260913_121444__SESSION_005__SEG_01__W_00150,S04_LOW_ACON_LIGHTON,S04_LOW_ACON_LIGHTON__RUN_20260913_121444__SESSION_005,S04_LOW_ACON_LIGHTON__RUN_20260913_121444__SESSION_005__SEG_01,2026-09-13T05:39:02.676000Z,2026-09-13T05:39:31.787000Z,1,1,1,LOW,1,0.3,0.2,0.43333333333333335,0.06666666666666667,5.0,3.0,0.06666666666666667,603.0,609.0,6.0,28.712000000000003,-0.00999999999999801,58.39566666666666,-0.1599999999999966,1006.3440000000002,-0.01999999999998181,44.08000000000001,0.0,0.30594117081556893
S04_LOW_ACON_LIGHTON__RUN_20260913_121444__SESSION_005__SEG_01__W_00155,S04_LOW_ACON_LIGHTON,S04_LOW_ACON_LIGHTON__RUN_20260913_121444__SESSION_005,S04_LOW_ACON_LIGHTON__RUN_20260913_121444__SESSION_005__SEG_01,2026-09-13T05:39:07.691000Z,2026-09-13T05:39:36.804000Z,1,1,1,LOW,1,0.26666666666666666,0.2,0.4,0.06666666666666667,6.0,3.0,0.06666666666666667,603.0,609.0,6.0,28.708666666666673,-0.019999999999999574,58.359333333333325,-0.240000000000002,1006.339,-0.029999999999972715,44.110000000000014,0.0,0.2700000000000017
S04_LOW_ACON_LIGHTON__RUN_20260913_121444__SESSION_005__SEG_01__W_00160,S04_LOW_ACON_LIGHTON,S04_LOW_ACON_LIGHTON__RUN_20260913_121444__SESSION_005,S04_LOW_ACON_LIGHTON__RUN_20260913_121444__SESSION_005__SEG_01,2026-09-13T05:39:12.896000Z,2026-09-13T05:39:42.005000Z,1,1,1,LOW,1,0.26666666666666666,0.2,0.4,0.06666666666666667,5.0,2.0,0.03333333333333333,603.0,603.0,0.0,28.706666666666674,-0.010000000000001563,58.32666666666666,-0.03999999999999915,1006.334,-0.029999999999972715,44.11000000000001,0.0,0.2700000000000017
S04_LOW_ACON_LIGHTON__RUN_20260913_121444__SESSION_005__SEG_01__W_00165,S04_LOW_ACON_LIGHTON,S04_LOW_ACON_LIGHTON__RUN_20260913_121444__SESSION_005,S04_LOW_ACON_LIGHTON__RUN_20260913_121444__SESSION_005__SEG_01,2026-09-13T05:39:17.733000Z,2026-09-13T05:39:46.846000Z,1,1,1,LOW,1,0.3333333333333333,0.13333333333333333,0.43333333333333335,0.03333333333333333,6.0,1.0,0.06666666666666667,481.0,542.0,61.0,28.70466666666668,-0.019999999999999574,58.297999999999995,-0.12999999999999545,1006.3293333333332,-0.01999999999998181,44.17000000000001,0.9000000000000057,0.16155494421403616
S04_LOW_ACON_LIGHTON__RUN_20260913_121444__SESSION_005__SEG_01__W_00170,S04_LOW_ACON_LIGHTON,S04_LOW_ACON_LIGHTON__RUN_20260913_121444__SESSION_005,S04_LOW_ACON_LIGHTON__RUN_20260913_121444__SESSION_005__SEG_01,2026-09-13T05:39:22.754000Z,2026-09-13T05:39:51.863000Z,1,1,1,LOW,1,0.4,0.03333333333333333,0.4,0.03333333333333333,6.0,0.0,0.03333333333333333,481.0,481.0,0.0,28.70133333333335,-0.019999999999999574,58.30700000000001,0.03999999999999915,1006.3259999999999,-0.009999999999990905,44.20000000000002,0.0,1.4210854715202004e-14
S04_LOW_ACON_LIGHTON__RUN_20260913_121444__SESSION_005__SEG_01__W_00175,S04_LOW_ACON_LIGHTON,S04_LOW_ACON_LIGHTON__RUN_20260913_121444__SESSION_005,S04_LOW_ACON_LIGHTON__RUN_20260913_121444__SESSION_005__SEG_01,2026-09-13T05:39:27.771000Z,2026-09-13T05:39:56.880000Z,1,1,1,LOW,1,0.3,0.0,0.3,0.0,6.0,0.0,0.03333333333333333,481.0,481.0,0.0,28.69800000000001,-0.019999999999999574,58.315999999999995,-0.00999999999999801,1006.3243333333337,-0.009999999999990905,44.20000000000002,0.0,1.4210854715202004e-14
S04_LOW_ACON_LIGHTON__RUN_20260913_121444__SESSION_005__SEG_01__W_00180,S04_LOW_ACON_LIGHTON,S04_LOW_ACON_LIGHTON__RUN_20260913_121444__SESSION_005,S04_LOW_ACON_LIGHTON__RUN_20260913_121444__SESSION_005__SEG_01,2026-09-13T05:39:32.790000Z,2026-09-13T05:40:02.079000Z,1,1,1,LOW,1,0.26666666666666666,0.0,0.26666666666666666,0.0,4.0,0.0,0.03333333333333333,481.0,481.0,0.0,28.69466666666668,-0.00999999999999801,58.318333333333335,0.05000000000000426,1006.3243333333337,0.01999999999998181,44.20000000000002,0.0,1.4210854715202004e-14
S04_LOW_ACON_LIGHTON__RUN_20260913_121444__SESSION_005__SEG_01__W_00185,S04_LOW_ACON_LIGHTON,S04_LOW_ACON_LIGHTON__RUN_20260913_121444__SESSION_005,S04_LOW_ACON_LIGHTON__RUN_20260913_121444__SESSION_005__SEG_01,2026-09-13T05:39:37.807000Z,2026-09-13T05:40:06.918000Z,1,1,1,LOW,1,0.2,0.0,0.2,0.0,3.0,0.0,0.03333333333333333,481.0,481.0,0.0,28.693000000000016,-0.00999999999999801,58.32433333333332,-0.01999999999999602,1006.3283333333333,0.029999999999972715,44.20000000000002,0.0,1.4210854715202004e-14
S04_LOW_ACON_LIGHTON__RUN_20260913_121444__SESSION_005__SEG_01__W_00190,S04_LOW_ACON_LIGHTON,S04_LOW_ACON_LIGHTON__RUN_20260913_121444__SESSION_005,S04_LOW_ACON_LIGHTON__RUN_20260913_121444__SESSION_005__SEG_01,2026-09-13T05:39:43.010000Z,2026-09-13T05:40:11.935000Z,1,1,1,LOW,1,0.16666666666666666,0.0,0.16666666666666666,0.0,2.0,0.0,0.03333333333333333,481.0,481.0,0.0,28.691333333333343,-0.00999999999999801,58.30200000000001,-0.10999999999999943,1006.3333333333331,0.029999999999972715,44.20000000000002,0.0,1.4210854715202004e-14
S04_LOW_ACON_LIGHTON__RUN_20260913_121444__SESSION_005__SEG_01__W_00195,S04_LOW_ACON_LIGHTON,S04_LOW_ACON_LIGHTON__RUN_20260913_121444__SESSION_005,S04_LOW_ACON_LIGHTON__RUN_20260913_121444__SESSION_005__SEG_01,2026-09-13T05:39:47.849000Z,2026-09-13T05:40:16.950000Z,1,1,1,LOW,1,0.06666666666666667,0.0,0.06666666666666667,0.0,1.0,0.0,0.0,2000.0,2000.0,0.0,28.690000000000012,0.0,58.29566666666666,-0.14999999999999858,1006.3373333333332,0.01999999999998181,44.20000000000002,0.0,1.4210854715202004e-14
S04_LOW_ACON_LIGHTON__RUN_20260913_121444__SESSION_005__SEG_01__W_00200,S04_LOW_ACON_LIGHTON,S04_LOW_ACON_LIGHTON__RUN_20260913_121444__SESSION_005,S04_LOW_ACON_LIGHTON__RUN_20260913_121444__SESSION_005__SEG_01,2026-09-13T05:39:52.866000Z,2026-09-13T05:40:21.965000Z,1,1,1,LOW,1,0.0,0.0,0.0,0.0,0.0,0.0,0.0,2000.0,2000.0,0.0,28.689666666666675,-0.010000000000001563,58.269333333333336,-0.09000000000000341,1006.3386666666669,0.0,44.20000000000002,0.0,1.4210854715202004e-14
S04_LOW_ACON_LIGHTON__RUN_20260913_121444__SESSION_005__SEG_01__W_00205,S04_LOW_ACON_LIGHTON,S04_LOW_ACON_LIGHTON__RUN_20260913_121444__SESSION_005,S04_LOW_ACON_LIGHTON__RUN_20260913_121444__SESSION_005__SEG_01,2026-09-13T05:39:58.065000Z,2026-09-13T05:40:26.980000Z,1,1,1,LOW,1,0.0,0.0,0.0,0.0,0.0,0.0,0.0,2000.0,2000.0,0.0,28.68799999999999,-0.010000000000001563,58.27433333333332,0.0899999999999963,1006.3396666666669,0.009999999999990905,44.20000000000002,0.0,1.4210854715202004e-14
S04_LOW_ACON_LIGHTON__RUN_20260913_121444__SESSION_005__SEG_01__W_00210,S04_LOW_ACON_LIGHTON,S04_LOW_ACON_LIGHTON__RUN_20260913_121444__SESSION_005,S04_LOW_ACON_LIGHTON__RUN_20260913_121444__SESSION_005__SEG_01,2026-09-13T05:40:02.902000Z,2026-09-13T05:40:31.997000Z,1,1,1,LOW,1,0.0,0.0,0.0,0.0,0.0,0.0,0.0,2000.0,2000.0,0.0,28.686333333333323,-0.010000000000001563,58.28433333333333,0.10000000000000142,1006.3406666666667,0.0,44.20000000000002,0.0,1.4210854715202004e-14
S04_LOW_ACON_LIGHTON__RUN_20260913_121444__SESSION_005__SEG_01__W_00215,S04_LOW_ACON_LIGHTON,S04_LOW_ACON_LIGHTON__RUN_20260913_121444__SESSION_005,S04_LOW_ACON_LIGHTON__RUN_20260913_121444__SESSION_005__SEG_01,2026-09-13T05:40:07.921000Z,2026-09-13T05:40:37.014000Z,1,1,1,LOW,1,0.03333333333333333,0.0,0.03333333333333333,0.0,1.0,0.0,0.0,2000.0,2000.0,0.0,28.684666666666658,-0.010000000000001563,58.28933333333331,0.0899999999999963,1006.34,-0.009999999999990905,44.20000000000002,0.0,1.4210854715202004e-14
S04_LOW_ACON_LIGHTON__RUN_20260913_121444__SESSION_005__SEG_01__W_00220,S04_LOW_ACON_LIGHTON,S04_LOW_ACON_LIGHTON__RUN_20260913_121444__SESSION_005,S04_LOW_ACON_LIGHTON__RUN_20260913_121444__SESSION_005__SEG_01,2026-09-13T05:40:12.938000Z,2026-09-13T05:40:42.031000Z,1,1,1,LOW,1,0.06666666666666667,0.0,0.06666666666666667,0.0,2.0,0.0,0.0,2000.0,2000.0,0.0,28.682999999999993,-0.010000000000001563,58.323,0.20000000000000284,1006.3383333333334,-0.009999999999990905,44.20000000000002,0.0,1.4210854715202004e-14
S04_LOW_ACON_LIGHTON__RUN_20260913_121444__SESSION_005__SEG_01__W_00225,S04_LOW_ACON_LIGHTON,S04_LOW_ACON_LIGHTON__RUN_20260913_121444__SESSION_005,S04_LOW_ACON_LIGHTON__RUN_20260913_121444__SESSION_005__SEG_01,2026-09-13T05:40:17.953000Z,2026-09-13T05:40:47.050000Z,1,1,1,LOW,1,0.13333333333333333,0.0,0.13333333333333333,0.0,3.0,0.0,0.0,2000.0,2000.0,0.0,28.681333333333324,-0.010000000000001563,58.35166666666668,0.240000000000002,1006.3376666666668,0.009999999999990905,44.20000000000002,0.0,1.4210854715202004e-14
S04_LOW_ACON_LIGHTON__RUN_20260913_121444__SESSION_005__SEG_01__W_00230,S04_LOW_ACON_LIGHTON,S04_LOW_ACON_LIGHTON__RUN_20260913_121444__SESSION_005,S04_LOW_ACON_LIGHTON__RUN_20260913_121444__SESSION_005__SEG_01,2026-09-13T05:40:22.968000Z,2026-09-13T05:40:52.069000Z,1,1,1,LOW,1,0.13333333333333333,0.0,0.13333333333333333,0.0,3.0,0.0,0.0,2000.0,2000.0,0.0,28.67999999999999,0.0,58.38466666666668,0.17999999999999972,1006.3386666666668,0.0,44.20000000000002,0.0,1.4210854715202004e-14
S04_LOW_ACON_LIGHTON__RUN_20260913_121444__SESSION_005__SEG_01__W_00235,S04_LOW_ACON_LIGHTON,S04_LOW_ACON_LIGHTON__RUN_20260913_121444__SESSION_005,S04_LOW_ACON_LIGHTON__RUN_20260913_121444__SESSION_005__SEG_01,2026-09-13T05:40:28.165000Z,2026-09-13T05:40:57.268000Z,1,1,1,LOW,1,0.16666666666666666,0.0,0.16666666666666666,0.0,4.0,0.0,0.03333333333333333,732.0,732.0,0.0,28.67999999999999,0.0,58.416666666666664,0.19000000000000483,1006.336,-0.01999999999998181,44.20000000000002,0.0,1.4210854715202004e-14
S04_LOW_ACON_LIGHTON__RUN_20260913_121444__SESSION_005__SEG_01__W_00240,S04_LOW_ACON_LIGHTON,S04_LOW_ACON_LIGHTON__RUN_20260913_121444__SESSION_005,S04_LOW_ACON_LIGHTON__RUN_20260913_121444__SESSION_005__SEG_01,2026-09-13T05:40:33.000000Z,2026-09-13T05:41:02.287000Z,1,1,1,LOW,1,0.2,0.06666666666666667,0.26666666666666666,0.0,5.0,1.0,0.06666666666666667,732.0,991.0,259.0,28.67933333333332,-0.00999999999999801,58.46333333333334,0.269999999999996,1006.3310000000002,-0.030000000000086402,44.17000000000001,-0.9000000000000057,0.16155494421403613
S04_LOW_ACON_LIGHTON__RUN_20260913_121444__SESSION_005__SEG_01__W_00245,S04_LOW_ACON_LIGHTON,S04_LOW_ACON_LIGHTON__RUN_20260913_121444__SESSION_005,S04_LOW_ACON_LIGHTON__RUN_20260913_121444__SESSION_005__SEG_01,2026-09-13T05:40:38.017000Z,2026-09-13T05:41:07.124000Z,1,1,1,LOW,1,0.16666666666666666,0.23333333333333334,0.4,0.0,4.0,1.0,0.06666666666666667,732.0,991.0,259.0,28.677666666666656,-0.00999999999999801,58.51366666666667,0.23000000000000398,1006.3260000000002,-0.030000000000086402,44.11000000000001,0.0,0.2700000000000017
S04_LOW_ACON_LIGHTON__RUN_20260913_121444__SESSION_005__SEG_01__W_00250,S04_LOW_ACON_LIGHTON,S04_LOW_ACON_LIGHTON__RUN_20260913_121444__SESSION_005,S04_LOW_ACON_LIGHTON__RUN_20260913_121444__SESSION_005__SEG_01,2026-09-13T05:40:43.034000Z,2026-09-13T05:41:12.141000Z,1,1,1,LOW,1,0.13333333333333333,0.26666666666666666,0.4,0.0,2.0,2.0,0.06666666666666667,732.0,991.0,259.0,28.67599999999999,-0.00999999999999801,58.558333333333344,0.12999999999999545,1006.3200000000002,-0.04000000000007731,44.080000000000005,0.0,0.305941170815569
S04_LOW_ACON_LIGHTON__RUN_20260913_121444__SESSION_005__SEG_01__W_00255,S04_LOW_ACON_LIGHTON,S04_LOW_ACON_LIGHTON__RUN_20260913_121444__SESSION_005,S04_LOW_ACON_LIGHTON__RUN_20260913_121444__SESSION_005__SEG_01,2026-09-13T05:40:48.235000Z,2026-09-13T05:41:17.346000Z,1,1,1,LOW,1,0.1,0.26666666666666666,0.36666666666666664,0.0,3.0,2.0,0.13333333333333333,582.0,809.5,248.22708857012364,28.674333333333326,-0.00999999999999801,58.58266666666666,0.15000000000000568,1006.3129999999999,-0.05000000000006821,44.08000000000001,0.0,0.305941170815569
S04_LOW_ACON_LIGHTON__RUN_20260913_121444__SESSION_005__SEG_01__W_00260,S04_LOW_ACON_LIGHTON,S04_LOW_ACON_LIGHTON__RUN_20260913_121444__SESSION_005,S04_LOW_ACON_LIGHTON__RUN_20260913_121444__SESSION_005__SEG_01,2026-09-13T05:40:53.072000Z,2026-09-13T05:41:22.185000Z,1,1,1,LOW,1,0.16666666666666666,0.26666666666666666,0.43333333333333335,0.0,4.0,2.0,0.13333333333333333,582.0,809.5,248.22708857012364,28.67266666666666,-0.00999999999999801,58.626333333333335,0.1700000000000017,1006.3053333333336,-0.030000000000086402,44.08000000000001,0.0,0.30594117081556893
S04_LOW_ACON_LIGHTON__RUN_20260913_121444__SESSION_005__SEG_01__W_00265,S04_LOW_ACON_LIGHTON,S04_LOW_ACON_LIGHTON__RUN_20260913_121444__SESSION_005,S04_LOW_ACON_LIGHTON__RUN_20260913_121444__SESSION_005__SEG_01,2026-09-13T05:40:58.273000Z,2026-09-13T05:41:27.384000Z,1,1,1,LOW,1,0.16666666666666666,0.26666666666666666,0.43333333333333335,0.0,5.0,2.0,0.1,582.0,887.0,273.05229454365616,28.670999999999996,-0.00999999999999801,58.65266666666668,0.1599999999999966,1006.2986666666663,-0.029999999999972715,44.08000000000001,0.0,0.30594117081556893
S04_LOW_ACON_LIGHTON__RUN_20260913_121444__SESSION_005__SEG_01__W_00270,S04_LOW_ACON_LIGHTON,S04_LOW_ACON_LIGHTON__RUN_20260913_121444__SESSION_005,S04_LOW_ACON_LIGHTON__RUN_20260913_121444__SESSION_005__SEG_01,2026-09-13T05:41:03.110000Z,2026-09-13T05:41:32.225000Z,1,1,1,LOW,1,0.13333333333333333,0.23333333333333334,0.36666666666666664,0.0,4.0,2.0,0.1,582.0,647.0,131.16994913300667,28.669999999999995,0.0,58.656666666666666,-0.09000000000000341,1006.2946666666666,-0.01999999999998181,44.080000000000005,-0.9000000000000057,0.30594117081556904
S04_LOW_ACON_LIGHTON__RUN_20260913_121444__SESSION_005__SEG_01__W_00275,S04_LOW_ACON_LIGHTON,S04_LOW_ACON_LIGHTON__RUN_20260913_121444__SESSION_005,S04_LOW_ACON_LIGHTON__RUN_20260913_121444__SESSION_005__SEG_01,2026-09-13T05:41:08.127000Z,2026-09-13T05:41:37.424000Z,1,1,1,LOW,1,0.13333333333333333,0.1,0.23333333333333334,0.0,4.0,3.0,0.1,582.0,647.0,131.16994913300667,28.669999999999995,0.0,58.65533333333333,-0.10999999999999943,1006.2913333333335,-0.01999999999998181,44.11000000000001,0.0,0.2700000000000017
S04_LOW_ACON_LIGHTON__RUN_20260913_121444__SESSION_005__SEG_01__W_00280,S04_LOW_ACON_LIGHTON,S04_LOW_ACON_LIGHTON__RUN_20260913_121444__SESSION_005,S04_LOW_ACON_LIGHTON__RUN_20260913_121444__SESSION_005__SEG_01,2026-09-13T05:41:13.326000Z,2026-09-13T05:41:42.259000Z,1,1,1,LOW,1,0.13333333333333333,0.06666666666666667,0.2,0.0,4.0,2.0,0.1,582.0,647.0,131.16994913300667,28.669999999999995,0.0,58.643333333333324,0.00999999999999801,1006.2890000000002,-0.009999999999990905,44.14000000000001,0.0,0.2244994432064379
S04_LOW_ACON_LIGHTON__RUN_20260913_121444__SESSION_005__SEG_01__W_00285,S04_LOW_ACON_LIGHTON,S04_LOW_ACON_LIGHTON__RUN_20260913_121444__SESSION_005,S04_LOW_ACON_LIGHTON__RUN_20260913_121444__SESSION_005__SEG_01,2026-09-13T05:41:18.169000Z,2026-09-13T05:41:47.276000Z,1,1,1,LOW,1,0.1,0.06666666666666667,0.16666666666666666,0.0,3.0,2.0,0.03333333333333333,647.0,647.0,0.0,28.669999999999995,0.0,58.64666666666666,0.11999999999999744,1006.2876666666668,0.0,44.14000000000001,0.0,0.2244994432064379
S04_LOW_ACON_LIGHTON__RUN_20260913_121444__SESSION_005__SEG_01__W_00290,S04_LOW_ACON_LIGHTON,S04_LOW_ACON_LIGHTON__RUN_20260913_121444__SESSION_005,S04_LOW_ACON_LIGHTON__RUN_20260913_121444__SESSION_005__SEG_01,2026-09-13T05:41:23.188000Z,2026-09-13T05:41:52.295000Z,1,1,1,LOW,1,0.03333333333333333,0.2,0.23333333333333334,0.0,1.0,3.0,0.03333333333333333,647.0,647.0,0.0,28.669999999999995,0.0,58.64566666666668,-0.030000000000001137,1006.2876666666668,0.009999999999990905,44.080000000000005,-0.9000000000000057,0.30594117081556904
S04_LOW_ACON_LIGHTON__RUN_20260913_121444__SESSION_005__SEG_01__W_00295,S04_LOW_ACON_LIGHTON,S04_LOW_ACON_LIGHTON__RUN_20260913_121444__SESSION_005,S04_LOW_ACON_LIGHTON__RUN_20260913_121444__SESSION_005__SEG_01,2026-09-13T05:41:28.389000Z,2026-09-13T05:41:57.314000Z,1,1,1,LOW,1,0.06666666666666667,0.3333333333333333,0.36666666666666664,0.03333333333333333,1.0,4.0,0.06666666666666667,617.0,632.0,15.0,28.669999999999995,0.0,58.64566666666668,0.03999999999999915,1006.2906666666665,0.01999999999998181,44.08000000000001,0.0,0.305941170815569
S04_LOW_ACON_LIGHTON__RUN_20260913_121444__SESSION_005__SEG_01__W_00300,S04_LOW_ACON_LIGHTON,S04_LOW_ACON_LIGHTON__RUN_20260913_121444__SESSION_005,S04_LOW_ACON_LIGHTON__RUN_20260913_121444__SESSION_005__SEG_01,2026-09-13T05:41:33.228000Z,2026-09-13T05:42:02.331000Z,1,1,1,LOW,1,0.13333333333333333,0.3333333333333333,0.43333333333333335,0.03333333333333333,3.0,3.0,0.03333333333333333,617.0,617.0,0.0,28.669999999999995,0.0,58.65600000000001,0.030000000000001137,1006.2929999999998,0.009999999999990905,44.110000000000014,0.9000000000000057,0.2700000000000017
S04_LOW_ACON_LIGHTON__RUN_20260913_121444__SESSION_005__SEG_01__W_00305,S04_LOW_ACON_LIGHTON,S04_LOW_ACON_LIGHTON__RUN_20260913_121444__SESSION_005,S04_LOW_ACON_LIGHTON__RUN_20260913_121444__SESSION_005__SEG_01,2026-09-13T05:41:38.247000Z,2026-09-13T05:42:07.532000Z,1,1,1,LOW,1,0.2,0.3,0.4666666666666667,0.03333333333333333,3.0,2.0,0.1,617.0,968.0,195.94386951369518,28.669999999999995,0.0,58.65033333333334,0.0,1006.2943333333333,0.009999999999990905,44.14000000000001,0.0,0.2244994432064379
S04_LOW_ACON_LIGHTON__RUN_20260913_121444__SESSION_005__SEG_01__W_00310,S04_LOW_ACON_LIGHTON,S04_LOW_ACON_LIGHTON__RUN_20260913_121444__SESSION_005,S04_LOW_ACON_LIGHTON__RUN_20260913_121444__SESSION_005__SEG_01,2026-09-13T05:41:43.262000Z,2026-09-13T05:42:12.373000Z,1,1,1,LOW,1,0.26666666666666666,0.3,0.5333333333333333,0.03333333333333333,4.0,2.0,0.16666666666666666,617.0,968.0,155.51282905278265,28.669999999999995,0.0,58.652,0.10999999999999943,1006.2970000000001,0.01999999999998181,44.14000000000001,0.0,0.2244994432064379
S04_LOW_ACON_LIGHTON__RUN_20260913_121444__SESSION_005__SEG_01__W_00315,S04_LOW_ACON_LIGHTON,S04_LOW_ACON_LIGHTON__RUN_20260913_121444__SESSION_005,S04_LOW_ACON_LIGHTON__RUN_20260913_121444__SESSION_005__SEG_01,2026-09-13T05:41:48.279000Z,2026-09-13T05:42:17.392000Z,1,1,1,LOW,1,0.3,0.3,0.5666666666666667,0.03333333333333333,5.0,2.0,0.16666666666666666,617.0,968.0,155.51282905278265,28.669999999999995,0.0,58.65033333333334,-0.14000000000000057,1006.2996666666667,0.009999999999990905,44.14000000000001,0.0,0.2244994432064379
S04_LOW_ACON_LIGHTON__RUN_20260913_121444__SESSION_005__SEG_01__W_00320,S04_LOW_ACON_LIGHTON,S04_LOW_ACON_LIGHTON__RUN_20260913_121444__SESSION_005,S04_LOW_ACON_LIGHTON__RUN_20260913_121444__SESSION_005__SEG_01,2026-09-13T05:41:53.298000Z,2026-09-13T05:42:22.409000Z,1,1,1,LOW,1,0.36666666666666664,0.16666666666666666,0.5,0.03333333333333333,6.0,1.0,0.16666666666666666,617.0,968.0,155.51282905278265,28.669999999999995,0.0,58.62466666666666,-0.18999999999999773,1006.3,0.0,44.20000000000002,0.0,1.4210854715202004e-14
S04_LOW_ACON_LIGHTON__RUN_20260913_121444__SESSION_005__SEG_01__W_00325,S04_LOW_ACON_LIGHTON,S04_LOW_ACON_LIGHTON__RUN_20260913_121444__SESSION_005,S04_LOW_ACON_LIGHTON__RUN_20260913_121444__SESSION_005__SEG_01,2026-09-13T05:41:58.317000Z,2026-09-13T05:42:27.426000Z,1,1,1,LOW,1,0.3333333333333333,0.03333333333333333,0.36666666666666664,0.0,6.0,0.0,0.13333333333333333,893.0,970.5,65.10184329187615,28.669999999999995,0.0,58.59333333333333,-0.21999999999999886,1006.2993333333333,-0.009999999999990905,44.20000000000002,0.0,1.4210854715202004e-14
S04_LOW_ACON_LIGHTON__RUN_20260913_121444__SESSION_005__SEG_01__W_00330,S04_LOW_ACON_LIGHTON,S04_LOW_ACON_LIGHTON__RUN_20260913_121444__SESSION_005,S04_LOW_ACON_LIGHTON__RUN_20260913_121444__SESSION_005__SEG_01,2026-09-13T05:42:03.334000Z,2026-09-13T05:42:32.441000Z,1,1,1,LOW,1,0.26666666666666666,0.0,0.26666666666666666,0.0,4.0,0.0,0.13333333333333333,893.0,970.5,65.10184329187615,28.669999999999995,0.0,58.56466666666666,-0.14999999999999858,1006.2986666666665,-0.009999999999990905,44.20000000000002,0.0,1.4210854715202004e-14
S04_LOW_ACON_LIGHTON__RUN_20260913_121444__SESSION_005__SEG_01__W_00335,S04_LOW_ACON_LIGHTON,S04_LOW_ACON_LIGHTON__RUN_20260913_121444__SESSION_005,S04_LOW_ACON_LIGHTON__RUN_20260913_121444__SESSION_005__SEG_01,2026-09-13T05:42:08.537000Z,2026-09-13T05:42:37.462000Z,1,1,1,LOW,1,0.2,0.0,0.2,0.0,4.0,0.0,0.06666666666666667,893.0,933.0,40.0,28.669999999999995,0.0,58.56366666666666,-0.0800000000000054,1006.2963333333332,-0.01999999999998181,44.20000000000002,0.0,1.4210854715202004e-14
S04_LOW_ACON_LIGHTON__RUN_20260913_121444__SESSION_005__SEG_01__W_00340,S04_LOW_ACON_LIGHTON,S04_LOW_ACON_LIGHTON__RUN_20260913_121444__SESSION_005,S04_LOW_ACON_LIGHTON__RUN_20260913_121444__SESSION_005__SEG_01,2026-09-13T05:42:13.558000Z,2026-09-13T05:42:42.661000Z,1,1,1,LOW,1,0.16666666666666666,0.0,0.16666666666666666,0.0,4.0,0.0,0.0,2000.0,2000.0,0.0,28.669999999999995,0.0,58.57266666666668,0.03999999999999915,1006.2919999999997,-0.029999999999972715,44.28000000000001,0.0,0.23999999999999913
S04_LOW_ACON_LIGHTON__RUN_20260913_121444__SESSION_005__SEG_01__W_00345,S04_LOW_ACON_LIGHTON,S04_LOW_ACON_LIGHTON__RUN_20260913_121444__SESSION_005,S04_LOW_ACON_LIGHTON__RUN_20260913_121444__SESSION_005__SEG_01,2026-09-13T05:42:18.395000Z,2026-09-13T05:42:47.496000Z,1,1,1,LOW,1,0.13333333333333333,0.0,0.13333333333333333,0.0,3.0,0.0,0.0,2000.0,2000.0,0.0,28.67166666666666,0.00999999999999801,58.582333333333324,0.19999999999999574,1006.2876666666664,-0.01999999999998181,44.30666666666668,0.0,0.2719477073916143
S04_LOW_ACON_LIGHTON__RUN_20260913_121444__SESSION_005__SEG_01__W_00350,S04_LOW_ACON_LIGHTON,S04_LOW_ACON_LIGHTON__RUN_20260913_121444__SESSION_005,S04_LOW_ACON_LIGHTON__RUN_20260913_121444__SESSION_005__SEG_01,2026-09-13T05:42:23.412000Z,2026-09-13T05:42:52.511000Z,1,1,1,LOW,1,0.06666666666666667,0.0,0.06666666666666667,0.0,2.0,0.0,0.0,2000.0,2000.0,0.0,28.67333333333333,0.00999999999999801,58.604000000000006,0.19999999999999574,1006.284,-0.01999999999998181,44.36000000000001,0.0,0.3199999999999989
S04_LOW_ACON_LIGHTON__RUN_20260913_121444__SESSION_005__SEG_01__W_00355,S04_LOW_ACON_LIGHTON,S04_LOW_ACON_LIGHTON__RUN_20260913_121444__SESSION_005,S04_LOW_ACON_LIGHTON__RUN_20260913_121444__SESSION_005__SEG_01,2026-09-13T05:42:28.429000Z,2026-09-13T05:42:57.526000Z,1,1,1,LOW,1,0.1,0.0,0.1,0.0,3.0,0.0,0.0,2000.0,2000.0,0.0,28.674999999999994,0.00999999999999801,58.628000000000014,0.030000000000001137,1006.2800000000001,-0.029999999999972715,44.36000000000001,0.0,0.31999999999999884
S04_LOW_ACON_LIGHTON__RUN_20260913_121444__SESSION_005__SEG_01__W_00360,S04_LOW_ACON_LIGHTON,S04_LOW_ACON_LIGHTON__RUN_20260913_121444__SESSION_005,S04_LOW_ACON_LIGHTON__RUN_20260913_121444__SESSION_005__SEG_01,2026-09-13T05:42:33.626000Z,2026-09-13T05:43:02.723000Z,1,1,1,LOW,1,0.13333333333333333,0.0,0.13333333333333333,0.0,3.0,0.0,0.0,2000.0,2000.0,0.0,28.67666666666666,0.00999999999999801,58.65133333333334,0.09000000000000341,1006.2756666666668,-0.01999999999998181,44.360000000000014,0.0,0.31999999999999884
S04_LOW_ACON_LIGHTON__RUN_20260913_121444__SESSION_005__SEG_01__W_00365,S04_LOW_ACON_LIGHTON,S04_LOW_ACON_LIGHTON__RUN_20260913_121444__SESSION_005,S04_LOW_ACON_LIGHTON__RUN_20260913_121444__SESSION_005__SEG_01,2026-09-13T05:42:38.465000Z,2026-09-13T05:43:07.560000Z,1,1,1,LOW,1,0.13333333333333333,0.0,0.13333333333333333,0.0,2.0,0.0,0.0,2000.0,2000.0,0.0,28.678333333333324,0.00999999999999801,58.665000000000006,0.03999999999999915,1006.2729999999999,-0.009999999999990905,44.36000000000001,-0.7999999999999972,0.31999999999999884
S04_LOW_ACON_LIGHTON__RUN_20260913_121444__SESSION_005__SEG_01__W_00370,S04_LOW_ACON_LIGHTON,S04_LOW_ACON_LIGHTON__RUN_20260913_121444__SESSION_005,S04_LOW_ACON_LIGHTON__RUN_20260913_121444__SESSION_005__SEG_01,2026-09-13T05:42:43.484000Z,2026-09-13T05:43:12.575000Z,1,1,1,LOW,1,0.13333333333333333,0.0,0.13333333333333333,0.0,3.0,0.0,0.0,2000.0,2000.0,0.0,28.67999999999999,0.0,58.654666666666664,-0.00999999999999801,1006.2703333333332,-0.01999999999998181,44.28000000000001,0.0,0.2399999999999991
S04_LOW_ACON_LIGHTON__RUN_20260913_121444__SESSION_005__SEG_01__W_00375,S04_LOW_ACON_LIGHTON,S04_LOW_ACON_LIGHTON__RUN_20260913_121444__SESSION_005,S04_LOW_ACON_LIGHTON__RUN_20260913_121444__SESSION_005__SEG_01,2026-09-13T05:42:48.499000Z,2026-09-13T05:43:17.592000Z,1,1,1,LOW,1,0.16666666666666666,0.0,0.16666666666666666,0.0,4.0,0.0,0.0,2000.0,2000.0,0.0,28.67999999999999,0.0,58.64866666666665,0.04999999999999716,1006.2666666666664,-0.01999999999998181,44.253333333333345,-0.7999999999999972,0.19955506062794282
S04_LOW_ACON_LIGHTON__RUN_20260913_121444__SESSION_005__SEG_01__W_00380,S04_LOW_ACON_LIGHTON,S04_LOW_ACON_LIGHTON__RUN_20260913_121444__SESSION_005,S04_LOW_ACON_LIGHTON__RUN_20260913_121444__SESSION_005__SEG_01,2026-09-13T05:42:53.514000Z,2026-09-13T05:43:22.609000Z,1,1,1,LOW,1,0.26666666666666666,0.0,0.26666666666666666,0.0,5.0,0.0,0.0,2000.0,2000.0,0.0,28.67999999999999,0.0,58.64166666666666,-0.030000000000001137,1006.2636666666666,-0.01999999999998181,44.20000000000002,0.0,1.4210854715202004e-14
S04_LOW_ACON_LIGHTON__RUN_20260913_121444__SESSION_005__SEG_01__W_00385,S04_LOW_ACON_LIGHTON,S04_LOW_ACON_LIGHTON__RUN_20260913_121444__SESSION_005,S04_LOW_ACON_LIGHTON__RUN_20260913_121444__SESSION_005__SEG_01,2026-09-13T05:42:58.529000Z,2026-09-13T05:43:27.812000Z,1,1,1,LOW,1,0.23333333333333334,0.1,0.3,0.03333333333333333,4.0,1.0,0.03333333333333333,647.0,647.0,0.0,28.67999999999999,0.0,58.63133333333333,-0.11999999999999744,1006.2603333333333,-0.01999999999998181,44.11000000000001,-0.9000000000000057,0.2700000000000017
S04_LOW_ACON_LIGHTON__RUN_20260913_121444__SESSION_005__SEG_01__W_00390,S04_LOW_ACON_LIGHTON,S04_LOW_ACON_LIGHTON__RUN_20260913_121444__SESSION_005,S04_LOW_ACON_LIGHTON__RUN_20260913_121444__SESSION_005__SEG_01,2026-09-13T05:43:03.546000Z,2026-09-13T05:43:32.651000Z,1,1,1,LOW,1,0.2,0.23333333333333334,0.4,0.03333333333333333,4.0,2.0,0.03333333333333333,647.0,647.0,0.0,28.67999999999999,0.0,58.60466666666666,-0.18999999999999773,1006.257,-0.01999999999998181,43.959999999999994,-0.9000000000000057,0.3979949748426505
S04_LOW_ACON_LIGHTON__RUN_20260913_121444__SESSION_005__SEG_01__W_00395,S04_LOW_ACON_LIGHTON,S04_LOW_ACON_LIGHTON__RUN_20260913_121444__SESSION_005,S04_LOW_ACON_LIGHTON__RUN_20260913_121444__SESSION_005__SEG_01,2026-09-13T05:43:08.563000Z,2026-09-13T05:43:37.670000Z,1,1,1,LOW,1,0.2,0.26666666666666666,0.43333333333333335,0.03333333333333333,4.0,3.0,0.03333333333333333,647.0,647.0,0.0,28.67999999999999,0.0,58.577,-0.03999999999999915,1006.2540000000001,-0.01999999999998181,43.80999999999999,-0.9000000000000057,0.44598206241955796
S04_LOW_ACON_LIGHTON__RUN_20260913_121444__SESSION_005__SEG_01__W_00400,S04_LOW_ACON_LIGHTON,S04_LOW_ACON_LIGHTON__RUN_20260913_121444__SESSION_005,S04_LOW_ACON_LIGHTON__RUN_20260913_121444__SESSION_005__SEG_01,2026-09-13T05:43:13.760000Z,2026-09-13T05:43:42.869000Z,1,1,1,LOW,1,0.16666666666666666,0.3333333333333333,0.4666666666666667,0.03333333333333333,2.0,4.0,0.03333333333333333,647.0,647.0,0.0,28.67999999999999,0.0,58.57199999999999,-0.0799999999999983,1006.2516666666668,-0.009999999999990905,43.65999999999999,-0.9000000000000057,0.44090815370097486
S04_LOW_ACON_LIGHTON__RUN_20260913_121444__SESSION_005__SEG_01__W_00405,S04_LOW_ACON_LIGHTON,S04_LOW_ACON_LIGHTON__RUN_20260913_121444__SESSION_005,S04_LOW_ACON_LIGHTON__RUN_20260913_121444__SESSION_005__SEG_01,2026-09-13T05:43:18.595000Z,2026-09-13T05:43:47.704000Z,1,1,1,LOW,1,0.13333333333333333,0.36666666666666664,0.4666666666666667,0.03333333333333333,2.0,5.0,0.03333333333333333,647.0,647.0,0.0,28.681333333333335,0.010000000000001563,58.565999999999995,-0.11999999999999744,1006.2503333333334,0.0,43.50999999999999,-0.9000000000000057,0.3806573262134881
S04_LOW_ACON_LIGHTON__RUN_20260913_121444__SESSION_005__SEG_01__W_00410,S04_LOW_ACON_LIGHTON,S04_LOW_ACON_LIGHTON__RUN_20260913_121444__SESSION_005,S04_LOW_ACON_LIGHTON__RUN_20260913_121444__SESSION_005__SEG_01,2026-09-13T05:43:23.794000Z,2026-09-13T05:43:52.901000Z,1,1,1,LOW,1,0.03333333333333333,0.4,0.4,0.03333333333333333,1.0,6.0,0.03333333333333333,647.0,647.0,0.0,28.683000000000007,0.010000000000001563,58.55633333333332,-0.0800000000000054,1006.25,0.0,43.35999999999999,-0.9000000000000057,0.2244994432064379
S04_LOW_ACON_LIGHTON__RUN_20260913_121444__SESSION_005__SEG_01__W_00415,S04_LOW_ACON_LIGHTON,S04_LOW_ACON_LIGHTON__RUN_20260913_121444__SESSION_005,S04_LOW_ACON_LIGHTON__RUN_20260913_121444__SESSION_005__SEG_01,2026-09-13T05:43:28.817000Z,2026-09-13T05:43:57.740000Z,1,1,1,LOW,1,0.0,0.3333333333333333,0.3333333333333333,0.0,0.0,5.0,0.0,2000.0,2000.0,0.0,28.68433333333334,0.010000000000001563,58.544333333333334,-0.09000000000000341,1006.25,0.0,43.29999999999998,0.0,1.4210854715202004e-14
S04_LOW_ACON_LIGHTON__RUN_20260913_121444__SESSION_005__SEG_01__W_00420,S04_LOW_ACON_LIGHTON,S04_LOW_ACON_LIGHTON__RUN_20260913_121444__SESSION_005,S04_LOW_ACON_LIGHTON__RUN_20260913_121444__SESSION_005__SEG_01,2026-09-13T05:43:33.654000Z,2026-09-13T05:44:02.941000Z,1,1,1,LOW,1,0.0,0.23333333333333334,0.23333333333333334,0.0,0.0,5.0,0.03333333333333333,653.0,653.0,0.0,28.684333333333328,0.0,58.53100000000001,-0.030000000000001137,1006.25,0.0,43.29999999999998,0.0,1.4210854715202004e-14
S04_LOW_ACON_LIGHTON__RUN_20260913_121444__SESSION_005__SEG_01__W_00425,S04_LOW_ACON_LIGHTON,S04_LOW_ACON_LIGHTON__RUN_20260913_121444__SESSION_005,S04_LOW_ACON_LIGHTON__RUN_20260913_121444__SESSION_005__SEG_01,2026-09-13T05:43:38.855000Z,2026-09-13T05:44:07.958000Z,1,1,1,LOW,1,0.06666666666666667,0.2,0.26666666666666666,0.0,1.0,4.0,0.06666666666666667,568.0,610.5,42.5,28.684333333333324,0.0,58.526,-0.0799999999999983,1006.2513333333332,0.009999999999990905,43.29999999999998,0.0,1.4210854715202004e-14
S04_LOW_ACON_LIGHTON__RUN_20260913_121444__SESSION_005__SEG_01__W_00430,S04_LOW_ACON_LIGHTON,S04_LOW_ACON_LIGHTON__RUN_20260913_121444__SESSION_005,S04_LOW_ACON_LIGHTON__RUN_20260913_121444__SESSION_005__SEG_01,2026-09-13T05:43:43.692000Z,2026-09-13T05:44:12.983000Z,1,1,1,LOW,1,0.1,0.2,0.3,0.0,2.0,4.0,0.23333333333333334,346.0,653.0,249.36343446660257,28.684333333333324,0.0,58.495,-0.269999999999996,1006.2543333333332,0.009999999999990905,43.29999999999998,0.0,1.4210854715202004e-14
S04_LOW_ACON_LIGHTON__RUN_20260913_121444__SESSION_005__SEG_01__W_00435,S04_LOW_ACON_LIGHTON,S04_LOW_ACON_LIGHTON__RUN_20260913_121444__SESSION_005,S04_LOW_ACON_LIGHTON__RUN_20260913_121444__SESSION_005__SEG_01,2026-09-13T05:43:48.707000Z,2026-09-13T05:44:18.008000Z,1,1,1,LOW,1,0.1,0.26666666666666666,0.36666666666666664,0.0,2.0,4.0,0.36666666666666664,346.0,568.0,269.532285436387,28.682999999999993,-0.010000000000001563,58.45266666666665,-0.28999999999999915,1006.2559999999997,0.009999999999990905,43.29999999999998,0.0,1.4210854715202004e-14
S04_LOW_ACON_LIGHTON__RUN_20260913_121444__SESSION_005__SEG_01__W_00440,S04_LOW_ACON_LIGHTON,S04_LOW_ACON_LIGHTON__RUN_20260913_121444__SESSION_005,S04_LOW_ACON_LIGHTON__RUN_20260913_121444__SESSION_005__SEG_01,2026-09-13T05:43:53.906000Z,2026-09-13T05:44:23.033000Z,1,1,1,LOW,1,0.13333333333333333,0.26666666666666666,0.4,0.0,3.0,3.0,0.5333333333333333,346.0,578.5,262.76842674444356,28.681333333333324,-0.010000000000001563,58.41533333333333,-0.25,1006.2579999999997,0.01999999999998181,43.29999999999998,0.0,1.4210854715202004e-14
S04_LOW_ACON_LIGHTON__RUN_20260913_121444__SESSION_005__SEG_01__W_00445,S04_LOW_ACON_LIGHTON,S04_LOW_ACON_LIGHTON__RUN_20260913_121444__SESSION_005,S04_LOW_ACON_LIGHTON__RUN_20260913_121444__SESSION_005__SEG_01,2026-09-13T05:43:58.743000Z,2026-09-13T05:44:28.054000Z,1,1,1,LOW,1,0.13333333333333333,0.3333333333333333,0.4666666666666667,0.0,3.0,4.0,0.5333333333333333,346.0,578.5,262.76842674444356,28.67999999999999,0.0,58.384999999999984,-0.11999999999999744,1006.2599999999998,0.009999999999990905,43.29999999999998,0.0,1.4210854715202004e-14
S04_LOW_ACON_LIGHTON__RUN_20260913_121444__SESSION_005__SEG_01__W_00450,S04_LOW_ACON_LIGHTON,S04_LOW_ACON_LIGHTON__RUN_20260913_121444__SESSION_005,S04_LOW_ACON_LIGHTON__RUN_20260913_121444__SESSION_005__SEG_01,2026-09-13T05:44:03.764000Z,2026-09-13T05:44:33.075000Z,1,1,1,LOW,1,0.13333333333333333,0.36666666666666664,0.5,0.0,2.0,5.0,0.5666666666666667,346.0,589.0,258.4862642171288,28.67999999999999,0.0,58.361,-0.240000000000002,1006.2616666666664,0.009999999999990905,43.36333333333333,0.9000000000000057,0.3135637450698391
S04_LOW_ACON_LIGHTON__RUN_20260913_121444__SESSION_005__SEG_01__W_00455,S04_LOW_ACON_LIGHTON,S04_LOW_ACON_LIGHTON__RUN_20260913_121444__SESSION_005,S04_LOW_ACON_LIGHTON__RUN_20260913_121444__SESSION_005__SEG_01,2026-09-13T05:44:08.963000Z,2026-09-13T05:44:37.914000Z,1,1,1,LOW,1,0.13333333333333333,0.36666666666666664,0.5,0.0,2.0,5.0,0.5333333333333333,346.0,629.0,264.18452801735003,28.67933333333332,-0.00999999999999801,58.331999999999994,-0.09000000000000341,1006.2613333333331,-0.01999999999998181,43.513333333333335,0.9000000000000057,0.4379751388175179
S04_LOW_ACON_LIGHTON__RUN_20260913_121444__SESSION_005__SEG_01__W_00460,S04_LOW_ACON_LIGHTON,S04_LOW_ACON_LIGHTON__RUN_20260913_121444__SESSION_005,S04_LOW_ACON_LIGHTON__RUN_20260913_121444__SESSION_005__SEG_01,2026-09-13T05:44:13.988000Z,2026-09-13T05:44:42.931000Z,1,1,1,LOW,1,0.16666666666666666,0.3,0.4666666666666667,0.0,4.0,4.0,0.36666666666666664,406.0,589.0,252.75647313321926,28.677666666666656,-0.00999999999999801,58.32866666666666,0.0799999999999983,1006.2583333333333,-0.009999999999990905,43.63333333333334,0.9000000000000057,0.48396510434351014
S04_LOW_ACON_LIGHTON__RUN_20260913_121444__SESSION_005__SEG_01__W_00465,S04_LOW_ACON_LIGHTON,S04_LOW_ACON_LIGHTON__RUN_20260913_121444__SESSION_005,S04_LOW_ACON_LIGHTON__RUN_20260913_121444__SESSION_005__SEG_01,2026-09-13T05:44:19.013000Z,2026-09-13T05:44:47.952000Z,1,1,1,LOW,1,0.23333333333333334,0.2,0.43333333333333335,0.0,6.0,3.0,0.23333333333333334,406.0,669.0,219.817735259678,28.67599999999999,-0.00999999999999801,58.336333333333336,0.06999999999999318,1006.2569999999998,-0.009999999999990905,43.783333333333346,0.9000000000000057,0.4967114073808097
S04_LOW_ACON_LIGHTON__RUN_20260913_121444__SESSION_005__SEG_01__W_00470,S04_LOW_ACON_LIGHTON,S04_LOW_ACON_LIGHTON__RUN_20260913_121444__SESSION_005,S04_LOW_ACON_LIGHTON__RUN_20260913_121444__SESSION_005__SEG_01,2026-09-13T05:44:24.038000Z,2026-09-13T05:44:52.969000Z,1,1,1,LOW,1,0.23333333333333334,0.16666666666666666,0.4,0.0,6.0,2.0,0.06666666666666667,669.0,772.5,103.5,28.674333333333326,-0.00999999999999801,58.342,0.0899999999999963,1006.253666666667,-0.029999999999972715,43.933333333333344,0.9000000000000057,0.46284146553892963
S04_LOW_ACON_LIGHTON__RUN_20260913_121444__SESSION_005__SEG_01__W_00475,S04_LOW_ACON_LIGHTON,S04_LOW_ACON_LIGHTON__RUN_20260913_121444__SESSION_005,S04_LOW_ACON_LIGHTON__RUN_20260913_121444__SESSION_005__SEG_01,2026-09-13T05:44:29.059000Z,2026-09-13T05:44:58.170000Z,1,1,1,LOW,1,0.3,0.06666666666666667,0.36666666666666664,0.0,7.0,1.0,0.06666666666666667,669.0,772.5,103.5,28.67266666666666,-0.00999999999999801,58.34599999999999,0.05000000000000426,1006.2500000000003,-0.01999999999998181,44.08333333333335,0.9000000000000057,0.3697596817153313
S04_LOW_ACON_LIGHTON__RUN_20260913_121444__SESSION_005__SEG_01__W_00480,S04_LOW_ACON_LIGHTON,S04_LOW_ACON_LIGHTON__RUN_20260913_121444__SESSION_005,S04_LOW_ACON_LIGHTON__RUN_20260913_121444__SESSION_005__SEG_01,2026-09-13T05:44:34.080000Z,2026-09-13T05:45:03.187000Z,1,1,1,LOW,1,0.4,0.0,0.4,0.0,9.0,0.0,0.0,2000.0,2000.0,0.0,28.670999999999996,-0.00999999999999801,58.36133333333331,0.07000000000000028,1006.2456666666668,-0.029999999999972715,44.17000000000001,0.0,0.16155494421403616
S04_LOW_ACON_LIGHTON__RUN_20260913_121444__SESSION_005__SEG_01__W_00485,S04_LOW_ACON_LIGHTON,S04_LOW_ACON_LIGHTON__RUN_20260913_121444__SESSION_005,S04_LOW_ACON_LIGHTON__RUN_20260913_121444__SESSION_005__SEG_01,2026-09-13T05:44:38.917000Z,2026-09-13T05:45:08.024000Z,1,1,1,LOW,1,0.36666666666666664,0.0,0.36666666666666664,0.0,8.0,0.0,0.0,2000.0,2000.0,0.0,28.669999999999995,0.0,58.37899999999999,0.03999999999999915,1006.2406666666667,-0.029999999999972715,44.17000000000001,0.0,0.16155494421403616
S04_LOW_ACON_LIGHTON__RUN_20260913_121444__SESSION_005__SEG_01__W_00490,S04_LOW_ACON_LIGHTON,S04_LOW_ACON_LIGHTON__RUN_20260913_121444__SESSION_005,S04_LOW_ACON_LIGHTON__RUN_20260913_121444__SESSION_005__SEG_01,2026-09-13T05:44:43.934000Z,2026-09-13T05:45:13.041000Z,1,1,1,LOW,1,0.36666666666666664,0.0,0.36666666666666664,0.0,9.0,0.0,0.0,2000.0,2000.0,0.0,28.669999999999995,0.0,58.38700000000001,0.030000000000001137,1006.2356666666669,-0.03999999999996362,44.080000000000005,-0.9000000000000057,0.30594117081556904
S04_LOW_ACON_LIGHTON__RUN_20260913_121444__SESSION_005__SEG_01__W_00495,S04_LOW_ACON_LIGHTON,S04_LOW_ACON_LIGHTON__RUN_20260913_121444__SESSION_005,S04_LOW_ACON_LIGHTON__RUN_20260913_121444__SESSION_005__SEG_01,2026-09-13T05:44:48.955000Z,2026-09-13T05:45:18.058000Z,1,1,1,LOW,1,0.4,0.0,0.4,0.0,8.0,0.0,0.0,2000.0,2000.0,0.0,28.669999999999995,0.0,58.390666666666675,0.14999999999999858,1006.2286666666665,-0.029999999999972715,43.96,-0.9000000000000057,0.39799497484265045
S04_LOW_ACON_LIGHTON__RUN_20260913_121444__SESSION_005__SEG_01__W_00500,S04_LOW_ACON_LIGHTON,S04_LOW_ACON_LIGHTON__RUN_20260913_121444__SESSION_005,S04_LOW_ACON_LIGHTON__RUN_20260913_121444__SESSION_005__SEG_01,2026-09-13T05:44:54.154000Z,2026-09-13T05:45:23.075000Z,1,1,1,LOW,1,0.4,0.0,0.4,0.0,8.0,0.0,0.0,2000.0,2000.0,0.0,28.670333333333325,0.00999999999999801,58.40466666666667,0.05999999999999517,1006.2233333333332,-0.029999999999972715,43.80999999999999,-0.9000000000000057,0.44598206241955796
S04_LOW_ACON_LIGHTON__RUN_20260913_121444__SESSION_005__SEG_01__W_00505,S04_LOW_ACON_LIGHTON,S04_LOW_ACON_LIGHTON__RUN_20260913_121444__SESSION_005,S04_LOW_ACON_LIGHTON__RUN_20260913_121444__SESSION_005__SEG_01,2026-09-13T05:44:58.993000Z,2026-09-13T05:45:28.272000Z,1,1,1,LOW,1,0.36666666666666664,0.0,0.36666666666666664,0.0,7.0,0.0,0.0,2000.0,2000.0,0.0,28.67166666666666,0.0,58.412333333333336,0.060000000000002274,1006.218,-0.03999999999996362,43.65999999999999,-0.9000000000000057,0.44090815370097486
S04_LOW_ACON_LIGHTON__RUN_20260913_121444__SESSION_005__SEG_01__W_00510,S04_LOW_ACON_LIGHTON,S04_LOW_ACON_LIGHTON__RUN_20260913_121444__SESSION_005,S04_LOW_ACON_LIGHTON__RUN_20260913_121444__SESSION_005__SEG_01,2026-09-13T05:45:04.192000Z,2026-09-13T05:45:33.109000Z,1,1,1,LOW,1,0.3,0.0,0.3,0.0,7.0,0.0,0.0,2000.0,2000.0,0.0,28.671999999999993,0.0,58.41266666666665,-0.01999999999999602,1006.2126666666668,-0.029999999999972715,43.50999999999999,-0.9000000000000057,0.3806573262134881
S04_LOW_ACON_LIGHTON__RUN_20260913_121444__SESSION_005__SEG_01__W_00515,S04_LOW_ACON_LIGHTON,S04_LOW_ACON_LIGHTON__RUN_20260913_121444__SESSION_005,S04_LOW_ACON_LIGHTON__RUN_20260913_121444__SESSION_005__SEG_01,2026-09-13T05:45:09.027000Z,2026-09-13T05:45:38.128000Z,1,1,1,LOW,1,0.26666666666666666,0.0,0.26666666666666666,0.0,5.0,0.0,0.0,2000.0,2000.0,0.0,28.671999999999993,0.0,58.408,-0.07000000000000028,1006.2083333333336,-0.01999999999998181,43.35999999999999,-0.9000000000000057,0.2244994432064379
S04_LOW_ACON_LIGHTON__RUN_20260913_121444__SESSION_005__SEG_01__W_00520,S04_LOW_ACON_LIGHTON,S04_LOW_ACON_LIGHTON__RUN_20260913_121444__SESSION_005,S04_LOW_ACON_LIGHTON__RUN_20260913_121444__SESSION_005__SEG_01,2026-09-13T05:45:14.044000Z,2026-09-13T05:45:43.143000Z,1,1,1,LOW,1,0.23333333333333334,0.0,0.23333333333333334,0.0,5.0,0.0,0.0,2000.0,2000.0,0.0,28.671999999999993,0.0,58.394666666666666,-0.060000000000002274,1006.205,-0.009999999999990905,43.32999999999999,0.0,0.16155494421403616
S04_LOW_ACON_LIGHTON__RUN_20260913_121444__SESSION_005__SEG_01__W_00525,S04_LOW_ACON_LIGHTON,S04_LOW_ACON_LIGHTON__RUN_20260913_121444__SESSION_005,S04_LOW_ACON_LIGHTON__RUN_20260913_121444__SESSION_005__SEG_01,2026-09-13T05:45:19.061000Z,2026-09-13T05:45:48.340000Z,1,1,1,LOW,1,0.2,0.0,0.2,0.0,5.0,0.0,0.0,2000.0,2000.0,0.0,28.671999999999993,0.0,58.370666666666665,-0.14000000000000057,1006.2046666666666,0.0,43.29999999999998,0.0,1.4210854715202004e-14
S04_LOW_ACON_LIGHTON__RUN_20260913_121444__SESSION_005__SEG_01__W_00530,S04_LOW_ACON_LIGHTON,S04_LOW_ACON_LIGHTON__RUN_20260913_121444__SESSION_005,S04_LOW_ACON_LIGHTON__RUN_20260913_121444__SESSION_005__SEG_01,2026-09-13T05:45:24.078000Z,2026-09-13T05:45:53.179000Z,1,1,1,LOW,1,0.23333333333333334,0.0,0.23333333333333334,0.0,6.0,0.0,0.0,2000.0,2000.0,0.0,28.671666666666663,-0.00999999999999801,58.34566666666665,-0.1600000000000037,1006.2046666666665,0.0,43.29999999999998,0.0,1.4210854715202004e-14
S04_LOW_ACON_LIGHTON__RUN_20260913_121444__SESSION_005__SEG_01__W_00535,S04_LOW_ACON_LIGHTON,S04_LOW_ACON_LIGHTON__RUN_20260913_121444__SESSION_005,S04_LOW_ACON_LIGHTON__RUN_20260913_121444__SESSION_005__SEG_01,2026-09-13T05:45:29.095000Z,2026-09-13T05:45:58.378000Z,1,1,1,LOW,1,0.26666666666666666,0.06666666666666667,0.3,0.03333333333333333,6.0,1.0,0.03333333333333333,499.0,499.0,0.0,28.67033333333333,-0.00999999999999801,58.322333333333326,-0.10000000000000142,1006.2049999999998,0.0,43.29999999999998,0.0,1.4210854715202004e-14
S04_LOW_ACON_LIGHTON__RUN_20260913_121444__SESSION_005__SEG_01__W_00540,S04_LOW_ACON_LIGHTON,S04_LOW_ACON_LIGHTON__RUN_20260913_121444__SESSION_005,S04_LOW_ACON_LIGHTON__RUN_20260913_121444__SESSION_005__SEG_01,2026-09-13T05:45:34.112000Z,2026-09-13T05:46:03.215000Z,1,1,1,LOW,1,0.23333333333333334,0.13333333333333333,0.3333333333333333,0.03333333333333333,5.0,1.0,0.03333333333333333,499.0,499.0,0.0,28.669999999999995,0.0,58.29833333333333,-0.20000000000000284,1006.2063333333332,0.009999999999990905,43.29999999999998,0.0,1.4210854715202004e-14
S04_LOW_ACON_LIGHTON__RUN_20260913_121444__SESSION_005__SEG_01__W_00545,S04_LOW_ACON_LIGHTON,S04_LOW_ACON_LIGHTON__RUN_20260913_121444__SESSION_005,S04_LOW_ACON_LIGHTON__RUN_20260913_121444__SESSION_005__SEG_01,2026-09-13T05:45:39.131000Z,2026-09-13T05:46:08.234000Z,1,1,1,LOW,1,0.23333333333333334,0.2,0.4,0.03333333333333333,5.0,2.0,0.03333333333333333,499.0,499.0,0.0,28.669999999999995,0.0,58.272666666666666,-0.18999999999999773,1006.2079999999999,0.009999999999990905,43.29999999999998,0.0,1.4210854715202004e-14
S04_LOW_ACON_LIGHTON__RUN_20260913_121444__SESSION_005__SEG_01__W_00550,S04_LOW_ACON_LIGHTON,S04_LOW_ACON_LIGHTON__RUN_20260913_121444__SESSION_005,S04_LOW_ACON_LIGHTON__RUN_20260913_121444__SESSION_005__SEG_01,2026-09-13T05:45:44.146000Z,2026-09-13T05:46:13.251000Z,1,1,1,LOW,1,0.2,0.2,0.36666666666666664,0.03333333333333333,4.0,2.0,0.03333333333333333,499.0,499.0,0.0,28.669999999999995,0.0,58.25266666666666,-0.00999999999999801,1006.2096666666664,0.009999999999990905,43.29999999999998,0.0,1.4210854715202004e-14
S04_LOW_ACON_LIGHTON__RUN_20260913_121444__SESSION_005__SEG_01__W_00555,S04_LOW_ACON_LIGHTON,S04_LOW_ACON_LIGHTON__RUN_20260913_121444__SESSION_005,S04_LOW_ACON_LIGHTON__RUN_20260913_121444__SESSION_005__SEG_01,2026-09-13T05:45:49.345000Z,2026-09-13T05:46:18.266000Z,1,1,1,LOW,1,0.13333333333333333,0.2,0.3,0.03333333333333333,3.0,2.0,0.03333333333333333,499.0,499.0,0.0,28.669999999999995,0.0,58.25599999999999,0.00999999999999801,1006.2099999999998,0.0,43.29999999999998,0.0,1.4210854715202004e-14
S04_LOW_ACON_LIGHTON__RUN_20260913_121444__SESSION_005__SEG_01__W_00560,S04_LOW_ACON_LIGHTON,S04_LOW_ACON_LIGHTON__RUN_20260913_121444__SESSION_005,S04_LOW_ACON_LIGHTON__RUN_20260913_121444__SESSION_005__SEG_01,2026-09-13T05:45:54.182000Z,2026-09-13T05:46:23.283000Z,1,1,1,LOW,1,0.06666666666666667,0.2,0.23333333333333334,0.03333333333333333,1.0,2.0,0.03333333333333333,499.0,499.0,0.0,28.67066666666666,0.00999999999999801,58.259666666666654,0.05999999999999517,1006.2099999999998,0.0,43.29999999999998,0.0,1.4210854715202004e-14
S04_LOW_ACON_LIGHTON__RUN_20260913_121444__SESSION_005__SEG_01__W_00565,S04_LOW_ACON_LIGHTON,S04_LOW_ACON_LIGHTON__RUN_20260913_121444__SESSION_005,S04_LOW_ACON_LIGHTON__RUN_20260913_121444__SESSION_005__SEG_01,2026-09-13T05:45:59.201000Z,2026-09-13T05:46:28.300000Z,1,1,1,LOW,1,0.0,0.13333333333333333,0.13333333333333333,0.0,0.0,1.0,0.0,2000.0,2000.0,0.0,28.672333333333327,0.00999999999999801,58.25566666666667,-0.07000000000000028,1006.2086666666668,-0.009999999999990905,43.29999999999998,0.0,1.4210854715202004e-14
S04_LOW_ACON_LIGHTON__RUN_20260913_121444__SESSION_005__SEG_01__W_00570,S04_LOW_ACON_LIGHTON,S04_LOW_ACON_LIGHTON__RUN_20260913_121444__SESSION_005,S04_LOW_ACON_LIGHTON__RUN_20260913_121444__SESSION_005__SEG_01,2026-09-13T05:46:04.218000Z,2026-09-13T05:46:33.497000Z,1,1,1,LOW,1,0.0,0.13333333333333333,0.13333333333333333,0.0,0.0,1.0,0.0,2000.0,2000.0,0.0,28.673999999999992,0.00999999999999801,58.24133333333334,-0.060000000000002274,1006.2070000000002,-0.009999999999990905,43.27333333333332,-0.7999999999999972,0.1436043948569196
S04_LOW_ACON_LIGHTON__RUN_20260913_121444__SESSION_005__SEG_01__W_00575,S04_LOW_ACON_LIGHTON,S04_LOW_ACON_LIGHTON__RUN_20260913_121444__SESSION_005,S04_LOW_ACON_LIGHTON__RUN_20260913_121444__SESSION_005__SEG_01,2026-09-13T05:46:09.237000Z,2026-09-13T05:46:38.518000Z,1,1,1,LOW,1,0.1,0.1,0.2,0.0,1.0,1.0,0.03333333333333333,360.0,360.0,0.0,28.675666666666658,0.00999999999999801,58.21066666666666,-0.1699999999999946,1006.2053333333334,-0.009999999999990905,43.27333333333332,0.0,0.14360439485691956
S04_LOW_ACON_LIGHTON__RUN_20260913_121444__SESSION_005__SEG_01__W_00580,S04_LOW_ACON_LIGHTON,S04_LOW_ACON_LIGHTON__RUN_20260913_121444__SESSION_005,S04_LOW_ACON_LIGHTON__RUN_20260913_121444__SESSION_005__SEG_01,2026-09-13T05:46:14.254000Z,2026-09-13T05:46:43.353000Z,1,1,1,LOW,1,0.2,0.1,0.3,0.0,2.0,1.0,0.03333333333333333,360.0,360.0,0.0,28.677333333333323,0.00999999999999801,58.17366666666667,-0.25,1006.2036666666668,-0.009999999999990905,43.27333333333332,0.0,0.14360439485691956
S04_LOW_ACON_LIGHTON__RUN_20260913_121444__SESSION_005__SEG_01__W_00585,S04_LOW_ACON_LIGHTON,S04_LOW_ACON_LIGHTON__RUN_20260913_121444__SESSION_005,S04_LOW_ACON_LIGHTON__RUN_20260913_121444__SESSION_005__SEG_01,2026-09-13T05:46:19.269000Z,2026-09-13T05:46:48.552000Z,1,1,1,LOW,1,0.23333333333333334,0.1,0.3333333333333333,0.0,3.0,1.0,0.03333333333333333,360.0,360.0,0.0,28.678333333333324,0.0,58.118,-0.490000000000002,1006.2020000000001,-0.009999999999990905,43.27333333333332,0.0,0.14360439485691953
S05_LOW_ACOFF_LIGHTON__RUN_20260913_121444__SESSION_006__SEG_01__W_00000,S05_LOW_ACOFF_LIGHTON,S05_LOW_ACOFF_LIGHTON__RUN_20260913_121444__SESSION_006,S05_LOW_ACOFF_LIGHTON__RUN_20260913_121444__SESSION_006__SEG_01,2026-09-13T06:24:58.928000Z,2026-09-13T06:25:28.023000Z,1,0,1,LOW,1,0.4,0.0,0.4,0.0,7.0,0.0,0.0,2000.0,2000.0,0.0,31.95433333333334,0.019999999999999574,63.02499999999999,-1.269999999999996,1005.7956666666668,-0.009999999999990905,42.9,0.0,0.39999999999999863
S05_LOW_ACOFF_LIGHTON__RUN_20260913_121444__SESSION_006__SEG_01__W_00005,S05_LOW_ACOFF_LIGHTON,S05_LOW_ACOFF_LIGHTON__RUN_20260913_121444__SESSION_006,S05_LOW_ACOFF_LIGHTON__RUN_20260913_121444__SESSION_006__SEG_01,2026-09-13T06:25:03.943000Z,2026-09-13T06:25:33.042000Z,1,0,1,LOW,1,0.26666666666666666,0.0,0.26666666666666666,0.0,8.0,0.0,0.0,2000.0,2000.0,0.0,31.957000000000008,0.010000000000001563,62.87866666666667,-0.509999999999998,1005.7946666666668,0.0,42.84666666666667,-0.7999999999999972,0.39642849992849205
S05_LOW_ACOFF_LIGHTON__RUN_20260913_121444__SESSION_006__SEG_01__W_00010,S05_LOW_ACOFF_LIGHTON,S05_LOW_ACOFF_LIGHTON__RUN_20260913_121444__SESSION_006,S05_LOW_ACOFF_LIGHTON__RUN_20260913_121444__SESSION_006__SEG_01,2026-09-13T06:25:09.140000Z,2026-09-13T06:25:38.057000Z,1,0,1,LOW,1,0.23333333333333334,0.0,0.23333333333333334,0.0,6.0,0.0,0.0,2000.0,2000.0,0.0,31.95933333333334,0.019999999999999574,62.79266666666668,-0.480000000000004,1005.7930000000001,-0.009999999999990905,42.74,0.0,0.36660605559646586
S05_LOW_ACOFF_LIGHTON__RUN_20260913_121444__SESSION_006__SEG_01__W_00015,S05_LOW_ACOFF_LIGHTON,S05_LOW_ACOFF_LIGHTON__RUN_20260913_121444__SESSION_006,S05_LOW_ACOFF_LIGHTON__RUN_20260913_121444__SESSION_006__SEG_01,2026-09-13T06:25:13.975000Z,2026-09-13T06:25:43.074000Z,1,0,1,LOW,1,0.16666666666666666,0.0,0.16666666666666666,0.0,5.0,0.0,0.0,2000.0,2000.0,0.0,31.962333333333337,0.00999999999999801,62.73933333333333,-0.25,1005.7896666666664,-0.01999999999998181,42.66,0.0,0.3199999999999989
S05_LOW_ACOFF_LIGHTON__RUN_20260913_121444__SESSION_006__SEG_01__W_00020,S05_LOW_ACOFF_LIGHTON,S05_LOW_ACOFF_LIGHTON__RUN_20260913_121444__SESSION_006,S05_LOW_ACOFF_LIGHTON__RUN_20260913_121444__SESSION_006__SEG_01,2026-09-13T06:25:19.174000Z,2026-09-13T06:25:48.089000Z,1,0,1,LOW,1,0.1,0.0,0.1,0.0,3.0,0.0,0.0,2000.0,2000.0,0.0,31.964000000000002,0.00999999999999801,62.70733333333333,-0.21999999999999886,1005.7869999999998,0.0,42.63333333333333,0.0,0.29814239699997086
S05_LOW_ACOFF_LIGHTON__RUN_20260913_121444__SESSION_006__SEG_01__W_00025,S05_LOW_ACOFF_LIGHTON,S05_LOW_ACOFF_LIGHTON__RUN_20260913_121444__SESSION_006,S05_LOW_ACOFF_LIGHTON__RUN_20260913_121444__SESSION_006__SEG_01,2026-09-13T06:25:24.009000Z,2026-09-13T06:25:53.108000Z,1,0,1,LOW,1,0.16666666666666666,0.0,0.16666666666666666,0.0,4.0,0.0,0.0,2000.0,2000.0,0.0,31.965666666666674,0.00999999999999801,62.67166666666667,-0.14999999999999858,1005.7859999999998,-0.009999999999990905,42.60666666666667,-0.7999999999999972,0.27194770739161417
S05_LOW_ACOFF_LIGHTON__RUN_20260913_121444__SESSION_006__SEG_01__W_00030,S05_LOW_ACOFF_LIGHTON,S05_LOW_ACOFF_LIGHTON__RUN_20260913_121444__SESSION_006,S05_LOW_ACOFF_LIGHTON__RUN_20260913_121444__SESSION_006__SEG_01,2026-09-13T06:25:29.026000Z,2026-09-13T06:25:58.307000Z,1,0,1,LOW,1,0.13333333333333333,0.0,0.13333333333333333,0.0,4.0,0.0,0.0,2000.0,2000.0,0.0,31.96733333333334,0.00999999999999801,62.65033333333334,-0.09000000000000341,1005.784333333333,-0.009999999999990905,42.55333333333333,0.0,0.19955506062794282
S05_LOW_ACOFF_LIGHTON__RUN_20260913_121444__SESSION_006__SEG_01__W_00035,S05_LOW_ACOFF_LIGHTON,S05_LOW_ACOFF_LIGHTON__RUN_20260913_121444__SESSION_006,S05_LOW_ACOFF_LIGHTON__RUN_20260913_121444__SESSION_006__SEG_01,2026-09-13T06:25:34.045000Z,2026-09-13T06:26:03.146000Z,1,0,1,LOW,1,0.1,0.0,0.1,0.0,3.0,0.0,0.0,2000.0,2000.0,0.0,31.969000000000005,0.00999999999999801,62.629,-0.07000000000000028,1005.7826666666664,-0.009999999999990905,42.55333333333333,-0.7999999999999972,0.19955506062794282
S05_LOW_ACOFF_LIGHTON__RUN_20260913_121444__SESSION_006__SEG_01__W_00040,S05_LOW_ACOFF_LIGHTON,S05_LOW_ACOFF_LIGHTON__RUN_20260913_121444__SESSION_006,S05_LOW_ACOFF_LIGHTON__RUN_20260913_121444__SESSION_006__SEG_01,2026-09-13T06:25:39.060000Z,2026-09-13T06:26:08.161000Z,1,0,1,LOW,1,0.1,0.0,0.1,0.0,3.0,0.0,0.0,2000.0,2000.0,0.0,31.970000000000006,0.0,62.61566666666666,-0.0799999999999983,1005.7803333333334,-0.009999999999990905,42.526666666666664,0.0,0.14360439485691964
S05_LOW_ACOFF_LIGHTON__RUN_20260913_121444__SESSION_006__SEG_01__W_00045,S05_LOW_ACOFF_LIGHTON,S05_LOW_ACOFF_LIGHTON__RUN_20260913_121444__SESSION_006,S05_LOW_ACOFF_LIGHTON__RUN_20260913_121444__SESSION_006__SEG_01,2026-09-13T06:25:44.077000Z,2026-09-13T06:26:13.180000Z,1,0,1,LOW,1,0.13333333333333333,0.0,0.13333333333333333,0.0,4.0,0.0,0.0,2000.0,2000.0,0.0,31.970000000000006,0.0,62.60166666666667,0.020000000000003126,1005.7786666666667,-0.009999999999990905,42.5,0.0,0.0
S05_LOW_ACOFF_LIGHTON__RUN_20260913_121444__SESSION_006__SEG_01__W_00050,S05_LOW_ACOFF_LIGHTON,S05_LOW_ACOFF_LIGHTON__RUN_20260913_121444__SESSION_006,S05_LOW_ACOFF_LIGHTON__RUN_20260913_121444__SESSION_006__SEG_01,2026-09-13T06:25:49.274000Z,2026-09-13T06:26:18.199000Z,1,0,1,LOW,1,0.2,0.0,0.2,0.0,5.0,0.0,0.0,2000.0,2000.0,0.0,31.970000000000006,0.0,62.586,-0.04999999999999716,1005.7756666666666,-0.029999999999972715,42.5,0.0,0.0
S05_LOW_ACOFF_LIGHTON__RUN_20260913_121444__SESSION_006__SEG_01__W_00055,S05_LOW_ACOFF_LIGHTON,S05_LOW_ACOFF_LIGHTON__RUN_20260913_121444__SESSION_006,S05_LOW_ACOFF_LIGHTON__RUN_20260913_121444__SESSION_006__SEG_01,2026-09-13T06:25:54.111000Z,2026-09-13T06:26:23.398000Z,1,0,1,LOW,1,0.13333333333333333,0.0,0.13333333333333333,0.0,4.0,0.0,0.0,2000.0,2000.0,0.0,31.970000000000006,0.0,62.580333333333314,-0.060000000000002274,1005.7716666666662,-0.01999999999998181,42.5,0.0,0.0
S05_LOW_ACOFF_LIGHTON__RUN_20260913_121444__SESSION_006__SEG_01__W_00060,S05_LOW_ACOFF_LIGHTON,S05_LOW_ACOFF_LIGHTON__RUN_20260913_121444__SESSION_006,S05_LOW_ACOFF_LIGHTON__RUN_20260913_121444__SESSION_006__SEG_01,2026-09-13T06:25:59.130000Z,2026-09-13T06:26:28.233000Z,1,0,1,LOW,1,0.1,0.0,0.1,0.0,3.0,0.0,0.0,2000.0,2000.0,0.0,31.970000000000006,0.0,62.563666666666656,0.03999999999999915,1005.768333333333,-0.01999999999998181,42.5,0.0,0.0
S05_LOW_ACOFF_LIGHTON__RUN_20260913_121444__SESSION_006__SEG_01__W_00065,S05_LOW_ACOFF_LIGHTON,S05_LOW_ACOFF_LIGHTON__RUN_20260913_121444__SESSION_006,S05_LOW_ACOFF_LIGHTON__RUN_20260913_121444__SESSION_006__SEG_01,2026-09-13T06:26:04.149000Z,2026-09-13T06:26:33.248000Z,1,0,1,LOW,1,0.16666666666666666,0.0,0.16666666666666666,0.0,5.0,0.0,0.0,2000.0,2000.0,0.0,31.970000000000006,0.0,62.552,-0.0899999999999963,1005.765333333333,-0.009999999999990905,42.5,0.0,0.0
S05_LOW_ACOFF_LIGHTON__RUN_20260913_121444__SESSION_006__SEG_01__W_00070,S05_LOW_ACOFF_LIGHTON,S05_LOW_ACOFF_LIGHTON__RUN_20260913_121444__SESSION_006,S05_LOW_ACOFF_LIGHTON__RUN_20260913_121444__SESSION_006__SEG_01,2026-09-13T06:26:09.164000Z,2026-09-13T06:26:38.267000Z,1,0,1,LOW,1,0.23333333333333334,0.0,0.23333333333333334,0.0,6.0,0.0,0.0,2000.0,2000.0,0.0,31.970333333333336,0.010000000000001563,62.546,-0.14999999999999858,1005.765,0.009999999999990905,42.5,0.0,0.0
S05_LOW_ACOFF_LIGHTON__RUN_20260913_121444__SESSION_006__SEG_01__W_00075,S05_LOW_ACOFF_LIGHTON,S05_LOW_ACOFF_LIGHTON__RUN_20260913_121444__SESSION_006,S05_LOW_ACOFF_LIGHTON__RUN_20260913_121444__SESSION_006__SEG_01,2026-09-13T06:26:14.183000Z,2026-09-13T06:26:43.286000Z,1,0,1,LOW,1,0.26666666666666666,0.0,0.26666666666666666,0.0,7.0,0.0,0.0,2000.0,2000.0,0.0,31.972,0.010000000000001563,62.537666666666674,0.05000000000000426,1005.7669999999998,0.01999999999998181,42.5,0.0,0.0
S05_LOW_ACOFF_LIGHTON__RUN_20260913_121444__SESSION_006__SEG_01__W_00080,S05_LOW_ACOFF_LIGHTON,S05_LOW_ACOFF_LIGHTON__RUN_20260913_121444__SESSION_006,S05_LOW_ACOFF_LIGHTON__RUN_20260913_121444__SESSION_006__SEG_01,2026-09-13T06:26:19.384000Z,2026-09-13T06:26:48.301000Z,1,0,1,LOW,1,0.23333333333333334,0.0,0.23333333333333334,0.0,6.0,0.0,0.0,2000.0,2000.0,0.0,31.973666666666666,0.010000000000001563,62.53833333333332,0.05999999999999517,1005.7710000000002,0.029999999999972715,42.5,0.0,0.0
S05_LOW_ACOFF_LIGHTON__RUN_20260913_121444__SESSION_006__SEG_01__W_00085,S05_LOW_ACOFF_LIGHTON,S05_LOW_ACOFF_LIGHTON__RUN_20260913_121444__SESSION_006,S05_LOW_ACOFF_LIGHTON__RUN_20260913_121444__SESSION_006__SEG_01,2026-09-13T06:26:24.221000Z,2026-09-13T06:26:53.500000Z,1,0,1,LOW,1,0.26666666666666666,0.0,0.26666666666666666,0.0,7.0,0.0,0.0,2000.0,2000.0,0.0,31.975333333333342,0.010000000000001563,62.53166666666666,0.030000000000001137,1005.7760000000002,0.029999999999972715,42.5,0.0,0.0
S05_LOW_ACOFF_LIGHTON__RUN_20260913_121444__SESSION_006__SEG_01__W_00090,S05_LOW_ACOFF_LIGHTON,S05_LOW_ACOFF_LIGHTON__RUN_20260913_121444__SESSION_006,S05_LOW_ACOFF_LIGHTON__RUN_20260913_121444__SESSION_006__SEG_01,2026-09-13T06:26:29.236000Z,2026-09-13T06:26:58.335000Z,1,0,1,LOW,1,0.36666666666666664,0.0,0.36666666666666664,0.0,6.0,0.0,0.0,2000.0,2000.0,0.0,31.977000000000007,0.010000000000001563,62.52366666666667,-0.10000000000000142,1005.7810000000003,0.029999999999972715,42.5,0.0,0.0
S05_LOW_ACOFF_LIGHTON__RUN_20260913_121444__SESSION_006__SEG_01__W_00095,S05_LOW_ACOFF_LIGHTON,S05_LOW_ACOFF_LIGHTON__RUN_20260913_121444__SESSION_006,S05_LOW_ACOFF_LIGHTON__RUN_20260913_121444__SESSION_006__SEG_01,2026-09-13T06:26:34.433000Z,2026-09-13T06:27:03.354000Z,1,0,1,LOW,1,0.4,0.0,0.4,0.0,6.0,0.0,0.0,2000.0,2000.0,0.0,31.978666666666673,0.010000000000001563,62.52166666666667,-0.030000000000001137,1005.7869999999999,0.029999999999972715,42.5,0.0,0.0
S05_LOW_ACOFF_LIGHTON__RUN_20260913_121444__SESSION_006__SEG_01__W_00100,S05_LOW_ACOFF_LIGHTON,S05_LOW_ACOFF_LIGHTON__RUN_20260913_121444__SESSION_006,S05_LOW_ACOFF_LIGHTON__RUN_20260913_121444__SESSION_006__SEG_01,2026-09-13T06:26:39.270000Z,2026-09-13T06:27:08.371000Z,1,0,1,LOW,1,0.3333333333333333,0.0,0.3333333333333333,0.0,4.0,0.0,0.0,2000.0,2000.0,0.0,31.980000000000004,0.0,62.522333333333336,-0.03999999999999915,1005.7900000000001,0.009999999999990905,42.5,0.0,0.0
S05_LOW_ACOFF_LIGHTON__RUN_20260913_121444__SESSION_006__SEG_01__W_00105,S05_LOW_ACOFF_LIGHTON,S05_LOW_ACOFF_LIGHTON__RUN_20260913_121444__SESSION_006,S05_LOW_ACOFF_LIGHTON__RUN_20260913_121444__SESSION_006__SEG_01,2026-09-13T06:26:44.289000Z,2026-09-13T06:27:13.568000Z,1,0,1,LOW,1,0.26666666666666666,0.0,0.26666666666666666,0.0,3.0,0.0,0.0,2000.0,2000.0,0.0,31.980000000000004,0.0,62.51566666666667,-0.04000000000000625,1005.791,-0.009999999999990905,42.5,0.0,0.0
S05_LOW_ACOFF_LIGHTON__RUN_20260913_121444__SESSION_006__SEG_01__W_00110,S05_LOW_ACOFF_LIGHTON,S05_LOW_ACOFF_LIGHTON__RUN_20260913_121444__SESSION_006,S05_LOW_ACOFF_LIGHTON__RUN_20260913_121444__SESSION_006__SEG_01,2026-09-13T06:26:49.304000Z,2026-09-13T06:27:18.405000Z,1,0,1,LOW,1,0.3333333333333333,0.0,0.3333333333333333,0.0,4.0,0.0,0.0,2000.0,2000.0,0.0,31.980000000000004,0.0,62.50966666666667,0.07000000000000028,1005.789333333333,-0.009999999999990905,42.5,0.0,0.0
S05_LOW_ACOFF_LIGHTON__RUN_20260913_121444__SESSION_006__SEG_01__W_00115,S05_LOW_ACOFF_LIGHTON,S05_LOW_ACOFF_LIGHTON__RUN_20260913_121444__SESSION_006,S05_LOW_ACOFF_LIGHTON__RUN_20260913_121444__SESSION_006__SEG_01,2026-09-13T06:26:54.323000Z,2026-09-13T06:27:23.422000Z,1,0,1,LOW,1,0.36666666666666664,0.0,0.36666666666666664,0.0,4.0,0.0,0.0,2000.0,2000.0,0.0,31.980000000000004,0.0,62.50366666666666,-0.030000000000001137,1005.7876666666664,-0.009999999999990905,42.5,0.0,0.0
S05_LOW_ACOFF_LIGHTON__RUN_20260913_121444__SESSION_006__SEG_01__W_00120,S05_LOW_ACOFF_LIGHTON,S05_LOW_ACOFF_LIGHTON__RUN_20260913_121444__SESSION_006,S05_LOW_ACOFF_LIGHTON__RUN_20260913_121444__SESSION_006__SEG_01,2026-09-13T06:26:59.338000Z,2026-09-13T06:27:28.439000Z,1,0,1,LOW,1,0.3333333333333333,0.0,0.3333333333333333,0.0,6.0,0.0,0.0,2000.0,2000.0,0.0,31.980000000000004,0.0,62.503,0.05000000000000426,1005.7853333333333,-0.01999999999998181,42.5,0.0,0.0
S05_LOW_ACOFF_LIGHTON__RUN_20260913_121444__SESSION_006__SEG_01__W_00125,S05_LOW_ACOFF_LIGHTON,S05_LOW_ACOFF_LIGHTON__RUN_20260913_121444__SESSION_006,S05_LOW_ACOFF_LIGHTON__RUN_20260913_121444__SESSION_006__SEG_01,2026-09-13T06:27:04.357000Z,2026-09-13T06:27:33.640000Z,1,0,1,LOW,1,0.26666666666666666,0.0,0.26666666666666666,0.0,6.0,0.0,0.0,2000.0,2000.0,0.0,31.980000000000004,0.0,62.507999999999996,0.060000000000002274,1005.7806666666668,-0.01999999999998181,42.5,0.0,0.0
S05_LOW_ACOFF_LIGHTON__RUN_20260913_121444__SESSION_006__SEG_01__W_00130,S05_LOW_ACOFF_LIGHTON,S05_LOW_ACOFF_LIGHTON__RUN_20260913_121444__SESSION_006,S05_LOW_ACOFF_LIGHTON__RUN_20260913_121444__SESSION_006__SEG_01,2026-09-13T06:27:09.374000Z,2026-09-13T06:27:38.477000Z,1,0,1,LOW,1,0.3333333333333333,0.0,0.3333333333333333,0.0,8.0,0.0,0.0,2000.0,2000.0,0.0,31.980000000000004,0.0,62.512666666666654,0.17999999999999972,1005.7773333333334,-0.01999999999998181,42.5,0.0,0.0
S05_LOW_ACOFF_LIGHTON__RUN_20260913_121444__SESSION_006__SEG_01__W_00135,S05_LOW_ACOFF_LIGHTON,S05_LOW_ACOFF_LIGHTON__RUN_20260913_121444__SESSION_006,S05_LOW_ACOFF_LIGHTON__RUN_20260913_121444__SESSION_006__SEG_01,2026-09-13T06:27:14.391000Z,2026-09-13T06:27:43.494000Z,1,0,1,LOW,1,0.4,0.0,0.4,0.0,9.0,0.0,0.0,2000.0,2000.0,0.0,31.980000000000004,0.0,62.52033333333332,0.030000000000001137,1005.7733333333332,-0.01999999999998181,42.5,0.0,0.0
S05_LOW_ACOFF_LIGHTON__RUN_20260913_121444__SESSION_006__SEG_01__W_00140,S05_LOW_ACOFF_LIGHTON,S05_LOW_ACOFF_LIGHTON__RUN_20260913_121444__SESSION_006,S05_LOW_ACOFF_LIGHTON__RUN_20260913_121444__SESSION_006__SEG_01,2026-09-13T06:27:19.408000Z,2026-09-13T06:27:48.511000Z,1,0,1,LOW,1,0.3,0.0,0.3,0.0,7.0,0.0,0.0,2000.0,2000.0,0.0,31.980000000000004,0.0,62.52933333333332,0.020000000000003126,1005.7699999999996,-0.01999999999998181,42.5,0.0,0.0
S05_LOW_ACOFF_LIGHTON__RUN_20260913_121444__SESSION_006__SEG_01__W_00145,S05_LOW_ACOFF_LIGHTON,S05_LOW_ACOFF_LIGHTON__RUN_20260913_121444__SESSION_006,S05_LOW_ACOFF_LIGHTON__RUN_20260913_121444__SESSION_006__SEG_01,2026-09-13T06:27:24.425000Z,2026-09-13T06:27:53.530000Z,1,0,1,LOW,1,0.26666666666666666,0.0,0.26666666666666666,0.0,7.0,0.0,0.0,2000.0,2000.0,0.0,31.980000000000004,0.0,62.532666666666664,0.05000000000000426,1005.7666666666664,-0.01999999999998181,42.5,0.0,0.0
S05_LOW_ACOFF_LIGHTON__RUN_20260913_121444__SESSION_006__SEG_01__W_00150,S05_LOW_ACOFF_LIGHTON,S05_LOW_ACOFF_LIGHTON__RUN_20260913_121444__SESSION_006,S05_LOW_ACOFF_LIGHTON__RUN_20260913_121444__SESSION_006__SEG_01,2026-09-13T06:27:29.624000Z,2026-09-13T06:27:58.733000Z,1,0,1,LOW,1,0.26666666666666666,0.0,0.26666666666666666,0.0,7.0,0.0,0.0,2000.0,2000.0,0.0,31.980000000000004,0.0,62.53133333333334,-0.03999999999999915,1005.7663333333333,0.009999999999990905,42.5,0.0,0.0
S05_LOW_ACOFF_LIGHTON__RUN_20260913_121444__SESSION_006__SEG_01__W_00155,S05_LOW_ACOFF_LIGHTON,S05_LOW_ACOFF_LIGHTON__RUN_20260913_121444__SESSION_006,S05_LOW_ACOFF_LIGHTON__RUN_20260913_121444__SESSION_006__SEG_01,2026-09-13T06:27:34.645000Z,2026-09-13T06:28:03.568000Z,1,0,1,LOW,1,0.26666666666666666,0.0,0.26666666666666666,0.0,6.0,0.0,0.0,2000.0,2000.0,0.0,31.980000000000004,0.0,62.52000000000001,-0.13000000000000256,1005.7673333333332,0.0,42.5,0.0,0.0
S05_LOW_ACOFF_LIGHTON__RUN_20260913_121444__SESSION_006__SEG_01__W_00160,S05_LOW_ACOFF_LIGHTON,S05_LOW_ACOFF_LIGHTON__RUN_20260913_121444__SESSION_006,S05_LOW_ACOFF_LIGHTON__RUN_20260913_121444__SESSION_006__SEG_01,2026-09-13T06:27:39.480000Z,2026-09-13T06:28:08.587000Z,1,0,1,LOW,1,0.26666666666666666,0.0,0.26666666666666666,0.0,6.0,0.0,0.0,2000.0,2000.0,0.0,31.980000000000004,0.0,62.51133333333334,0.0,1005.7656666666664,-0.009999999999990905,42.5,0.0,0.0
S05_LOW_ACOFF_LIGHTON__RUN_20260913_121444__SESSION_006__SEG_01__W_00165,S05_LOW_ACOFF_LIGHTON,S05_LOW_ACOFF_LIGHTON__RUN_20260913_121444__SESSION_006,S05_LOW_ACOFF_LIGHTON__RUN_20260913_121444__SESSION_006__SEG_01,2026-09-13T06:27:44.497000Z,2026-09-13T06:28:13.604000Z,1,0,1,LOW,1,0.26666666666666666,0.0,0.26666666666666666,0.0,6.0,0.0,0.0,2000.0,2000.0,0.0,31.980000000000004,0.0,62.50966666666667,0.0,1005.7649999999996,0.0,42.5,0.0,0.0
S05_LOW_ACOFF_LIGHTON__RUN_20260913_121444__SESSION_006__SEG_01__W_00170,S05_LOW_ACOFF_LIGHTON,S05_LOW_ACOFF_LIGHTON__RUN_20260913_121444__SESSION_006,S05_LOW_ACOFF_LIGHTON__RUN_20260913_121444__SESSION_006__SEG_01,2026-09-13T06:27:49.514000Z,2026-09-13T06:28:18.621000Z,1,0,1,LOW,1,0.3,0.0,0.3,0.0,7.0,0.0,0.0,2000.0,2000.0,0.0,31.980000000000004,0.0,62.498666666666665,-0.10000000000000142,1005.7659999999998,0.009999999999990905,42.5,0.0,0.0
S05_LOW_ACOFF_LIGHTON__RUN_20260913_121444__SESSION_006__SEG_01__W_00175,S05_LOW_ACOFF_LIGHTON,S05_LOW_ACOFF_LIGHTON__RUN_20260913_121444__SESSION_006,S05_LOW_ACOFF_LIGHTON__RUN_20260913_121444__SESSION_006__SEG_01,2026-09-13T06:27:54.715000Z,2026-09-13T06:28:23.820000Z,1,0,1,LOW,1,0.3333333333333333,0.0,0.3333333333333333,0.0,7.0,0.0,0.0,2000.0,2000.0,0.0,31.980000000000004,0.0,62.50266666666666,0.03999999999999915,1005.7676666666669,0.0,42.5,0.0,0.0
S05_LOW_ACOFF_LIGHTON__RUN_20260913_121444__SESSION_006__SEG_01__W_00180,S05_LOW_ACOFF_LIGHTON,S05_LOW_ACOFF_LIGHTON__RUN_20260913_121444__SESSION_006,S05_LOW_ACOFF_LIGHTON__RUN_20260913_121444__SESSION_006__SEG_01,2026-09-13T06:27:59.556000Z,2026-09-13T06:28:28.657000Z,1,0,1,LOW,1,0.3333333333333333,0.0,0.3333333333333333,0.0,7.0,0.0,0.0,2000.0,2000.0,0.0,31.980000000000004,0.0,62.50033333333333,0.00999999999999801,1005.7676666666666,-0.009999999999990905,42.5,0.0,0.0
S05_LOW_ACOFF_LIGHTON__RUN_20260913_121444__SESSION_006__SEG_01__W_00185,S05_LOW_ACOFF_LIGHTON,S05_LOW_ACOFF_LIGHTON__RUN_20260913_121444__SESSION_006,S05_LOW_ACOFF_LIGHTON__RUN_20260913_121444__SESSION_006__SEG_01,2026-09-13T06:28:04.571000Z,2026-09-13T06:28:33.674000Z,1,0,1,LOW,1,0.36666666666666664,0.0,0.36666666666666664,0.0,8.0,0.0,0.0,2000.0,2000.0,0.0,31.980000000000004,0.0,62.494666666666674,-0.14000000000000057,1005.7666666666668,0.009999999999990905,42.5,0.0,0.0
S05_LOW_ACOFF_LIGHTON__RUN_20260913_121444__SESSION_006__SEG_01__W_00190,S05_LOW_ACOFF_LIGHTON,S05_LOW_ACOFF_LIGHTON__RUN_20260913_121444__SESSION_006,S05_LOW_ACOFF_LIGHTON__RUN_20260913_121444__SESSION_006__SEG_01,2026-09-13T06:28:09.772000Z,2026-09-13T06:28:38.871000Z,1,0,1,LOW,1,0.4,0.0,0.4,0.0,8.0,0.0,0.0,2000.0,2000.0,0.0,31.980000000000004,0.0,62.484000000000016,-0.05999999999999517,1005.7683333333334,0.009999999999990905,42.5,0.0,0.0
S05_LOW_ACOFF_LIGHTON__RUN_20260913_121444__SESSION_006__SEG_01__W_00195,S05_LOW_ACOFF_LIGHTON,S05_LOW_ACOFF_LIGHTON__RUN_20260913_121444__SESSION_006,S05_LOW_ACOFF_LIGHTON__RUN_20260913_121444__SESSION_006__SEG_01,2026-09-13T06:28:14.789000Z,2026-09-13T06:28:43.706000Z,1,0,1,LOW,1,0.4,0.0,0.4,0.0,9.0,0.0,0.0,2000.0,2000.0,0.0,31.980000000000004,0.0,62.48400000000001,0.01999999999999602,1005.7700000000001,0.009999999999990905,42.5,0.0,0.0
S05_LOW_ACOFF_LIGHTON__RUN_20260913_121444__SESSION_006__SEG_01__W_00200,S05_LOW_ACOFF_LIGHTON,S05_LOW_ACOFF_LIGHTON__RUN_20260913_121444__SESSION_006,S05_LOW_ACOFF_LIGHTON__RUN_20260913_121444__SESSION_006__SEG_01,2026-09-13T06:28:19.624000Z,2026-09-13T06:28:48.725000Z,1,0,1,LOW,1,0.4,0.0,0.4,0.0,8.0,0.0,0.0,2000.0,2000.0,0.0,31.980000000000004,0.0,62.48133333333333,-0.060000000000002274,1005.7696666666666,-0.009999999999990905,42.5,0.0,0.0
S05_LOW_ACOFF_LIGHTON__RUN_20260913_121444__SESSION_006__SEG_01__W_00205,S05_LOW_ACOFF_LIGHTON,S05_LOW_ACOFF_LIGHTON__RUN_20260913_121444__SESSION_006,S05_LOW_ACOFF_LIGHTON__RUN_20260913_121444__SESSION_006__SEG_01,2026-09-13T06:28:24.643000Z,2026-09-13T06:28:53.746000Z,1,0,1,LOW,1,0.4,0.0,0.4,0.0,9.0,0.0,0.0,2000.0,2000.0,0.0,31.980000000000004,0.0,62.476,0.0899999999999963,1005.7679999999997,-0.009999999999990905,42.5,0.0,0.0
S05_LOW_ACOFF_LIGHTON__RUN_20260913_121444__SESSION_006__SEG_01__W_00210,S05_LOW_ACOFF_LIGHTON,S05_LOW_ACOFF_LIGHTON__RUN_20260913_121444__SESSION_006,S05_LOW_ACOFF_LIGHTON__RUN_20260913_121444__SESSION_006__SEG_01,2026-09-13T06:28:29.842000Z,2026-09-13T06:28:58.767000Z,1,0,1,LOW,1,0.43333333333333335,0.06666666666666667,0.4666666666666667,0.03333333333333333,9.0,1.0,0.03333333333333333,582.0,582.0,0.0,31.980000000000004,0.0,62.475,0.04999999999999716,1005.7646666666666,-0.01999999999998181,42.39333333333334,-0.7999999999999972,0.2719477073916142
S05_LOW_ACOFF_LIGHTON__RUN_20260913_121444__SESSION_006__SEG_01__W_00215,S05_LOW_ACOFF_LIGHTON,S05_LOW_ACOFF_LIGHTON__RUN_20260913_121444__SESSION_006,S05_LOW_ACOFF_LIGHTON__RUN_20260913_121444__SESSION_006__SEG_01,2026-09-13T06:28:34.677000Z,2026-09-13T06:29:03.784000Z,1,0,1,LOW,1,0.36666666666666664,0.13333333333333333,0.4666666666666667,0.03333333333333333,7.0,2.0,0.03333333333333333,582.0,582.0,0.0,31.980000000000004,0.0,62.486,0.12000000000000455,1005.7606666666668,-0.029999999999972715,42.260000000000005,-0.7999999999999972,0.3666060555964659
S05_LOW_ACOFF_LIGHTON__RUN_20260913_121444__SESSION_006__SEG_01__W_00220,S05_LOW_ACOFF_LIGHTON,S05_LOW_ACOFF_LIGHTON__RUN_20260913_121444__SESSION_006,S05_LOW_ACOFF_LIGHTON__RUN_20260913_121444__SESSION_006__SEG_01,2026-09-13T06:28:39.694000Z,2026-09-13T06:29:08.805000Z,1,0,1,LOW,1,0.3333333333333333,0.2,0.4666666666666667,0.06666666666666667,7.0,3.0,0.1,558.0,582.0,45.84272631023983,31.980000000000004,0.0,62.49233333333334,-0.00999999999999801,1005.7556666666668,-0.029999999999972715,42.12666666666667,-0.7999999999999972,0.3991101212558857
S05_LOW_ACOFF_LIGHTON__RUN_20260913_121444__SESSION_006__SEG_01__W_00225,S05_LOW_ACOFF_LIGHTON,S05_LOW_ACOFF_LIGHTON__RUN_20260913_121444__SESSION_006,S05_LOW_ACOFF_LIGHTON__RUN_20260913_121444__SESSION_006__SEG_01,2026-09-13T06:28:44.709000Z,2026-09-13T06:29:14.002000Z,1,0,1,LOW,1,0.3333333333333333,0.23333333333333334,0.4666666666666667,0.1,6.0,3.0,0.1,558.0,582.0,45.84272631023983,31.980333333333338,0.00999999999999801,62.48733333333334,0.03999999999999915,1005.7510000000003,-0.01999999999998181,41.99333333333334,-0.7999999999999972,0.38551552786135745
S05_LOW_ACOFF_LIGHTON__RUN_20260913_121444__SESSION_006__SEG_01__W_00230,S05_LOW_ACOFF_LIGHTON,S05_LOW_ACOFF_LIGHTON__RUN_20260913_121444__SESSION_006,S05_LOW_ACOFF_LIGHTON__RUN_20260913_121444__SESSION_006__SEG_01,2026-09-13T06:28:49.910000Z,2026-09-13T06:29:19.023000Z,1,0,1,LOW,1,0.3333333333333333,0.23333333333333334,0.4666666666666667,0.1,6.0,3.0,0.1,558.0,582.0,45.84272631023983,31.98166666666667,0.00999999999999801,62.48633333333334,0.030000000000001137,1005.7470000000002,-0.01999999999998181,41.913333333333334,-0.7999999999999972,0.35377331097124143
S05_LOW_ACOFF_LIGHTON__RUN_20260913_121444__SESSION_006__SEG_01__W_00235,S05_LOW_ACOFF_LIGHTON,S05_LOW_ACOFF_LIGHTON__RUN_20260913_121444__SESSION_006,S05_LOW_ACOFF_LIGHTON__RUN_20260913_121444__SESSION_006__SEG_01,2026-09-13T06:28:54.931000Z,2026-09-13T06:29:23.862000Z,1,0,1,LOW,1,0.3333333333333333,0.23333333333333334,0.4666666666666667,0.1,5.0,3.0,0.1,558.0,582.0,45.84272631023983,31.983333333333334,0.00999999999999801,62.47733333333334,-0.01999999999999602,1005.7433333333336,-0.029999999999972715,41.86000000000001,0.7999999999999972,0.3199999999999989
S05_LOW_ACOFF_LIGHTON__RUN_20260913_121444__SESSION_006__SEG_01__W_00240,S05_LOW_ACOFF_LIGHTON,S05_LOW_ACOFF_LIGHTON__RUN_20260913_121444__SESSION_006,S05_LOW_ACOFF_LIGHTON__RUN_20260913_121444__SESSION_006__SEG_01,2026-09-13T06:28:59.952000Z,2026-09-13T06:29:28.879000Z,1,0,1,LOW,1,0.3,0.16666666666666666,0.4,0.06666666666666667,6.0,2.0,0.06666666666666667,558.0,611.5,53.5,31.985000000000003,0.00999999999999801,62.47200000000001,-0.00999999999999801,1005.739,-0.029999999999972715,41.88666666666667,0.7999999999999972,0.3383620677453194
S05_LOW_ACOFF_LIGHTON__RUN_20260913_121444__SESSION_006__SEG_01__W_00245,S05_LOW_ACOFF_LIGHTON,S05_LOW_ACOFF_LIGHTON__RUN_20260913_121444__SESSION_006,S05_LOW_ACOFF_LIGHTON__RUN_20260913_121444__SESSION_006__SEG_01,2026-09-13T06:29:04.787000Z,2026-09-13T06:29:34.080000Z,1,0,1,LOW,1,0.3,0.1,0.3333333333333333,0.06666666666666667,6.0,1.0,0.1,434.0,558.0,94.39044207733936,31.986666666666668,0.00999999999999801,62.476333333333336,0.05999999999999517,1005.734666666667,-0.01999999999998181,41.940000000000005,0.0,0.3666060555964659
S05_LOW_ACOFF_LIGHTON__RUN_20260913_121444__SESSION_006__SEG_01__W_00250,S05_LOW_ACOFF_LIGHTON,S05_LOW_ACOFF_LIGHTON__RUN_20260913_121444__SESSION_006,S05_LOW_ACOFF_LIGHTON__RUN_20260913_121444__SESSION_006__SEG_01,2026-09-13T06:29:09.808000Z,2026-09-13T06:29:38.917000Z,1,0,1,LOW,1,0.26666666666666666,0.13333333333333333,0.3333333333333333,0.06666666666666667,6.0,1.0,0.03333333333333333,434.0,434.0,0.0,31.988333333333337,0.00999999999999801,62.49133333333332,0.14999999999999858,1005.7313333333336,-0.01999999999998181,41.910000000000004,-0.9000000000000057,0.41821047332652894
S05_LOW_ACOFF_LIGHTON__RUN_20260913_121444__SESSION_006__SEG_01__W_00255,S05_LOW_ACOFF_LIGHTON,S05_LOW_ACOFF_LIGHTON__RUN_20260913_121444__SESSION_006,S05_LOW_ACOFF_LIGHTON__RUN_20260913_121444__SESSION_006__SEG_01,2026-09-13T06:29:14.825000Z,2026-09-13T06:29:44.116000Z,1,0,1,LOW,1,0.2,0.2,0.36666666666666664,0.03333333333333333,5.0,3.0,0.03333333333333333,434.0,434.0,0.0,31.98966666666667,0.00999999999999801,62.51766666666668,0.10000000000000142,1005.727666666667,-0.01999999999998181,41.85000000000001,-0.7999999999999972,0.5004997502496881
S05_LOW_ACOFF_LIGHTON__RUN_20260913_121444__SESSION_006__SEG_01__W_00260,S05_LOW_ACOFF_LIGHTON,S05_LOW_ACOFF_LIGHTON__RUN_20260913_121444__SESSION_006,S05_LOW_ACOFF_LIGHTON__RUN_20260913_121444__SESSION_006__SEG_01,2026-09-13T06:29:20.028000Z,2026-09-13T06:29:49.137000Z,1,0,1,LOW,1,0.16666666666666666,0.26666666666666666,0.4,0.03333333333333333,4.0,4.0,0.03333333333333333,434.0,434.0,0.0,31.990000000000002,0.0,62.52466666666667,0.10000000000000142,1005.7243333333337,-0.01999999999998181,41.796666666666674,0.0,0.4700945531368015
S05_LOW_ACOFF_LIGHTON__RUN_20260913_121444__SESSION_006__SEG_01__W_00265,S05_LOW_ACOFF_LIGHTON,S05_LOW_ACOFF_LIGHTON__RUN_20260913_121444__SESSION_006,S05_LOW_ACOFF_LIGHTON__RUN_20260913_121444__SESSION_006__SEG_01,2026-09-13T06:29:24.865000Z,2026-09-13T06:29:54.156000Z,1,0,1,LOW,1,0.1,0.3,0.36666666666666664,0.03333333333333333,2.0,5.0,0.03333333333333333,434.0,434.0,0.0,31.990000000000002,0.0,62.538999999999994,0.0799999999999983,1005.7223333333334,0.0,41.79666666666667,-0.7999999999999972,0.47009455313680143
S05_LOW_ACOFF_LIGHTON__RUN_20260913_121444__SESSION_006__SEG_01__W_00270,S05_LOW_ACOFF_LIGHTON,S05_LOW_ACOFF_LIGHTON__RUN_20260913_121444__SESSION_006,S05_LOW_ACOFF_LIGHTON__RUN_20260913_121444__SESSION_006__SEG_01,2026-09-13T06:29:29.882000Z,2026-09-13T06:29:59.173000Z,1,0,1,LOW,1,0.03333333333333333,0.3333333333333333,0.3333333333333333,0.03333333333333333,1.0,6.0,0.03333333333333333,434.0,434.0,0.0,31.990000000000002,0.0,62.57033333333332,0.060000000000002274,1005.7233333333334,0.01999999999998181,41.686666666666675,-2.5,0.5327496806401885
S05_LOW_ACOFF_LIGHTON__RUN_20260913_121444__SESSION_006__SEG_01__W_00275,S05_LOW_ACOFF_LIGHTON,S05_LOW_ACOFF_LIGHTON__RUN_20260913_121444__SESSION_006,S05_LOW_ACOFF_LIGHTON__RUN_20260913_121444__SESSION_006__SEG_01,2026-09-13T06:29:35.085000Z,2026-09-13T06:30:04.192000Z,1,0,1,LOW,1,0.03333333333333333,0.43333333333333335,0.43333333333333335,0.03333333333333333,0.0,6.0,0.0,2000.0,2000.0,0.0,31.990000000000002,0.0,62.58799999999999,0.0799999999999983,1005.7283333333334,0.029999999999972715,41.54666666666667,0.0,0.5840852297015879
S05_LOW_ACOFF_LIGHTON__RUN_20260913_121444__SESSION_006__SEG_01__W_00280,S05_LOW_ACOFF_LIGHTON,S05_LOW_ACOFF_LIGHTON__RUN_20260913_121444__SESSION_006,S05_LOW_ACOFF_LIGHTON__RUN_20260913_121444__SESSION_006__SEG_01,2026-09-13T06:29:39.920000Z,2026-09-13T06:30:09.217000Z,1,0,1,LOW,1,0.0,0.4,0.4,0.0,0.0,6.0,0.13333333333333333,514.0,546.0,28.314086600135983,31.991333333333333,0.010000000000001563,62.600333333333325,-0.04999999999999716,1005.7333333333333,0.029999999999972715,41.68333333333333,0.7999999999999972,0.6501709176995099
S05_LOW_ACOFF_LIGHTON__RUN_20260913_121444__SESSION_006__SEG_01__W_00285,S05_LOW_ACOFF_LIGHTON,S05_LOW_ACOFF_LIGHTON__RUN_20260913_121444__SESSION_006,S05_LOW_ACOFF_LIGHTON__RUN_20260913_121444__SESSION_006__SEG_01,2026-09-13T06:29:44.939000Z,2026-09-13T06:30:14.060000Z,1,0,1,LOW,1,0.03333333333333333,0.36666666666666664,0.36666666666666664,0.03333333333333333,1.0,6.0,0.23333333333333334,461.0,536.0,56.38352632477262,31.993,0.010000000000001563,62.599,0.05000000000000426,1005.7383333333333,0.029999999999972715,41.85000000000001,0.7999999999999972,0.6571402691460423
S05_LOW_ACOFF_LIGHTON__RUN_20260913_121444__SESSION_006__SEG_01__W_00290,S05_LOW_ACOFF_LIGHTON,S05_LOW_ACOFF_LIGHTON__RUN_20260913_121444__SESSION_006,S05_LOW_ACOFF_LIGHTON__RUN_20260913_121444__SESSION_006__SEG_01,2026-09-13T06:29:49.960000Z,2026-09-13T06:30:19.263000Z,1,0,1,LOW,1,0.1,0.3,0.36666666666666664,0.03333333333333333,2.0,5.0,0.23333333333333334,461.0,536.0,56.38352632477262,31.994666666666664,0.010000000000001563,62.617333333333335,0.10999999999999943,1005.7430000000002,0.01999999999998181,41.983333333333334,0.0,0.6933413461075444
S05_LOW_ACOFF_LIGHTON__RUN_20260913_121444__SESSION_006__SEG_01__W_00295,S05_LOW_ACOFF_LIGHTON,S05_LOW_ACOFF_LIGHTON__RUN_20260913_121444__SESSION_006,S05_LOW_ACOFF_LIGHTON__RUN_20260913_121444__SESSION_006__SEG_01,2026-09-13T06:29:54.979000Z,2026-09-13T06:30:24.284000Z,1,0,1,LOW,1,0.13333333333333333,0.26666666666666666,0.36666666666666664,0.03333333333333333,3.0,4.0,0.26666666666666666,438.0,525.0,62.53086737763998,31.99633333333333,0.010000000000001563,62.62666666666666,0.03999999999999915,1005.7453333333336,0.009999999999990905,42.01,0.7999999999999972,0.6973043333676716
S05_LOW_ACOFF_LIGHTON__RUN_20260913_121444__SESSION_006__SEG_01__W_00300,S05_LOW_ACOFF_LIGHTON,S05_LOW_ACOFF_LIGHTON__RUN_20260913_121444__SESSION_006,S05_LOW_ACOFF_LIGHTON__RUN_20260913_121444__SESSION_006__SEG_01,2026-09-13T06:29:59.996000Z,2026-09-13T06:30:29.121000Z,1,0,1,LOW,1,0.16666666666666666,0.3,0.43333333333333335,0.03333333333333333,4.0,4.0,0.3,438.0,514.0,59.648973168026956,31.999000000000002,0.019999999999999574,62.64966666666667,0.14999999999999858,1005.7463333333336,-0.009999999999990905,42.086666666666666,0.7999999999999972,0.6741579109443789
S05_LOW_ACOFF_LIGHTON__RUN_20260913_121444__SESSION_006__SEG_01__W_00305,S05_LOW_ACOFF_LIGHTON,S05_LOW_ACOFF_LIGHTON__RUN_20260913_121444__SESSION_006,S05_LOW_ACOFF_LIGHTON__RUN_20260913_121444__SESSION_006__SEG_01,2026-09-13T06:30:05.197000Z,2026-09-13T06:30:34.138000Z,1,0,1,LOW,1,0.16666666666666666,0.26666666666666666,0.4,0.03333333333333333,4.0,5.0,0.3,438.0,514.0,59.648973168026956,32.00233333333333,0.019999999999999574,62.66200000000001,0.0899999999999963,1005.744666666667,-0.009999999999990905,42.17333333333334,0.0,0.5065789397736764
S05_LOW_ACOFF_LIGHTON__RUN_20260913_121444__SESSION_006__SEG_01__W_00310,S05_LOW_ACOFF_LIGHTON,S05_LOW_ACOFF_LIGHTON__RUN_20260913_121444__SESSION_006,S05_LOW_ACOFF_LIGHTON__RUN_20260913_121444__SESSION_006__SEG_01,2026-09-13T06:30:10.222000Z,2026-09-13T06:30:39.155000Z,1,0,1,LOW,1,0.16666666666666666,0.2,0.3333333333333333,0.03333333333333333,4.0,4.0,0.16666666666666666,438.0,483.0,69.43025277211657,32.00433333333333,0.00999999999999801,62.663000000000004,0.0,1005.7426666666669,-0.009999999999990905,42.06666666666668,-0.7999999999999972,0.5107728349167452
S05_LOW_ACOFF_LIGHTON__RUN_20260913_121444__SESSION_006__SEG_01__W_00315,S05_LOW_ACOFF_LIGHTON,S05_LOW_ACOFF_LIGHTON__RUN_20260913_121444__SESSION_006,S05_LOW_ACOFF_LIGHTON__RUN_20260913_121444__SESSION_006__SEG_01,2026-09-13T06:30:15.245000Z,2026-09-13T06:30:44.354000Z,1,0,1,LOW,1,0.13333333333333333,0.23333333333333334,0.36666666666666664,0.0,3.0,4.0,0.1,438.0,498.0,101.06543534869982,32.00599999999999,0.00999999999999801,62.662666666666674,0.030000000000001137,1005.7400000000001,-0.01999999999998181,42.013333333333335,0.0,0.5044689176638026
S05_LOW_ACOFF_LIGHTON__RUN_20260913_121444__SESSION_006__SEG_01__W_00320,S05_LOW_ACOFF_LIGHTON,S05_LOW_ACOFF_LIGHTON__RUN_20260913_121444__SESSION_006,S05_LOW_ACOFF_LIGHTON__RUN_20260913_121444__SESSION_006__SEG_01,2026-09-13T06:30:20.086000Z,2026-09-13T06:30:49.375000Z,1,0,1,LOW,1,0.13333333333333333,0.3,0.43333333333333335,0.0,4.0,5.0,0.13333333333333333,409.0,468.0,103.6758771363908,32.00766666666666,0.00999999999999801,62.668666666666674,0.10999999999999943,1005.7366666666668,-0.01999999999998181,42.013333333333335,0.0,0.5044689176638028
S05_LOW_ACOFF_LIGHTON__RUN_20260913_121444__SESSION_006__SEG_01__W_00325,S05_LOW_ACOFF_LIGHTON,S05_LOW_ACOFF_LIGHTON__RUN_20260913_121444__SESSION_006,S05_LOW_ACOFF_LIGHTON__RUN_20260913_121444__SESSION_006__SEG_01,2026-09-13T06:30:25.289000Z,2026-09-13T06:30:54.216000Z,1,0,1,LOW,1,0.13333333333333333,0.3333333333333333,0.4666666666666667,0.0,2.0,6.0,0.16666666666666666,376.0,498.0,116.08203995450803,32.00933333333333,0.00999999999999801,62.67466666666667,-0.19000000000000483,1005.7346666666667,-0.01999999999998181,42.04,0.0,0.5083306010855531
S05_LOW_ACOFF_LIGHTON__RUN_20260913_121444__SESSION_006__SEG_01__W_00330,S05_LOW_ACOFF_LIGHTON,S05_LOW_ACOFF_LIGHTON__RUN_20260913_121444__SESSION_006,S05_LOW_ACOFF_LIGHTON__RUN_20260913_121444__SESSION_006__SEG_01,2026-09-13T06:30:30.306000Z,2026-09-13T06:30:59.235000Z,1,0,1,LOW,1,0.1,0.36666666666666664,0.4666666666666667,0.0,2.0,5.0,0.13333333333333333,376.0,513.5,129.41865205603094,32.01,0.0,62.652333333333324,-0.07000000000000028,1005.7313333333335,-0.01999999999998181,42.02,0.0,0.3919183588453071
S05_LOW_ACOFF_LIGHTON__RUN_20260913_121444__SESSION_006__SEG_01__W_00335,S05_LOW_ACOFF_LIGHTON,S05_LOW_ACOFF_LIGHTON__RUN_20260913_121444__SESSION_006,S05_LOW_ACOFF_LIGHTON__RUN_20260913_121444__SESSION_006__SEG_01,2026-09-13T06:30:35.141000Z,2026-09-13T06:31:04.438000Z,1,0,1,LOW,1,0.1,0.36666666666666664,0.4666666666666667,0.0,2.0,5.0,0.23333333333333334,283.0,376.0,137.20683031727788,32.01,0.0,62.63599999999998,-0.020000000000003126,1005.7296666666666,-0.009999999999990905,42.153333333333336,0.7999999999999972,0.39642849992849216
S05_LOW_ACOFF_LIGHTON__RUN_20260913_121444__SESSION_006__SEG_01__W_00340,S05_LOW_ACOFF_LIGHTON,S05_LOW_ACOFF_LIGHTON__RUN_20260913_121444__SESSION_006,S05_LOW_ACOFF_LIGHTON__RUN_20260913_121444__SESSION_006__SEG_01,2026-09-13T06:30:40.158000Z,2026-09-13T06:31:09.275000Z,1,0,1,LOW,1,0.2,0.4,0.5666666666666667,0.03333333333333333,4.0,6.0,0.23333333333333334,283.0,376.0,137.20683031727788,32.010666666666665,0.010000000000005116,62.649,0.0,1005.7283333333332,-0.009999999999990905,42.28666666666666,0.7999999999999972,0.3537733109712414
S05_LOW_ACOFF_LIGHTON__RUN_20260913_121444__SESSION_006__SEG_01__W_00345,S05_LOW_ACOFF_LIGHTON,S05_LOW_ACOFF_LIGHTON__RUN_20260913_121444__SESSION_006,S05_LOW_ACOFF_LIGHTON__RUN_20260913_121444__SESSION_006__SEG_01,2026-09-13T06:30:45.359000Z,2026-09-13T06:31:14.290000Z,1,0,1,LOW,1,0.26666666666666666,0.3,0.5333333333333333,0.03333333333333333,5.0,5.0,0.2,283.0,373.0,105.07893858111308,32.01233333333333,0.010000000000005116,62.66366666666668,0.04999999999999716,1005.7260000000003,-0.009999999999990905,42.36666666666667,0.0,0.29814239699997086
S05_LOW_ACOFF_LIGHTON__RUN_20260913_121444__SESSION_006__SEG_01__W_00350,S05_LOW_ACOFF_LIGHTON,S05_LOW_ACOFF_LIGHTON__RUN_20260913_121444__SESSION_006,S05_LOW_ACOFF_LIGHTON__RUN_20260913_121444__SESSION_006__SEG_01,2026-09-13T06:30:50.198000Z,2026-09-13T06:31:19.311000Z,1,0,1,LOW,1,0.2,0.3,0.4666666666666667,0.03333333333333333,3.0,5.0,0.2,283.0,373.0,127.98784664525334,32.013999999999996,0.010000000000005116,62.67000000000001,0.030000000000001137,1005.7243333333336,-0.01999999999998181,42.36666666666667,0.0,0.29814239699997086
S05_LOW_ACOFF_LIGHTON__RUN_20260913_121444__SESSION_006__SEG_01__W_00355,S05_LOW_ACOFF_LIGHTON,S05_LOW_ACOFF_LIGHTON__RUN_20260913_121444__SESSION_006,S05_LOW_ACOFF_LIGHTON__RUN_20260913_121444__SESSION_006__SEG_01,2026-09-13T06:30:55.401000Z,2026-09-13T06:31:24.510000Z,1,0,1,LOW,1,0.16666666666666666,0.3,0.43333333333333335,0.03333333333333333,3.0,4.0,0.13333333333333333,283.0,355.5,117.97245441203637,32.01566666666666,0.010000000000005116,62.67533333333335,0.0799999999999983,1005.7209999999999,-0.01999999999998181,42.28666666666667,0.0,0.35377331097124143
S05_LOW_ACOFF_LIGHTON__RUN_20260913_121444__SESSION_006__SEG_01__W_00360,S05_LOW_ACOFF_LIGHTON,S05_LOW_ACOFF_LIGHTON__RUN_20260913_121444__SESSION_006,S05_LOW_ACOFF_LIGHTON__RUN_20260913_121444__SESSION_006__SEG_01,2026-09-13T06:31:00.238000Z,2026-09-13T06:31:29.531000Z,1,0,1,LOW,1,0.16666666666666666,0.3333333333333333,0.4666666666666667,0.03333333333333333,3.0,5.0,0.13333333333333333,283.0,355.5,117.97245441203637,32.01733333333333,0.010000000000005116,62.68733333333334,0.03999999999999915,1005.7170000000001,-0.029999999999972715,42.39333333333333,0.0,0.2719477073916142
S05_LOW_ACOFF_LIGHTON__RUN_20260913_121444__SESSION_006__SEG_01__W_00365,S05_LOW_ACOFF_LIGHTON,S05_LOW_ACOFF_LIGHTON__RUN_20260913_121444__SESSION_006,S05_LOW_ACOFF_LIGHTON__RUN_20260913_121444__SESSION_006__SEG_01,2026-09-13T06:31:05.261000Z,2026-09-13T06:31:34.370000Z,1,0,1,LOW,1,0.16666666666666666,0.3333333333333333,0.4666666666666667,0.03333333333333333,2.0,4.0,0.03333333333333333,594.0,594.0,0.0,32.019,0.010000000000005116,62.705000000000005,0.14000000000000057,1005.7120000000001,-0.029999999999972715,42.39333333333333,0.0,0.27194770739161417
S05_LOW_ACOFF_LIGHTON__RUN_20260913_121444__SESSION_006__SEG_01__W_00370,S05_LOW_ACOFF_LIGHTON,S05_LOW_ACOFF_LIGHTON__RUN_20260913_121444__SESSION_006,S05_LOW_ACOFF_LIGHTON__RUN_20260913_121444__SESSION_006__SEG_01,2026-09-13T06:31:10.278000Z,2026-09-13T06:31:39.385000Z,1,0,1,LOW,1,0.06666666666666667,0.3333333333333333,0.4,0.0,1.0,5.0,0.03333333333333333,594.0,594.0,0.0,32.02166666666666,0.00999999999999801,62.70066666666667,-0.0899999999999963,1005.7070000000002,-0.01999999999998181,42.39333333333333,0.0,0.27194770739161417
S05_LOW_ACOFF_LIGHTON__RUN_20260913_121444__SESSION_006__SEG_01__W_00375,S05_LOW_ACOFF_LIGHTON,S05_LOW_ACOFF_LIGHTON__RUN_20260913_121444__SESSION_006,S05_LOW_ACOFF_LIGHTON__RUN_20260913_121444__SESSION_006__SEG_01,2026-09-13T06:31:15.475000Z,2026-09-13T06:31:44.404000Z,1,0,1,LOW,1,0.0,0.43333333333333335,0.43333333333333335,0.0,0.0,6.0,0.03333333333333333,594.0,594.0,0.0,32.023333333333326,0.00999999999999801,62.70333333333334,0.10999999999999943,1005.703,-0.029999999999972715,42.36666666666667,0.0,0.29814239699997086
S05_LOW_ACOFF_LIGHTON__RUN_20260913_121444__SESSION_006__SEG_01__W_00380,S05_LOW_ACOFF_LIGHTON,S05_LOW_ACOFF_LIGHTON__RUN_20260913_121444__SESSION_006,S05_LOW_ACOFF_LIGHTON__RUN_20260913_121444__SESSION_006__SEG_01,2026-09-13T06:31:20.314000Z,2026-09-13T06:31:49.607000Z,1,0,1,LOW,1,0.0,0.4,0.4,0.0,0.0,6.0,0.1,831.0,912.0,58.9406481131655,32.025,0.00999999999999801,62.707,0.05000000000000426,1005.6983333333332,-0.01999999999998181,42.36666666666667,0.0,0.29814239699997086
S05_LOW_ACOFF_LIGHTON__RUN_20260913_121444__SESSION_006__SEG_01__W_00385,S05_LOW_ACOFF_LIGHTON,S05_LOW_ACOFF_LIGHTON__RUN_20260913_121444__SESSION_006,S05_LOW_ACOFF_LIGHTON__RUN_20260913_121444__SESSION_006__SEG_01,2026-09-13T06:31:25.515000Z,2026-09-13T06:31:54.626000Z,1,0,1,LOW,1,0.0,0.43333333333333335,0.43333333333333335,0.0,0.0,5.0,0.1,831.0,912.0,58.9406481131655,32.026666666666664,0.00999999999999801,62.731,0.14000000000000057,1005.6953333333331,-0.009999999999990905,42.44666666666667,0.7999999999999972,0.19955506062794282
S05_LOW_ACOFF_LIGHTON__RUN_20260913_121444__SESSION_006__SEG_01__W_00390,S05_LOW_ACOFF_LIGHTON,S05_LOW_ACOFF_LIGHTON__RUN_20260913_121444__SESSION_006,S05_LOW_ACOFF_LIGHTON__RUN_20260913_121444__SESSION_006__SEG_01,2026-09-13T06:31:30.536000Z,2026-09-13T06:31:59.461000Z,1,0,1,LOW,1,0.0,0.36666666666666664,0.36666666666666664,0.0,0.0,6.0,0.1,831.0,912.0,58.9406481131655,32.02833333333333,0.00999999999999801,62.77700000000001,0.3200000000000003,1005.6953333333333,0.0,42.473333333333336,0.0,0.14360439485691964
S05_LOW_ACOFF_LIGHTON__RUN_20260913_121444__SESSION_006__SEG_01__W_00395,S05_LOW_ACOFF_LIGHTON,S05_LOW_ACOFF_LIGHTON__RUN_20260913_121444__SESSION_006,S05_LOW_ACOFF_LIGHTON__RUN_20260913_121444__SESSION_006__SEG_01,2026-09-13T06:31:35.373000Z,2026-09-13T06:32:04.476000Z,1,0,1,LOW,1,0.0,0.3333333333333333,0.3333333333333333,0.0,0.0,6.0,0.1,831.0,912.0,58.9406481131655,32.03166666666666,0.00999999999999801,62.80966666666667,0.259999999999998,1005.6969999999999,0.009999999999990905,42.34000000000001,-0.7999999999999972,0.3199999999999989
S05_LOW_ACOFF_LIGHTON__RUN_20260913_121444__SESSION_006__SEG_01__W_00400,S05_LOW_ACOFF_LIGHTON,S05_LOW_ACOFF_LIGHTON__RUN_20260913_121444__SESSION_006,S05_LOW_ACOFF_LIGHTON__RUN_20260913_121444__SESSION_006__SEG_01,2026-09-13T06:31:40.388000Z,2026-09-13T06:32:09.493000Z,1,0,1,LOW,1,0.0,0.3,0.3,0.0,0.0,5.0,0.1,831.0,912.0,58.9406481131655,32.033333333333324,0.00999999999999801,62.83966666666666,0.1700000000000017,1005.6993333333334,0.01999999999998181,42.20666666666668,-0.7999999999999972,0.3855155278613576
S05_LOW_ACOFF_LIGHTON__RUN_20260913_121444__SESSION_006__SEG_01__W_00405,S05_LOW_ACOFF_LIGHTON,S05_LOW_ACOFF_LIGHTON__RUN_20260913_121444__SESSION_006,S05_LOW_ACOFF_LIGHTON__RUN_20260913_121444__SESSION_006__SEG_01,2026-09-13T06:31:45.407000Z,2026-09-13T06:32:14.508000Z,1,0,1,LOW,1,0.0,0.23333333333333334,0.23333333333333334,0.0,0.0,5.0,0.1,831.0,912.0,58.9406481131655,32.03499999999999,0.00999999999999801,62.85866666666665,0.03999999999999915,1005.7030000000002,0.029999999999972715,42.07000000000001,-1.7000000000000028,0.4583666654546328
S05_LOW_ACOFF_LIGHTON__RUN_20260913_121444__SESSION_006__SEG_01__W_00410,S05_LOW_ACOFF_LIGHTON,S05_LOW_ACOFF_LIGHTON__RUN_20260913_121444__SESSION_006,S05_LOW_ACOFF_LIGHTON__RUN_20260913_121444__SESSION_006__SEG_01,2026-09-13T06:31:50.430000Z,2026-09-13T06:32:19.707000Z,1,0,1,LOW,1,0.0,0.3333333333333333,0.3333333333333333,0.0,0.0,5.0,0.03333333333333333,428.0,428.0,0.0,32.036666666666655,0.00999999999999801,62.86966666666665,0.07000000000000028,1005.707,0.01999999999998181,41.933333333333344,0.0,0.4839651043435073
S05_LOW_ACOFF_LIGHTON__RUN_20260913_121444__SESSION_006__SEG_01__W_00415,S05_LOW_ACOFF_LIGHTON,S05_LOW_ACOFF_LIGHTON__RUN_20260913_121444__SESSION_006,S05_LOW_ACOFF_LIGHTON__RUN_20260913_121444__SESSION_006__SEG_01,2026-09-13T06:31:55.449000Z,2026-09-13T06:32:24.546000Z,1,0,1,LOW,1,0.13333333333333333,0.3,0.4,0.03333333333333333,1.0,5.0,0.06666666666666667,428.0,480.0,52.0,32.03833333333333,0.00999999999999801,62.86233333333333,-0.25,1005.7103333333332,0.01999999999998181,41.93333333333333,0.0,0.4839651043435073
S05_LOW_ACOFF_LIGHTON__RUN_20260913_121444__SESSION_006__SEG_01__W_00420,S05_LOW_ACOFF_LIGHTON,S05_LOW_ACOFF_LIGHTON__RUN_20260913_121444__SESSION_006,S05_LOW_ACOFF_LIGHTON__RUN_20260913_121444__SESSION_006__SEG_01,2026-09-13T06:32:00.464000Z,2026-09-13T06:32:29.563000Z,1,0,1,LOW,1,0.3,0.23333333333333334,0.5,0.03333333333333333,1.0,4.0,0.06666666666666667,428.0,480.0,52.0,32.04033333333333,0.00999999999999801,62.82266666666667,-0.22999999999999687,1005.7110000000001,-0.009999999999990905,41.93333333333333,0.7999999999999972,0.4839651043435073
S05_LOW_ACOFF_LIGHTON__RUN_20260913_121444__SESSION_006__SEG_01__W_00425,S05_LOW_ACOFF_LIGHTON,S05_LOW_ACOFF_LIGHTON__RUN_20260913_121444__SESSION_006,S05_LOW_ACOFF_LIGHTON__RUN_20260913_121444__SESSION_006__SEG_01,2026-09-13T06:32:05.479000Z,2026-09-13T06:32:34.764000Z,1,0,1,LOW,1,0.3333333333333333,0.2,0.5,0.03333333333333333,1.0,3.0,0.06666666666666667,428.0,480.0,52.0,32.041999999999994,0.00999999999999801,62.802,-0.01999999999999602,1005.7093333333336,-0.009999999999990905,42.173333333333325,1.5999999999999943,0.6536733808936138
S05_LOW_ACOFF_LIGHTON__RUN_20260913_121444__SESSION_006__SEG_01__W_00430,S05_LOW_ACOFF_LIGHTON,S05_LOW_ACOFF_LIGHTON__RUN_20260913_121444__SESSION_006,S05_LOW_ACOFF_LIGHTON__RUN_20260913_121444__SESSION_006__SEG_01,2026-09-13T06:32:10.496000Z,2026-09-13T06:32:39.601000Z,1,0,1,LOW,1,0.3333333333333333,0.2,0.5,0.03333333333333333,1.0,3.0,0.06666666666666667,428.0,480.0,52.0,32.04366666666666,0.00999999999999801,62.77700000000001,-0.20000000000000284,1005.7063333333334,-0.029999999999972715,42.43999999999999,1.5999999999999943,0.7282856582413237
S05_LOW_ACOFF_LIGHTON__RUN_20260913_121444__SESSION_006__SEG_01__W_00435,S05_LOW_ACOFF_LIGHTON,S05_LOW_ACOFF_LIGHTON__RUN_20260913_121444__SESSION_006,S05_LOW_ACOFF_LIGHTON__RUN_20260913_121444__SESSION_006__SEG_01,2026-09-13T06:32:15.511000Z,2026-09-13T06:32:44.616000Z,1,0,1,LOW,1,0.4,0.16666666666666666,0.5333333333333333,0.03333333333333333,2.0,2.0,0.06666666666666667,428.0,480.0,52.0,32.045333333333325,0.00999999999999801,62.75300000000001,-0.14999999999999858,1005.7016666666664,-0.029999999999972715,42.736666666666665,1.5999999999999943,0.6348140585154738
S05_LOW_ACOFF_LIGHTON__RUN_20260913_121444__SESSION_006__SEG_01__W_00440,S05_LOW_ACOFF_LIGHTON,S05_LOW_ACOFF_LIGHTON__RUN_20260913_121444__SESSION_006,S05_LOW_ACOFF_LIGHTON__RUN_20260913_121444__SESSION_006__SEG_01,2026-09-13T06:32:20.712000Z,2026-09-13T06:32:49.817000Z,1,0,1,LOW,1,0.43333333333333335,0.1,0.5,0.03333333333333333,3.0,2.0,0.06666666666666667,532.0,543.5,11.5,32.04699999999999,0.00999999999999801,62.73466666666668,-0.07000000000000028,1005.6976666666665,-0.01999999999998181,42.92666666666666,0.0,0.3991101212558857
S05_LOW_ACOFF_LIGHTON__RUN_20260913_121444__SESSION_006__SEG_01__W_00445,S05_LOW_ACOFF_LIGHTON,S05_LOW_ACOFF_LIGHTON__RUN_20260913_121444__SESSION_006,S05_LOW_ACOFF_LIGHTON__RUN_20260913_121444__SESSION_006__SEG_01,2026-09-13T06:32:25.731000Z,2026-09-13T06:32:54.658000Z,1,0,1,LOW,1,0.3,0.13333333333333333,0.43333333333333335,0.0,2.0,2.0,0.03333333333333333,555.0,555.0,0.0,32.048666666666655,0.00999999999999801,62.72066666666668,-0.060000000000002274,1005.6949999999999,-0.009999999999990905,42.98,0.7999999999999972,0.3919183588453071
S05_LOW_ACOFF_LIGHTON__RUN_20260913_121444__SESSION_006__SEG_01__W_00450,S05_LOW_ACOFF_LIGHTON,S05_LOW_ACOFF_LIGHTON__RUN_20260913_121444__SESSION_006,S05_LOW_ACOFF_LIGHTON__RUN_20260913_121444__SESSION_006__SEG_01,2026-09-13T06:32:30.566000Z,2026-09-13T06:32:59.681000Z,1,0,1,LOW,1,0.2,0.2,0.36666666666666664,0.03333333333333333,3.0,4.0,0.1,427.0,555.0,96.85843048261496,32.04999999999999,0.0,62.71633333333334,-0.030000000000001137,1005.693333333333,-0.009999999999990905,43.11333333333332,0.7999999999999972,0.33836206774531935
S05_LOW_ACOFF_LIGHTON__RUN_20260913_121444__SESSION_006__SEG_01__W_00455,S05_LOW_ACOFF_LIGHTON,S05_LOW_ACOFF_LIGHTON__RUN_20260913_121444__SESSION_006,S05_LOW_ACOFF_LIGHTON__RUN_20260913_121444__SESSION_006__SEG_01,2026-09-13T06:32:35.587000Z,2026-09-13T06:33:04.884000Z,1,0,1,LOW,1,0.23333333333333334,0.23333333333333334,0.4,0.06666666666666667,4.0,4.0,0.1,427.0,555.0,96.85843048261496,32.04999999999999,0.0,62.71733333333332,0.03999999999999915,1005.6916666666664,-0.009999999999990905,43.13999999999999,0.0,0.31999999999999884
S05_LOW_ACOFF_LIGHTON__RUN_20260913_121444__SESSION_006__SEG_01__W_00460,S05_LOW_ACOFF_LIGHTON,S05_LOW_ACOFF_LIGHTON__RUN_20260913_121444__SESSION_006,S05_LOW_ACOFF_LIGHTON__RUN_20260913_121444__SESSION_006__SEG_01,2026-09-13T06:32:40.604000Z,2026-09-13T06:33:09.909000Z,1,0,1,LOW,1,0.26666666666666666,0.3333333333333333,0.5333333333333333,0.06666666666666667,4.0,5.0,0.13333333333333333,427.0,496.0,96.82038783231556,32.04999999999999,0.0,62.73833333333333,-0.0899999999999963,1005.6906666666665,0.0,43.13999999999999,0.0,0.31999999999999884
S05_LOW_ACOFF_LIGHTON__RUN_20260913_121444__SESSION_006__SEG_01__W_00465,S05_LOW_ACOFF_LIGHTON,S05_LOW_ACOFF_LIGHTON__RUN_20260913_121444__SESSION_006,S05_LOW_ACOFF_LIGHTON__RUN_20260913_121444__SESSION_006__SEG_01,2026-09-13T06:32:45.619000Z,2026-09-13T06:33:14.750000Z,1,0,1,LOW,1,0.2,0.3333333333333333,0.4666666666666667,0.06666666666666667,3.0,5.0,0.13333333333333333,427.0,496.0,96.82038783231556,32.04999999999999,0.0,62.71433333333332,-0.1700000000000017,1005.6899999999999,-0.010000000000104592,43.11333333333333,0.0,0.3383620677453194
S05_LOW_ACOFF_LIGHTON__RUN_20260913_121444__SESSION_006__SEG_01__W_00470,S05_LOW_ACOFF_LIGHTON,S05_LOW_ACOFF_LIGHTON__RUN_20260913_121444__SESSION_006,S05_LOW_ACOFF_LIGHTON__RUN_20260913_121444__SESSION_006__SEG_01,2026-09-13T06:32:50.640000Z,2026-09-13T06:33:19.767000Z,1,0,1,LOW,1,0.16666666666666666,0.4,0.5,0.06666666666666667,2.0,6.0,0.1,427.0,437.0,109.4420191496646,32.051666666666655,0.010000000000005116,62.66833333333334,-0.3200000000000003,1005.6899999999998,-0.009999999999990905,43.16666666666666,0.0,0.2981423969999709
S05_LOW_ACOFF_LIGHTON__RUN_20260913_121444__SESSION_006__SEG_01__W_00475,S05_LOW_ACOFF_LIGHTON,S05_LOW_ACOFF_LIGHTON__RUN_20260913_121444__SESSION_006,S05_LOW_ACOFF_LIGHTON__RUN_20260913_121444__SESSION_006__SEG_01,2026-09-13T06:32:55.843000Z,2026-09-13T06:33:24.786000Z,1,0,1,LOW,1,0.16666666666666666,0.36666666666666664,0.4666666666666667,0.06666666666666667,2.0,6.0,0.1,427.0,437.0,109.4420191496646,32.05333333333332,0.010000000000005116,62.615999999999985,-0.28000000000000114,1005.6899999999999,0.009999999999990905,43.246666666666655,0.0,0.19955506062794282
S05_LOW_ACOFF_LIGHTON__RUN_20260913_121444__SESSION_006__SEG_01__W_00480,S05_LOW_ACOFF_LIGHTON,S05_LOW_ACOFF_LIGHTON__RUN_20260913_121444__SESSION_006,S05_LOW_ACOFF_LIGHTON__RUN_20260913_121444__SESSION_006__SEG_01,2026-09-13T06:33:00.866000Z,2026-09-13T06:33:29.801000Z,1,0,1,LOW,1,0.1,0.4,0.4666666666666667,0.03333333333333333,1.0,6.0,0.03333333333333333,437.0,437.0,0.0,32.05533333333332,0.020000000000003126,62.547,-0.5499999999999972,1005.6920000000002,0.01999999999998181,43.246666666666655,0.0,0.19955506062794282
S05_LOW_ACOFF_LIGHTON__RUN_20260913_121444__SESSION_006__SEG_01__W_00485,S05_LOW_ACOFF_LIGHTON,S05_LOW_ACOFF_LIGHTON__RUN_20260913_121444__SESSION_006,S05_LOW_ACOFF_LIGHTON__RUN_20260913_121444__SESSION_006__SEG_01,2026-09-13T06:33:05.889000Z,2026-09-13T06:33:35.006000Z,1,0,1,LOW,1,0.03333333333333333,0.4666666666666667,0.5,0.0,0.0,7.0,0.03333333333333333,437.0,437.0,0.0,32.058666666666674,0.020000000000003126,62.46566666666667,-0.5200000000000031,1005.6946666666665,0.009999999999990905,43.21999999999999,-0.7999999999999972,0.2399999999999991
S05_LOW_ACOFF_LIGHTON__RUN_20260913_121444__SESSION_006__SEG_01__W_00490,S05_LOW_ACOFF_LIGHTON,S05_LOW_ACOFF_LIGHTON__RUN_20260913_121444__SESSION_006,S05_LOW_ACOFF_LIGHTON__RUN_20260913_121444__SESSION_006__SEG_01,2026-09-13T06:33:10.914000Z,2026-09-13T06:33:40.029000Z,1,0,1,LOW,1,0.03333333333333333,0.4,0.43333333333333335,0.0,1.0,7.0,0.03333333333333333,356.0,356.0,0.0,32.06200000000001,0.020000000000003126,62.37233333333333,-0.37999999999999545,1005.6966666666668,0.009999999999990905,43.19333333333332,0.0,0.2719477073916143
S05_LOW_ACOFF_LIGHTON__RUN_20260913_121444__SESSION_006__SEG_01__W_00495,S05_LOW_ACOFF_LIGHTON,S05_LOW_ACOFF_LIGHTON__RUN_20260913_121444__SESSION_006,S05_LOW_ACOFF_LIGHTON__RUN_20260913_121444__SESSION_006__SEG_01,2026-09-13T06:33:15.935000Z,2026-09-13T06:33:44.868000Z,1,0,1,LOW,1,0.06666666666666667,0.4,0.4666666666666667,0.0,2.0,6.0,0.03333333333333333,356.0,356.0,0.0,32.06633333333334,0.01999999999999602,62.29633333333333,-0.36999999999999744,1005.6990000000003,0.009999999999990905,43.279999999999994,0.7999999999999972,0.3429285639896453
S05_LOW_ACOFF_LIGHTON__RUN_20260913_121444__SESSION_006__SEG_01__W_00500,S05_LOW_ACOFF_LIGHTON,S05_LOW_ACOFF_LIGHTON__RUN_20260913_121444__SESSION_006,S05_LOW_ACOFF_LIGHTON__RUN_20260913_121444__SESSION_006__SEG_01,2026-09-13T06:33:20.770000Z,2026-09-13T06:33:50.065000Z,1,0,1,LOW,1,0.1,0.26666666666666666,0.36666666666666664,0.0,3.0,5.0,0.03333333333333333,356.0,356.0,0.0,32.07000000000001,0.030000000000001137,62.221333333333334,-0.44000000000000483,1005.7003333333334,0.009999999999990905,43.30666666666665,0.0,0.3108411527166611
S05_LOW_ACOFF_LIGHTON__RUN_20260913_121444__SESSION_006__SEG_01__W_00505,S05_LOW_ACOFF_LIGHTON,S05_LOW_ACOFF_LIGHTON__RUN_20260913_121444__SESSION_006,S05_LOW_ACOFF_LIGHTON__RUN_20260913_121444__SESSION_006__SEG_01,2026-09-13T06:33:25.789000Z,2026-09-13T06:33:55.090000Z,1,0,1,LOW,1,0.16666666666666666,0.26666666666666666,0.43333333333333335,0.0,4.0,4.0,0.06666666666666667,356.0,424.5,68.5,32.075,0.030000000000001137,62.152000000000015,-0.3200000000000003,1005.7003333333334,-0.009999999999990905,43.30666666666666,0.0,0.3108411527166611
S05_LOW_ACOFF_LIGHTON__RUN_20260913_121444__SESSION_006__SEG_01__W_00510,S05_LOW_ACOFF_LIGHTON,S05_LOW_ACOFF_LIGHTON__RUN_20260913_121444__SESSION_006,S05_LOW_ACOFF_LIGHTON__RUN_20260913_121444__SESSION_006__SEG_01,2026-09-13T06:33:30.986000Z,2026-09-13T06:33:59.927000Z,1,0,1,LOW,1,0.16666666666666666,0.16666666666666666,0.3333333333333333,0.0,4.0,3.0,0.06666666666666667,356.0,424.5,68.5,32.08066666666667,0.030000000000001137,62.06866666666667,-0.6099999999999994,1005.6983333333333,-0.01999999999998181,43.30666666666666,0.0,0.3108411527166611
S05_LOW_ACOFF_LIGHTON__RUN_20260913_121444__SESSION_006__SEG_01__W_00515,S05_LOW_ACOFF_LIGHTON,S05_LOW_ACOFF_LIGHTON__RUN_20260913_121444__SESSION_006,S05_LOW_ACOFF_LIGHTON__RUN_20260913_121444__SESSION_006__SEG_01,2026-09-13T06:33:36.011000Z,2026-09-13T06:34:05.126000Z,1,0,1,LOW,1,0.16666666666666666,0.06666666666666667,0.23333333333333334,0.0,4.0,2.0,0.06666666666666667,356.0,424.5,68.5,32.086333333333336,0.03999999999999915,61.99133333333332,-0.44999999999999574,1005.6936666666667,-0.04000000000007731,43.33333333333332,0.7999999999999972,0.27243755655603485
S05_LOW_ACOFF_LIGHTON__RUN_20260913_121444__SESSION_006__SEG_01__W_00520,S05_LOW_ACOFF_LIGHTON,S05_LOW_ACOFF_LIGHTON__RUN_20260913_121444__SESSION_006,S05_LOW_ACOFF_LIGHTON__RUN_20260913_121444__SESSION_006__SEG_01,2026-09-13T06:33:40.852000Z,2026-09-13T06:34:09.963000Z,1,0,1,LOW,1,0.13333333333333333,0.03333333333333333,0.16666666666666666,0.0,2.0,1.0,0.03333333333333333,493.0,493.0,0.0,32.093,0.03999999999999915,61.93233333333333,-0.269999999999996,1005.688333333333,-0.030000000000086402,43.35999999999999,-0.9000000000000057,0.2244994432064379
S05_LOW_ACOFF_LIGHTON__RUN_20260913_121444__SESSION_006__SEG_01__W_00525,S05_LOW_ACOFF_LIGHTON,S05_LOW_ACOFF_LIGHTON__RUN_20260913_121444__SESSION_006,S05_LOW_ACOFF_LIGHTON__RUN_20260913_121444__SESSION_006__SEG_01,2026-09-13T06:33:45.871000Z,2026-09-13T06:34:14.980000Z,1,0,1,LOW,1,0.1,0.06666666666666667,0.16666666666666666,0.0,2.0,2.0,0.03333333333333333,493.0,493.0,0.0,32.099666666666664,0.03999999999999915,61.894,-0.22999999999999687,1005.6829999999998,-0.04000000000007731,43.29999999999998,0.0,1.4210854715202004e-14
S05_LOW_ACOFF_LIGHTON__RUN_20260913_121444__SESSION_006__SEG_01__W_00530,S05_LOW_ACOFF_LIGHTON,S05_LOW_ACOFF_LIGHTON__RUN_20260913_121444__SESSION_006,S05_LOW_ACOFF_LIGHTON__RUN_20260913_121444__SESSION_006__SEG_01,2026-09-13T06:33:51.070000Z,2026-09-13T06:34:20.003000Z,1,0,1,LOW,1,0.06666666666666667,0.13333333333333333,0.2,0.0,1.0,3.0,0.13333333333333333,493.0,558.0,145.1540130344318,32.106,0.02999999999999403,61.875666666666675,-0.00999999999999801,1005.6766666666666,-0.04000000000007731,43.29999999999998,0.0,1.4210854715202004e-14
S05_LOW_ACOFF_LIGHTON__RUN_20260913_121444__SESSION_006__SEG_01__W_00535,S05_LOW_ACOFF_LIGHTON,S05_LOW_ACOFF_LIGHTON__RUN_20260913_121444__SESSION_006,S05_LOW_ACOFF_LIGHTON__RUN_20260913_121444__SESSION_006__SEG_01,2026-09-13T06:33:55.913000Z,2026-09-13T06:34:25.204000Z,1,0,1,LOW,1,0.06666666666666667,0.1,0.16666666666666666,0.0,2.0,2.0,0.1,500.0,616.0,146.46046110355746,32.111000000000004,0.02999999999999403,61.84766666666666,-0.3299999999999983,1005.6709999999999,-0.030000000000086402,43.29999999999998,0.0,1.4210854715202004e-14
S05_LOW_ACOFF_LIGHTON__RUN_20260913_121444__SESSION_006__SEG_01__W_00540,S05_LOW_ACOFF_LIGHTON,S05_LOW_ACOFF_LIGHTON__RUN_20260913_121444__SESSION_006,S05_LOW_ACOFF_LIGHTON__RUN_20260913_121444__SESSION_006__SEG_01,2026-09-13T06:34:00.930000Z,2026-09-13T06:34:30.047000Z,1,0,1,LOW,1,0.13333333333333333,0.13333333333333333,0.26666666666666666,0.0,3.0,3.0,0.13333333333333333,500.0,689.0,134.8879164343493,32.116,0.030000000000001137,61.83100000000001,-0.10999999999999943,1005.6646666666668,-0.029999999999972715,43.29999999999998,0.0,1.4210854715202004e-14
S05_LOW_ACOFF_LIGHTON__RUN_20260913_121444__SESSION_006__SEG_01__W_00545,S05_LOW_ACOFF_LIGHTON,S05_LOW_ACOFF_LIGHTON__RUN_20260913_121444__SESSION_006,S05_LOW_ACOFF_LIGHTON__RUN_20260913_121444__SESSION_006__SEG_01,2026-09-13T06:34:05.949000Z,2026-09-13T06:34:35.250000Z,1,0,1,LOW,1,0.16666666666666666,0.16666666666666666,0.3333333333333333,0.0,4.0,3.0,0.2,454.0,689.0,146.69289538200397,32.12033333333333,0.020000000000003126,61.82333333333334,0.0,1005.6600000000003,-0.01999999999998181,43.29999999999998,0.0,1.4210854715202004e-14
S05_LOW_ACOFF_LIGHTON__RUN_20260913_121444__SESSION_006__SEG_01__W_00550,S05_LOW_ACOFF_LIGHTON,S05_LOW_ACOFF_LIGHTON__RUN_20260913_121444__SESSION_006,S05_LOW_ACOFF_LIGHTON__RUN_20260913_121444__SESSION_006__SEG_01,2026-09-13T06:34:11.148000Z,2026-09-13T06:34:40.089000Z,1,0,1,LOW,1,0.2,0.16666666666666666,0.36666666666666664,0.0,5.0,3.0,0.2,454.0,689.0,146.69289538200397,32.123666666666665,0.020000000000003126,61.80633333333333,-0.10000000000000142,1005.656666666667,-0.01999999999998181,43.29999999999998,0.0,1.4210854715202004e-14
S06_LOW_ACOFF_LIGHTOFF__RUN_20260913_121444__SESSION_007__SEG_01__W_00000,S06_LOW_ACOFF_LIGHTOFF,S06_LOW_ACOFF_LIGHTOFF__RUN_20260913_121444__SESSION_007,S06_LOW_ACOFF_LIGHTOFF__RUN_20260913_121444__SESSION_007__SEG_01,2026-09-13T06:44:12.131000Z,2026-09-13T06:44:41.052000Z,1,0,0,LOW,1,0.4666666666666667,0.0,0.4666666666666667,0.0,6.0,0.0,0.06666666666666667,298.0,327.5,29.5,32.37866666666666,0.030000000000001137,63.02433333333333,-1.9200000000000017,1005.3623333333331,-0.01999999999998181,4.200000000000001,0.0,8.881784197001252e-16
S06_LOW_ACOFF_LIGHTOFF__RUN_20260913_121444__SESSION_007__SEG_01__W_00005,S06_LOW_ACOFF_LIGHTOFF,S06_LOW_ACOFF_LIGHTOFF__RUN_20260913_121444__SESSION_007,S06_LOW_ACOFF_LIGHTOFF__RUN_20260913_121444__SESSION_007__SEG_01,2026-09-13T06:44:17.152000Z,2026-09-13T06:44:46.069000Z,1,0,0,LOW,1,0.5666666666666667,0.0,0.5666666666666667,0.0,6.0,0.0,0.0,2000.0,2000.0,0.0,32.383,0.020000000000003126,62.800333333333334,-0.8500000000000014,1005.3579999999998,-0.01999999999998181,4.200000000000001,0.0,8.881784197001252e-16
S06_LOW_ACOFF_LIGHTOFF__RUN_20260913_121444__SESSION_007__SEG_01__W_00010,S06_LOW_ACOFF_LIGHTOFF,S06_LOW_ACOFF_LIGHTOFF__RUN_20260913_121444__SESSION_007,S06_LOW_ACOFF_LIGHTOFF__RUN_20260913_121444__SESSION_007__SEG_01,2026-09-13T06:44:21.987000Z,2026-09-13T06:44:51.084000Z,1,0,0,LOW,1,0.4666666666666667,0.0,0.4666666666666667,0.0,7.0,0.0,0.0,2000.0,2000.0,0.0,32.38666666666666,0.01999999999999602,62.681999999999995,-0.4799999999999969,1005.3533333333336,-0.029999999999972715,4.200000000000001,0.0,8.881784197001252e-16
S06_LOW_ACOFF_LIGHTOFF__RUN_20260913_121444__SESSION_007__SEG_01__W_00015,S06_LOW_ACOFF_LIGHTOFF,S06_LOW_ACOFF_LIGHTOFF__RUN_20260913_121444__SESSION_007,S06_LOW_ACOFF_LIGHTOFF__RUN_20260913_121444__SESSION_007__SEG_01,2026-09-13T06:44:27.188000Z,2026-09-13T06:44:56.281000Z,1,0,0,LOW,1,0.4666666666666667,0.0,0.4666666666666667,0.0,7.0,0.0,0.0,2000.0,2000.0,0.0,32.39,0.01999999999999602,62.617,-0.23000000000000398,1005.347666666667,-0.03999999999996362,4.200000000000001,0.0,8.881784197001252e-16
S06_LOW_ACOFF_LIGHTOFF__RUN_20260913_121444__SESSION_007__SEG_01__W_00020,S06_LOW_ACOFF_LIGHTOFF,S06_LOW_ACOFF_LIGHTOFF__RUN_20260913_121444__SESSION_007,S06_LOW_ACOFF_LIGHTOFF__RUN_20260913_121444__SESSION_007__SEG_01,2026-09-13T06:44:32.023000Z,2026-09-13T06:45:01.300000Z,1,0,0,LOW,1,0.5333333333333333,0.0,0.5333333333333333,0.0,7.0,0.0,0.0,2000.0,2000.0,0.0,32.39333333333333,0.01999999999999602,62.59066666666667,-0.14000000000000057,1005.3410000000001,-0.03999999999996362,4.200000000000001,0.0,8.881784197001252e-16
S06_LOW_ACOFF_LIGHTOFF__RUN_20260913_121444__SESSION_007__SEG_01__W_00025,S06_LOW_ACOFF_LIGHTOFF,S06_LOW_ACOFF_LIGHTOFF__RUN_20260913_121444__SESSION_007,S06_LOW_ACOFF_LIGHTOFF__RUN_20260913_121444__SESSION_007__SEG_01,2026-09-13T06:44:37.040000Z,2026-09-13T06:45:06.319000Z,1,0,0,LOW,1,0.5,0.0,0.5,0.0,6.0,0.0,0.0,2000.0,2000.0,0.0,32.39533333333333,0.00999999999999801,62.55200000000001,-0.2700000000000031,1005.3343333333333,-0.03999999999996362,4.200000000000001,0.0,8.881784197001252e-16
S06_LOW_ACOFF_LIGHTOFF__RUN_20260913_121444__SESSION_007__SEG_01__W_00030,S06_LOW_ACOFF_LIGHTOFF,S06_LOW_ACOFF_LIGHTOFF__RUN_20260913_121444__SESSION_007,S06_LOW_ACOFF_LIGHTOFF__RUN_20260913_121444__SESSION_007__SEG_01,2026-09-13T06:44:42.055000Z,2026-09-13T06:45:11.156000Z,1,0,0,LOW,1,0.4666666666666667,0.0,0.4666666666666667,0.0,7.0,0.0,0.0,2000.0,2000.0,0.0,32.397,0.00999999999999801,62.51366666666667,-0.29999999999999716,1005.329,-0.029999999999972715,4.200000000000001,0.0,8.881784197001252e-16
S06_LOW_ACOFF_LIGHTOFF__RUN_20260913_121444__SESSION_007__SEG_01__W_00035,S06_LOW_ACOFF_LIGHTOFF,S06_LOW_ACOFF_LIGHTOFF__RUN_20260913_121444__SESSION_007,S06_LOW_ACOFF_LIGHTOFF__RUN_20260913_121444__SESSION_007__SEG_01,2026-09-13T06:44:47.072000Z,2026-09-13T06:45:16.171000Z,1,0,0,LOW,1,0.4,0.0,0.4,0.0,7.0,0.0,0.0,2000.0,2000.0,0.0,32.398666666666664,0.00999999999999801,62.48500000000001,-0.13000000000000256,1005.3246666666668,-0.01999999999998181,4.200000000000001,0.0,8.881784197001252e-16
S06_LOW_ACOFF_LIGHTOFF__RUN_20260913_121444__SESSION_007__SEG_01__W_00040,S06_LOW_ACOFF_LIGHTOFF,S06_LOW_ACOFF_LIGHTOFF__RUN_20260913_121444__SESSION_007,S06_LOW_ACOFF_LIGHTOFF__RUN_20260913_121444__SESSION_007__SEG_01,2026-09-13T06:44:52.087000Z,2026-09-13T06:45:21.370000Z,1,0,0,LOW,1,0.36666666666666664,0.0,0.36666666666666664,0.0,7.0,0.0,0.0,2000.0,2000.0,0.0,32.39999999999999,0.0,62.45866666666666,-0.21000000000000085,1005.322,-0.009999999999990905,4.200000000000001,0.0,8.881784197001252e-16
S06_LOW_ACOFF_LIGHTOFF__RUN_20260913_121444__SESSION_007__SEG_01__W_00045,S06_LOW_ACOFF_LIGHTOFF,S06_LOW_ACOFF_LIGHTOFF__RUN_20260913_121444__SESSION_007,S06_LOW_ACOFF_LIGHTOFF__RUN_20260913_121444__SESSION_007__SEG_01,2026-09-13T06:44:57.286000Z,2026-09-13T06:45:26.391000Z,1,0,0,LOW,1,0.36666666666666664,0.0,0.36666666666666664,0.0,7.0,0.0,0.0,2000.0,2000.0,0.0,32.39999999999999,0.0,62.439,-0.10000000000000142,1005.3203333333333,0.0,4.200000000000001,0.0,8.881784197001252e-16
S06_LOW_ACOFF_LIGHTOFF__RUN_20260913_121444__SESSION_007__SEG_01__W_00050,S06_LOW_ACOFF_LIGHTOFF,S06_LOW_ACOFF_LIGHTOFF__RUN_20260913_121444__SESSION_007,S06_LOW_ACOFF_LIGHTOFF__RUN_20260913_121444__SESSION_007__SEG_01,2026-09-13T06:45:02.305000Z,2026-09-13T06:45:31.408000Z,1,0,0,LOW,1,0.3,0.0,0.3,0.0,7.0,0.0,0.0,2000.0,2000.0,0.0,32.39999999999999,0.0,62.417666666666655,-0.060000000000002274,1005.3186666666667,0.0,4.200000000000001,0.0,8.881784197001252e-16
S06_LOW_ACOFF_LIGHTOFF__RUN_20260913_121444__SESSION_007__SEG_01__W_00055,S06_LOW_ACOFF_LIGHTOFF,S06_LOW_ACOFF_LIGHTOFF__RUN_20260913_121444__SESSION_007,S06_LOW_ACOFF_LIGHTOFF__RUN_20260913_121444__SESSION_007__SEG_01,2026-09-13T06:45:07.142000Z,2026-09-13T06:45:36.243000Z,1,0,0,LOW,1,0.3333333333333333,0.0,0.3333333333333333,0.0,8.0,0.0,0.0,2000.0,2000.0,0.0,32.39999999999999,0.0,62.405,-0.030000000000001137,1005.3186666666666,0.0,4.200000000000001,0.0,8.881784197001252e-16
S06_LOW_ACOFF_LIGHTOFF__RUN_20260913_121444__SESSION_007__SEG_01__W_00060,S06_LOW_ACOFF_LIGHTOFF,S06_LOW_ACOFF_LIGHTOFF__RUN_20260913_121444__SESSION_007,S06_LOW_ACOFF_LIGHTOFF__RUN_20260913_121444__SESSION_007__SEG_01,2026-09-13T06:45:12.159000Z,2026-09-13T06:45:41.260000Z,1,0,0,LOW,1,0.3333333333333333,0.0,0.3333333333333333,0.0,7.0,0.0,0.0,2000.0,2000.0,0.0,32.39999999999999,0.0,62.391,-0.11999999999999744,1005.3186666666666,0.010000000000104592,4.200000000000001,0.0,8.881784197001252e-16
S06_LOW_ACOFF_LIGHTOFF__RUN_20260913_121444__SESSION_007__SEG_01__W_00065,S06_LOW_ACOFF_LIGHTOFF,S06_LOW_ACOFF_LIGHTOFF__RUN_20260913_121444__SESSION_007,S06_LOW_ACOFF_LIGHTOFF__RUN_20260913_121444__SESSION_007__SEG_01,2026-09-13T06:45:17.174000Z,2026-09-13T06:45:46.457000Z,1,0,0,LOW,1,0.36666666666666664,0.0,0.36666666666666664,0.0,7.0,0.0,0.0,2000.0,2000.0,0.0,32.40099999999999,0.00999999999999801,62.37866666666665,0.07000000000000028,1005.3196666666668,0.009999999999990905,4.200000000000001,0.0,8.881784197001252e-16
S06_LOW_ACOFF_LIGHTOFF__RUN_20260913_121444__SESSION_007__SEG_01__W_00070,S06_LOW_ACOFF_LIGHTOFF,S06_LOW_ACOFF_LIGHTOFF__RUN_20260913_121444__SESSION_007,S06_LOW_ACOFF_LIGHTOFF__RUN_20260913_121444__SESSION_007__SEG_01,2026-09-13T06:45:22.375000Z,2026-09-13T06:45:51.474000Z,1,0,0,LOW,1,0.36666666666666664,0.0,0.36666666666666664,0.0,7.0,0.0,0.0,2000.0,2000.0,0.0,32.402666666666654,0.00999999999999801,62.381666666666675,0.07000000000000028,1005.3213333333337,0.009999999999990905,4.200000000000001,0.0,8.881784197001252e-16
S06_LOW_ACOFF_LIGHTOFF__RUN_20260913_121444__SESSION_007__SEG_01__W_00075,S06_LOW_ACOFF_LIGHTOFF,S06_LOW_ACOFF_LIGHTOFF__RUN_20260913_121444__SESSION_007,S06_LOW_ACOFF_LIGHTOFF__RUN_20260913_121444__SESSION_007__SEG_01,2026-09-13T06:45:27.214000Z,2026-09-13T06:45:56.311000Z,1,0,0,LOW,1,0.3,0.0,0.3,0.0,6.0,0.0,0.0,2000.0,2000.0,0.0,32.40433333333332,0.00999999999999801,62.382999999999996,-0.00999999999999801,1005.3230000000003,0.020000000000095497,4.200000000000001,0.0,8.881784197001252e-16
S06_LOW_ACOFF_LIGHTOFF__RUN_20260913_121444__SESSION_007__SEG_01__W_00080,S06_LOW_ACOFF_LIGHTOFF,S06_LOW_ACOFF_LIGHTOFF__RUN_20260913_121444__SESSION_007,S06_LOW_ACOFF_LIGHTOFF__RUN_20260913_121444__SESSION_007__SEG_01,2026-09-13T06:45:32.231000Z,2026-09-13T06:46:01.330000Z,1,0,0,LOW,1,0.3,0.0,0.3,0.0,7.0,0.0,0.0,2000.0,2000.0,0.0,32.40599999999999,0.00999999999999801,62.38066666666666,0.0,1005.3266666666669,0.01999999999998181,4.200000000000001,0.0,8.881784197001252e-16
S06_LOW_ACOFF_LIGHTOFF__RUN_20260913_121444__SESSION_007__SEG_01__W_00085,S06_LOW_ACOFF_LIGHTOFF,S06_LOW_ACOFF_LIGHTOFF__RUN_20260913_121444__SESSION_007,S06_LOW_ACOFF_LIGHTOFF__RUN_20260913_121444__SESSION_007__SEG_01,2026-09-13T06:45:37.246000Z,2026-09-13T06:46:06.529000Z,1,0,0,LOW,1,0.3,0.0,0.3,0.0,6.0,0.0,0.0,2000.0,2000.0,0.0,32.40766666666666,0.00999999999999801,62.37499999999999,-0.05999999999999517,1005.3293333333335,0.01999999999998181,4.200000000000001,0.0,8.881784197001252e-16
S06_LOW_ACOFF_LIGHTOFF__RUN_20260913_121444__SESSION_007__SEG_01__W_00090,S06_LOW_ACOFF_LIGHTOFF,S06_LOW_ACOFF_LIGHTOFF__RUN_20260913_121444__SESSION_007,S06_LOW_ACOFF_LIGHTOFF__RUN_20260913_121444__SESSION_007__SEG_01,2026-09-13T06:45:42.263000Z,2026-09-13T06:46:11.370000Z,1,0,0,LOW,1,0.23333333333333334,0.0,0.23333333333333334,0.0,4.0,0.0,0.0,2000.0,2000.0,0.0,32.40933333333332,0.00999999999999801,62.36833333333332,-0.030000000000001137,1005.3333333333334,0.029999999999972715,4.200000000000001,0.0,8.881784197001252e-16
S06_LOW_ACOFF_LIGHTOFF__RUN_20260913_121444__SESSION_007__SEG_01__W_00095,S06_LOW_ACOFF_LIGHTOFF,S06_LOW_ACOFF_LIGHTOFF__RUN_20260913_121444__SESSION_007,S06_LOW_ACOFF_LIGHTOFF__RUN_20260913_121444__SESSION_007__SEG_01,2026-09-13T06:45:47.280000Z,2026-09-13T06:46:16.385000Z,1,0,0,LOW,1,0.23333333333333334,0.0,0.23333333333333334,0.0,5.0,0.0,0.0,2000.0,2000.0,0.0,32.40999999999999,0.0,62.36299999999999,-0.10000000000000142,1005.3376666666663,0.01999999999998181,4.200000000000001,0.0,8.881784197001252e-16
S06_LOW_ACOFF_LIGHTOFF__RUN_20260913_121444__SESSION_007__SEG_01__W_00100,S06_LOW_ACOFF_LIGHTOFF,S06_LOW_ACOFF_LIGHTOFF__RUN_20260913_121444__SESSION_007,S06_LOW_ACOFF_LIGHTOFF__RUN_20260913_121444__SESSION_007__SEG_01,2026-09-13T06:45:52.297000Z,2026-09-13T06:46:21.402000Z,1,0,0,LOW,1,0.3,0.0,0.3,0.0,6.0,0.0,0.0,2000.0,2000.0,0.0,32.40999999999999,0.0,62.345,-0.1700000000000017,1005.3409999999998,0.01999999999998181,4.200000000000001,0.0,8.881784197001252e-16
S06_LOW_ACOFF_LIGHTOFF__RUN_20260913_121444__SESSION_007__SEG_01__W_00105,S06_LOW_ACOFF_LIGHTOFF,S06_LOW_ACOFF_LIGHTOFF__RUN_20260913_121444__SESSION_007,S06_LOW_ACOFF_LIGHTOFF__RUN_20260913_121444__SESSION_007__SEG_01,2026-09-13T06:45:57.496000Z,2026-09-13T06:46:26.417000Z,1,0,0,LOW,1,0.3,0.0,0.3,0.0,5.0,0.0,0.0,2000.0,2000.0,0.0,32.40966666666666,-0.00999999999999801,62.32966666666666,-0.11999999999999744,1005.3420000000001,0.0,4.200000000000001,0.0,8.881784197001252e-16
S06_LOW_ACOFF_LIGHTOFF__RUN_20260913_121444__SESSION_007__SEG_01__W_00110,S06_LOW_ACOFF_LIGHTOFF,S06_LOW_ACOFF_LIGHTOFF__RUN_20260913_121444__SESSION_007,S06_LOW_ACOFF_LIGHTOFF__RUN_20260913_121444__SESSION_007__SEG_01,2026-09-13T06:46:02.515000Z,2026-09-13T06:46:31.436000Z,1,0,0,LOW,1,0.23333333333333334,0.0,0.23333333333333334,0.0,4.0,0.0,0.0,2000.0,2000.0,0.0,32.40899999999999,-0.00999999999999801,62.315999999999995,0.00999999999999801,1005.3420000000002,0.0,4.200000000000001,0.0,8.881784197001252e-16
S06_LOW_ACOFF_LIGHTOFF__RUN_20260913_121444__SESSION_007__SEG_01__W_00115,S06_LOW_ACOFF_LIGHTOFF,S06_LOW_ACOFF_LIGHTOFF__RUN_20260913_121444__SESSION_007,S06_LOW_ACOFF_LIGHTOFF__RUN_20260913_121444__SESSION_007__SEG_01,2026-09-13T06:46:07.534000Z,2026-09-13T06:46:36.457000Z,1,0,0,LOW,1,0.2,0.0,0.2,0.0,4.0,0.0,0.0,2000.0,2000.0,0.0,32.40766666666666,-0.00999999999999801,62.30533333333333,-0.060000000000002274,1005.3430000000001,0.0,4.200000000000001,0.0,8.881784197001252e-16
S06_LOW_ACOFF_LIGHTOFF__RUN_20260913_121444__SESSION_007__SEG_01__W_00120,S06_LOW_ACOFF_LIGHTOFF,S06_LOW_ACOFF_LIGHTOFF__RUN_20260913_121444__SESSION_007,S06_LOW_ACOFF_LIGHTOFF__RUN_20260913_121444__SESSION_007__SEG_01,2026-09-13T06:46:12.373000Z,2026-09-13T06:46:41.656000Z,1,0,0,LOW,1,0.2,0.0,0.2,0.0,3.0,0.0,0.0,2000.0,2000.0,0.0,32.40599999999999,-0.00999999999999801,62.31500000000001,0.03999999999999915,1005.3436666666665,0.0,4.200000000000001,0.0,8.881784197001252e-16
S06_LOW_ACOFF_LIGHTOFF__RUN_20260913_121444__SESSION_007__SEG_01__W_00125,S06_LOW_ACOFF_LIGHTOFF,S06_LOW_ACOFF_LIGHTOFF__RUN_20260913_121444__SESSION_007,S06_LOW_ACOFF_LIGHTOFF__RUN_20260913_121444__SESSION_007__SEG_01,2026-09-13T06:46:17.570000Z,2026-09-13T06:46:46.675000Z,1,0,0,LOW,1,0.13333333333333333,0.0,0.13333333333333333,0.0,2.0,0.0,0.0,2000.0,2000.0,0.0,32.404999999999994,0.0,62.32433333333334,0.0,1005.343333333333,0.0,4.200000000000001,0.0,8.881784197001252e-16
S06_LOW_ACOFF_LIGHTOFF__RUN_20260913_121444__SESSION_007__SEG_01__W_00130,S06_LOW_ACOFF_LIGHTOFF,S06_LOW_ACOFF_LIGHTOFF__RUN_20260913_121444__SESSION_007,S06_LOW_ACOFF_LIGHTOFF__RUN_20260913_121444__SESSION_007__SEG_01,2026-09-13T06:46:22.405000Z,2026-09-13T06:46:51.698000Z,1,0,0,LOW,1,0.06666666666666667,0.0,0.06666666666666667,0.0,2.0,0.0,0.0,2000.0,2000.0,0.0,32.404666666666664,-0.00999999999999801,62.342000000000006,0.0799999999999983,1005.3413333333335,-0.009999999999990905,4.200000000000001,0.0,8.881784197001252e-16
S06_LOW_ACOFF_LIGHTOFF__RUN_20260913_121444__SESSION_007__SEG_01__W_00135,S06_LOW_ACOFF_LIGHTOFF,S06_LOW_ACOFF_LIGHTOFF__RUN_20260913_121444__SESSION_007,S06_LOW_ACOFF_LIGHTOFF__RUN_20260913_121444__SESSION_007__SEG_01,2026-09-13T06:46:27.420000Z,2026-09-13T06:46:56.723000Z,1,0,0,LOW,1,0.06666666666666667,0.06666666666666667,0.13333333333333333,0.0,2.0,1.0,0.06666666666666667,499.0,548.5,49.5,32.404666666666664,0.00999999999999801,62.37033333333334,0.21999999999999886,1005.3403333333338,0.0,4.200000000000001,0.0,8.881784197001252e-16
S06_LOW_ACOFF_LIGHTOFF__RUN_20260913_121444__SESSION_007__SEG_01__W_00140,S06_LOW_ACOFF_LIGHTOFF,S06_LOW_ACOFF_LIGHTOFF__RUN_20260913_121444__SESSION_007,S06_LOW_ACOFF_LIGHTOFF__RUN_20260913_121444__SESSION_007__SEG_01,2026-09-13T06:46:32.621000Z,2026-09-13T06:47:01.748000Z,1,0,0,LOW,1,0.06666666666666667,0.13333333333333333,0.2,0.0,2.0,2.0,0.13333333333333333,499.0,616.0,55.64339583454626,32.40533333333333,0.00999999999999801,62.42733333333334,0.6600000000000037,1005.3393333333337,-0.009999999999990905,4.200000000000001,0.0,8.881784197001252e-16
S06_LOW_ACOFF_LIGHTOFF__RUN_20260913_121444__SESSION_007__SEG_01__W_00145,S06_LOW_ACOFF_LIGHTOFF,S06_LOW_ACOFF_LIGHTOFF__RUN_20260913_121444__SESSION_007,S06_LOW_ACOFF_LIGHTOFF__RUN_20260913_121444__SESSION_007__SEG_01,2026-09-13T06:46:37.460000Z,2026-09-13T06:47:06.773000Z,1,0,0,LOW,1,0.03333333333333333,0.16666666666666666,0.2,0.0,1.0,3.0,0.2,322.0,548.5,115.67255028263573,32.40666666666666,0.00999999999999801,62.533666666666676,0.529999999999994,1005.3376666666669,0.0,4.200000000000001,0.0,8.881784197001252e-16
S06_LOW_ACOFF_LIGHTOFF__RUN_20260913_121444__SESSION_007__SEG_01__W_00150,S06_LOW_ACOFF_LIGHTOFF,S06_LOW_ACOFF_LIGHTOFF__RUN_20260913_121444__SESSION_007,S06_LOW_ACOFF_LIGHTOFF__RUN_20260913_121444__SESSION_007__SEG_01,2026-09-13T06:46:42.479000Z,2026-09-13T06:47:11.798000Z,1,0,0,LOW,1,0.03333333333333333,0.26666666666666666,0.3,0.0,1.0,5.0,0.36666666666666664,283.0,499.0,166.11735371902472,32.408333333333324,0.00999999999999801,62.608999999999995,0.36999999999999744,1005.3363333333334,-0.009999999999990905,4.200000000000001,0.0,8.881784197001252e-16
S06_LOW_ACOFF_LIGHTOFF__RUN_20260913_121444__SESSION_007__SEG_01__W_00155,S06_LOW_ACOFF_LIGHTOFF,S06_LOW_ACOFF_LIGHTOFF__RUN_20260913_121444__SESSION_007,S06_LOW_ACOFF_LIGHTOFF__RUN_20260913_121444__SESSION_007__SEG_01,2026-09-13T06:46:47.680000Z,2026-09-13T06:47:16.823000Z,1,0,0,LOW,1,0.03333333333333333,0.3,0.3333333333333333,0.0,1.0,6.0,0.4,283.0,500.5,172.4883852772573,32.40933333333332,0.0,62.67333333333332,0.490000000000002,1005.3350000000002,0.0,4.200000000000001,0.0,8.881784197001252e-16
S06_LOW_ACOFF_LIGHTOFF__RUN_20260913_121444__SESSION_007__SEG_01__W_00160,S06_LOW_ACOFF_LIGHTOFF,S06_LOW_ACOFF_LIGHTOFF__RUN_20260913_121444__SESSION_007,S06_LOW_ACOFF_LIGHTOFF__RUN_20260913_121444__SESSION_007__SEG_01,2026-09-13T06:46:52.703000Z,2026-09-13T06:47:21.848000Z,1,0,0,LOW,1,0.0,0.3,0.3,0.0,0.0,6.0,0.43333333333333335,283.0,502.0,205.71868538077163,32.40999999999999,0.020000000000003126,62.76433333333333,0.46999999999999886,1005.3366666666665,0.01999999999998181,4.200000000000001,0.0,8.881784197001252e-16
S06_LOW_ACOFF_LIGHTOFF__RUN_20260913_121444__SESSION_007__SEG_01__W_00165,S06_LOW_ACOFF_LIGHTOFF,S06_LOW_ACOFF_LIGHTOFF__RUN_20260913_121444__SESSION_007,S06_LOW_ACOFF_LIGHTOFF__RUN_20260913_121444__SESSION_007__SEG_01,2026-09-13T06:46:57.728000Z,2026-09-13T06:47:26.873000Z,1,0,0,LOW,1,0.0,0.23333333333333334,0.23333333333333334,0.0,0.0,5.0,0.43333333333333335,283.0,577.0,205.07574008545632,32.41199999999999,0.010000000000005116,62.83766666666668,0.4199999999999946,1005.3399999999997,0.01999999999998181,4.200000000000001,0.0,8.881784197001252e-16
S06_LOW_ACOFF_LIGHTOFF__RUN_20260913_121444__SESSION_007__SEG_01__W_00170,S06_LOW_ACOFF_LIGHTOFF,S06_LOW_ACOFF_LIGHTOFF__RUN_20260913_121444__SESSION_007,S06_LOW_ACOFF_LIGHTOFF__RUN_20260913_121444__SESSION_007__SEG_01,2026-09-13T06:47:02.753000Z,2026-09-13T06:47:31.898000Z,1,0,0,LOW,1,0.0,0.16666666666666666,0.16666666666666666,0.0,0.0,4.0,0.5333333333333333,283.0,566.5,183.32415578354642,32.41366666666666,0.010000000000005116,62.86933333333334,-0.05000000000000426,1005.3436666666664,0.01999999999998181,4.200000000000001,0.0,8.881784197001252e-16
S06_LOW_ACOFF_LIGHTOFF__RUN_20260913_121444__SESSION_007__SEG_01__W_00175,S06_LOW_ACOFF_LIGHTOFF,S06_LOW_ACOFF_LIGHTOFF__RUN_20260913_121444__SESSION_007,S06_LOW_ACOFF_LIGHTOFF__RUN_20260913_121444__SESSION_007__SEG_01,2026-09-13T06:47:07.778000Z,2026-09-13T06:47:36.923000Z,1,0,0,LOW,1,0.0,0.2,0.2,0.0,0.0,3.0,0.6333333333333333,283.0,584.0,172.09489748279054,32.41533333333333,0.010000000000005116,62.83100000000001,-0.25,1005.348,0.01999999999998181,4.200000000000001,0.0,8.881784197001252e-16
S06_LOW_ACOFF_LIGHTOFF__RUN_20260913_121444__SESSION_007__SEG_01__W_00180,S06_LOW_ACOFF_LIGHTOFF,S06_LOW_ACOFF_LIGHTOFF__RUN_20260913_121444__SESSION_007,S06_LOW_ACOFF_LIGHTOFF__RUN_20260913_121444__SESSION_007__SEG_01,2026-09-13T06:47:12.803000Z,2026-09-13T06:47:41.948000Z,1,0,0,LOW,1,0.0,0.16666666666666666,0.16666666666666666,0.0,0.0,2.0,0.6333333333333333,530.0,613.0,110.51358322650808,32.416999999999994,0.010000000000005116,62.804333333333346,-0.04999999999999716,1005.3499999999999,0.009999999999990905,4.200000000000001,0.0,8.881784197001252e-16
S06_LOW_ACOFF_LIGHTOFF__RUN_20260913_121444__SESSION_007__SEG_01__W_00185,S06_LOW_ACOFF_LIGHTOFF,S06_LOW_ACOFF_LIGHTOFF__RUN_20260913_121444__SESSION_007,S06_LOW_ACOFF_LIGHTOFF__RUN_20260913_121444__SESSION_007__SEG_01,2026-09-13T06:47:17.828000Z,2026-09-13T06:47:46.785000Z,1,0,0,LOW,1,0.0,0.3,0.3,0.0,0.0,2.0,0.6,530.0,598.5,111.61087605749266,32.41866666666666,0.010000000000005116,62.82399999999999,0.10000000000000142,1005.354,0.009999999999990905,4.200000000000001,0.0,8.881784197001252e-16
S06_LOW_ACOFF_LIGHTOFF__RUN_20260913_121444__SESSION_007__SEG_01__W_00190,S06_LOW_ACOFF_LIGHTOFF,S06_LOW_ACOFF_LIGHTOFF__RUN_20260913_121444__SESSION_007,S06_LOW_ACOFF_LIGHTOFF__RUN_20260913_121444__SESSION_007__SEG_01,2026-09-13T06:47:22.853000Z,2026-09-13T06:47:51.800000Z,1,0,0,LOW,1,0.0,0.3,0.3,0.0,0.0,2.0,0.5666666666666667,530.0,584.0,80.83525901700334,32.42133333333332,0.00999999999999801,62.81866666666667,-0.0799999999999983,1005.3573333333334,0.01999999999998181,4.200000000000001,0.0,8.881784197001252e-16
S06_LOW_ACOFF_LIGHTOFF__RUN_20260913_121444__SESSION_007__SEG_01__W_00195,S06_LOW_ACOFF_LIGHTOFF,S06_LOW_ACOFF_LIGHTOFF__RUN_20260913_121444__SESSION_007,S06_LOW_ACOFF_LIGHTOFF__RUN_20260913_121444__SESSION_007__SEG_01,2026-09-13T06:47:27.878000Z,2026-09-13T06:47:56.817000Z,1,0,0,LOW,1,0.0,0.3,0.3,0.0,0.0,2.0,0.5,530.0,613.0,84.13597460196335,32.422999999999995,0.00999999999999801,62.798333333333325,-0.1700000000000017,1005.3606666666664,0.01999999999998181,4.200000000000001,0.0,8.881784197001252e-16
S06_LOW_ACOFF_LIGHTOFF__RUN_20260913_121444__SESSION_007__SEG_01__W_00200,S06_LOW_ACOFF_LIGHTOFF,S06_LOW_ACOFF_LIGHTOFF__RUN_20260913_121444__SESSION_007,S06_LOW_ACOFF_LIGHTOFF__RUN_20260913_121444__SESSION_007__SEG_01,2026-09-13T06:47:32.903000Z,2026-09-13T06:48:02.016000Z,1,0,0,LOW,1,0.0,0.3333333333333333,0.3333333333333333,0.0,0.0,3.0,0.3333333333333333,530.0,675.5,88.09772982319124,32.42466666666666,0.00999999999999801,62.77566666666668,-0.13000000000000256,1005.3636666666665,0.01999999999998181,4.200000000000001,0.0,8.881784197001252e-16
S06_LOW_ACOFF_LIGHTOFF__RUN_20260913_121444__SESSION_007__SEG_01__W_00205,S06_LOW_ACOFF_LIGHTOFF,S06_LOW_ACOFF_LIGHTOFF__RUN_20260913_121444__SESSION_007,S06_LOW_ACOFF_LIGHTOFF__RUN_20260913_121444__SESSION_007__SEG_01,2026-09-13T06:47:37.928000Z,2026-09-13T06:48:07.033000Z,1,0,0,LOW,1,0.0,0.4,0.4,0.0,0.0,3.0,0.16666666666666666,530.0,575.0,58.82380470523817,32.426333333333325,0.00999999999999801,62.768,-0.0800000000000054,1005.364,0.0,4.200000000000001,0.0,8.881784197001252e-16
S06_LOW_ACOFF_LIGHTOFF__RUN_20260913_121444__SESSION_007__SEG_01__W_00210,S06_LOW_ACOFF_LIGHTOFF,S06_LOW_ACOFF_LIGHTOFF__RUN_20260913_121444__SESSION_007,S06_LOW_ACOFF_LIGHTOFF__RUN_20260913_121444__SESSION_007__SEG_01,2026-09-13T06:47:42.953000Z,2026-09-13T06:48:11.872000Z,1,0,0,LOW,1,0.06666666666666667,0.36666666666666664,0.4,0.03333333333333333,1.0,3.0,0.06666666666666667,392.0,560.5,168.5,32.42799999999999,0.00999999999999801,62.76166666666666,-0.11000000000000654,1005.3643333333333,-0.009999999999990905,4.200000000000001,0.0,8.881784197001252e-16
S06_LOW_ACOFF_LIGHTOFF__RUN_20260913_121444__SESSION_007__SEG_01__W_00215,S06_LOW_ACOFF_LIGHTOFF,S06_LOW_ACOFF_LIGHTOFF__RUN_20260913_121444__SESSION_007,S06_LOW_ACOFF_LIGHTOFF__RUN_20260913_121444__SESSION_007__SEG_01,2026-09-13T06:47:47.788000Z,2026-09-13T06:48:16.887000Z,1,0,0,LOW,1,0.1,0.2,0.26666666666666666,0.03333333333333333,2.0,3.0,0.06666666666666667,392.0,560.5,168.5,32.429666666666655,0.00999999999999801,62.70766666666667,-0.4299999999999997,1005.3619999999996,-0.009999999999990905,4.200000000000001,0.0,8.881784197001252e-16
S06_LOW_ACOFF_LIGHTOFF__RUN_20260913_121444__SESSION_007__SEG_01__W_00220,S06_LOW_ACOFF_LIGHTOFF,S06_LOW_ACOFF_LIGHTOFF__RUN_20260913_121444__SESSION_007,S06_LOW_ACOFF_LIGHTOFF__RUN_20260913_121444__SESSION_007__SEG_01,2026-09-13T06:47:52.803000Z,2026-09-13T06:48:21.906000Z,1,0,0,LOW,1,0.16666666666666666,0.23333333333333334,0.36666666666666664,0.03333333333333333,3.0,4.0,0.1,392.0,484.0,142.22751726254194,32.429999999999986,0.0,62.64366666666667,-0.2600000000000051,1005.3576666666665,-0.029999999999972715,4.200000000000001,0.0,8.881784197001252e-16
S06_LOW_ACOFF_LIGHTOFF__RUN_20260913_121444__SESSION_007__SEG_01__W_00225,S06_LOW_ACOFF_LIGHTOFF,S06_LOW_ACOFF_LIGHTOFF__RUN_20260913_121444__SESSION_007,S06_LOW_ACOFF_LIGHTOFF__RUN_20260913_121444__SESSION_007__SEG_01,2026-09-13T06:47:57.820000Z,2026-09-13T06:48:26.921000Z,1,0,0,LOW,1,0.2,0.3333333333333333,0.4666666666666667,0.06666666666666667,4.0,5.0,0.1,392.0,484.0,142.22751726254194,32.429999999999986,0.0,62.639333333333326,0.10999999999999943,1005.3523333333335,-0.03999999999996362,4.200000000000001,0.0,8.881784197001252e-16
S06_LOW_ACOFF_LIGHTOFF__RUN_20260913_121444__SESSION_007__SEG_01__W_00230,S06_LOW_ACOFF_LIGHTOFF,S06_LOW_ACOFF_LIGHTOFF__RUN_20260913_121444__SESSION_007,S06_LOW_ACOFF_LIGHTOFF__RUN_20260913_121444__SESSION_007__SEG_01,2026-09-13T06:48:02.839000Z,2026-09-13T06:48:32.120000Z,1,0,0,LOW,1,0.2,0.36666666666666664,0.5,0.06666666666666667,4.0,5.0,0.1,392.0,484.0,142.22751726254194,32.429999999999986,0.0,62.65333333333333,0.10000000000000142,1005.345666666667,-0.029999999999972715,4.200000000000001,0.0,8.881784197001252e-16
S06_LOW_ACOFF_LIGHTOFF__RUN_20260913_121444__SESSION_007__SEG_01__W_00235,S06_LOW_ACOFF_LIGHTOFF,S06_LOW_ACOFF_LIGHTOFF__RUN_20260913_121444__SESSION_007,S06_LOW_ACOFF_LIGHTOFF__RUN_20260913_121444__SESSION_007__SEG_01,2026-09-13T06:48:08.038000Z,2026-09-13T06:48:37.139000Z,1,0,0,LOW,1,0.26666666666666666,0.26666666666666666,0.4666666666666667,0.06666666666666667,6.0,5.0,0.1,392.0,484.0,142.22751726254194,32.429999999999986,0.0,62.663333333333334,0.0,1005.3389999999999,-0.03999999999996362,4.200000000000001,0.0,8.881784197001252e-16
S06_LOW_ACOFF_LIGHTOFF__RUN_20260913_121444__SESSION_007__SEG_01__W_00240,S06_LOW_ACOFF_LIGHTOFF,S06_LOW_ACOFF_LIGHTOFF__RUN_20260913_121444__SESSION_007,S06_LOW_ACOFF_LIGHTOFF__RUN_20260913_121444__SESSION_007__SEG_01,2026-09-13T06:48:12.875000Z,2026-09-13T06:48:41.976000Z,1,0,0,LOW,1,0.23333333333333334,0.3,0.4666666666666667,0.06666666666666667,6.0,5.0,0.03333333333333333,484.0,484.0,0.0,32.429999999999986,0.0,62.656333333333336,-0.00999999999999801,1005.3333333333334,-0.029999999999972715,4.200000000000001,0.0,8.881784197001252e-16
S06_LOW_ACOFF_LIGHTOFF__RUN_20260913_121444__SESSION_007__SEG_01__W_00245,S06_LOW_ACOFF_LIGHTOFF,S06_LOW_ACOFF_LIGHTOFF__RUN_20260913_121444__SESSION_007,S06_LOW_ACOFF_LIGHTOFF__RUN_20260913_121444__SESSION_007__SEG_01,2026-09-13T06:48:18.072000Z,2026-09-13T06:48:46.993000Z,1,0,0,LOW,1,0.2,0.4,0.5333333333333333,0.06666666666666667,5.0,6.0,0.03333333333333333,484.0,484.0,0.0,32.429999999999986,0.0,62.65833333333333,0.17999999999999972,1005.3270000000001,-0.04000000000007731,4.200000000000001,0.0,8.881784197001252e-16
S06_LOW_ACOFF_LIGHTOFF__RUN_20260913_121444__SESSION_007__SEG_01__W_00250,S06_LOW_ACOFF_LIGHTOFF,S06_LOW_ACOFF_LIGHTOFF__RUN_20260913_121444__SESSION_007,S06_LOW_ACOFF_LIGHTOFF__RUN_20260913_121444__SESSION_007__SEG_01,2026-09-13T06:48:22.909000Z,2026-09-13T06:48:52.010000Z,1,0,0,LOW,1,0.13333333333333333,0.43333333333333335,0.5,0.06666666666666667,3.0,6.0,0.0,2000.0,2000.0,0.0,32.429999999999986,0.0,62.66366666666666,-0.0799999999999983,1005.3210000000001,-0.04000000000007731,4.200000000000001,0.0,8.881784197001252e-16
S06_LOW_ACOFF_LIGHTOFF__RUN_20260913_121444__SESSION_007__SEG_01__W_00255,S06_LOW_ACOFF_LIGHTOFF,S06_LOW_ACOFF_LIGHTOFF__RUN_20260913_121444__SESSION_007,S06_LOW_ACOFF_LIGHTOFF__RUN_20260913_121444__SESSION_007__SEG_01,2026-09-13T06:48:27.924000Z,2026-09-13T06:48:57.029000Z,1,0,0,LOW,1,0.13333333333333333,0.4,0.4666666666666667,0.06666666666666667,4.0,6.0,0.03333333333333333,498.0,498.0,0.0,32.429999999999986,0.0,62.642333333333326,-0.20000000000000284,1005.3146666666665,-0.030000000000086402,4.200000000000001,0.0,8.881784197001252e-16
S06_LOW_ACOFF_LIGHTOFF__RUN_20260913_121444__SESSION_007__SEG_01__W_00260,S06_LOW_ACOFF_LIGHTOFF,S06_LOW_ACOFF_LIGHTOFF__RUN_20260913_121444__SESSION_007,S06_LOW_ACOFF_LIGHTOFF__RUN_20260913_121444__SESSION_007__SEG_01,2026-09-13T06:48:32.943000Z,2026-09-13T06:49:02.044000Z,1,0,0,LOW,1,0.23333333333333334,0.3333333333333333,0.5,0.06666666666666667,6.0,5.0,0.03333333333333333,498.0,498.0,0.0,32.429999999999986,0.0,62.61666666666666,0.020000000000003126,1005.3103333333333,-0.020000000000095497,4.200000000000001,0.0,8.881784197001252e-16
S06_LOW_ACOFF_LIGHTOFF__RUN_20260913_121444__SESSION_007__SEG_01__W_00265,S06_LOW_ACOFF_LIGHTOFF,S06_LOW_ACOFF_LIGHTOFF__RUN_20260913_121444__SESSION_007,S06_LOW_ACOFF_LIGHTOFF__RUN_20260913_121444__SESSION_007__SEG_01,2026-09-13T06:48:37.962000Z,2026-09-13T06:49:07.059000Z,1,0,0,LOW,1,0.23333333333333334,0.3,0.4666666666666667,0.06666666666666667,5.0,4.0,0.03333333333333333,498.0,498.0,0.0,32.429999999999986,0.0,62.620000000000005,0.03999999999999915,1005.307,-0.020000000000095497,4.200000000000001,0.0,8.881784197001252e-16
S06_LOW_ACOFF_LIGHTOFF__RUN_20260913_121444__SESSION_007__SEG_01__W_00270,S06_LOW_ACOFF_LIGHTOFF,S06_LOW_ACOFF_LIGHTOFF__RUN_20260913_121444__SESSION_007,S06_LOW_ACOFF_LIGHTOFF__RUN_20260913_121444__SESSION_007__SEG_01,2026-09-13T06:48:42.979000Z,2026-09-13T06:49:12.078000Z,1,0,0,LOW,1,0.26666666666666666,0.26666666666666666,0.5,0.03333333333333333,5.0,4.0,0.1,498.0,545.0,55.954346470036526,32.429999999999986,0.0,62.65533333333334,0.12999999999999545,1005.3036666666665,-0.020000000000095497,4.200000000000001,0.0,8.881784197001252e-16
S06_LOW_ACOFF_LIGHTOFF__RUN_20260913_121444__SESSION_007__SEG_01__W_00275,S06_LOW_ACOFF_LIGHTOFF,S06_LOW_ACOFF_LIGHTOFF__RUN_20260913_121444__SESSION_007,S06_LOW_ACOFF_LIGHTOFF__RUN_20260913_121444__SESSION_007__SEG_01,2026-09-13T06:48:47.996000Z,2026-09-13T06:49:17.095000Z,1,0,0,LOW,1,0.26666666666666666,0.26666666666666666,0.5,0.03333333333333333,5.0,4.0,0.1,498.0,545.0,55.954346470036526,32.429999999999986,0.0,62.68933333333333,0.13000000000000256,1005.3000000000001,-0.01999999999998181,4.200000000000001,0.0,8.881784197001252e-16
S06_LOW_ACOFF_LIGHTOFF__RUN_20260913_121444__SESSION_007__SEG_01__W_00280,S06_LOW_ACOFF_LIGHTOFF,S06_LOW_ACOFF_LIGHTOFF__RUN_20260913_121444__SESSION_007,S06_LOW_ACOFF_LIGHTOFF__RUN_20260913_121444__SESSION_007__SEG_01,2026-09-13T06:48:53.195000Z,2026-09-13T06:49:22.116000Z,1,0,0,LOW,1,0.26666666666666666,0.26666666666666666,0.5,0.03333333333333333,5.0,4.0,0.16666666666666666,498.0,545.0,45.513075044430906,32.429999999999986,0.0,62.70833333333335,0.030000000000001137,1005.2956666666665,-0.01999999999998181,4.200000000000001,0.0,8.881784197001252e-16
S06_LOW_ACOFF_LIGHTOFF__RUN_20260913_121444__SESSION_007__SEG_01__W_00285,S06_LOW_ACOFF_LIGHTOFF,S06_LOW_ACOFF_LIGHTOFF__RUN_20260913_121444__SESSION_007,S06_LOW_ACOFF_LIGHTOFF__RUN_20260913_121444__SESSION_007__SEG_01,2026-09-13T06:48:58.032000Z,2026-09-13T06:49:27.131000Z,1,0,0,LOW,1,0.26666666666666666,0.23333333333333334,0.4666666666666667,0.03333333333333333,5.0,3.0,0.13333333333333333,528.0,557.0,39.85207020971433,32.429999999999986,0.0,62.71733333333335,0.14000000000000057,1005.2909999999998,-0.029999999999972715,4.200000000000001,0.0,8.881784197001252e-16
S06_LOW_ACOFF_LIGHTOFF__RUN_20260913_121444__SESSION_007__SEG_01__W_00290,S06_LOW_ACOFF_LIGHTOFF,S06_LOW_ACOFF_LIGHTOFF__RUN_20260913_121444__SESSION_007,S06_LOW_ACOFF_LIGHTOFF__RUN_20260913_121444__SESSION_007__SEG_01,2026-09-13T06:49:03.047000Z,2026-09-13T06:49:32.328000Z,1,0,0,LOW,1,0.26666666666666666,0.23333333333333334,0.4666666666666667,0.03333333333333333,4.0,3.0,0.13333333333333333,528.0,557.0,39.85207020971433,32.429999999999986,0.0,62.72833333333335,-0.12000000000000455,1005.2839999999998,-0.03999999999996362,4.200000000000001,0.0,8.881784197001252e-16
S06_LOW_ACOFF_LIGHTOFF__RUN_20260913_121444__SESSION_007__SEG_01__W_00295,S06_LOW_ACOFF_LIGHTOFF,S06_LOW_ACOFF_LIGHTOFF__RUN_20260913_121444__SESSION_007,S06_LOW_ACOFF_LIGHTOFF__RUN_20260913_121444__SESSION_007__SEG_01,2026-09-13T06:49:08.062000Z,2026-09-13T06:49:37.165000Z,1,0,0,LOW,1,0.2,0.26666666666666666,0.43333333333333335,0.03333333333333333,3.0,4.0,0.16666666666666666,528.0,569.0,148.44312041991031,32.429999999999986,0.0,62.726000000000006,-0.060000000000002274,1005.277333333333,-0.03999999999996362,4.200000000000001,0.0,8.881784197001252e-16
S06_LOW_ACOFF_LIGHTOFF__RUN_20260913_121444__SESSION_007__SEG_01__W_00300,S06_LOW_ACOFF_LIGHTOFF,S06_LOW_ACOFF_LIGHTOFF__RUN_20260913_121444__SESSION_007,S06_LOW_ACOFF_LIGHTOFF__RUN_20260913_121444__SESSION_007__SEG_01,2026-09-13T06:49:13.081000Z,2026-09-13T06:49:42.362000Z,1,0,0,LOW,1,0.13333333333333333,0.23333333333333334,0.3333333333333333,0.03333333333333333,2.0,3.0,0.1,528.0,569.0,180.14870400742703,32.429999999999986,0.0,62.71666666666667,-0.0800000000000054,1005.270333333333,-0.029999999999972715,4.200000000000001,0.0,8.881784197001252e-16
S06_LOW_ACOFF_LIGHTOFF__RUN_20260913_121444__SESSION_007__SEG_01__W_00305,S06_LOW_ACOFF_LIGHTOFF,S06_LOW_ACOFF_LIGHTOFF__RUN_20260913_121444__SESSION_007,S06_LOW_ACOFF_LIGHTOFF__RUN_20260913_121444__SESSION_007__SEG_01,2026-09-13T06:49:18.098000Z,2026-09-13T06:49:47.379000Z,1,0,0,LOW,1,0.13333333333333333,0.13333333333333333,0.23333333333333334,0.03333333333333333,2.0,2.0,0.1,528.0,569.0,180.14870400742703,32.429999999999986,0.0,62.70533333333333,0.030000000000001137,1005.2636666666666,-0.029999999999972715,4.200000000000001,0.0,8.881784197001252e-16
S06_LOW_ACOFF_LIGHTOFF__RUN_20260913_121444__SESSION_007__SEG_01__W_00310,S06_LOW_ACOFF_LIGHTOFF,S06_LOW_ACOFF_LIGHTOFF__RUN_20260913_121444__SESSION_007,S06_LOW_ACOFF_LIGHTOFF__RUN_20260913_121444__SESSION_007__SEG_01,2026-09-13T06:49:23.119000Z,2026-09-13T06:49:52.404000Z,1,0,0,LOW,1,0.13333333333333333,0.06666666666666667,0.16666666666666666,0.03333333333333333,1.0,1.0,0.03333333333333333,929.0,929.0,0.0,32.429999999999986,0.0,62.70900000000001,0.060000000000002274,1005.2586666666666,-0.029999999999972715,4.200000000000001,0.0,8.881784197001252e-16
S06_LOW_ACOFF_LIGHTOFF__RUN_20260913_121444__SESSION_007__SEG_01__W_00315,S06_LOW_ACOFF_LIGHTOFF,S06_LOW_ACOFF_LIGHTOFF__RUN_20260913_121444__SESSION_007,S06_LOW_ACOFF_LIGHTOFF__RUN_20260913_121444__SESSION_007__SEG_01,2026-09-13T06:49:28.134000Z,2026-09-13T06:49:57.423000Z,1,0,0,LOW,1,0.1,0.06666666666666667,0.16666666666666666,0.0,0.0,2.0,0.03333333333333333,929.0,929.0,0.0,32.429999999999986,0.0,62.71933333333334,0.05999999999999517,1005.2543333333335,-0.01999999999998181,4.200000000000001,0.0,8.881784197001252e-16
S06_LOW_ACOFF_LIGHTOFF__RUN_20260913_121444__SESSION_007__SEG_01__W_00320,S06_LOW_ACOFF_LIGHTOFF,S06_LOW_ACOFF_LIGHTOFF__RUN_20260913_121444__SESSION_007,S06_LOW_ACOFF_LIGHTOFF__RUN_20260913_121444__SESSION_007__SEG_01,2026-09-13T06:49:33.333000Z,2026-09-13T06:50:02.260000Z,1,0,0,LOW,1,0.0,0.2,0.2,0.0,0.0,3.0,0.03333333333333333,929.0,929.0,0.0,32.429999999999986,0.0,62.735,0.13000000000000256,1005.2506666666669,-0.01999999999998181,4.200000000000001,0.0,8.881784197001252e-16
S06_LOW_ACOFF_LIGHTOFF__RUN_20260913_121444__SESSION_007__SEG_01__W_00325,S06_LOW_ACOFF_LIGHTOFF,S06_LOW_ACOFF_LIGHTOFF__RUN_20260913_121444__SESSION_007,S06_LOW_ACOFF_LIGHTOFF__RUN_20260913_121444__SESSION_007__SEG_01,2026-09-13T06:49:38.168000Z,2026-09-13T06:50:07.275000Z,1,0,0,LOW,1,0.0,0.26666666666666666,0.26666666666666666,0.0,0.0,3.0,0.0,2000.0,2000.0,0.0,32.431333333333335,0.00999999999999801,62.74433333333333,0.060000000000002274,1005.2486666666667,-0.009999999999990905,4.200000000000001,0.0,8.881784197001252e-16
S06_LOW_ACOFF_LIGHTOFF__RUN_20260913_121444__SESSION_007__SEG_01__W_00330,S06_LOW_ACOFF_LIGHTOFF,S06_LOW_ACOFF_LIGHTOFF__RUN_20260913_121444__SESSION_007,S06_LOW_ACOFF_LIGHTOFF__RUN_20260913_121444__SESSION_007__SEG_01,2026-09-13T06:49:43.185000Z,2026-09-13T06:50:12.294000Z,1,0,0,LOW,1,0.0,0.36666666666666664,0.36666666666666664,0.0,0.0,4.0,0.03333333333333333,486.0,486.0,0.0,32.43300000000001,0.00999999999999801,62.75066666666667,0.14999999999999858,1005.2463333333334,-0.009999999999990905,4.200000000000001,0.0,8.881784197001252e-16
S06_LOW_ACOFF_LIGHTOFF__RUN_20260913_121444__SESSION_007__SEG_01__W_00335,S06_LOW_ACOFF_LIGHTOFF,S06_LOW_ACOFF_LIGHTOFF__RUN_20260913_121444__SESSION_007,S06_LOW_ACOFF_LIGHTOFF__RUN_20260913_121444__SESSION_007__SEG_01,2026-09-13T06:49:48.384000Z,2026-09-13T06:50:17.309000Z,1,0,0,LOW,1,0.03333333333333333,0.36666666666666664,0.4,0.0,1.0,4.0,0.03333333333333333,486.0,486.0,0.0,32.43466666666667,0.00999999999999801,62.76666666666666,0.05999999999999517,1005.2446666666671,-0.009999999999990905,4.200000000000001,0.0,8.881784197001252e-16
S06_LOW_ACOFF_LIGHTOFF__RUN_20260913_121444__SESSION_007__SEG_01__W_00340,S06_LOW_ACOFF_LIGHTOFF,S06_LOW_ACOFF_LIGHTOFF__RUN_20260913_121444__SESSION_007,S06_LOW_ACOFF_LIGHTOFF__RUN_20260913_121444__SESSION_007__SEG_01,2026-09-13T06:49:53.227000Z,2026-09-13T06:50:22.508000Z,1,0,0,LOW,1,0.03333333333333333,0.36666666666666664,0.4,0.0,1.0,4.0,0.03333333333333333,486.0,486.0,0.0,32.436333333333344,0.00999999999999801,62.77033333333334,-0.030000000000001137,1005.2430000000003,0.0,4.200000000000001,0.0,8.881784197001252e-16
S06_LOW_ACOFF_LIGHTOFF__RUN_20260913_121444__SESSION_007__SEG_01__W_00345,S06_LOW_ACOFF_LIGHTOFF,S06_LOW_ACOFF_LIGHTOFF__RUN_20260913_121444__SESSION_007,S06_LOW_ACOFF_LIGHTOFF__RUN_20260913_121444__SESSION_007__SEG_01,2026-09-13T06:49:58.428000Z,2026-09-13T06:50:27.343000Z,1,0,0,LOW,1,0.1,0.3333333333333333,0.43333333333333335,0.0,3.0,3.0,0.03333333333333333,486.0,486.0,0.0,32.43800000000001,0.00999999999999801,62.78166666666666,0.09000000000000341,1005.2416666666669,0.0,4.200000000000001,0.0,8.881784197001252e-16
S06_LOW_ACOFF_LIGHTOFF__RUN_20260913_121444__SESSION_007__SEG_01__W_00350,S06_LOW_ACOFF_LIGHTOFF,S06_LOW_ACOFF_LIGHTOFF__RUN_20260913_121444__SESSION_007,S06_LOW_ACOFF_LIGHTOFF__RUN_20260913_121444__SESSION_007__SEG_01,2026-09-13T06:50:03.263000Z,2026-09-13T06:50:32.360000Z,1,0,0,LOW,1,0.16666666666666666,0.23333333333333334,0.4,0.0,4.0,3.0,0.06666666666666667,486.0,524.5,38.5,32.439666666666675,0.00999999999999801,62.80800000000001,0.25,1005.2403333333334,-0.009999999999990905,4.200000000000001,0.0,8.881784197001252e-16
S06_LOW_ACOFF_LIGHTOFF__RUN_20260913_121444__SESSION_007__SEG_01__W_00355,S06_LOW_ACOFF_LIGHTOFF,S06_LOW_ACOFF_LIGHTOFF__RUN_20260913_121444__SESSION_007,S06_LOW_ACOFF_LIGHTOFF__RUN_20260913_121444__SESSION_007__SEG_01,2026-09-13T06:50:08.460000Z,2026-09-13T06:50:37.377000Z,1,0,0,LOW,1,0.16666666666666666,0.2,0.36666666666666664,0.0,4.0,3.0,0.06666666666666667,486.0,524.5,38.5,32.44000000000001,0.0,62.82299999999999,0.1599999999999966,1005.2373333333333,-0.01999999999998181,4.200000000000001,0.0,8.881784197001252e-16
S06_LOW_ACOFF_LIGHTOFF__RUN_20260913_121444__SESSION_007__SEG_01__W_00360,S06_LOW_ACOFF_LIGHTOFF,S06_LOW_ACOFF_LIGHTOFF__RUN_20260913_121444__SESSION_007,S06_LOW_ACOFF_LIGHTOFF__RUN_20260913_121444__SESSION_007__SEG_01,2026-09-13T06:50:13.297000Z,2026-09-13T06:50:42.396000Z,1,0,0,LOW,1,0.2,0.2,0.4,0.0,5.0,3.0,0.1,455.0,563.0,79.36973954572079,32.44000000000001,0.0,62.83266666666666,0.05999999999999517,1005.2353333333333,-0.009999999999990905,4.200000000000001,0.0,8.881784197001252e-16
S06_LOW_ACOFF_LIGHTOFF__RUN_20260913_121444__SESSION_007__SEG_01__W_00365,S06_LOW_ACOFF_LIGHTOFF,S06_LOW_ACOFF_LIGHTOFF__RUN_20260913_121444__SESSION_007,S06_LOW_ACOFF_LIGHTOFF__RUN_20260913_121444__SESSION_007__SEG_01,2026-09-13T06:50:18.312000Z,2026-09-13T06:50:47.593000Z,1,0,0,LOW,1,0.2,0.23333333333333334,0.43333333333333335,0.0,5.0,4.0,0.13333333333333333,455.0,536.0,71.64495795239188,32.44000000000001,0.0,62.832333333333324,0.03999999999999915,1005.2336666666665,-0.009999999999990905,4.200000000000001,0.0,8.881784197001252e-16
S06_LOW_ACOFF_LIGHTOFF__RUN_20260913_121444__SESSION_007__SEG_01__W_00370,S06_LOW_ACOFF_LIGHTOFF,S06_LOW_ACOFF_LIGHTOFF__RUN_20260913_121444__SESSION_007,S06_LOW_ACOFF_LIGHTOFF__RUN_20260913_121444__SESSION_007__SEG_01,2026-09-13T06:50:23.331000Z,2026-09-13T06:50:52.618000Z,1,0,0,LOW,1,0.26666666666666666,0.26666666666666666,0.5333333333333333,0.0,5.0,5.0,0.3,363.0,457.0,85.24315257971396,32.44000000000001,0.0,62.843333333333334,-0.010000000000005116,1005.2319999999999,-0.009999999999990905,4.200000000000001,0.0,8.881784197001252e-16
S06_LOW_ACOFF_LIGHTOFF__RUN_20260913_121444__SESSION_007__SEG_01__W_00375,S06_LOW_ACOFF_LIGHTOFF,S06_LOW_ACOFF_LIGHTOFF__RUN_20260913_121444__SESSION_007,S06_LOW_ACOFF_LIGHTOFF__RUN_20260913_121444__SESSION_007__SEG_01,2026-09-13T06:50:28.346000Z,2026-09-13T06:50:57.643000Z,1,0,0,LOW,1,0.2,0.26666666666666666,0.4666666666666667,0.0,4.0,5.0,0.4666666666666667,363.0,452.5,69.63626342412027,32.44000000000001,0.0,62.85099999999999,-0.05999999999999517,1005.2306666666666,-0.009999999999990905,4.200000000000001,0.0,8.881784197001252e-16
S06_LOW_ACOFF_LIGHTOFF__RUN_20260913_121444__SESSION_007__SEG_01__W_00380,S06_LOW_ACOFF_LIGHTOFF,S06_LOW_ACOFF_LIGHTOFF__RUN_20260913_121444__SESSION_007,S06_LOW_ACOFF_LIGHTOFF__RUN_20260913_121444__SESSION_007__SEG_01,2026-09-13T06:50:33.363000Z,2026-09-13T06:51:02.668000Z,1,0,0,LOW,1,0.13333333333333333,0.23333333333333334,0.36666666666666664,0.0,3.0,4.0,0.6,363.0,454.5,57.23495004079972,32.44000000000001,0.0,62.83899999999999,0.020000000000003126,1005.2303333333332,0.0,4.200000000000001,0.0,8.881784197001252e-16
S06_LOW_ACOFF_LIGHTOFF__RUN_20260913_121444__SESSION_007__SEG_01__W_00385,S06_LOW_ACOFF_LIGHTOFF,S06_LOW_ACOFF_LIGHTOFF__RUN_20260913_121444__SESSION_007,S06_LOW_ACOFF_LIGHTOFF__RUN_20260913_121444__SESSION_007__SEG_01,2026-09-13T06:50:38.380000Z,2026-09-13T06:51:07.693000Z,1,0,0,LOW,1,0.13333333333333333,0.16666666666666666,0.3,0.0,3.0,2.0,0.7666666666666667,363.0,458.0,74.90106896650502,32.44000000000001,0.0,62.84733333333334,0.060000000000002274,1005.2293333333333,-0.01999999999998181,4.200000000000001,0.0,8.881784197001252e-16
S06_LOW_ACOFF_LIGHTOFF__RUN_20260913_121444__SESSION_007__SEG_01__W_00390,S06_LOW_ACOFF_LIGHTOFF,S06_LOW_ACOFF_LIGHTOFF__RUN_20260913_121444__SESSION_007,S06_LOW_ACOFF_LIGHTOFF__RUN_20260913_121444__SESSION_007__SEG_01,2026-09-13T06:50:43.399000Z,2026-09-13T06:51:12.718000Z,1,0,0,LOW,1,0.1,0.06666666666666667,0.16666666666666666,0.0,2.0,1.0,0.8666666666666667,363.0,464.5,75.97484790898169,32.44000000000001,0.0,62.86000000000001,-0.03999999999999915,1005.2289999999999,0.0,4.200000000000001,0.0,8.881784197001252e-16
S06_LOW_ACOFF_LIGHTOFF__RUN_20260913_121444__SESSION_007__SEG_01__W_00395,S06_LOW_ACOFF_LIGHTOFF,S06_LOW_ACOFF_LIGHTOFF__RUN_20260913_121444__SESSION_007,S06_LOW_ACOFF_LIGHTOFF__RUN_20260913_121444__SESSION_007__SEG_01,2026-09-13T06:50:48.598000Z,2026-09-13T06:51:17.743000Z,1,0,0,LOW,1,0.06666666666666667,0.03333333333333333,0.1,0.0,0.0,1.0,1.0,363.0,536.5,79.95560573773979,32.44033333333334,0.010000000000005116,62.873333333333335,0.09999999999999432,1005.2293333333333,0.009999999999990905,4.200000000000001,0.0,8.881784197001252e-16
S06_LOW_ACOFF_LIGHTOFF__RUN_20260913_121444__SESSION_007__SEG_01__W_00400,S06_LOW_ACOFF_LIGHTOFF,S06_LOW_ACOFF_LIGHTOFF__RUN_20260913_121444__SESSION_007,S06_LOW_ACOFF_LIGHTOFF__RUN_20260913_121444__SESSION_007__SEG_01,2026-09-13T06:50:53.623000Z,2026-09-13T06:51:22.768000Z,1,0,0,LOW,1,0.0,0.03333333333333333,0.03333333333333333,0.0,0.0,1.0,1.0,429.0,587.0,67.52534503593613,32.44166666666668,0.010000000000005116,62.88433333333333,-0.00999999999999801,1005.2296666666667,0.0,4.200000000000001,0.0,8.881784197001252e-16
S06_LOW_ACOFF_LIGHTOFF__RUN_20260913_121444__SESSION_007__SEG_01__W_00405,S06_LOW_ACOFF_LIGHTOFF,S06_LOW_ACOFF_LIGHTOFF__RUN_20260913_121444__SESSION_007,S06_LOW_ACOFF_LIGHTOFF__RUN_20260913_121444__SESSION_007__SEG_01,2026-09-13T06:50:58.648000Z,2026-09-13T06:51:27.603000Z,1,0,0,LOW,1,0.0,0.16666666666666666,0.16666666666666666,0.0,0.0,2.0,0.8333333333333334,429.0,588.0,58.0153910613382,32.44333333333334,0.010000000000005116,62.88800000000002,0.05000000000000426,1005.2296666666666,0.0,4.200000000000001,0.0,8.881784197001252e-16
S06_LOW_ACOFF_LIGHTOFF__RUN_20260913_121444__SESSION_007__SEG_01__W_00410,S06_LOW_ACOFF_LIGHTOFF,S06_LOW_ACOFF_LIGHTOFF__RUN_20260913_121444__SESSION_007,S06_LOW_ACOFF_LIGHTOFF__RUN_20260913_121444__SESSION_007__SEG_01,2026-09-13T06:51:03.673000Z,2026-09-13T06:51:32.802000Z,1,0,0,LOW,1,0.0,0.26666666666666666,0.26666666666666666,0.0,0.0,2.0,0.6666666666666666,501.0,592.5,23.515686254073046,32.445000000000014,0.010000000000005116,62.893000000000015,0.030000000000001137,1005.2303333333334,0.0,4.200000000000001,0.0,8.881784197001252e-16
S06_LOW_ACOFF_LIGHTOFF__RUN_20260913_121444__SESSION_007__SEG_01__W_00415,S06_LOW_ACOFF_LIGHTOFF,S06_LOW_ACOFF_LIGHTOFF__RUN_20260913_121444__SESSION_007,S06_LOW_ACOFF_LIGHTOFF__RUN_20260913_121444__SESSION_007__SEG_01,2026-09-13T06:51:08.698000Z,2026-09-13T06:51:37.637000Z,1,0,0,LOW,1,0.0,0.36666666666666664,0.36666666666666664,0.0,0.0,4.0,0.5,501.0,596.0,26.51842127025413,32.44666666666668,0.010000000000005116,62.88399999999999,-0.09000000000000341,1005.2313333333332,0.0,4.200000000000001,0.0,8.881784197001252e-16
S06_LOW_ACOFF_LIGHTOFF__RUN_20260913_121444__SESSION_007__SEG_01__W_00420,S06_LOW_ACOFF_LIGHTOFF,S06_LOW_ACOFF_LIGHTOFF__RUN_20260913_121444__SESSION_007,S06_LOW_ACOFF_LIGHTOFF__RUN_20260913_121444__SESSION_007__SEG_01,2026-09-13T06:51:13.723000Z,2026-09-13T06:51:42.656000Z,1,0,0,LOW,1,0.03333333333333333,0.43333333333333335,0.4666666666666667,0.0,1.0,4.0,0.36666666666666664,383.0,600.0,65.99486581583136,32.448333333333345,0.010000000000005116,62.87933333333333,0.10000000000000142,1005.2313333333332,0.0,4.200000000000001,0.0,8.881784197001252e-16
S06_LOW_ACOFF_LIGHTOFF__RUN_20260913_121444__SESSION_007__SEG_01__W_00425,S06_LOW_ACOFF_LIGHTOFF,S06_LOW_ACOFF_LIGHTOFF__RUN_20260913_121444__SESSION_007,S06_LOW_ACOFF_LIGHTOFF__RUN_20260913_121444__SESSION_007__SEG_01,2026-09-13T06:51:18.748000Z,2026-09-13T06:51:47.671000Z,1,0,0,LOW,1,0.13333333333333333,0.4666666666666667,0.5666666666666667,0.03333333333333333,1.0,5.0,0.2,383.0,569.0,78.55571271397135,32.44966666666667,0.010000000000005116,62.88,0.0,1005.2309999999999,0.0,4.200000000000001,0.0,8.881784197001252e-16
S06_LOW_ACOFF_LIGHTOFF__RUN_20260913_121444__SESSION_007__SEG_01__W_00430,S06_LOW_ACOFF_LIGHTOFF,S06_LOW_ACOFF_LIGHTOFF__RUN_20260913_121444__SESSION_007,S06_LOW_ACOFF_LIGHTOFF__RUN_20260913_121444__SESSION_007__SEG_01,2026-09-13T06:51:23.591000Z,2026-09-13T06:51:52.686000Z,1,0,0,LOW,1,0.2,0.43333333333333335,0.6,0.03333333333333333,3.0,4.0,0.03333333333333333,383.0,383.0,0.0,32.45000000000001,0.0,62.874999999999986,-0.05000000000000426,1005.2316666666668,0.009999999999990905,4.200000000000001,0.0,8.881784197001252e-16
S06_LOW_ACOFF_LIGHTOFF__RUN_20260913_121444__SESSION_007__SEG_01__W_00435,S06_LOW_ACOFF_LIGHTOFF,S06_LOW_ACOFF_LIGHTOFF__RUN_20260913_121444__SESSION_007,S06_LOW_ACOFF_LIGHTOFF__RUN_20260913_121444__SESSION_007__SEG_01,2026-09-13T06:51:28.788000Z,2026-09-13T06:51:57.889000Z,1,0,0,LOW,1,0.23333333333333334,0.3333333333333333,0.5333333333333333,0.03333333333333333,4.0,4.0,0.16666666666666666,383.0,672.0,191.79718454659337,32.45000000000001,0.0,62.87499999999999,-0.03999999999999915,1005.2333333333336,0.0,4.200000000000001,0.0,8.881784197001252e-16
S06_LOW_ACOFF_LIGHTOFF__RUN_20260913_121444__SESSION_007__SEG_01__W_00440,S06_LOW_ACOFF_LIGHTOFF,S06_LOW_ACOFF_LIGHTOFF__RUN_20260913_121444__SESSION_007,S06_LOW_ACOFF_LIGHTOFF__RUN_20260913_121444__SESSION_007__SEG_01,2026-09-13T06:51:33.625000Z,2026-09-13T06:52:02.728000Z,1,0,0,LOW,1,0.23333333333333334,0.3333333333333333,0.5333333333333333,0.03333333333333333,4.0,4.0,0.16666666666666666,383.0,672.0,191.79718454659337,32.45000000000001,0.0,62.89366666666667,0.21999999999999886,1005.2333333333333,0.0,4.200000000000001,0.0,8.881784197001252e-16
S06_LOW_ACOFF_LIGHTOFF__RUN_20260913_121444__SESSION_007__SEG_01__W_00445,S06_LOW_ACOFF_LIGHTOFF,S06_LOW_ACOFF_LIGHTOFF__RUN_20260913_121444__SESSION_007,S06_LOW_ACOFF_LIGHTOFF__RUN_20260913_121444__SESSION_007__SEG_01,2026-09-13T06:51:38.640000Z,2026-09-13T06:52:07.743000Z,1,0,0,LOW,1,0.23333333333333334,0.3,0.5,0.03333333333333333,4.0,4.0,0.16666666666666666,383.0,672.0,191.79718454659337,32.45000000000001,0.0,62.93066666666665,0.1599999999999966,1005.2336666666666,0.009999999999990905,4.200000000000001,0.0,8.881784197001252e-16
S06_LOW_ACOFF_LIGHTOFF__RUN_20260913_121444__SESSION_007__SEG_01__W_00450,S06_LOW_ACOFF_LIGHTOFF,S06_LOW_ACOFF_LIGHTOFF__RUN_20260913_121444__SESSION_007,S06_LOW_ACOFF_LIGHTOFF__RUN_20260913_121444__SESSION_007__SEG_01,2026-09-13T06:51:43.659000Z,2026-09-13T06:52:12.758000Z,1,0,0,LOW,1,0.2,0.26666666666666666,0.43333333333333335,0.03333333333333333,3.0,4.0,0.13333333333333333,512.0,689.5,156.72966375259026,32.45000000000001,0.0,62.943333333333335,-0.010000000000005116,1005.2356666666669,0.01999999999998181,4.200000000000001,0.0,8.881784197001252e-16
S06_LOW_ACOFF_LIGHTOFF__RUN_20260913_121444__SESSION_007__SEG_01__W_00455,S06_LOW_ACOFF_LIGHTOFF,S06_LOW_ACOFF_LIGHTOFF__RUN_20260913_121444__SESSION_007,S06_LOW_ACOFF_LIGHTOFF__RUN_20260913_121444__SESSION_007__SEG_01,2026-09-13T06:51:48.674000Z,2026-09-13T06:52:17.955000Z,1,0,0,LOW,1,0.1,0.26666666666666666,0.36666666666666664,0.0,2.0,5.0,0.13333333333333333,512.0,689.5,156.72966375259026,32.45000000000001,0.0,62.94800000000001,0.13999999999999346,1005.2389999999999,0.01999999999998181,4.200000000000001,0.0,8.881784197001252e-16
S06_LOW_ACOFF_LIGHTOFF__RUN_20260913_121444__SESSION_007__SEG_01__W_00460,S06_LOW_ACOFF_LIGHTOFF,S06_LOW_ACOFF_LIGHTOFF__RUN_20260913_121444__SESSION_007,S06_LOW_ACOFF_LIGHTOFF__RUN_20260913_121444__SESSION_007__SEG_01,2026-09-13T06:51:53.871000Z,2026-09-13T06:52:22.792000Z,1,0,0,LOW,1,0.03333333333333333,0.26666666666666666,0.3,0.0,1.0,5.0,0.13333333333333333,512.0,689.5,156.72966375259026,32.45000000000001,0.0,62.96033333333333,-0.07000000000000028,1005.2413333333334,0.009999999999990905,4.200000000000001,0.0,8.881784197001252e-16
S06_LOW_ACOFF_LIGHTOFF__RUN_20260913_121444__SESSION_007__SEG_01__W_00465,S06_LOW_ACOFF_LIGHTOFF,S06_LOW_ACOFF_LIGHTOFF__RUN_20260913_121444__SESSION_007,S06_LOW_ACOFF_LIGHTOFF__RUN_20260913_121444__SESSION_007__SEG_01,2026-09-13T06:51:58.894000Z,2026-09-13T06:52:27.807000Z,1,0,0,LOW,1,0.0,0.26666666666666666,0.26666666666666666,0.0,0.0,4.0,0.0,2000.0,2000.0,0.0,32.45000000000001,0.0,62.969666666666676,-0.030000000000001137,1005.2420000000002,0.0,4.200000000000001,0.0,8.881784197001252e-16
S06_LOW_ACOFF_LIGHTOFF__RUN_20260913_121444__SESSION_007__SEG_01__W_00470,S06_LOW_ACOFF_LIGHTOFF,S06_LOW_ACOFF_LIGHTOFF__RUN_20260913_121444__SESSION_007,S06_LOW_ACOFF_LIGHTOFF__RUN_20260913_121444__SESSION_007__SEG_01,2026-09-13T06:52:03.731000Z,2026-09-13T06:52:33.004000Z,1,0,0,LOW,1,0.0,0.2,0.2,0.0,0.0,5.0,0.0,2000.0,2000.0,0.0,32.45000000000001,0.0,62.96633333333334,-0.14000000000000057,1005.2430000000003,0.009999999999990905,4.200000000000001,0.0,8.881784197001252e-16
S06_LOW_ACOFF_LIGHTOFF__RUN_20260913_121444__SESSION_007__SEG_01__W_00475,S06_LOW_ACOFF_LIGHTOFF,S06_LOW_ACOFF_LIGHTOFF__RUN_20260913_121444__SESSION_007,S06_LOW_ACOFF_LIGHTOFF__RUN_20260913_121444__SESSION_007__SEG_01,2026-09-13T06:52:08.746000Z,2026-09-13T06:52:37.841000Z,1,0,0,LOW,1,0.0,0.2,0.2,0.0,0.0,5.0,0.0,2000.0,2000.0,0.0,32.45000000000001,0.0,62.934666666666665,-0.12000000000000455,1005.2436666666669,-0.009999999999990905,4.200000000000001,0.0,8.881784197001252e-16
S06_LOW_ACOFF_LIGHTOFF__RUN_20260913_121444__SESSION_007__SEG_01__W_00480,S06_LOW_ACOFF_LIGHTOFF,S06_LOW_ACOFF_LIGHTOFF__RUN_20260913_121444__SESSION_007,S06_LOW_ACOFF_LIGHTOFF__RUN_20260913_121444__SESSION_007__SEG_01,2026-09-13T06:52:13.761000Z,2026-09-13T06:52:43.040000Z,1,0,0,LOW,1,0.03333333333333333,0.23333333333333334,0.26666666666666666,0.0,1.0,6.0,0.03333333333333333,449.0,449.0,0.0,32.45000000000001,0.0,62.92533333333335,-0.03999999999999915,1005.2416666666666,-0.01999999999998181,4.200000000000001,0.0,8.881784197001252e-16
S06_LOW_ACOFF_LIGHTOFF__RUN_20260913_121444__SESSION_007__SEG_01__W_00485,S06_LOW_ACOFF_LIGHTOFF,S06_LOW_ACOFF_LIGHTOFF__RUN_20260913_121444__SESSION_007,S06_LOW_ACOFF_LIGHTOFF__RUN_20260913_121444__SESSION_007__SEG_01,2026-09-13T06:52:18.778000Z,2026-09-13T06:52:47.877000Z,1,0,0,LOW,1,0.06666666666666667,0.2,0.26666666666666666,0.0,2.0,5.0,0.03333333333333333,449.0,449.0,0.0,32.45000000000001,0.0,62.93633333333334,0.1600000000000037,1005.2400000000004,-0.009999999999990905,4.200000000000001,0.0,8.881784197001252e-16
S06_LOW_ACOFF_LIGHTOFF__RUN_20260913_121444__SESSION_007__SEG_01__W_00490,S06_LOW_ACOFF_LIGHTOFF,S06_LOW_ACOFF_LIGHTOFF__RUN_20260913_121444__SESSION_007,S06_LOW_ACOFF_LIGHTOFF__RUN_20260913_121444__SESSION_007__SEG_01,2026-09-13T06:52:23.795000Z,2026-09-13T06:52:52.892000Z,1,0,0,LOW,1,0.13333333333333333,0.2,0.3333333333333333,0.0,4.0,5.0,0.03333333333333333,449.0,449.0,0.0,32.45000000000001,0.0,62.93666666666668,-0.060000000000002274,1005.2383333333336,-0.009999999999990905,4.200000000000001,0.0,8.881784197001252e-16
S06_LOW_ACOFF_LIGHTOFF__RUN_20260913_121444__SESSION_007__SEG_01__W_00495,S06_LOW_ACOFF_LIGHTOFF,S06_LOW_ACOFF_LIGHTOFF__RUN_20260913_121444__SESSION_007,S06_LOW_ACOFF_LIGHTOFF__RUN_20260913_121444__SESSION_007__SEG_01,2026-09-13T06:52:28.810000Z,2026-09-13T06:52:57.911000Z,1,0,0,LOW,1,0.13333333333333333,0.26666666666666666,0.4,0.0,4.0,5.0,0.06666666666666667,449.0,496.5,47.5,32.45000000000001,0.0,62.93800000000001,-0.030000000000001137,1005.2390000000001,0.009999999999990905,4.200000000000001,0.0,8.881784197001252e-16
S06_LOW_ACOFF_LIGHTOFF__RUN_20260913_121444__SESSION_007__SEG_01__W_00500,S06_LOW_ACOFF_LIGHTOFF,S06_LOW_ACOFF_LIGHTOFF__RUN_20260913_121444__SESSION_007,S06_LOW_ACOFF_LIGHTOFF__RUN_20260913_121444__SESSION_007__SEG_01,2026-09-13T06:52:33.827000Z,2026-09-13T06:53:02.928000Z,1,0,0,LOW,1,0.13333333333333333,0.3333333333333333,0.4666666666666667,0.0,4.0,5.0,0.06666666666666667,449.0,496.5,47.5,32.45000000000001,0.0,62.93100000000001,0.01999999999999602,1005.2406666666667,0.009999999999990905,4.200000000000001,0.0,8.881784197001252e-16
S06_LOW_ACOFF_LIGHTOFF__RUN_20260913_121444__SESSION_007__SEG_01__W_00505,S06_LOW_ACOFF_LIGHTOFF,S06_LOW_ACOFF_LIGHTOFF__RUN_20260913_121444__SESSION_007,S06_LOW_ACOFF_LIGHTOFF__RUN_20260913_121444__SESSION_007__SEG_01,2026-09-13T06:52:38.844000Z,2026-09-13T06:53:07.943000Z,1,0,0,LOW,1,0.13333333333333333,0.26666666666666666,0.4,0.0,4.0,3.0,0.06666666666666667,449.0,496.5,47.5,32.45000000000001,0.0,62.94400000000001,0.11999999999999744,1005.2439999999999,0.029999999999972715,4.200000000000001,0.0,8.881784197001252e-16
S06_LOW_ACOFF_LIGHTOFF__RUN_20260913_121444__SESSION_007__SEG_01__W_00510,S06_LOW_ACOFF_LIGHTOFF,S06_LOW_ACOFF_LIGHTOFF__RUN_20260913_121444__SESSION_007,S06_LOW_ACOFF_LIGHTOFF__RUN_20260913_121444__SESSION_007__SEG_01,2026-09-13T06:52:43.863000Z,2026-09-13T06:53:12.958000Z,1,0,0,LOW,1,0.1,0.2,0.3,0.0,3.0,2.0,0.03333333333333333,544.0,544.0,0.0,32.45000000000001,0.0,62.951666666666675,-0.07000000000000028,1005.2493333333331,0.029999999999972715,4.200000000000001,0.0,8.881784197001252e-16
S06_LOW_ACOFF_LIGHTOFF__RUN_20260913_121444__SESSION_007__SEG_01__W_00515,S06_LOW_ACOFF_LIGHTOFF,S06_LOW_ACOFF_LIGHTOFF__RUN_20260913_121444__SESSION_007,S06_LOW_ACOFF_LIGHTOFF__RUN_20260913_121444__SESSION_007__SEG_01,2026-09-13T06:52:48.880000Z,2026-09-13T06:53:17.977000Z,1,0,0,LOW,1,0.06666666666666667,0.2,0.26666666666666666,0.0,2.0,2.0,0.03333333333333333,544.0,544.0,0.0,32.45000000000001,0.0,62.94866666666667,0.05000000000000426,1005.2543333333335,0.029999999999972715,4.200000000000001,0.0,8.881784197001252e-16
S06_LOW_ACOFF_LIGHTOFF__RUN_20260913_121444__SESSION_007__SEG_01__W_00520,S06_LOW_ACOFF_LIGHTOFF,S06_LOW_ACOFF_LIGHTOFF__RUN_20260913_121444__SESSION_007,S06_LOW_ACOFF_LIGHTOFF__RUN_20260913_121444__SESSION_007__SEG_01,2026-09-13T06:52:54.077000Z,2026-09-13T06:53:22.996000Z,1,0,0,LOW,1,0.0,0.23333333333333334,0.23333333333333334,0.0,0.0,3.0,0.03333333333333333,544.0,544.0,0.0,32.45000000000001,0.0,62.95900000000001,-0.010000000000005116,1005.2593333333334,0.029999999999972715,4.200000000000001,0.0,8.881784197001252e-16
S06_LOW_ACOFF_LIGHTOFF__RUN_20260913_121444__SESSION_007__SEG_01__W_00525,S06_LOW_ACOFF_LIGHTOFF,S06_LOW_ACOFF_LIGHTOFF__RUN_20260913_121444__SESSION_007,S06_LOW_ACOFF_LIGHTOFF__RUN_20260913_121444__SESSION_007__SEG_01,2026-09-13T06:52:58.914000Z,2026-09-13T06:53:28.011000Z,1,0,0,LOW,1,0.0,0.16666666666666666,0.16666666666666666,0.0,0.0,3.0,0.0,2000.0,2000.0,0.0,32.45000000000001,0.0,62.95766666666668,0.060000000000002274,1005.261333333333,0.009999999999990905,4.200000000000001,0.0,8.881784197001252e-16
S06_LOW_ACOFF_LIGHTOFF__RUN_20260913_121444__SESSION_007__SEG_01__W_00530,S06_LOW_ACOFF_LIGHTOFF,S06_LOW_ACOFF_LIGHTOFF__RUN_20260913_121444__SESSION_007,S06_LOW_ACOFF_LIGHTOFF__RUN_20260913_121444__SESSION_007__SEG_01,2026-09-13T06:53:03.931000Z,2026-09-13T06:53:33.028000Z,1,0,0,LOW,1,0.06666666666666667,0.13333333333333333,0.16666666666666666,0.03333333333333333,1.0,3.0,0.03333333333333333,414.0,414.0,0.0,32.45000000000001,0.0,62.984333333333325,0.11999999999999744,1005.2629999999997,0.009999999999990905,4.200000000000001,0.0,8.881784197001252e-16
S06_LOW_ACOFF_LIGHTOFF__RUN_20260913_121444__SESSION_007__SEG_01__W_00535,S06_LOW_ACOFF_LIGHTOFF,S06_LOW_ACOFF_LIGHTOFF__RUN_20260913_121444__SESSION_007,S06_LOW_ACOFF_LIGHTOFF__RUN_20260913_121444__SESSION_007__SEG_01,2026-09-13T06:53:08.946000Z,2026-09-13T06:53:38.045000Z,1,0,0,LOW,1,0.13333333333333333,0.13333333333333333,0.23333333333333334,0.03333333333333333,2.0,3.0,0.03333333333333333,414.0,414.0,0.0,32.45000000000001,0.0,63.023333333333326,0.3400000000000034,1005.2643333333331,0.0,4.200000000000001,0.0,8.881784197001252e-16
S06_LOW_ACOFF_LIGHTOFF__RUN_20260913_121444__SESSION_007__SEG_01__W_00540,S06_LOW_ACOFF_LIGHTOFF,S06_LOW_ACOFF_LIGHTOFF__RUN_20260913_121444__SESSION_007,S06_LOW_ACOFF_LIGHTOFF__RUN_20260913_121444__SESSION_007__SEG_01,2026-09-13T06:53:14.143000Z,2026-09-13T06:53:43.246000Z,1,0,0,LOW,1,0.23333333333333334,0.13333333333333333,0.3333333333333333,0.03333333333333333,2.0,3.0,0.1,414.0,590.0,103.15145283621663,32.45000000000001,0.0,63.06966666666667,0.17999999999999972,1005.2663333333333,0.009999999999990905,4.200000000000001,0.0,8.881784197001252e-16
S06_LOW_ACOFF_LIGHTOFF__RUN_20260913_121444__SESSION_007__SEG_01__W_00545,S06_LOW_ACOFF_LIGHTOFF,S06_LOW_ACOFF_LIGHTOFF__RUN_20260913_121444__SESSION_007,S06_LOW_ACOFF_LIGHTOFF__RUN_20260913_121444__SESSION_007__SEG_01,2026-09-13T06:53:18.980000Z,2026-09-13T06:53:48.265000Z,1,0,0,LOW,1,0.23333333333333334,0.2,0.4,0.03333333333333333,2.0,4.0,0.13333333333333333,414.0,583.0,89.8230900158751,32.45000000000001,0.0,63.09466666666667,0.03999999999999915,1005.2676666666665,0.0,4.200000000000001,0.0,8.881784197001252e-16
S07_HIGH_ACOFF_LIGHTOFF__RUN_20260913_171419__SESSION_002__SEG_01__W_00000,S07_HIGH_ACOFF_LIGHTOFF,S07_HIGH_ACOFF_LIGHTOFF__RUN_20260913_171419__SESSION_002,S07_HIGH_ACOFF_LIGHTOFF__RUN_20260913_171419__SESSION_002__SEG_01,2026-09-13T09:14:31.464000Z,2026-09-13T09:15:00.405000Z,2,0,0,HIGH,2,0.5333333333333333,0.16666666666666666,0.6,0.1,6.0,3.0,0.0,2000.0,2000.0,0.0,32.70900000000001,0.01999999999999602,64.36033333333332,-0.25,1004.2920000000001,0.009999999999990905,7.446666666666666,0.0,0.2872087897138402
S07_HIGH_ACOFF_LIGHTOFF__RUN_20260913_171419__SESSION_002__SEG_01__W_00005,S07_HIGH_ACOFF_LIGHTOFF,S07_HIGH_ACOFF_LIGHTOFF__RUN_20260913_171419__SESSION_002,S07_HIGH_ACOFF_LIGHTOFF__RUN_20260913_171419__SESSION_002__SEG_01,2026-09-13T09:14:36.487000Z,2026-09-13T09:15:05.424000Z,2,0,0,HIGH,2,0.5,0.2,0.5333333333333333,0.16666666666666666,6.0,4.0,0.0,2000.0,2000.0,0.0,32.71233333333334,0.01999999999999602,64.32566666666666,-0.20999999999999375,1004.2923333333334,0.0,7.420000000000001,0.0,0.24000000000000002
S07_HIGH_ACOFF_LIGHTOFF__RUN_20260913_171419__SESSION_002__SEG_01__W_00010,S07_HIGH_ACOFF_LIGHTOFF,S07_HIGH_ACOFF_LIGHTOFF__RUN_20260913_171419__SESSION_002,S07_HIGH_ACOFF_LIGHTOFF__RUN_20260913_171419__SESSION_002__SEG_01,2026-09-13T09:14:41.506000Z,2026-09-13T09:15:10.625000Z,2,0,0,HIGH,2,0.4666666666666667,0.23333333333333334,0.5333333333333333,0.16666666666666666,5.0,5.0,0.0,2000.0,2000.0,0.0,32.71566666666668,0.00999999999999801,64.286,-0.09000000000000341,1004.2916666666666,-0.009999999999990905,7.446666666666667,0.0,0.1995550606279435
S07_HIGH_ACOFF_LIGHTOFF__RUN_20260913_171419__SESSION_002__SEG_01__W_00015,S07_HIGH_ACOFF_LIGHTOFF,S07_HIGH_ACOFF_LIGHTOFF__RUN_20260913_171419__SESSION_002,S07_HIGH_ACOFF_LIGHTOFF__RUN_20260913_171419__SESSION_002__SEG_01,2026-09-13T09:14:46.527000Z,2026-09-13T09:15:15.650000Z,2,0,0,HIGH,2,0.5333333333333333,0.2,0.5666666666666667,0.16666666666666666,7.0,4.0,0.03333333333333333,308.0,308.0,0.0,32.71866666666667,0.01999999999999602,64.276,0.0,1004.2889999999996,-0.01999999999998181,7.42,-0.7999999999999998,0.23999999999999994
S07_HIGH_ACOFF_LIGHTOFF__RUN_20260913_171419__SESSION_002__SEG_01__W_00020,S07_HIGH_ACOFF_LIGHTOFF,S07_HIGH_ACOFF_LIGHTOFF__RUN_20260913_171419__SESSION_002,S07_HIGH_ACOFF_LIGHTOFF__RUN_20260913_171419__SESSION_002__SEG_01,2026-09-13T09:14:51.368000Z,2026-09-13T09:15:20.489000Z,2,0,0,HIGH,2,0.5,0.13333333333333333,0.5333333333333333,0.1,7.0,3.0,0.06666666666666667,228.0,268.0,40.0,32.722,0.01999999999999602,64.283,0.23000000000000398,1004.2853333333331,-0.01999999999998181,7.446666666666666,0.0,0.19955506062794345
S07_HIGH_ACOFF_LIGHTOFF__RUN_20260913_171419__SESSION_002__SEG_01__W_00025,S07_HIGH_ACOFF_LIGHTOFF,S07_HIGH_ACOFF_LIGHTOFF__RUN_20260913_171419__SESSION_002,S07_HIGH_ACOFF_LIGHTOFF__RUN_20260913_171419__SESSION_002__SEG_01,2026-09-13T09:14:56.571000Z,2026-09-13T09:15:25.692000Z,2,0,0,HIGH,2,0.4666666666666667,0.2,0.5666666666666667,0.1,7.0,4.0,0.06666666666666667,228.0,268.0,40.0,32.724666666666664,0.00999999999999801,64.31233333333334,0.04000000000000625,1004.2816666666665,-0.029999999999972715,7.446666666666667,0.0,0.19955506062794354
S07_HIGH_ACOFF_LIGHTOFF__RUN_20260913_171419__SESSION_002__SEG_01__W_00030,S07_HIGH_ACOFF_LIGHTOFF,S07_HIGH_ACOFF_LIGHTOFF__RUN_20260913_171419__SESSION_002,S07_HIGH_ACOFF_LIGHTOFF__RUN_20260913_171419__SESSION_002__SEG_01,2026-09-13T09:15:01.408000Z,2026-09-13T09:15:30.711000Z,2,0,0,HIGH,2,0.3333333333333333,0.23333333333333334,0.5,0.06666666666666667,6.0,4.0,0.06666666666666667,228.0,268.0,40.0,32.72633333333333,0.00999999999999801,64.30433333333333,-0.010000000000005116,1004.2773333333333,-0.029999999999972715,7.473333333333333,0.0,0.14360439485692006
S07_HIGH_ACOFF_LIGHTOFF__RUN_20260913_171419__SESSION_002__SEG_01__W_00035,S07_HIGH_ACOFF_LIGHTOFF,S07_HIGH_ACOFF_LIGHTOFF__RUN_20260913_171419__SESSION_002,S07_HIGH_ACOFF_LIGHTOFF__RUN_20260913_171419__SESSION_002__SEG_01,2026-09-13T09:15:06.609000Z,2026-09-13T09:15:35.734000Z,2,0,0,HIGH,2,0.3,0.2,0.4666666666666667,0.03333333333333333,6.0,4.0,0.06666666666666667,228.0,268.0,40.0,32.72966666666666,0.020000000000003126,64.30166666666666,-0.05000000000001137,1004.2726666666664,-0.029999999999972715,7.473333333333333,0.0,0.14360439485692006
S07_HIGH_ACOFF_LIGHTOFF__RUN_20260913_171419__SESSION_002__SEG_01__W_00040,S07_HIGH_ACOFF_LIGHTOFF,S07_HIGH_ACOFF_LIGHTOFF__RUN_20260913_171419__SESSION_002,S07_HIGH_ACOFF_LIGHTOFF__RUN_20260913_171419__SESSION_002__SEG_01,2026-09-13T09:15:11.630000Z,2026-09-13T09:15:40.577000Z,2,0,0,HIGH,2,0.36666666666666664,0.23333333333333334,0.5333333333333333,0.06666666666666667,4.0,4.0,0.2,228.0,740.5,363.5040883156917,32.733,0.020000000000003126,64.29400000000001,-0.0799999999999983,1004.2689999999998,-0.009999999999990905,7.223333333333333,-1.7000000000000002,0.623262028007126
S07_HIGH_ACOFF_LIGHTOFF__RUN_20260913_171419__SESSION_002__SEG_01__W_00045,S07_HIGH_ACOFF_LIGHTOFF,S07_HIGH_ACOFF_LIGHTOFF__RUN_20260913_171419__SESSION_002,S07_HIGH_ACOFF_LIGHTOFF__RUN_20260913_171419__SESSION_002__SEG_01,2026-09-13T09:15:16.655000Z,2026-09-13T09:15:45.596000Z,2,0,0,HIGH,2,0.3,0.26666666666666666,0.4666666666666667,0.1,4.0,5.0,0.16666666666666666,228.0,878.0,348.10837392972894,32.736,0.020000000000003126,64.244,-0.4399999999999977,1004.2666666666667,-0.01999999999998181,7.223333333333333,0.0,0.6232620280071259
S07_HIGH_ACOFF_LIGHTOFF__RUN_20260913_171419__SESSION_002__SEG_01__W_00050,S07_HIGH_ACOFF_LIGHTOFF,S07_HIGH_ACOFF_LIGHTOFF__RUN_20260913_171419__SESSION_002,S07_HIGH_ACOFF_LIGHTOFF__RUN_20260913_171419__SESSION_002__SEG_01,2026-09-13T09:15:21.674000Z,2026-09-13T09:15:50.799000Z,2,0,0,HIGH,2,0.23333333333333334,0.3,0.43333333333333335,0.1,4.0,5.0,0.16666666666666666,600.0,878.0,246.87081642024842,32.739333333333335,0.020000000000003126,64.157,-0.7599999999999909,1004.2643333333331,-0.009999999999990905,7.089999999999998,-0.7999999999999998,0.6352689719061263
S07_HIGH_ACOFF_LIGHTOFF__RUN_20260913_171419__SESSION_002__SEG_01__W_00055,S07_HIGH_ACOFF_LIGHTOFF,S07_HIGH_ACOFF_LIGHTOFF__RUN_20260913_171419__SESSION_002,S07_HIGH_ACOFF_LIGHTOFF__RUN_20260913_171419__SESSION_002__SEG_01,2026-09-13T09:15:26.697000Z,2026-09-13T09:15:55.824000Z,2,0,0,HIGH,2,0.23333333333333334,0.3,0.43333333333333335,0.1,4.0,6.0,0.2,530.0,740.5,256.0238704148936,32.742666666666665,0.020000000000003126,64.03666666666668,-0.740000000000002,1004.2629999999997,-0.009999999999990905,6.956666666666664,-0.7999999999999998,0.6189686762851755
S07_HIGH_ACOFF_LIGHTOFF__RUN_20260913_171419__SESSION_002__SEG_01__W_00060,S07_HIGH_ACOFF_LIGHTOFF,S07_HIGH_ACOFF_LIGHTOFF__RUN_20260913_171419__SESSION_002,S07_HIGH_ACOFF_LIGHTOFF__RUN_20260913_171419__SESSION_002__SEG_01,2026-09-13T09:15:31.716000Z,2026-09-13T09:16:00.847000Z,2,0,0,HIGH,2,0.26666666666666666,0.23333333333333334,0.4,0.1,5.0,6.0,0.2,530.0,740.5,256.0238704148936,32.746,0.00999999999999801,63.94133333333333,-0.4799999999999969,1004.2613333333331,-0.01999999999998181,6.843333333333334,-1.7000000000000002,0.6631658079914019
S07_HIGH_ACOFF_LIGHTOFF__RUN_20260913_171419__SESSION_002__SEG_01__W_00065,S07_HIGH_ACOFF_LIGHTOFF,S07_HIGH_ACOFF_LIGHTOFF__RUN_20260913_171419__SESSION_002,S07_HIGH_ACOFF_LIGHTOFF__RUN_20260913_171419__SESSION_002__SEG_01,2026-09-13T09:15:36.739000Z,2026-09-13T09:16:05.870000Z,2,0,0,HIGH,2,0.3333333333333333,0.3333333333333333,0.5333333333333333,0.13333333333333333,6.0,6.0,0.2,530.0,740.5,256.0238704148936,32.74766666666667,0.00999999999999801,63.87366666666666,-0.37000000000000455,1004.2593333333333,-0.009999999999990905,6.590000000000002,-0.9000000000000004,0.6704973278594529
S07_HIGH_ACOFF_LIGHTOFF__RUN_20260913_171419__SESSION_002__SEG_01__W_00070,S07_HIGH_ACOFF_LIGHTOFF,S07_HIGH_ACOFF_LIGHTOFF__RUN_20260913_171419__SESSION_002,S07_HIGH_ACOFF_LIGHTOFF__RUN_20260913_171419__SESSION_002__SEG_01,2026-09-13T09:15:41.762000Z,2026-09-13T09:16:10.895000Z,2,0,0,HIGH,2,0.26666666666666666,0.3,0.4666666666666667,0.1,7.0,6.0,0.2,409.0,434.5,69.70592992469626,32.74933333333333,0.00999999999999801,63.794,-0.3999999999999986,1004.2583333333331,-0.01999999999998181,6.503333333333334,-0.9000000000000004,0.739136132402024
S07_HIGH_ACOFF_LIGHTOFF__RUN_20260913_171419__SESSION_002__SEG_01__W_00075,S07_HIGH_ACOFF_LIGHTOFF,S07_HIGH_ACOFF_LIGHTOFF__RUN_20260913_171419__SESSION_002,S07_HIGH_ACOFF_LIGHTOFF__RUN_20260913_171419__SESSION_002__SEG_01,2026-09-13T09:15:46.781000Z,2026-09-13T09:16:15.920000Z,2,0,0,HIGH,2,0.3,0.4,0.5666666666666667,0.13333333333333333,6.0,6.0,0.2,409.0,434.5,69.70592992469626,32.75,0.0,63.757,-0.030000000000001137,1004.2569999999997,0.0,6.276666666666669,0.0,0.6545651652475525
S07_HIGH_ACOFF_LIGHTOFF__RUN_20260913_171419__SESSION_002__SEG_01__W_00080,S07_HIGH_ACOFF_LIGHTOFF,S07_HIGH_ACOFF_LIGHTOFF__RUN_20260913_171419__SESSION_002,S07_HIGH_ACOFF_LIGHTOFF__RUN_20260913_171419__SESSION_002__SEG_01,2026-09-13T09:15:51.804000Z,2026-09-13T09:16:20.939000Z,2,0,0,HIGH,2,0.3,0.43333333333333335,0.6,0.13333333333333333,7.0,5.0,0.16666666666666666,409.0,431.0,43.21758901188265,32.75,0.0,63.77733333333333,0.17999999999999972,1004.2569999999997,0.0,6.2766666666666655,0.0,0.6545651652475525
S07_HIGH_ACOFF_LIGHTOFF__RUN_20260913_171419__SESSION_002__SEG_01__W_00085,S07_HIGH_ACOFF_LIGHTOFF,S07_HIGH_ACOFF_LIGHTOFF__RUN_20260913_171419__SESSION_002,S07_HIGH_ACOFF_LIGHTOFF__RUN_20260913_171419__SESSION_002__SEG_01,2026-09-13T09:15:56.829000Z,2026-09-13T09:16:25.958000Z,2,0,0,HIGH,2,0.3,0.4,0.5666666666666667,0.13333333333333333,7.0,5.0,0.13333333333333333,409.0,426.0,10.917302780449024,32.75033333333333,0.00999999999999801,63.821333333333335,0.259999999999998,1004.2569999999997,0.0,6.2766666666666655,-0.7999999999999998,0.6545651652475525
S07_HIGH_ACOFF_LIGHTOFF__RUN_20260913_171419__SESSION_002__SEG_01__W_00090,S07_HIGH_ACOFF_LIGHTOFF,S07_HIGH_ACOFF_LIGHTOFF__RUN_20260913_171419__SESSION_002,S07_HIGH_ACOFF_LIGHTOFF__RUN_20260913_171419__SESSION_002__SEG_01,2026-09-13T09:16:01.852000Z,2026-09-13T09:16:30.981000Z,2,0,0,HIGH,2,0.36666666666666664,0.5,0.6666666666666666,0.2,7.0,6.0,0.16666666666666666,409.0,431.0,23.795797948377356,32.751999999999995,0.00999999999999801,63.85533333333334,0.030000000000001137,1004.2569999999997,0.009999999999990905,6.253333333333332,-0.9000000000000004,0.5817979794472383
S07_HIGH_ACOFF_LIGHTOFF__RUN_20260913_171419__SESSION_002__SEG_01__W_00095,S07_HIGH_ACOFF_LIGHTOFF,S07_HIGH_ACOFF_LIGHTOFF__RUN_20260913_171419__SESSION_002,S07_HIGH_ACOFF_LIGHTOFF__RUN_20260913_171419__SESSION_002__SEG_01,2026-09-13T09:16:06.875000Z,2026-09-13T09:16:35.820000Z,2,0,0,HIGH,2,0.3,0.4,0.5666666666666667,0.13333333333333333,7.0,6.0,0.2,409.0,434.5,77.7796031531832,32.75366666666666,0.00999999999999801,63.88033333333333,0.3200000000000074,1004.2586666666663,0.0,6.343333333333332,0.9000000000000004,0.5742724866201488
S07_HIGH_ACOFF_LIGHTOFF__RUN_20260913_171419__SESSION_002__SEG_01__W_00100,S07_HIGH_ACOFF_LIGHTOFF,S07_HIGH_ACOFF_LIGHTOFF__RUN_20260913_171419__SESSION_002,S07_HIGH_ACOFF_LIGHTOFF__RUN_20260913_171419__SESSION_002__SEG_01,2026-09-13T09:16:11.900000Z,2026-09-13T09:16:41.023000Z,2,0,0,HIGH,2,0.3333333333333333,0.43333333333333335,0.6,0.16666666666666666,7.0,5.0,0.16666666666666666,418.0,510.0,99.86871381969429,32.755333333333326,0.00999999999999801,63.93333333333332,0.30000000000000426,1004.2603333333333,0.01999999999998181,6.456666666666666,0.0,0.45290420866031084
S07_HIGH_ACOFF_LIGHTOFF__RUN_20260913_171419__SESSION_002__SEG_01__W_00105,S07_HIGH_ACOFF_LIGHTOFF,S07_HIGH_ACOFF_LIGHTOFF__RUN_20260913_171419__SESSION_002,S07_HIGH_ACOFF_LIGHTOFF__RUN_20260913_171419__SESSION_002__SEG_01,2026-09-13T09:16:16.743000Z,2026-09-13T09:16:45.864000Z,2,0,0,HIGH,2,0.3,0.3,0.5,0.1,7.0,5.0,0.16666666666666666,418.0,510.0,99.86871381969429,32.75699999999999,0.00999999999999801,63.977333333333334,0.12000000000000455,1004.2616666666667,0.0,6.683333333333334,0.7999999999999998,0.4913134324327892
S07_HIGH_ACOFF_LIGHTOFF__RUN_20260913_171419__SESSION_002__SEG_01__W_00110,S07_HIGH_ACOFF_LIGHTOFF,S07_HIGH_ACOFF_LIGHTOFF__RUN_20260913_171419__SESSION_002,S07_HIGH_ACOFF_LIGHTOFF__RUN_20260913_171419__SESSION_002__SEG_01,2026-09-13T09:16:21.762000Z,2026-09-13T09:16:50.885000Z,2,0,0,HIGH,2,0.36666666666666664,0.23333333333333334,0.5,0.1,8.0,4.0,0.26666666666666666,364.0,494.5,102.9762563652418,32.75866666666666,0.00999999999999801,63.99666666666667,0.09000000000000341,1004.2616666666664,0.0,6.65,0.0,0.5608029957123981
S07_HIGH_ACOFF_LIGHTOFF__RUN_20260913_171419__SESSION_002__SEG_01__W_00115,S07_HIGH_ACOFF_LIGHTOFF,S07_HIGH_ACOFF_LIGHTOFF__RUN_20260913_171419__SESSION_002,S07_HIGH_ACOFF_LIGHTOFF__RUN_20260913_171419__SESSION_002__SEG_01,2026-09-13T09:16:26.781000Z,2026-09-13T09:16:56.088000Z,2,0,0,HIGH,2,0.36666666666666664,0.3333333333333333,0.5666666666666667,0.13333333333333333,8.0,5.0,0.3333333333333333,364.0,515.5,93.0411199416688,32.76,0.0,63.994666666666674,0.05999999999999517,1004.2616666666664,0.009999999999990905,6.503333333333334,-1.7000000000000002,0.6750226333653975
S07_HIGH_ACOFF_LIGHTOFF__RUN_20260913_171419__SESSION_002__SEG_01__W_00120,S07_HIGH_ACOFF_LIGHTOFF,S07_HIGH_ACOFF_LIGHTOFF__RUN_20260913_171419__SESSION_002,S07_HIGH_ACOFF_LIGHTOFF__RUN_20260913_171419__SESSION_002__SEG_01,2026-09-13T09:16:31.986000Z,2026-09-13T09:17:01.113000Z,2,0,0,HIGH,2,0.3,0.3333333333333333,0.5333333333333333,0.1,7.0,5.0,0.3,364.0,521.0,97.1848182016558,32.76,0.0,63.99833333333334,0.09999999999999432,1004.2623333333329,0.0,6.223333333333334,-0.7999999999999998,0.8369322287709774
S07_HIGH_ACOFF_LIGHTOFF__RUN_20260913_171419__SESSION_002__SEG_01__W_00125,S07_HIGH_ACOFF_LIGHTOFF,S07_HIGH_ACOFF_LIGHTOFF__RUN_20260913_171419__SESSION_002,S07_HIGH_ACOFF_LIGHTOFF__RUN_20260913_171419__SESSION_002__SEG_01,2026-09-13T09:16:36.823000Z,2026-09-13T09:17:06.138000Z,2,0,0,HIGH,2,0.3333333333333333,0.4,0.5666666666666667,0.16666666666666666,6.0,5.0,0.26666666666666666,364.0,515.5,93.56782299487362,32.76,0.0,64.008,0.07000000000000739,1004.2623333333329,0.0,5.970000000000001,-1.7000000000000002,0.9216470763439407
S07_HIGH_ACOFF_LIGHTOFF__RUN_20260913_171419__SESSION_002__SEG_01__W_00130,S07_HIGH_ACOFF_LIGHTOFF,S07_HIGH_ACOFF_LIGHTOFF__RUN_20260913_171419__SESSION_002,S07_HIGH_ACOFF_LIGHTOFF__RUN_20260913_171419__SESSION_002__SEG_01,2026-09-13T09:16:42.028000Z,2026-09-13T09:17:11.161000Z,2,0,0,HIGH,2,0.3333333333333333,0.36666666666666664,0.5666666666666667,0.13333333333333333,6.0,4.0,0.16666666666666666,364.0,521.0,74.983731568921,32.76,0.0,64.01666666666665,0.1600000000000108,1004.2619999999998,0.0,6.166666666666667,0.7999999999999998,1.0498677165349082
S07_HIGH_ACOFF_LIGHTOFF__RUN_20260913_171419__SESSION_002__SEG_01__W_00135,S07_HIGH_ACOFF_LIGHTOFF,S07_HIGH_ACOFF_LIGHTOFF__RUN_20260913_171419__SESSION_002,S07_HIGH_ACOFF_LIGHTOFF__RUN_20260913_171419__SESSION_002__SEG_01,2026-09-13T09:16:46.867000Z,2026-09-13T09:17:16.184000Z,2,0,0,HIGH,2,0.3333333333333333,0.36666666666666664,0.5666666666666667,0.13333333333333333,6.0,4.0,0.2,364.0,538.0,106.4638697190533,32.76166666666666,0.010000000000005116,64.07699999999998,0.3999999999999915,1004.2646666666665,0.029999999999972715,6.11,-1.7000000000000002,1.0218773572857622
S07_HIGH_ACOFF_LIGHTOFF__RUN_20260913_171419__SESSION_002__SEG_01__W_00140,S07_HIGH_ACOFF_LIGHTOFF,S07_HIGH_ACOFF_LIGHTOFF__RUN_20260913_171419__SESSION_002,S07_HIGH_ACOFF_LIGHTOFF__RUN_20260913_171419__SESSION_002__SEG_01,2026-09-13T09:16:52.070000Z,2026-09-13T09:17:21.207000Z,2,0,0,HIGH,2,0.3,0.36666666666666664,0.5333333333333333,0.13333333333333333,7.0,3.0,0.2,521.0,695.0,90.10626442644755,32.76333333333333,0.010000000000005116,64.11433333333333,0.21000000000000085,1004.2686666666666,0.01999999999998181,6.143333333333332,0.0,1.003554792835061
S07_HIGH_ACOFF_LIGHTOFF__RUN_20260913_171419__SESSION_002__SEG_01__W_00145,S07_HIGH_ACOFF_LIGHTOFF,S07_HIGH_ACOFF_LIGHTOFF__RUN_20260913_171419__SESSION_002,S07_HIGH_ACOFF_LIGHTOFF__RUN_20260913_171419__SESSION_002__SEG_01,2026-09-13T09:16:57.093000Z,2026-09-13T09:17:26.046000Z,2,0,0,HIGH,2,0.3,0.3,0.5,0.1,6.0,4.0,0.13333333333333333,684.0,710.0,32.91940916845258,32.76499999999999,0.010000000000005116,64.14033333333333,0.1799999999999926,1004.2719999999997,0.01999999999998181,6.289999999999997,1.7000000000000002,0.9856808137864239
S07_HIGH_ACOFF_LIGHTOFF__RUN_20260913_171419__SESSION_002__SEG_01__W_00150,S07_HIGH_ACOFF_LIGHTOFF,S07_HIGH_ACOFF_LIGHTOFF__RUN_20260913_171419__SESSION_002,S07_HIGH_ACOFF_LIGHTOFF__RUN_20260913_171419__SESSION_002__SEG_01,2026-09-13T09:17:02.118000Z,2026-09-13T09:17:31.251000Z,2,0,0,HIGH,2,0.36666666666666664,0.26666666666666666,0.5,0.13333333333333333,7.0,4.0,0.16666666666666666,565.0,706.0,68.36548836949824,32.766666666666666,0.010000000000005116,64.15633333333332,-0.01999999999999602,1004.2749999999997,0.009999999999990905,6.456666666666666,0.7999999999999998,0.8655184701797081
S07_HIGH_ACOFF_LIGHTOFF__RUN_20260913_171419__SESSION_002__SEG_01__W_00155,S07_HIGH_ACOFF_LIGHTOFF,S07_HIGH_ACOFF_LIGHTOFF__RUN_20260913_171419__SESSION_002,S07_HIGH_ACOFF_LIGHTOFF__RUN_20260913_171419__SESSION_002__SEG_01,2026-09-13T09:17:07.143000Z,2026-09-13T09:17:36.094000Z,2,0,0,HIGH,2,0.36666666666666664,0.26666666666666666,0.5,0.13333333333333333,7.0,4.0,0.16666666666666666,565.0,706.0,68.36548836949824,32.76833333333333,0.010000000000005116,64.14966666666666,-0.0799999999999983,1004.2766666666668,0.009999999999990905,6.620000000000002,-0.9000000000000004,0.6544208635630948
S07_HIGH_ACOFF_LIGHTOFF__RUN_20260913_171419__SESSION_002__SEG_01__W_00160,S07_HIGH_ACOFF_LIGHTOFF,S07_HIGH_ACOFF_LIGHTOFF__RUN_20260913_171419__SESSION_002,S07_HIGH_ACOFF_LIGHTOFF__RUN_20260913_171419__SESSION_002__SEG_01,2026-09-13T09:17:12.166000Z,2026-09-13T09:17:41.299000Z,2,0,0,HIGH,2,0.3333333333333333,0.3,0.4666666666666667,0.16666666666666666,7.0,6.0,0.16666666666666666,565.0,706.0,68.36548836949824,32.769999999999996,0.0,64.16233333333334,0.23000000000000398,1004.2763333333332,-0.01999999999998181,6.363333333333335,-1.7000000000000002,0.6090885722855822
S07_HIGH_ACOFF_LIGHTOFF__RUN_20260913_171419__SESSION_002__SEG_01__W_00165,S07_HIGH_ACOFF_LIGHTOFF,S07_HIGH_ACOFF_LIGHTOFF__RUN_20260913_171419__SESSION_002,S07_HIGH_ACOFF_LIGHTOFF__RUN_20260913_171419__SESSION_002__SEG_01,2026-09-13T09:17:17.189000Z,2026-09-13T09:17:46.322000Z,2,0,0,HIGH,2,0.3333333333333333,0.3333333333333333,0.5,0.16666666666666666,5.0,7.0,0.2,444.0,699.0,231.0229065121754,32.769999999999996,0.0,64.18733333333333,-0.010000000000005116,1004.2736666666665,-0.01999999999998181,6.193333333333334,0.0,0.49459298642643773
S07_HIGH_ACOFF_LIGHTOFF__RUN_20260913_171419__SESSION_002__SEG_01__W_00170,S07_HIGH_ACOFF_LIGHTOFF,S07_HIGH_ACOFF_LIGHTOFF__RUN_20260913_171419__SESSION_002,S07_HIGH_ACOFF_LIGHTOFF__RUN_20260913_171419__SESSION_002__SEG_01,2026-09-13T09:17:22.030000Z,2026-09-13T09:17:51.347000Z,2,0,0,HIGH,2,0.3,0.36666666666666664,0.5,0.16666666666666666,5.0,7.0,0.13333333333333333,378.0,504.5,320.02890494453777,32.770999999999994,0.00999999999999801,64.19,-0.030000000000001137,1004.2713333333334,-0.009999999999990905,6.163333333333332,0.0,0.4902267049256113
S07_HIGH_ACOFF_LIGHTOFF__RUN_20260913_171419__SESSION_002__SEG_01__W_00175,S07_HIGH_ACOFF_LIGHTOFF,S07_HIGH_ACOFF_LIGHTOFF__RUN_20260913_171419__SESSION_002,S07_HIGH_ACOFF_LIGHTOFF__RUN_20260913_171419__SESSION_002__SEG_01,2026-09-13T09:17:27.231000Z,2026-09-13T09:17:56.370000Z,2,0,0,HIGH,2,0.43333333333333335,0.3333333333333333,0.5666666666666667,0.2,4.0,7.0,0.16666666666666666,378.0,444.0,298.2008718967803,32.77266666666666,0.00999999999999801,64.20433333333334,0.10999999999999943,1004.2696666666668,-0.009999999999990905,6.186666666666666,-0.9000000000000004,0.5783501438479021
S07_HIGH_ACOFF_LIGHTOFF__RUN_20260913_171419__SESSION_002__SEG_01__W_00180,S07_HIGH_ACOFF_LIGHTOFF,S07_HIGH_ACOFF_LIGHTOFF__RUN_20260913_171419__SESSION_002,S07_HIGH_ACOFF_LIGHTOFF__RUN_20260913_171419__SESSION_002__SEG_01,2026-09-13T09:17:32.256000Z,2026-09-13T09:18:01.393000Z,2,0,0,HIGH,2,0.4666666666666667,0.3333333333333333,0.6333333333333333,0.16666666666666666,4.0,6.0,0.23333333333333334,378.0,444.0,261.0909607702235,32.774333333333324,0.00999999999999801,64.208,0.06000000000000938,1004.2683333333334,0.0,6.213333333333335,-0.9000000000000004,0.5402057221302107
S07_HIGH_ACOFF_LIGHTOFF__RUN_20260913_171419__SESSION_002__SEG_01__W_00185,S07_HIGH_ACOFF_LIGHTOFF,S07_HIGH_ACOFF_LIGHTOFF__RUN_20260913_171419__SESSION_002,S07_HIGH_ACOFF_LIGHTOFF__RUN_20260913_171419__SESSION_002__SEG_01,2026-09-13T09:17:37.279000Z,2026-09-13T09:18:06.416000Z,2,0,0,HIGH,2,0.4,0.26666666666666666,0.5666666666666667,0.1,3.0,6.0,0.3333333333333333,378.0,530.5,221.1877935149225,32.775999999999996,0.00999999999999801,64.23633333333333,0.23000000000000398,1004.2683333333334,0.0,6.183333333333335,0.0,0.5373287840998493
S07_HIGH_ACOFF_LIGHTOFF__RUN_20260913_171419__SESSION_002__SEG_01__W_00190,S07_HIGH_ACOFF_LIGHTOFF,S07_HIGH_ACOFF_LIGHTOFF__RUN_20260913_171419__SESSION_002,S07_HIGH_ACOFF_LIGHTOFF__RUN_20260913_171419__SESSION_002__SEG_01,2026-09-13T09:17:42.304000Z,2026-09-13T09:18:11.435000Z,2,0,0,HIGH,2,0.43333333333333335,0.26666666666666666,0.6,0.1,4.0,6.0,0.3333333333333333,378.0,530.5,221.1877935149225,32.77766666666666,0.00999999999999801,64.24133333333334,-0.4100000000000108,1004.2693333333334,0.009999999999990905,6.333333333333331,0.9000000000000004,0.5349974039397036
S07_HIGH_ACOFF_LIGHTOFF__RUN_20260913_171419__SESSION_002__SEG_01__W_00195,S07_HIGH_ACOFF_LIGHTOFF,S07_HIGH_ACOFF_LIGHTOFF__RUN_20260913_171419__SESSION_002,S07_HIGH_ACOFF_LIGHTOFF__RUN_20260913_171419__SESSION_002__SEG_01,2026-09-13T09:17:47.327000Z,2026-09-13T09:18:16.456000Z,2,0,0,HIGH,2,0.4666666666666667,0.26666666666666666,0.6,0.13333333333333333,5.0,6.0,0.26666666666666666,378.0,530.5,96.28010892702605,32.77933333333333,0.00999999999999801,64.176,-0.1600000000000108,1004.2700000000001,0.0,6.4533333333333305,0.0,0.5018189137749018
S07_HIGH_ACOFF_LIGHTOFF__RUN_20260913_171419__SESSION_002__SEG_01__W_00200,S07_HIGH_ACOFF_LIGHTOFF,S07_HIGH_ACOFF_LIGHTOFF__RUN_20260913_171419__SESSION_002,S07_HIGH_ACOFF_LIGHTOFF__RUN_20260913_171419__SESSION_002__SEG_01,2026-09-13T09:17:52.352000Z,2026-09-13T09:18:21.481000Z,2,0,0,HIGH,2,0.5,0.26666666666666666,0.6333333333333333,0.13333333333333333,6.0,5.0,0.23333333333333334,413.0,573.0,85.95585008168615,32.78066666666666,0.00999999999999801,64.16566666666667,0.01999999999999602,1004.2700000000001,0.0,6.483333333333332,0.0,0.48859208162046835
S07_HIGH_ACOFF_LIGHTOFF__RUN_20260913_171419__SESSION_002__SEG_01__W_00205,S07_HIGH_ACOFF_LIGHTOFF,S07_HIGH_ACOFF_LIGHTOFF__RUN_20260913_171419__SESSION_002,S07_HIGH_ACOFF_LIGHTOFF__RUN_20260913_171419__SESSION_002__SEG_01,2026-09-13T09:17:57.193000Z,2026-09-13T09:18:26.506000Z,2,0,0,HIGH,2,0.5,0.26666666666666666,0.6333333333333333,0.13333333333333333,6.0,6.0,0.2,413.0,580.5,80.69025137317809,32.78233333333333,0.00999999999999801,64.224,0.37999999999999545,1004.2700000000001,0.0,6.429999999999998,0.0,0.41243181254602584
S07_HIGH_ACOFF_LIGHTOFF__RUN_20260913_171419__SESSION_002__SEG_01__W_00210,S07_HIGH_ACOFF_LIGHTOFF,S07_HIGH_ACOFF_LIGHTOFF__RUN_20260913_171419__SESSION_002,S07_HIGH_ACOFF_LIGHTOFF__RUN_20260913_171419__SESSION_002__SEG_01,2026-09-13T09:18:02.216000Z,2026-09-13T09:18:31.531000Z,2,0,0,HIGH,2,0.43333333333333335,0.3,0.5666666666666667,0.16666666666666666,5.0,5.0,0.1,488.0,588.0,63.07667292007931,32.78399999999999,0.00999999999999801,64.345,0.8400000000000034,1004.2700000000001,0.0,6.429999999999999,0.0,0.41243181254602573
S07_HIGH_ACOFF_LIGHTOFF__RUN_20260913_171419__SESSION_002__SEG_01__W_00215,S07_HIGH_ACOFF_LIGHTOFF,S07_HIGH_ACOFF_LIGHTOFF__RUN_20260913_171419__SESSION_002,S07_HIGH_ACOFF_LIGHTOFF__RUN_20260913_171419__SESSION_002__SEG_01,2026-09-13T09:18:07.421000Z,2026-09-13T09:18:36.556000Z,2,0,0,HIGH,2,0.5333333333333333,0.4,0.6666666666666666,0.26666666666666666,6.0,6.0,0.0,2000.0,2000.0,0.0,32.78566666666666,0.00999999999999801,64.454,0.5300000000000011,1004.2686666666665,-0.009999999999990905,6.52,0.0,0.3600000000000002
S07_HIGH_ACOFF_LIGHTOFF__RUN_20260913_171419__SESSION_002__SEG_01__W_00220,S07_HIGH_ACOFF_LIGHTOFF,S07_HIGH_ACOFF_LIGHTOFF__RUN_20260913_171419__SESSION_002,S07_HIGH_ACOFF_LIGHTOFF__RUN_20260913_171419__SESSION_002__SEG_01,2026-09-13T09:18:12.258000Z,2026-09-13T09:18:41.581000Z,2,0,0,HIGH,2,0.5666666666666667,0.5,0.7333333333333333,0.3333333333333333,6.0,5.0,0.0,2000.0,2000.0,0.0,32.78866666666666,0.01999999999999602,64.60366666666665,1.25,1004.2683333333333,0.0,6.519999999999997,0.0,0.3600000000000002
S07_HIGH_ACOFF_LIGHTOFF__RUN_20260913_171419__SESSION_002__SEG_01__W_00225,S07_HIGH_ACOFF_LIGHTOFF,S07_HIGH_ACOFF_LIGHTOFF__RUN_20260913_171419__SESSION_002,S07_HIGH_ACOFF_LIGHTOFF__RUN_20260913_171419__SESSION_002__SEG_01,2026-09-13T09:18:17.461000Z,2026-09-13T09:18:46.600000Z,2,0,0,HIGH,2,0.5666666666666667,0.5333333333333333,0.7333333333333333,0.36666666666666664,5.0,4.0,0.0,2000.0,2000.0,0.0,32.79199999999999,0.01999999999999602,64.83,1.5400000000000063,1004.2683333333334,0.0,6.573333333333332,0.0,0.43430659933072896
S07_HIGH_ACOFF_LIGHTOFF__RUN_20260913_171419__SESSION_002__SEG_01__W_00230,S07_HIGH_ACOFF_LIGHTOFF,S07_HIGH_ACOFF_LIGHTOFF__RUN_20260913_171419__SESSION_002,S07_HIGH_ACOFF_LIGHTOFF__RUN_20260913_171419__SESSION_002__SEG_01,2026-09-13T09:18:22.486000Z,2026-09-13T09:18:51.621000Z,2,0,0,HIGH,2,0.5333333333333333,0.5,0.6666666666666666,0.36666666666666664,4.0,3.0,0.0,2000.0,2000.0,0.0,32.79466666666666,0.00999999999999801,65.04333333333332,0.9900000000000091,1004.2683333333334,0.0,6.626666666666665,0.0,0.4918897798852459
S07_HIGH_ACOFF_LIGHTOFF__RUN_20260913_171419__SESSION_002__SEG_01__W_00235,S07_HIGH_ACOFF_LIGHTOFF,S07_HIGH_ACOFF_LIGHTOFF__RUN_20260913_171419__SESSION_002,S07_HIGH_ACOFF_LIGHTOFF__RUN_20260913_171419__SESSION_002__SEG_01,2026-09-13T09:18:27.511000Z,2026-09-13T09:18:56.644000Z,2,0,0,HIGH,2,0.4666666666666667,0.4666666666666667,0.6,0.3333333333333333,4.0,1.0,0.03333333333333333,664.0,664.0,0.0,32.79699999999999,0.020000000000003126,65.166,0.5700000000000074,1004.2673333333332,-0.009999999999990905,6.623333333333333,0.0,0.5383204332819711
S07_HIGH_ACOFF_LIGHTOFF__RUN_20260913_171419__SESSION_002__SEG_01__W_00240,S07_HIGH_ACOFF_LIGHTOFF,S07_HIGH_ACOFF_LIGHTOFF__RUN_20260913_171419__SESSION_002,S07_HIGH_ACOFF_LIGHTOFF__RUN_20260913_171419__SESSION_002__SEG_01,2026-09-13T09:18:32.536000Z,2026-09-13T09:19:01.669000Z,2,0,0,HIGH,2,0.4,0.36666666666666664,0.5,0.26666666666666666,4.0,1.0,0.03333333333333333,664.0,664.0,0.0,32.80033333333333,0.020000000000003126,65.20333333333333,-0.06999999999999318,1004.267,0.009999999999990905,6.683333333333333,0.9000000000000004,0.49131343243278924
S07_HIGH_ACOFF_LIGHTOFF__RUN_20260913_171419__SESSION_002__SEG_01__W_00245,S07_HIGH_ACOFF_LIGHTOFF,S07_HIGH_ACOFF_LIGHTOFF__RUN_20260913_171419__SESSION_002,S07_HIGH_ACOFF_LIGHTOFF__RUN_20260913_171419__SESSION_002__SEG_01,2026-09-13T09:18:37.561000Z,2026-09-13T09:19:06.692000Z,2,0,0,HIGH,2,0.3,0.23333333333333334,0.36666666666666664,0.16666666666666666,3.0,0.0,0.1,412.0,565.0,103.66291525902598,32.80366666666666,0.020000000000003126,65.20300000000002,-0.05999999999998806,1004.2683333333334,0.009999999999990905,6.629999999999998,-1.7000000000000002,0.6127261487266015
S07_HIGH_ACOFF_LIGHTOFF__RUN_20260913_171419__SESSION_002__SEG_01__W_00250,S07_HIGH_ACOFF_LIGHTOFF,S07_HIGH_ACOFF_LIGHTOFF__RUN_20260913_171419__SESSION_002,S07_HIGH_ACOFF_LIGHTOFF__RUN_20260913_171419__SESSION_002__SEG_01,2026-09-13T09:18:42.586000Z,2026-09-13T09:19:11.717000Z,2,0,0,HIGH,2,0.26666666666666666,0.1,0.26666666666666666,0.1,2.0,1.0,0.1,412.0,565.0,103.66291525902598,32.80566666666665,0.010000000000005116,65.14333333333333,-0.6899999999999977,1004.2690000000001,0.009999999999990905,6.459999999999998,0.0,0.8089499366462675
S07_HIGH_ACOFF_LIGHTOFF__RUN_20260913_171419__SESSION_002__SEG_01__W_00255,S07_HIGH_ACOFF_LIGHTOFF,S07_HIGH_ACOFF_LIGHTOFF__RUN_20260913_171419__SESSION_002,S07_HIGH_ACOFF_LIGHTOFF__RUN_20260913_171419__SESSION_002__SEG_01,2026-09-13T09:18:47.605000Z,2026-09-13T09:19:16.742000Z,2,0,0,HIGH,2,0.23333333333333334,0.06666666666666667,0.26666666666666666,0.03333333333333333,3.0,1.0,0.16666666666666666,412.0,565.0,98.38007928437546,32.80766666666666,0.020000000000003126,65.01166666666668,-0.6000000000000085,1004.2706666666666,0.009999999999990905,6.376666666666665,0.0,0.7692781609332798
S07_HIGH_ACOFF_LIGHTOFF__RUN_20260913_171419__SESSION_002__SEG_01__W_00260,S07_HIGH_ACOFF_LIGHTOFF,S07_HIGH_ACOFF_LIGHTOFF__RUN_20260913_171419__SESSION_002,S07_HIGH_ACOFF_LIGHTOFF__RUN_20260913_171419__SESSION_002__SEG_01,2026-09-13T09:18:52.444000Z,2026-09-13T09:19:21.765000Z,2,0,0,HIGH,2,0.26666666666666666,0.1,0.3333333333333333,0.03333333333333333,3.0,2.0,0.2,412.0,545.0,93.68860952941695,32.811000000000014,0.020000000000003126,64.90266666666666,-0.6500000000000057,1004.272333333333,0.009999999999990905,6.066666666666666,-2.5,0.8154071920757684
S07_HIGH_ACOFF_LIGHTOFF__RUN_20260913_171419__SESSION_002__SEG_01__W_00265,S07_HIGH_ACOFF_LIGHTOFF,S07_HIGH_ACOFF_LIGHTOFF__RUN_20260913_171419__SESSION_002,S07_HIGH_ACOFF_LIGHTOFF__RUN_20260913_171419__SESSION_002__SEG_01,2026-09-13T09:18:57.649000Z,2026-09-13T09:19:26.606000Z,2,0,0,HIGH,2,0.2,0.2,0.3333333333333333,0.06666666666666667,4.0,3.0,0.16666666666666666,412.0,525.0,88.4275975021373,32.81366666666668,0.00999999999999801,64.80999999999999,-0.6400000000000006,1004.2746666666665,0.01999999999998181,6.0699999999999985,0.9000000000000004,0.7878874708146252
S07_HIGH_ACOFF_LIGHTOFF__RUN_20260913_171419__SESSION_002__SEG_01__W_00270,S07_HIGH_ACOFF_LIGHTOFF,S07_HIGH_ACOFF_LIGHTOFF__RUN_20260913_171419__SESSION_002,S07_HIGH_ACOFF_LIGHTOFF__RUN_20260913_171419__SESSION_002__SEG_01,2026-09-13T09:19:02.674000Z,2026-09-13T09:19:31.811000Z,2,0,0,HIGH,2,0.23333333333333334,0.26666666666666666,0.4,0.1,5.0,4.0,0.2,350.0,511.5,106.49830462917656,32.81533333333334,0.00999999999999801,64.73166666666665,-0.35999999999999943,1004.2766666666664,0.009999999999990905,5.956666666666666,-1.7000000000000002,0.8110418539686401
S07_HIGH_ACOFF_LIGHTOFF__RUN_20260913_171419__SESSION_002__SEG_01__W_00275,S07_HIGH_ACOFF_LIGHTOFF,S07_HIGH_ACOFF_LIGHTOFF__RUN_20260913_171419__SESSION_002,S07_HIGH_ACOFF_LIGHTOFF__RUN_20260913_171419__SESSION_002__SEG_01,2026-09-13T09:19:07.697000Z,2026-09-13T09:19:36.836000Z,2,0,0,HIGH,2,0.26666666666666666,0.3,0.43333333333333335,0.13333333333333333,6.0,5.0,0.16666666666666666,350.0,525.0,157.07195803197973,32.81700000000001,0.00999999999999801,64.72033333333333,-0.060000000000002274,1004.2783333333331,0.009999999999990905,6.013333333333332,0.7999999999999998,0.8015540461434207
S07_HIGH_ACOFF_LIGHTOFF__RUN_20260913_171419__SESSION_002__SEG_01__W_00280,S07_HIGH_ACOFF_LIGHTOFF,S07_HIGH_ACOFF_LIGHTOFF__RUN_20260913_171419__SESSION_002,S07_HIGH_ACOFF_LIGHTOFF__RUN_20260913_171419__SESSION_002__SEG_01,2026-09-13T09:19:12.722000Z,2026-09-13T09:19:41.857000Z,2,0,0,HIGH,2,0.26666666666666666,0.3,0.43333333333333335,0.13333333333333333,6.0,5.0,0.16666666666666666,350.0,525.0,157.07195803197973,32.81866666666668,0.00999999999999801,64.70666666666668,0.04000000000000625,1004.2796666666665,0.0,6.183333333333332,0.0,0.7179059053169078
S07_HIGH_ACOFF_LIGHTOFF__RUN_20260913_171419__SESSION_002__SEG_01__W_00285,S07_HIGH_ACOFF_LIGHTOFF,S07_HIGH_ACOFF_LIGHTOFF__RUN_20260913_171419__SESSION_002,S07_HIGH_ACOFF_LIGHTOFF__RUN_20260913_171419__SESSION_002__SEG_01,2026-09-13T09:19:17.565000Z,2026-09-13T09:19:46.876000Z,2,0,0,HIGH,2,0.23333333333333334,0.43333333333333335,0.5333333333333333,0.13333333333333333,5.0,6.0,0.1,350.0,498.0,189.49582229343915,32.820000000000014,0.0,64.71433333333333,-0.09000000000000341,1004.2796666666665,0.0,6.21333333333333,0.9000000000000004,0.7200617257491811
S07_HIGH_ACOFF_LIGHTOFF__RUN_20260913_171419__SESSION_002__SEG_01__W_00290,S07_HIGH_ACOFF_LIGHTOFF,S07_HIGH_ACOFF_LIGHTOFF__RUN_20260913_171419__SESSION_002,S07_HIGH_ACOFF_LIGHTOFF__RUN_20260913_171419__SESSION_002__SEG_01,2026-09-13T09:19:22.770000Z,2026-09-13T09:19:51.717000Z,2,0,0,HIGH,2,0.23333333333333334,0.43333333333333335,0.5333333333333333,0.13333333333333333,4.0,5.0,0.06666666666666667,350.0,577.5,227.5,32.820000000000014,0.0,64.69166666666666,-0.10999999999999943,1004.2799999999999,0.009999999999990905,6.469999999999997,0.9000000000000004,0.5386093203798092
S07_HIGH_ACOFF_LIGHTOFF__RUN_20260913_171419__SESSION_002__SEG_01__W_00295,S07_HIGH_ACOFF_LIGHTOFF,S07_HIGH_ACOFF_LIGHTOFF__RUN_20260913_171419__SESSION_002,S07_HIGH_ACOFF_LIGHTOFF__RUN_20260913_171419__SESSION_002__SEG_01,2026-09-13T09:19:27.791000Z,2026-09-13T09:19:56.740000Z,2,0,0,HIGH,2,0.3,0.36666666666666664,0.5333333333333333,0.13333333333333333,6.0,5.0,0.06666666666666667,350.0,577.5,227.5,32.820000000000014,0.0,64.68,0.14000000000000057,1004.2833333333333,0.01999999999998181,6.499999999999998,0.0,0.5253570214625479
S07_HIGH_ACOFF_LIGHTOFF__RUN_20260913_171419__SESSION_002__SEG_01__W_00300,S07_HIGH_ACOFF_LIGHTOFF,S07_HIGH_ACOFF_LIGHTOFF__RUN_20260913_171419__SESSION_002,S07_HIGH_ACOFF_LIGHTOFF__RUN_20260913_171419__SESSION_002__SEG_01,2026-09-13T09:19:32.816000Z,2026-09-13T09:20:01.943000Z,2,0,0,HIGH,2,0.3333333333333333,0.36666666666666664,0.5333333333333333,0.16666666666666666,6.0,6.0,0.03333333333333333,805.0,805.0,0.0,32.820000000000014,0.0,64.69200000000001,0.0,1004.2869999999999,0.01999999999998181,6.643333333333332,0.0,0.3051593390709552
S07_HIGH_ACOFF_LIGHTOFF__RUN_20260913_171419__SESSION_002__SEG_01__W_00305,S07_HIGH_ACOFF_LIGHTOFF,S07_HIGH_ACOFF_LIGHTOFF__RUN_20260913_171419__SESSION_002,S07_HIGH_ACOFF_LIGHTOFF__RUN_20260913_171419__SESSION_002__SEG_01,2026-09-13T09:19:37.841000Z,2026-09-13T09:20:06.968000Z,2,0,0,HIGH,2,0.3333333333333333,0.3333333333333333,0.5333333333333333,0.13333333333333333,5.0,5.0,0.13333333333333333,599.0,750.5,66.92673232722483,32.820000000000014,0.0,64.67233333333334,-0.030000000000001137,1004.290333333333,0.01999999999998181,6.699999999999998,0.0,1.7763568394002505e-15
S07_HIGH_ACOFF_LIGHTOFF__RUN_20260913_171419__SESSION_002__SEG_01__W_00310,S07_HIGH_ACOFF_LIGHTOFF,S07_HIGH_ACOFF_LIGHTOFF__RUN_20260913_171419__SESSION_002,S07_HIGH_ACOFF_LIGHTOFF__RUN_20260913_171419__SESSION_002__SEG_01,2026-09-13T09:19:42.680000Z,2026-09-13T09:20:11.991000Z,2,0,0,HIGH,2,0.3,0.3,0.5,0.1,6.0,3.0,0.16666666666666666,599.0,749.0,60.707165969101204,32.820000000000014,0.0,64.66766666666668,-0.14000000000000057,1004.2936666666666,0.01999999999998181,6.699999999999998,0.0,1.7763568394002505e-15
S07_HIGH_ACOFF_LIGHTOFF__RUN_20260913_171419__SESSION_002__SEG_01__W_00315,S07_HIGH_ACOFF_LIGHTOFF,S07_HIGH_ACOFF_LIGHTOFF__RUN_20260913_171419__SESSION_002,S07_HIGH_ACOFF_LIGHTOFF__RUN_20260913_171419__SESSION_002__SEG_01,2026-09-13T09:19:47.699000Z,2026-09-13T09:20:17.012000Z,2,0,0,HIGH,2,0.3333333333333333,0.13333333333333333,0.36666666666666664,0.1,7.0,3.0,0.16666666666666666,599.0,749.0,60.707165969101204,32.820333333333345,0.00999999999999801,64.636,-0.1600000000000108,1004.2969999999999,0.01999999999998181,6.699999999999998,0.0,1.7763568394002505e-15
S07_HIGH_ACOFF_LIGHTOFF__RUN_20260913_171419__SESSION_002__SEG_01__W_00320,S07_HIGH_ACOFF_LIGHTOFF,S07_HIGH_ACOFF_LIGHTOFF__RUN_20260913_171419__SESSION_002,S07_HIGH_ACOFF_LIGHTOFF__RUN_20260913_171419__SESSION_002__SEG_01,2026-09-13T09:19:52.902000Z,2026-09-13T09:20:22.035000Z,2,0,0,HIGH,2,0.3,0.16666666666666666,0.36666666666666664,0.1,6.0,3.0,0.16666666666666666,599.0,749.0,60.707165969101204,32.82200000000001,0.00999999999999801,64.60966666666667,-0.2400000000000091,1004.3016666666667,0.01999999999998181,6.699999999999998,0.0,1.7763568394002505e-15
S07_HIGH_ACOFF_LIGHTOFF__RUN_20260913_171419__SESSION_002__SEG_01__W_00325,S07_HIGH_ACOFF_LIGHTOFF,S07_HIGH_ACOFF_LIGHTOFF__RUN_20260913_171419__SESSION_002,S07_HIGH_ACOFF_LIGHTOFF__RUN_20260913_171419__SESSION_002__SEG_01,2026-09-13T09:19:57.925000Z,2026-09-13T09:20:27.056000Z,2,0,0,HIGH,2,0.3,0.2,0.36666666666666664,0.13333333333333333,6.0,3.0,0.2,599.0,744.5,55.65593708970619,32.823666666666675,0.00999999999999801,64.58,-0.1600000000000108,1004.3026666666667,0.009999999999990905,6.699999999999998,0.0,1.7763568394002505e-15
S07_HIGH_ACOFF_LIGHTOFF__RUN_20260913_171419__SESSION_002__SEG_01__W_00330,S07_HIGH_ACOFF_LIGHTOFF,S07_HIGH_ACOFF_LIGHTOFF__RUN_20260913_171419__SESSION_002,S07_HIGH_ACOFF_LIGHTOFF__RUN_20260913_171419__SESSION_002__SEG_01,2026-09-13T09:20:02.948000Z,2026-09-13T09:20:32.079000Z,2,0,0,HIGH,2,0.26666666666666666,0.13333333333333333,0.3333333333333333,0.06666666666666667,6.0,2.0,0.2,599.0,744.5,55.65593708970619,32.82533333333334,0.00999999999999801,64.53833333333334,-0.28000000000000114,1004.3023333333332,0.0,6.699999999999998,0.0,1.7763568394002505e-15
S07_HIGH_ACOFF_LIGHTOFF__RUN_20260913_171419__SESSION_002__SEG_01__W_00335,S07_HIGH_ACOFF_LIGHTOFF,S07_HIGH_ACOFF_LIGHTOFF__RUN_20260913_171419__SESSION_002,S07_HIGH_ACOFF_LIGHTOFF__RUN_20260913_171419__SESSION_002__SEG_01,2026-09-13T09:20:07.973000Z,2026-09-13T09:20:37.102000Z,2,0,0,HIGH,2,0.4,0.13333333333333333,0.4666666666666667,0.06666666666666667,5.0,2.0,0.2,550.0,596.5,71.6715114641484,32.827000000000005,0.00999999999999801,64.51,-0.23000000000000398,1004.3019999999998,-0.009999999999990905,6.64,0.0,0.22449944320643658
S07_HIGH_ACOFF_LIGHTOFF__RUN_20260913_171419__SESSION_002__SEG_01__W_00340,S07_HIGH_ACOFF_LIGHTOFF,S07_HIGH_ACOFF_LIGHTOFF__RUN_20260913_171419__SESSION_002,S07_HIGH_ACOFF_LIGHTOFF__RUN_20260913_171419__SESSION_002__SEG_01,2026-09-13T09:20:12.996000Z,2026-09-13T09:20:41.943000Z,2,0,0,HIGH,2,0.4666666666666667,0.13333333333333333,0.5333333333333333,0.06666666666666667,6.0,2.0,0.16666666666666666,550.0,580.0,55.26517891041338,32.82866666666668,0.00999999999999801,64.48700000000001,-0.10999999999999943,1004.3006666666666,0.0,6.746666666666666,0.7999999999999998,0.3703451843288307
S07_HIGH_ACOFF_LIGHTOFF__RUN_20260913_171419__SESSION_002__SEG_01__W_00345,S07_HIGH_ACOFF_LIGHTOFF,S07_HIGH_ACOFF_LIGHTOFF__RUN_20260913_171419__SESSION_002,S07_HIGH_ACOFF_LIGHTOFF__RUN_20260913_171419__SESSION_002__SEG_01,2026-09-13T09:20:17.835000Z,2026-09-13T09:20:46.962000Z,2,0,0,HIGH,2,0.43333333333333335,0.13333333333333333,0.5,0.06666666666666667,5.0,2.0,0.16666666666666666,550.0,580.0,55.26517891041338,32.830000000000005,0.0,64.46233333333333,-0.0899999999999892,1004.2996666666666,-0.01999999999998181,6.853333333333333,0.7999999999999998,0.448503685108111
S07_HIGH_ACOFF_LIGHTOFF__RUN_20260913_171419__SESSION_002__SEG_01__W_00350,S07_HIGH_ACOFF_LIGHTOFF,S07_HIGH_ACOFF_LIGHTOFF__RUN_20260913_171419__SESSION_002,S07_HIGH_ACOFF_LIGHTOFF__RUN_20260913_171419__SESSION_002__SEG_01,2026-09-13T09:20:22.858000Z,2026-09-13T09:20:52.163000Z,2,0,0,HIGH,2,0.4,0.06666666666666667,0.4,0.06666666666666667,4.0,1.0,0.16666666666666666,550.0,580.0,55.26517891041338,32.830000000000005,0.0,64.44333333333334,-0.10000000000000853,1004.2966666666667,-0.01999999999998181,6.986666666666666,0.7999999999999998,0.49915484126226356
S07_HIGH_ACOFF_LIGHTOFF__RUN_20260913_171419__SESSION_002__SEG_01__W_00355,S07_HIGH_ACOFF_LIGHTOFF,S07_HIGH_ACOFF_LIGHTOFF__RUN_20260913_171419__SESSION_002,S07_HIGH_ACOFF_LIGHTOFF__RUN_20260913_171419__SESSION_002__SEG_01,2026-09-13T09:20:28.061000Z,2026-09-13T09:20:57.004000Z,2,0,0,HIGH,2,0.3,0.0,0.3,0.0,3.0,0.0,0.13333333333333333,550.0,574.0,22.982330169066845,32.830000000000005,0.0,64.41699999999999,-0.07000000000000739,1004.2933333333333,-0.01999999999998181,7.093333333333333,0.7999999999999998,0.5118159391378463
S07_HIGH_ACOFF_LIGHTOFF__RUN_20260913_171419__SESSION_002__SEG_01__W_00360,S07_HIGH_ACOFF_LIGHTOFF,S07_HIGH_ACOFF_LIGHTOFF__RUN_20260913_171419__SESSION_002,S07_HIGH_ACOFF_LIGHTOFF__RUN_20260913_171419__SESSION_002__SEG_01,2026-09-13T09:20:32.902000Z,2026-09-13T09:21:02.205000Z,2,0,0,HIGH,2,0.3333333333333333,0.0,0.3333333333333333,0.0,3.0,0.0,0.13333333333333333,550.0,574.0,22.982330169066845,32.830000000000005,0.0,64.39966666666666,-0.14000000000000057,1004.2903333333331,-0.009999999999990905,7.173333333333332,0.0,0.5065789397736766
S07_HIGH_ACOFF_LIGHTOFF__RUN_20260913_171419__SESSION_002__SEG_01__W_00365,S07_HIGH_ACOFF_LIGHTOFF,S07_HIGH_ACOFF_LIGHTOFF__RUN_20260913_171419__SESSION_002,S07_HIGH_ACOFF_LIGHTOFF__RUN_20260913_171419__SESSION_002__SEG_01,2026-09-13T09:20:38.107000Z,2026-09-13T09:21:07.230000Z,2,0,0,HIGH,2,0.23333333333333334,0.03333333333333333,0.26666666666666666,0.0,4.0,1.0,0.03333333333333333,443.0,443.0,0.0,32.830000000000005,0.0,64.35700000000001,-0.36999999999999034,1004.2886666666668,-0.009999999999990905,7.173333333333333,0.0,0.5065789397736766
S07_HIGH_ACOFF_LIGHTOFF__RUN_20260913_171419__SESSION_002__SEG_01__W_00370,S07_HIGH_ACOFF_LIGHTOFF,S07_HIGH_ACOFF_LIGHTOFF__RUN_20260913_171419__SESSION_002,S07_HIGH_ACOFF_LIGHTOFF__RUN_20260913_171419__SESSION_002__SEG_01,2026-09-13T09:20:42.946000Z,2026-09-13T09:21:12.251000Z,2,0,0,HIGH,2,0.13333333333333333,0.1,0.23333333333333334,0.0,3.0,3.0,0.03333333333333333,443.0,443.0,0.0,32.830000000000005,0.0,64.30633333333334,-0.29999999999999716,1004.2869999999998,0.0,7.066666666666664,-0.7999999999999998,0.5107728349167454
S07_HIGH_ACOFF_LIGHTOFF__RUN_20260913_171419__SESSION_002__SEG_01__W_00375,S07_HIGH_ACOFF_LIGHTOFF,S07_HIGH_ACOFF_LIGHTOFF__RUN_20260913_171419__SESSION_002,S07_HIGH_ACOFF_LIGHTOFF__RUN_20260913_171419__SESSION_002__SEG_01,2026-09-13T09:20:48.147000Z,2026-09-13T09:21:17.274000Z,2,0,0,HIGH,2,0.13333333333333333,0.2,0.3333333333333333,0.0,3.0,4.0,0.06666666666666667,395.0,419.0,24.0,32.830000000000005,0.0,64.25766666666667,-0.3400000000000034,1004.2856666666667,-0.01999999999998181,6.929999999999998,-0.7999999999999998,0.5330103188494573
S07_HIGH_ACOFF_LIGHTOFF__RUN_20260913_171419__SESSION_002__SEG_01__W_00380,S07_HIGH_ACOFF_LIGHTOFF,S07_HIGH_ACOFF_LIGHTOFF__RUN_20260913_171419__SESSION_002,S07_HIGH_ACOFF_LIGHTOFF__RUN_20260913_171419__SESSION_002__SEG_01,2026-09-13T09:20:53.168000Z,2026-09-13T09:21:22.299000Z,2,0,0,HIGH,2,0.13333333333333333,0.23333333333333334,0.36666666666666664,0.0,3.0,5.0,0.23333333333333334,391.0,396.0,19.667646695286454,32.83066666666667,0.010000000000005116,64.20433333333332,-0.14000000000000057,1004.2843333333332,0.0,6.766666666666665,-1.7000000000000002,0.5028805910838963
S07_HIGH_ACOFF_LIGHTOFF__RUN_20260913_171419__SESSION_002__SEG_01__W_00385,S07_HIGH_ACOFF_LIGHTOFF,S07_HIGH_ACOFF_LIGHTOFF__RUN_20260913_171419__SESSION_002,S07_HIGH_ACOFF_LIGHTOFF__RUN_20260913_171419__SESSION_002__SEG_01,2026-09-13T09:20:58.007000Z,2026-09-13T09:21:27.324000Z,2,0,0,HIGH,2,0.13333333333333333,0.3333333333333333,0.4666666666666667,0.0,2.0,6.0,0.4,391.0,407.5,17.24557109005736,32.832333333333345,0.010000000000005116,64.18133333333336,-0.04999999999999716,1004.2856666666668,0.01999999999998181,6.5100000000000025,-1.7000000000000002,0.5204805471869243
S07_HIGH_ACOFF_LIGHTOFF__RUN_20260913_171419__SESSION_002__SEG_01__W_00390,S07_HIGH_ACOFF_LIGHTOFF,S07_HIGH_ACOFF_LIGHTOFF__RUN_20260913_171419__SESSION_002,S07_HIGH_ACOFF_LIGHTOFF__RUN_20260913_171419__SESSION_002__SEG_01,2026-09-13T09:21:03.210000Z,2026-09-13T09:21:32.349000Z,2,0,0,HIGH,2,0.06666666666666667,0.4,0.4666666666666667,0.0,1.0,7.0,0.43333333333333335,391.0,412.0,19.689302655331762,32.83400000000001,0.010000000000005116,64.15933333333335,-0.020000000000010232,1004.2883333333333,0.0,6.256666666666667,-0.7999999999999998,0.5414076303694124
S07_HIGH_ACOFF_LIGHTOFF__RUN_20260913_171419__SESSION_002__SEG_01__W_00395,S07_HIGH_ACOFF_LIGHTOFF,S07_HIGH_ACOFF_LIGHTOFF__RUN_20260913_171419__SESSION_002,S07_HIGH_ACOFF_LIGHTOFF__RUN_20260913_171419__SESSION_002__SEG_01,2026-09-13T09:21:08.053000Z,2026-09-13T09:21:37.374000Z,2,0,0,HIGH,2,0.06666666666666667,0.4,0.4666666666666667,0.0,2.0,7.0,0.5,391.0,416.0,88.98199568202297,32.835666666666675,0.010000000000005116,64.13733333333334,-0.25,1004.2890000000001,0.009999999999990905,6.196666666666668,-0.9000000000000004,0.5388155734778111
S07_HIGH_ACOFF_LIGHTOFF__RUN_20260913_171419__SESSION_002__SEG_01__W_00400,S07_HIGH_ACOFF_LIGHTOFF,S07_HIGH_ACOFF_LIGHTOFF__RUN_20260913_171419__SESSION_002,S07_HIGH_ACOFF_LIGHTOFF__RUN_20260913_171419__SESSION_002__SEG_01,2026-09-13T09:21:13.256000Z,2026-09-13T09:21:42.399000Z,2,0,0,HIGH,2,0.13333333333333333,0.3333333333333333,0.4666666666666667,0.0,2.0,5.0,0.5666666666666667,391.0,426.0,157.33982353239168,32.83733333333334,0.010000000000005116,64.10866666666666,0.020000000000010232,1004.2903333333336,0.0,5.996666666666667,-1.7000000000000002,0.6041431029887612
S07_HIGH_ACOFF_LIGHTOFF__RUN_20260913_171419__SESSION_002__SEG_01__W_00405,S07_HIGH_ACOFF_LIGHTOFF,S07_HIGH_ACOFF_LIGHTOFF__RUN_20260913_171419__SESSION_002,S07_HIGH_ACOFF_LIGHTOFF__RUN_20260913_171419__SESSION_002__SEG_01,2026-09-13T09:21:18.279000Z,2026-09-13T09:21:47.240000Z,2,0,0,HIGH,2,0.2,0.23333333333333334,0.43333333333333335,0.0,3.0,4.0,0.5666666666666667,391.0,431.0,160.5579372409619,32.84000000000001,0.020000000000003126,64.09666666666666,-0.05999999999999517,1004.2919999999999,0.01999999999998181,5.8,-0.9000000000000004,0.671317113342619
S07_HIGH_ACOFF_LIGHTOFF__RUN_20260913_171419__SESSION_002__SEG_01__W_00410,S07_HIGH_ACOFF_LIGHTOFF,S07_HIGH_ACOFF_LIGHTOFF__RUN_20260913_171419__SESSION_002,S07_HIGH_ACOFF_LIGHTOFF__RUN_20260913_171419__SESSION_002__SEG_01,2026-09-13T09:21:23.304000Z,2026-09-13T09:21:52.443000Z,2,0,0,HIGH,2,0.26666666666666666,0.3333333333333333,0.5333333333333333,0.06666666666666667,4.0,4.0,0.4,403.0,502.0,168.0456907113856,32.84266666666667,0.00999999999999801,64.10633333333334,-0.010000000000005116,1004.2953333333334,0.01999999999998181,5.8,0.9000000000000004,0.6713171133426189
S07_HIGH_ACOFF_LIGHTOFF__RUN_20260913_171419__SESSION_002__SEG_01__W_00415,S07_HIGH_ACOFF_LIGHTOFF,S07_HIGH_ACOFF_LIGHTOFF__RUN_20260913_171419__SESSION_002,S07_HIGH_ACOFF_LIGHTOFF__RUN_20260913_171419__SESSION_002__SEG_01,2026-09-13T09:21:28.329000Z,2026-09-13T09:21:57.464000Z,2,0,0,HIGH,2,0.3333333333333333,0.3333333333333333,0.5666666666666667,0.1,6.0,4.0,0.23333333333333334,451.0,686.0,143.34915274195637,32.84433333333334,0.00999999999999801,64.14266666666667,0.1700000000000017,1004.2986666666669,0.020000000000095497,5.919999999999999,0.0,0.737744309816529
S07_HIGH_ACOFF_LIGHTOFF__RUN_20260913_171419__SESSION_002__SEG_01__W_00420,S07_HIGH_ACOFF_LIGHTOFF,S07_HIGH_ACOFF_LIGHTOFF__RUN_20260913_171419__SESSION_002,S07_HIGH_ACOFF_LIGHTOFF__RUN_20260913_171419__SESSION_002__SEG_01,2026-09-13T09:21:33.354000Z,2026-09-13T09:22:02.487000Z,2,0,0,HIGH,2,0.43333333333333335,0.3333333333333333,0.6666666666666666,0.1,6.0,4.0,0.2,553.0,686.0,118.92247708299536,32.846000000000004,0.00999999999999801,64.17233333333334,0.1600000000000108,1004.3023333333332,0.030000000000086402,6.063333333333333,0.9000000000000004,0.7263990332837426
S07_HIGH_ACOFF_LIGHTOFF__RUN_20260913_171419__SESSION_002__SEG_01__W_00425,S07_HIGH_ACOFF_LIGHTOFF,S07_HIGH_ACOFF_LIGHTOFF__RUN_20260913_171419__SESSION_002,S07_HIGH_ACOFF_LIGHTOFF__RUN_20260913_171419__SESSION_002__SEG_01,2026-09-13T09:21:38.379000Z,2026-09-13T09:22:07.512000Z,2,0,0,HIGH,2,0.43333333333333335,0.36666666666666664,0.7,0.1,6.0,4.0,0.26666666666666666,245.0,660.5,217.36260027888883,32.84766666666667,0.00999999999999801,64.223,0.4199999999999875,1004.307,0.030000000000086402,6.153333333333332,1.7000000000000002,0.743744281023764
S07_HIGH_ACOFF_LIGHTOFF__RUN_20260913_171419__SESSION_002__SEG_01__W_00430,S07_HIGH_ACOFF_LIGHTOFF,S07_HIGH_ACOFF_LIGHTOFF__RUN_20260913_171419__SESSION_002,S07_HIGH_ACOFF_LIGHTOFF__RUN_20260913_171419__SESSION_002__SEG_01,2026-09-13T09:21:43.404000Z,2026-09-13T09:22:12.537000Z,2,0,0,HIGH,2,0.4666666666666667,0.36666666666666664,0.7333333333333333,0.1,7.0,4.0,0.3,245.0,474.0,147.97597402581573,32.84933333333334,0.00999999999999801,64.28333333333335,0.29000000000000625,1004.3116666666667,0.01999999999998181,6.179999999999999,1.5999999999999996,0.7157280675414838
S07_HIGH_ACOFF_LIGHTOFF__RUN_20260913_171419__SESSION_002__SEG_01__W_00435,S07_HIGH_ACOFF_LIGHTOFF,S07_HIGH_ACOFF_LIGHTOFF__RUN_20260913_171419__SESSION_002,S07_HIGH_ACOFF_LIGHTOFF__RUN_20260913_171419__SESSION_002__SEG_01,2026-09-13T09:21:48.425000Z,2026-09-13T09:22:17.560000Z,2,0,0,HIGH,2,0.4,0.4666666666666667,0.7666666666666667,0.1,6.0,5.0,0.26666666666666666,245.0,464.5,141.336256848694,32.85000000000001,0.0,64.32400000000001,0.04999999999999716,1004.3140000000003,0.009999999999990905,6.406666666666665,0.9000000000000004,0.5182877793487151
S07_HIGH_ACOFF_LIGHTOFF__RUN_20260913_171419__SESSION_002__SEG_01__W_00440,S07_HIGH_ACOFF_LIGHTOFF,S07_HIGH_ACOFF_LIGHTOFF__RUN_20260913_171419__SESSION_002,S07_HIGH_ACOFF_LIGHTOFF__RUN_20260913_171419__SESSION_002__SEG_01,2026-09-13T09:21:53.266000Z,2026-09-13T09:22:22.403000Z,2,0,0,HIGH,2,0.4,0.43333333333333335,0.7333333333333333,0.1,6.0,6.0,0.36666666666666664,245.0,474.0,120.56855667836508,32.85000000000001,0.0,64.29533333333335,-0.5300000000000011,1004.3143333333335,-0.009999999999990905,6.346666666666667,-0.9000000000000004,0.532749680640188
S07_HIGH_ACOFF_LIGHTOFF__RUN_20260913_171419__SESSION_002__SEG_01__W_00445,S07_HIGH_ACOFF_LIGHTOFF,S07_HIGH_ACOFF_LIGHTOFF__RUN_20260913_171419__SESSION_002,S07_HIGH_ACOFF_LIGHTOFF__RUN_20260913_171419__SESSION_002__SEG_01,2026-09-13T09:21:58.469000Z,2026-09-13T09:22:27.424000Z,2,0,0,HIGH,2,0.4,0.3333333333333333,0.6666666666666666,0.06666666666666667,4.0,5.0,0.36666666666666664,245.0,474.0,120.56855667836508,32.85000000000001,0.0,64.22866666666667,-0.2600000000000051,1004.3123333333332,-0.020000000000095497,6.226666666666669,-0.9000000000000004,0.540945674002688
S07_HIGH_ACOFF_LIGHTOFF__RUN_20260913_171419__SESSION_002__SEG_01__W_00450,S07_HIGH_ACOFF_LIGHTOFF,S07_HIGH_ACOFF_LIGHTOFF__RUN_20260913_171419__SESSION_002,S07_HIGH_ACOFF_LIGHTOFF__RUN_20260913_171419__SESSION_002__SEG_01,2026-09-13T09:22:03.492000Z,2026-09-13T09:22:32.627000Z,2,0,0,HIGH,2,0.36666666666666664,0.3,0.6,0.06666666666666667,4.0,4.0,0.36666666666666664,245.0,474.0,120.56855667836508,32.85000000000001,0.0,64.17166666666667,-0.44000000000000483,1004.3089999999999,-0.020000000000095497,6.106666666666668,-0.9000000000000004,0.5221323799787009
S07_HIGH_ACOFF_LIGHTOFF__RUN_20260913_171419__SESSION_002__SEG_01__W_00455,S07_HIGH_ACOFF_LIGHTOFF,S07_HIGH_ACOFF_LIGHTOFF__RUN_20260913_171419__SESSION_002,S07_HIGH_ACOFF_LIGHTOFF__RUN_20260913_171419__SESSION_002__SEG_01,2026-09-13T09:22:08.517000Z,2026-09-13T09:22:37.468000Z,2,0,0,HIGH,2,0.36666666666666664,0.3333333333333333,0.6,0.1,5.0,5.0,0.23333333333333334,426.0,474.0,50.57304275067127,32.85000000000001,0.0,64.20566666666667,0.6300000000000097,1004.3070000000002,-0.010000000000104592,6.076666666666667,0.7999999999999998,0.5948015542085352
S07_HIGH_ACOFF_LIGHTOFF__RUN_20260913_171419__SESSION_002__SEG_01__W_00460,S07_HIGH_ACOFF_LIGHTOFF,S07_HIGH_ACOFF_LIGHTOFF__RUN_20260913_171419__SESSION_002,S07_HIGH_ACOFF_LIGHTOFF__RUN_20260913_171419__SESSION_002__SEG_01,2026-09-13T09:22:13.360000Z,2026-09-13T09:22:42.491000Z,2,0,0,HIGH,2,0.3,0.3333333333333333,0.5333333333333333,0.1,5.0,4.0,0.13333333333333333,445.0,475.5,15.435349040433131,32.85000000000001,0.0,64.25133333333333,0.18999999999999773,1004.3056666666669,0.0,6.249999999999998,0.0,0.5414486740833954
S07_HIGH_ACOFF_LIGHTOFF__RUN_20260913_171419__SESSION_002__SEG_01__W_00465,S07_HIGH_ACOFF_LIGHTOFF,S07_HIGH_ACOFF_LIGHTOFF__RUN_20260913_171419__SESSION_002,S07_HIGH_ACOFF_LIGHTOFF__RUN_20260913_171419__SESSION_002__SEG_01,2026-09-13T09:22:18.565000Z,2026-09-13T09:22:47.694000Z,2,0,0,HIGH,2,0.36666666666666664,0.23333333333333334,0.5,0.1,7.0,3.0,0.13333333333333333,445.0,475.5,15.435349040433131,32.85000000000001,0.0,64.3,0.45000000000000284,1004.3056666666669,0.0,6.249999999999998,0.0,0.5414486740833954
S07_HIGH_ACOFF_LIGHTOFF__RUN_20260913_171419__SESSION_002__SEG_01__W_00470,S07_HIGH_ACOFF_LIGHTOFF,S07_HIGH_ACOFF_LIGHTOFF__RUN_20260913_171419__SESSION_002,S07_HIGH_ACOFF_LIGHTOFF__RUN_20260913_171419__SESSION_002__SEG_01,2026-09-13T09:22:23.588000Z,2026-09-13T09:22:52.715000Z,2,0,0,HIGH,2,0.4,0.13333333333333333,0.5,0.03333333333333333,6.0,2.0,0.03333333333333333,445.0,445.0,0.0,32.85000000000001,0.0,64.37633333333333,0.4200000000000017,1004.3050000000001,0.0,6.3666666666666645,0.9000000000000004,0.5699902533279749
S07_HIGH_ACOFF_LIGHTOFF__RUN_20260913_171419__SESSION_002__SEG_01__W_00475,S07_HIGH_ACOFF_LIGHTOFF,S07_HIGH_ACOFF_LIGHTOFF__RUN_20260913_171419__SESSION_002,S07_HIGH_ACOFF_LIGHTOFF__RUN_20260913_171419__SESSION_002__SEG_01,2026-09-13T09:22:28.609000Z,2026-09-13T09:22:57.554000Z,2,0,0,HIGH,2,0.36666666666666664,0.13333333333333333,0.4666666666666667,0.03333333333333333,7.0,2.0,0.03333333333333333,445.0,445.0,0.0,32.85000000000001,0.0,64.44233333333334,0.3400000000000034,1004.3049999999998,0.0,6.516666666666664,0.9000000000000004,0.5170965953174406
S07_HIGH_ACOFF_LIGHTOFF__RUN_20260913_171419__SESSION_002__SEG_01__W_00480,S07_HIGH_ACOFF_LIGHTOFF,S07_HIGH_ACOFF_LIGHTOFF__RUN_20260913_171419__SESSION_002,S07_HIGH_ACOFF_LIGHTOFF__RUN_20260913_171419__SESSION_002__SEG_01,2026-09-13T09:22:33.632000Z,2026-09-13T09:23:02.753000Z,2,0,0,HIGH,2,0.4,0.1,0.4666666666666667,0.03333333333333333,7.0,1.0,0.03333333333333333,445.0,445.0,0.0,32.85000000000001,0.0,64.50066666666667,0.20000000000000284,1004.3049999999998,0.0,6.666666666666665,1.7000000000000002,0.4060651288757617
S07_HIGH_ACOFF_LIGHTOFF__RUN_20260913_171419__SESSION_002__SEG_01__W_00485,S07_HIGH_ACOFF_LIGHTOFF,S07_HIGH_ACOFF_LIGHTOFF__RUN_20260913_171419__SESSION_002,S07_HIGH_ACOFF_LIGHTOFF__RUN_20260913_171419__SESSION_002__SEG_01,2026-09-13T09:22:38.653000Z,2026-09-13T09:23:07.778000Z,2,0,0,HIGH,2,0.4,0.06666666666666667,0.43333333333333335,0.03333333333333333,7.0,1.0,0.1,466.0,478.0,14.079141387961917,32.85000000000001,0.0,64.45,-0.5499999999999972,1004.3036666666665,-0.009999999999990905,6.696666666666666,-0.9000000000000004,0.21982316125063397
S07_HIGH_ACOFF_LIGHTOFF__RUN_20260913_171419__SESSION_002__SEG_01__W_00490,S07_HIGH_ACOFF_LIGHTOFF,S07_HIGH_ACOFF_LIGHTOFF__RUN_20260913_171419__SESSION_002,S07_HIGH_ACOFF_LIGHTOFF__RUN_20260913_171419__SESSION_002__SEG_01,2026-09-13T09:22:43.676000Z,2026-09-13T09:23:12.621000Z,2,0,0,HIGH,2,0.43333333333333335,0.16666666666666666,0.5,0.1,8.0,2.0,0.1,466.0,478.0,14.079141387961917,32.850666666666676,0.00999999999999801,64.38866666666667,-0.4000000000000057,1004.3019999999998,-0.009999999999990905,6.5466666666666695,-0.9000000000000004,0.39977771601506545
S07_HIGH_ACOFF_LIGHTOFF__RUN_20260913_171419__SESSION_002__SEG_01__W_00495,S07_HIGH_ACOFF_LIGHTOFF,S07_HIGH_ACOFF_LIGHTOFF__RUN_20260913_171419__SESSION_002,S07_HIGH_ACOFF_LIGHTOFF__RUN_20260913_171419__SESSION_002__SEG_01,2026-09-13T09:22:48.699000Z,2026-09-13T09:23:17.822000Z,2,0,0,HIGH,2,0.5333333333333333,0.16666666666666666,0.6,0.1,6.0,2.0,0.16666666666666666,436.0,478.0,147.45575607618713,32.85233333333334,0.00999999999999801,64.33933333333333,-0.14000000000000057,1004.2996666666666,-0.01999999999998181,6.459999999999999,-1.7000000000000002,0.4990657939256775
S07_HIGH_ACOFF_LIGHTOFF__RUN_20260913_171419__SESSION_002__SEG_01__W_00500,S07_HIGH_ACOFF_LIGHTOFF,S07_HIGH_ACOFF_LIGHTOFF__RUN_20260913_171419__SESSION_002,S07_HIGH_ACOFF_LIGHTOFF__RUN_20260913_171419__SESSION_002__SEG_01,2026-09-13T09:22:53.538000Z,2026-09-13T09:23:22.665000Z,2,0,0,HIGH,2,0.43333333333333335,0.26666666666666666,0.6,0.1,5.0,4.0,0.16666666666666666,436.0,478.0,147.45575607618713,32.854000000000006,0.00999999999999801,64.32300000000001,-0.12999999999999545,1004.2976666666667,-0.009999999999990905,6.403333333333332,0.0,0.47362666966950073
S07_HIGH_ACOFF_LIGHTOFF__RUN_20260913_171419__SESSION_002__SEG_01__W_00505,S07_HIGH_ACOFF_LIGHTOFF,S07_HIGH_ACOFF_LIGHTOFF__RUN_20260913_171419__SESSION_002,S07_HIGH_ACOFF_LIGHTOFF__RUN_20260913_171419__SESSION_002__SEG_01,2026-09-13T09:22:58.739000Z,2026-09-13T09:23:27.870000Z,2,0,0,HIGH,2,0.43333333333333335,0.3333333333333333,0.6333333333333333,0.13333333333333333,6.0,5.0,0.26666666666666666,436.0,578.5,130.2823856091068,32.85566666666667,0.00999999999999801,64.31466666666665,-0.030000000000001137,1004.2973333333333,0.0,6.286666666666666,0.0,0.5402057221302106
S07_HIGH_ACOFF_LIGHTOFF__RUN_20260913_171419__SESSION_002__SEG_01__W_00510,S07_HIGH_ACOFF_LIGHTOFF,S07_HIGH_ACOFF_LIGHTOFF__RUN_20260913_171419__SESSION_002,S07_HIGH_ACOFF_LIGHTOFF__RUN_20260913_171419__SESSION_002__SEG_01,2026-09-13T09:23:03.758000Z,2026-09-13T09:23:32.891000Z,2,0,0,HIGH,2,0.4,0.3333333333333333,0.6,0.13333333333333333,4.0,5.0,0.26666666666666666,436.0,578.5,130.2823856091068,32.85733333333334,0.00999999999999801,64.298,-0.1599999999999966,1004.2976666666666,0.009999999999990905,6.2866666666666635,0.0,0.5402057221302106
S07_HIGH_ACOFF_LIGHTOFF__RUN_20260913_171419__SESSION_002__SEG_01__W_00515,S07_HIGH_ACOFF_LIGHTOFF,S07_HIGH_ACOFF_LIGHTOFF__RUN_20260913_171419__SESSION_002,S07_HIGH_ACOFF_LIGHTOFF__RUN_20260913_171419__SESSION_002__SEG_01,2026-09-13T09:23:08.783000Z,2026-09-13T09:23:37.910000Z,2,0,0,HIGH,2,0.4,0.3333333333333333,0.6,0.13333333333333333,3.0,5.0,0.2,430.0,660.0,142.3903086589814,32.859,0.00999999999999801,64.27400000000002,-0.18999999999999773,1004.2993333333336,0.009999999999990905,6.229999999999999,0.9000000000000004,0.5814636704042654
S07_HIGH_ACOFF_LIGHTOFF__RUN_20260913_171419__SESSION_002__SEG_01__W_00520,S07_HIGH_ACOFF_LIGHTOFF,S07_HIGH_ACOFF_LIGHTOFF__RUN_20260913_171419__SESSION_002,S07_HIGH_ACOFF_LIGHTOFF__RUN_20260913_171419__SESSION_002__SEG_01,2026-09-13T09:23:13.624000Z,2026-09-13T09:23:42.933000Z,2,0,0,HIGH,2,0.3333333333333333,0.26666666666666666,0.5333333333333333,0.06666666666666667,2.0,5.0,0.26666666666666666,430.0,606.0,126.7856828470786,32.86,0.0,64.243,-0.10999999999999943,1004.3023333333333,0.020000000000095497,6.233333333333333,0.0,0.6193186219996584
S07_HIGH_ACOFF_LIGHTOFF__RUN_20260913_171419__SESSION_002__SEG_01__W_00525,S07_HIGH_ACOFF_LIGHTOFF,S07_HIGH_ACOFF_LIGHTOFF__RUN_20260913_171419__SESSION_002,S07_HIGH_ACOFF_LIGHTOFF__RUN_20260913_171419__SESSION_002__SEG_01,2026-09-13T09:23:18.827000Z,2026-09-13T09:23:47.958000Z,2,0,0,HIGH,2,0.26666666666666666,0.26666666666666666,0.4666666666666667,0.06666666666666667,3.0,4.0,0.2,430.0,606.0,86.86323861232796,32.86,0.0,64.21866666666666,-0.3300000000000125,1004.307,0.04000000000007731,6.29,0.9000000000000004,0.5804308744372582
S07_HIGH_ACOFF_LIGHTOFF__RUN_20260913_171419__SESSION_002__SEG_01__W_00530,S07_HIGH_ACOFF_LIGHTOFF,S07_HIGH_ACOFF_LIGHTOFF__RUN_20260913_171419__SESSION_002,S07_HIGH_ACOFF_LIGHTOFF__RUN_20260913_171419__SESSION_002__SEG_01,2026-09-13T09:23:23.850000Z,2026-09-13T09:23:52.979000Z,2,0,0,HIGH,2,0.3333333333333333,0.16666666666666666,0.43333333333333335,0.06666666666666667,4.0,3.0,0.26666666666666666,430.0,660.0,106.39196398224821,32.86,0.0,64.185,-0.21000000000000796,1004.3130000000002,0.030000000000086402,6.176666666666665,-0.7999999999999998,0.6509906980048863
S07_HIGH_ACOFF_LIGHTOFF__RUN_20260913_171419__SESSION_002__SEG_01__W_00535,S07_HIGH_ACOFF_LIGHTOFF,S07_HIGH_ACOFF_LIGHTOFF__RUN_20260913_171419__SESSION_002,S07_HIGH_ACOFF_LIGHTOFF__RUN_20260913_171419__SESSION_002__SEG_01,2026-09-13T09:23:28.875000Z,2026-09-13T09:23:58.004000Z,2,0,0,HIGH,2,0.3333333333333333,0.1,0.4,0.03333333333333333,4.0,2.0,0.26666666666666666,430.0,704.0,114.54304594780078,32.86,0.0,64.13999999999999,-0.27000000000001023,1004.3160000000001,0.009999999999990905,5.929999999999999,-2.5,0.8786922100485471
S07_HIGH_ACOFF_LIGHTOFF__RUN_20260913_171419__SESSION_002__SEG_01__W_00540,S07_HIGH_ACOFF_LIGHTOFF,S07_HIGH_ACOFF_LIGHTOFF__RUN_20260913_171419__SESSION_002,S07_HIGH_ACOFF_LIGHTOFF__RUN_20260913_171419__SESSION_002__SEG_01,2026-09-13T09:23:33.896000Z,2026-09-13T09:24:03.029000Z,2,0,0,HIGH,2,0.26666666666666666,0.1,0.3333333333333333,0.03333333333333333,3.0,2.0,0.26666666666666666,430.0,704.0,114.54304594780078,32.86,0.0,64.109,-0.14000000000000057,1004.3163333333334,-0.009999999999990905,5.593333333333332,0.0,0.919758422389029
S07_HIGH_ACOFF_LIGHTOFF__RUN_20260913_171419__SESSION_002__SEG_01__W_00545,S07_HIGH_ACOFF_LIGHTOFF,S07_HIGH_ACOFF_LIGHTOFF__RUN_20260913_171419__SESSION_002,S07_HIGH_ACOFF_LIGHTOFF__RUN_20260913_171419__SESSION_002__SEG_01,2026-09-13T09:23:38.915000Z,2026-09-13T09:24:08.054000Z,2,0,0,HIGH,2,0.26666666666666666,0.06666666666666667,0.3,0.03333333333333333,4.0,2.0,0.26666666666666666,540.0,704.0,88.56556540213583,32.86,0.0,64.07966666666667,-0.0899999999999892,1004.3146666666665,-0.009999999999990905,5.45,0.0,0.853131486544327
S07_HIGH_ACOFF_LIGHTOFF__RUN_20260913_171419__SESSION_002__SEG_01__W_00550,S07_HIGH_ACOFF_LIGHTOFF,S07_HIGH_ACOFF_LIGHTOFF__RUN_20260913_171419__SESSION_002,S07_HIGH_ACOFF_LIGHTOFF__RUN_20260913_171419__SESSION_002__SEG_01,2026-09-13T09:23:43.938000Z,2026-09-13T09:24:13.079000Z,2,0,0,HIGH,2,0.26666666666666666,0.1,0.3333333333333333,0.03333333333333333,4.0,2.0,0.2,564.0,720.0,67.25738290742181,32.86,0.0,64.06766666666667,-0.01999999999999602,1004.3116666666664,-0.020000000000095497,5.44666666666667,0.0,0.8228946199578386
S07_HIGH_ACOFF_LIGHTOFF__RUN_20260913_171419__SESSION_002__SEG_01__W_00555,S07_HIGH_ACOFF_LIGHTOFF,S07_HIGH_ACOFF_LIGHTOFF__RUN_20260913_171419__SESSION_002,S07_HIGH_ACOFF_LIGHTOFF__RUN_20260913_171419__SESSION_002__SEG_01,2026-09-13T09:23:48.781000Z,2026-09-13T09:24:18.104000Z,2,0,0,HIGH,2,0.2,0.16666666666666666,0.3,0.06666666666666667,4.0,4.0,0.36666666666666664,421.0,564.0,131.4038629820736,32.86,0.0,64.09133333333334,0.12999999999999545,1004.3076666666665,-0.030000000000086402,5.246666666666668,-1.7000000000000002,0.6721772253075986
S07_HIGH_ACOFF_LIGHTOFF__RUN_20260913_171419__SESSION_002__SEG_01__W_00560,S07_HIGH_ACOFF_LIGHTOFF,S07_HIGH_ACOFF_LIGHTOFF__RUN_20260913_171419__SESSION_002,S07_HIGH_ACOFF_LIGHTOFF__RUN_20260913_171419__SESSION_002__SEG_01,2026-09-13T09:23:53.984000Z,2026-09-13T09:24:23.129000Z,2,0,0,HIGH,2,0.13333333333333333,0.26666666666666666,0.3333333333333333,0.06666666666666667,2.0,5.0,0.3,421.0,521.0,117.04931956178363,32.86,0.0,64.136,0.4200000000000017,1004.3033333333332,-0.020000000000095497,5.1066666666666665,0.0,0.5359933664597807
S07_HIGH_ACOFF_LIGHTOFF__RUN_20260913_171419__SESSION_002__SEG_01__W_00565,S07_HIGH_ACOFF_LIGHTOFF,S07_HIGH_ACOFF_LIGHTOFF__RUN_20260913_171419__SESSION_002,S07_HIGH_ACOFF_LIGHTOFF__RUN_20260913_171419__SESSION_002__SEG_01,2026-09-13T09:23:59.009000Z,2026-09-13T09:24:28.154000Z,2,0,0,HIGH,2,0.23333333333333334,0.43333333333333335,0.4666666666666667,0.2,3.0,5.0,0.2,421.0,478.0,54.020572213021055,32.86,0.0,64.26133333333334,1.009999999999991,1004.3006666666664,-0.009999999999990905,5.186666666666667,0.7999999999999998,0.4470147897130721
S07_HIGH_ACOFF_LIGHTOFF__RUN_20260913_171419__SESSION_002__SEG_01__W_00570,S07_HIGH_ACOFF_LIGHTOFF,S07_HIGH_ACOFF_LIGHTOFF__RUN_20260913_171419__SESSION_002,S07_HIGH_ACOFF_LIGHTOFF__RUN_20260913_171419__SESSION_002__SEG_01,2026-09-13T09:24:04.034000Z,2026-09-13T09:24:33.179000Z,2,0,0,HIGH,2,0.3333333333333333,0.6,0.6333333333333333,0.3,4.0,5.0,0.2,421.0,478.0,54.020572213021055,32.86,0.0,64.43499999999999,1.1200000000000045,1004.3006666666665,0.0,5.239999999999999,0.0,0.36660605559646714
S07_HIGH_ACOFF_LIGHTOFF__RUN_20260913_171419__SESSION_002__SEG_01__W_00575,S07_HIGH_ACOFF_LIGHTOFF,S07_HIGH_ACOFF_LIGHTOFF__RUN_20260913_171419__SESSION_002,S07_HIGH_ACOFF_LIGHTOFF__RUN_20260913_171419__SESSION_002__SEG_01,2026-09-13T09:24:09.059000Z,2026-09-13T09:24:38.202000Z,2,0,0,HIGH,2,0.3333333333333333,0.6666666666666666,0.7,0.3,4.0,5.0,0.2,421.0,471.5,40.884661617231906,32.861333333333334,0.00999999999999801,64.59866666666667,0.9099999999999966,1004.3003333333331,-0.009999999999990905,5.383333333333334,0.9000000000000004,0.5592157206501104
S07_HIGH_ACOFF_LIGHTOFF__RUN_20260913_171419__SESSION_002__SEG_01__W_00580,S07_HIGH_ACOFF_LIGHTOFF,S07_HIGH_ACOFF_LIGHTOFF__RUN_20260913_171419__SESSION_002,S07_HIGH_ACOFF_LIGHTOFF__RUN_20260913_171419__SESSION_002__SEG_01,2026-09-13T09:24:14.084000Z,2026-09-13T09:24:43.225000Z,2,0,0,HIGH,2,0.4,0.6,0.7,0.3,5.0,4.0,0.2,421.0,471.5,40.884661617231906,32.86300000000001,0.00999999999999801,64.72166666666666,0.539999999999992,1004.2986666666668,-0.009999999999990905,5.533333333333331,0.9000000000000004,0.7417696557707267
S07_HIGH_ACOFF_LIGHTOFF__RUN_20260913_171419__SESSION_002__SEG_01__W_00585,S07_HIGH_ACOFF_LIGHTOFF,S07_HIGH_ACOFF_LIGHTOFF__RUN_20260913_171419__SESSION_002,S07_HIGH_ACOFF_LIGHTOFF__RUN_20260913_171419__SESSION_002__SEG_01,2026-09-13T09:24:19.109000Z,2026-09-13T09:24:48.062000Z,2,0,0,HIGH,2,0.43333333333333335,0.5333333333333333,0.7,0.26666666666666666,5.0,2.0,0.03333333333333333,496.0,496.0,0.0,32.86466666666667,0.00999999999999801,64.76833333333333,0.23000000000000398,1004.2973333333334,0.0,5.763333333333331,1.7000000000000002,0.8312574143361905
S08_HIGH_ACOFF_LIGHTON__RUN_20260913_171419__SESSION_004__SEG_01__W_00000,S08_HIGH_ACOFF_LIGHTON,S08_HIGH_ACOFF_LIGHTON__RUN_20260913_171419__SESSION_004,S08_HIGH_ACOFF_LIGHTON__RUN_20260913_171419__SESSION_004__SEG_01,2026-09-13T10:09:25.823000Z,2026-09-13T10:09:54.948000Z,2,0,1,HIGH,2,0.5,0.23333333333333334,0.6666666666666666,0.06666666666666667,4.0,4.0,0.2,424.0,483.0,55.104194234397646,32.57933333333334,0.00999999999999801,63.42966666666667,-0.3999999999999986,1004.3846666666668,0.0,39.22666666666668,0.0,0.14360439485691953
S08_HIGH_ACOFF_LIGHTON__RUN_20260913_171419__SESSION_004__SEG_01__W_00005,S08_HIGH_ACOFF_LIGHTON,S08_HIGH_ACOFF_LIGHTON__RUN_20260913_171419__SESSION_004,S08_HIGH_ACOFF_LIGHTON__RUN_20260913_171419__SESSION_004__SEG_01,2026-09-13T10:09:30.840000Z,2026-09-13T10:09:59.965000Z,2,0,1,HIGH,2,0.5,0.26666666666666666,0.6666666666666666,0.1,5.0,4.0,0.2,424.0,483.0,55.104194234397646,32.580000000000005,0.0,63.38933333333333,-0.1700000000000017,1004.3846666666668,0.0,39.17,0.0,0.16155494421403616
S08_HIGH_ACOFF_LIGHTON__RUN_20260913_171419__SESSION_004__SEG_01__W_00010,S08_HIGH_ACOFF_LIGHTON,S08_HIGH_ACOFF_LIGHTON__RUN_20260913_171419__SESSION_004,S08_HIGH_ACOFF_LIGHTON__RUN_20260913_171419__SESSION_004__SEG_01,2026-09-13T10:09:35.865000Z,2026-09-13T10:10:04.990000Z,2,0,1,HIGH,2,0.43333333333333335,0.3,0.6,0.13333333333333333,6.0,5.0,0.1,477.0,604.0,70.55179342550801,32.580000000000005,0.0,63.372,-0.14000000000000057,1004.3840000000001,-0.009999999999990905,39.17000000000001,0.0,0.16155494421403616
S08_HIGH_ACOFF_LIGHTON__RUN_20260913_171419__SESSION_004__SEG_01__W_00015,S08_HIGH_ACOFF_LIGHTON,S08_HIGH_ACOFF_LIGHTON__RUN_20260913_171419__SESSION_004,S08_HIGH_ACOFF_LIGHTON__RUN_20260913_171419__SESSION_004__SEG_01,2026-09-13T10:09:40.702000Z,2026-09-13T10:10:09.831000Z,2,0,1,HIGH,2,0.36666666666666664,0.43333333333333335,0.6333333333333333,0.16666666666666666,6.0,6.0,0.06666666666666667,604.0,623.0,19.0,32.580000000000005,0.0,63.356999999999985,-0.07000000000000028,1004.3823333333336,0.0,38.86000000000001,-3.4000000000000057,0.860464990571959
S08_HIGH_ACOFF_LIGHTON__RUN_20260913_171419__SESSION_004__SEG_01__W_00020,S08_HIGH_ACOFF_LIGHTON,S08_HIGH_ACOFF_LIGHTON__RUN_20260913_171419__SESSION_004,S08_HIGH_ACOFF_LIGHTON__RUN_20260913_171419__SESSION_004__SEG_01,2026-09-13T10:09:45.725000Z,2026-09-13T10:10:14.848000Z,2,0,1,HIGH,2,0.36666666666666664,0.5333333333333333,0.7,0.2,6.0,6.0,0.03333333333333333,642.0,642.0,0.0,32.580000000000005,0.0,63.36000000000001,-0.05999999999999517,1004.3816666666668,-0.009999999999990905,35.35666666666667,-21.700000000000003,8.460680954995421
S08_HIGH_ACOFF_LIGHTON__RUN_20260913_171419__SESSION_004__SEG_01__W_00025,S08_HIGH_ACOFF_LIGHTON,S08_HIGH_ACOFF_LIGHTON__RUN_20260913_171419__SESSION_004,S08_HIGH_ACOFF_LIGHTON__RUN_20260913_171419__SESSION_004__SEG_01,2026-09-13T10:09:50.928000Z,2026-09-13T10:10:20.051000Z,2,0,1,HIGH,2,0.4,0.4666666666666667,0.7,0.16666666666666666,7.0,6.0,0.1,543.0,593.0,40.41726803676314,32.580000000000005,0.0,63.35699999999999,-0.09000000000000341,1004.3796666666668,-0.009999999999990905,35.186666666666675,0.0,8.41006275574419
S08_HIGH_ACOFF_LIGHTON__RUN_20260913_171419__SESSION_004__SEG_01__W_00030,S08_HIGH_ACOFF_LIGHTON,S08_HIGH_ACOFF_LIGHTON__RUN_20260913_171419__SESSION_004,S08_HIGH_ACOFF_LIGHTON__RUN_20260913_171419__SESSION_004__SEG_01,2026-09-13T10:09:55.771000Z,2026-09-13T10:10:25.068000Z,2,0,1,HIGH,2,0.4,0.43333333333333335,0.6333333333333333,0.2,7.0,6.0,0.1,543.0,593.0,40.41726803676314,32.580000000000005,0.0,63.350333333333325,0.00999999999999801,1004.3779999999998,-0.009999999999990905,35.18666666666668,0.9000000000000057,8.410062755744192
S08_HIGH_ACOFF_LIGHTON__RUN_20260913_171419__SESSION_004__SEG_01__W_00035,S08_HIGH_ACOFF_LIGHTON,S08_HIGH_ACOFF_LIGHTON__RUN_20260913_171419__SESSION_004,S08_HIGH_ACOFF_LIGHTON__RUN_20260913_171419__SESSION_004__SEG_01,2026-09-13T10:10:00.970000Z,2026-09-13T10:10:30.093000Z,2,0,1,HIGH,2,0.3333333333333333,0.36666666666666664,0.5666666666666667,0.13333333333333333,6.0,5.0,0.1,543.0,593.0,40.41726803676314,32.580000000000005,0.0,63.351666666666674,0.020000000000003126,1004.377,-0.009999999999990905,35.216666666666676,0.0,8.422710701167148
S08_HIGH_ACOFF_LIGHTON__RUN_20260913_171419__SESSION_004__SEG_01__W_00040,S08_HIGH_ACOFF_LIGHTON,S08_HIGH_ACOFF_LIGHTON__RUN_20260913_171419__SESSION_004,S08_HIGH_ACOFF_LIGHTON__RUN_20260913_171419__SESSION_004__SEG_01,2026-09-13T10:10:05.813000Z,2026-09-13T10:10:35.118000Z,2,0,1,HIGH,2,0.23333333333333334,0.4,0.5333333333333333,0.1,5.0,4.0,0.16666666666666666,497.0,549.0,39.12237211622015,32.580000000000005,0.0,63.36466666666666,0.020000000000003126,1004.3753333333332,-0.009999999999990905,35.216666666666676,0.0,8.422710701167148
S08_HIGH_ACOFF_LIGHTON__RUN_20260913_171419__SESSION_004__SEG_01__W_00045,S08_HIGH_ACOFF_LIGHTON,S08_HIGH_ACOFF_LIGHTON__RUN_20260913_171419__SESSION_004,S08_HIGH_ACOFF_LIGHTON__RUN_20260913_171419__SESSION_004__SEG_01,2026-09-13T10:10:11.016000Z,2026-09-13T10:10:40.143000Z,2,0,1,HIGH,2,0.2,0.3333333333333333,0.4666666666666667,0.06666666666666667,4.0,5.0,0.16666666666666666,497.0,549.0,39.12237211622015,32.580000000000005,0.0,63.38133333333334,-0.00999999999999801,1004.3736666666664,-0.009999999999990905,35.52666666666667,27.500000000000004,8.513907576560968
S08_HIGH_ACOFF_LIGHTON__RUN_20260913_171419__SESSION_004__SEG_01__W_00050,S08_HIGH_ACOFF_LIGHTON,S08_HIGH_ACOFF_LIGHTON__RUN_20260913_171419__SESSION_004,S08_HIGH_ACOFF_LIGHTON__RUN_20260913_171419__SESSION_004__SEG_01,2026-09-13T10:10:16.033000Z,2026-09-13T10:10:45.168000Z,2,0,1,HIGH,2,0.16666666666666666,0.3,0.43333333333333335,0.03333333333333333,3.0,6.0,0.16666666666666666,497.0,549.0,39.12237211622015,32.58066666666667,0.010000000000005116,63.38933333333334,0.060000000000002274,1004.3733333333334,0.0,39.03000000000001,3.4000000000000057,0.6728793849321498
S08_HIGH_ACOFF_LIGHTON__RUN_20260913_171419__SESSION_004__SEG_01__W_00055,S08_HIGH_ACOFF_LIGHTON,S08_HIGH_ACOFF_LIGHTON__RUN_20260913_171419__SESSION_004,S08_HIGH_ACOFF_LIGHTON__RUN_20260913_171419__SESSION_004__SEG_01,2026-09-13T10:10:20.874000Z,2026-09-13T10:10:50.193000Z,2,0,1,HIGH,2,0.1,0.3,0.36666666666666664,0.03333333333333333,2.0,6.0,0.1,497.0,549.0,44.92957452131799,32.58200000000001,0.010000000000005116,63.40400000000002,0.14999999999999858,1004.3736666666668,0.009999999999990905,39.20000000000001,0.0,7.105427357601002e-15
S08_HIGH_ACOFF_LIGHTON__RUN_20260913_171419__SESSION_004__SEG_01__W_00060,S08_HIGH_ACOFF_LIGHTON,S08_HIGH_ACOFF_LIGHTON__RUN_20260913_171419__SESSION_004,S08_HIGH_ACOFF_LIGHTON__RUN_20260913_171419__SESSION_004__SEG_01,2026-09-13T10:10:26.073000Z,2026-09-13T10:10:55.030000Z,2,0,1,HIGH,2,0.2,0.3333333333333333,0.4666666666666667,0.06666666666666667,1.0,6.0,0.13333333333333333,218.0,523.0,149.3508871751353,32.58366666666667,0.010000000000005116,63.414666666666676,0.17999999999999972,1004.3753333333335,0.0,39.20000000000001,0.0,7.105427357601002e-15
S08_HIGH_ACOFF_LIGHTON__RUN_20260913_171419__SESSION_004__SEG_01__W_00065,S08_HIGH_ACOFF_LIGHTON,S08_HIGH_ACOFF_LIGHTON__RUN_20260913_171419__SESSION_004,S08_HIGH_ACOFF_LIGHTON__RUN_20260913_171419__SESSION_004__SEG_01,2026-09-13T10:10:31.098000Z,2026-09-13T10:11:00.045000Z,2,0,1,HIGH,2,0.23333333333333334,0.36666666666666664,0.5333333333333333,0.06666666666666667,2.0,7.0,0.13333333333333333,218.0,523.0,149.3508871751353,32.58500000000001,0.010000000000005116,63.42400000000001,0.03999999999999915,1004.3760000000002,0.009999999999990905,39.20000000000001,0.0,7.105427357601002e-15
S08_HIGH_ACOFF_LIGHTON__RUN_20260913_171419__SESSION_004__SEG_01__W_00070,S08_HIGH_ACOFF_LIGHTON,S08_HIGH_ACOFF_LIGHTON__RUN_20260913_171419__SESSION_004,S08_HIGH_ACOFF_LIGHTON__RUN_20260913_171419__SESSION_004__SEG_01,2026-09-13T10:10:36.123000Z,2026-09-13T10:11:05.060000Z,2,0,1,HIGH,2,0.26666666666666666,0.3,0.5,0.06666666666666667,3.0,5.0,0.03333333333333333,218.0,218.0,0.0,32.585666666666675,0.010000000000005116,63.43,0.0,1004.377666666667,0.009999999999990905,39.20000000000001,0.0,7.105427357601002e-15
S08_HIGH_ACOFF_LIGHTON__RUN_20260913_171419__SESSION_004__SEG_01__W_00075,S08_HIGH_ACOFF_LIGHTON,S08_HIGH_ACOFF_LIGHTON__RUN_20260913_171419__SESSION_004,S08_HIGH_ACOFF_LIGHTON__RUN_20260913_171419__SESSION_004__SEG_01,2026-09-13T10:10:41.148000Z,2026-09-13T10:11:10.075000Z,2,0,1,HIGH,2,0.3333333333333333,0.26666666666666666,0.5,0.1,4.0,5.0,0.03333333333333333,218.0,218.0,0.0,32.58733333333334,0.010000000000005116,63.43666666666668,0.020000000000003126,1004.3793333333335,0.009999999999990905,39.20000000000001,0.0,7.105427357601002e-15
S08_HIGH_ACOFF_LIGHTON__RUN_20260913_171419__SESSION_004__SEG_01__W_00080,S08_HIGH_ACOFF_LIGHTON,S08_HIGH_ACOFF_LIGHTON__RUN_20260913_171419__SESSION_004,S08_HIGH_ACOFF_LIGHTON__RUN_20260913_171419__SESSION_004__SEG_01,2026-09-13T10:10:46.173000Z,2026-09-13T10:11:15.090000Z,2,0,1,HIGH,2,0.3333333333333333,0.2,0.43333333333333335,0.1,4.0,5.0,0.03333333333333333,218.0,218.0,0.0,32.588333333333345,0.0,63.444,0.12000000000000455,1004.3803333333334,0.009999999999990905,39.20000000000001,0.0,7.105427357601002e-15
S08_HIGH_ACOFF_LIGHTON__RUN_20260913_171419__SESSION_004__SEG_01__W_00085,S08_HIGH_ACOFF_LIGHTON,S08_HIGH_ACOFF_LIGHTON__RUN_20260913_171419__SESSION_004,S08_HIGH_ACOFF_LIGHTON__RUN_20260913_171419__SESSION_004__SEG_01,2026-09-13T10:10:51.198000Z,2026-09-13T10:11:20.105000Z,2,0,1,HIGH,2,0.3333333333333333,0.16666666666666666,0.4,0.1,3.0,4.0,0.03333333333333333,218.0,218.0,0.0,32.588666666666676,0.0,63.448666666666675,0.060000000000002274,1004.3819999999998,0.009999999999990905,39.20000000000001,0.0,7.105427357601002e-15
S08_HIGH_ACOFF_LIGHTON__RUN_20260913_171419__SESSION_004__SEG_01__W_00090,S08_HIGH_ACOFF_LIGHTON,S08_HIGH_ACOFF_LIGHTON__RUN_20260913_171419__SESSION_004,S08_HIGH_ACOFF_LIGHTON__RUN_20260913_171419__SESSION_004__SEG_01,2026-09-13T10:10:56.033000Z,2026-09-13T10:11:25.122000Z,2,0,1,HIGH,2,0.23333333333333334,0.2,0.3333333333333333,0.1,4.0,4.0,0.0,2000.0,2000.0,0.0,32.588666666666676,0.0,63.46233333333334,0.060000000000002274,1004.3839999999999,0.01999999999998181,39.20000000000001,0.0,7.105427357601002e-15
S08_HIGH_ACOFF_LIGHTON__RUN_20260913_171419__SESSION_004__SEG_01__W_00095,S08_HIGH_ACOFF_LIGHTON,S08_HIGH_ACOFF_LIGHTON__RUN_20260913_171419__SESSION_004,S08_HIGH_ACOFF_LIGHTON__RUN_20260913_171419__SESSION_004__SEG_01,2026-09-13T10:11:01.048000Z,2026-09-13T10:11:30.327000Z,2,0,1,HIGH,2,0.23333333333333334,0.16666666666666666,0.3,0.1,4.0,3.0,0.13333333333333333,392.0,470.5,74.7775868827017,32.58900000000001,0.010000000000005116,63.477333333333334,0.10000000000000142,1004.3866666666668,0.009999999999990905,39.20000000000001,0.0,7.105427357601002e-15
S08_HIGH_ACOFF_LIGHTON__RUN_20260913_171419__SESSION_004__SEG_01__W_00100,S08_HIGH_ACOFF_LIGHTON,S08_HIGH_ACOFF_LIGHTON__RUN_20260913_171419__SESSION_004,S08_HIGH_ACOFF_LIGHTON__RUN_20260913_171419__SESSION_004__SEG_01,2026-09-13T10:11:06.063000Z,2026-09-13T10:11:35.164000Z,2,0,1,HIGH,2,0.2,0.23333333333333334,0.3333333333333333,0.1,2.0,3.0,0.13333333333333333,392.0,470.5,74.7775868827017,32.59000000000001,0.0,63.49099999999999,0.1700000000000017,1004.3883333333331,0.009999999999990905,39.20000000000001,0.0,7.105427357601002e-15
S08_HIGH_ACOFF_LIGHTON__RUN_20260913_171419__SESSION_004__SEG_01__W_00105,S08_HIGH_ACOFF_LIGHTON,S08_HIGH_ACOFF_LIGHTON__RUN_20260913_171419__SESSION_004,S08_HIGH_ACOFF_LIGHTON__RUN_20260913_171419__SESSION_004__SEG_01,2026-09-13T10:11:11.078000Z,2026-09-13T10:11:40.179000Z,2,0,1,HIGH,2,0.13333333333333333,0.3,0.36666666666666664,0.06666666666666667,2.0,4.0,0.13333333333333333,392.0,470.5,74.7775868827017,32.59000000000001,0.0,63.504999999999995,0.060000000000002274,1004.3910000000001,0.01999999999998181,39.14,0.0,0.22449944320643792
S08_HIGH_ACOFF_LIGHTON__RUN_20260913_171419__SESSION_004__SEG_01__W_00110,S08_HIGH_ACOFF_LIGHTON,S08_HIGH_ACOFF_LIGHTON__RUN_20260913_171419__SESSION_004,S08_HIGH_ACOFF_LIGHTON__RUN_20260913_171419__SESSION_004__SEG_01,2026-09-13T10:11:16.093000Z,2026-09-13T10:11:45.194000Z,2,0,1,HIGH,2,0.13333333333333333,0.4,0.4666666666666667,0.06666666666666667,2.0,5.0,0.13333333333333333,392.0,470.5,74.7775868827017,32.59000000000001,0.0,63.520666666666656,0.05999999999999517,1004.3933333333335,0.0,39.080000000000005,0.0,0.305941170815569
S08_HIGH_ACOFF_LIGHTON__RUN_20260913_171419__SESSION_004__SEG_01__W_00115,S08_HIGH_ACOFF_LIGHTON,S08_HIGH_ACOFF_LIGHTON__RUN_20260913_171419__SESSION_004,S08_HIGH_ACOFF_LIGHTON__RUN_20260913_171419__SESSION_004__SEG_01,2026-09-13T10:11:21.108000Z,2026-09-13T10:11:50.391000Z,2,0,1,HIGH,2,0.13333333333333333,0.5,0.5666666666666667,0.06666666666666667,2.0,6.0,0.13333333333333333,392.0,470.5,74.7775868827017,32.59000000000001,0.0,63.53599999999999,0.00999999999999801,1004.3943333333334,0.009999999999990905,39.02,-0.9000000000000057,0.3600000000000023
S08_HIGH_ACOFF_LIGHTON__RUN_20260913_171419__SESSION_004__SEG_01__W_00120,S08_HIGH_ACOFF_LIGHTON,S08_HIGH_ACOFF_LIGHTON__RUN_20260913_171419__SESSION_004,S08_HIGH_ACOFF_LIGHTON__RUN_20260913_171419__SESSION_004__SEG_01,2026-09-13T10:11:26.307000Z,2026-09-13T10:11:55.226000Z,2,0,1,HIGH,2,0.06666666666666667,0.4,0.4666666666666667,0.0,1.0,5.0,0.13333333333333333,392.0,470.5,74.7775868827017,32.59000000000001,0.0,63.53999999999999,-0.00999999999999801,1004.395666666667,0.0,38.87,-0.9000000000000057,0.4337049688440316
S08_HIGH_ACOFF_LIGHTON__RUN_20260913_171419__SESSION_004__SEG_01__W_00125,S08_HIGH_ACOFF_LIGHTON,S08_HIGH_ACOFF_LIGHTON__RUN_20260913_171419__SESSION_004,S08_HIGH_ACOFF_LIGHTON__RUN_20260913_171419__SESSION_004__SEG_01,2026-09-13T10:11:31.332000Z,2026-09-13T10:12:00.241000Z,2,0,1,HIGH,2,0.0,0.4,0.4,0.0,0.0,5.0,0.0,2000.0,2000.0,0.0,32.59000000000001,0.0,63.54366666666667,0.05999999999999517,1004.396666666667,0.009999999999990905,38.71999999999999,-0.9000000000000057,0.4489988864128759
S08_HIGH_ACOFF_LIGHTON__RUN_20260913_171419__SESSION_004__SEG_01__W_00130,S08_HIGH_ACOFF_LIGHTON,S08_HIGH_ACOFF_LIGHTON__RUN_20260913_171419__SESSION_004,S08_HIGH_ACOFF_LIGHTON__RUN_20260913_171419__SESSION_004__SEG_01,2026-09-13T10:11:36.167000Z,2026-09-13T10:12:05.256000Z,2,0,1,HIGH,2,0.0,0.43333333333333335,0.43333333333333335,0.0,0.0,4.0,0.0,2000.0,2000.0,0.0,32.59000000000001,0.0,63.547999999999995,0.0,1004.3973333333332,0.0,38.569999999999986,0.0,0.4124318125460283
S08_HIGH_ACOFF_LIGHTON__RUN_20260913_171419__SESSION_004__SEG_01__W_00135,S08_HIGH_ACOFF_LIGHTON,S08_HIGH_ACOFF_LIGHTON__RUN_20260913_171419__SESSION_004,S08_HIGH_ACOFF_LIGHTON__RUN_20260913_171419__SESSION_004__SEG_01,2026-09-13T10:11:41.182000Z,2026-09-13T10:12:10.457000Z,2,0,1,HIGH,2,0.0,0.4,0.4,0.0,0.0,4.0,0.03333333333333333,519.0,519.0,0.0,32.59000000000001,0.0,63.551,0.020000000000003126,1004.3963333333332,-0.009999999999990905,38.426666666666655,-1.7000000000000028,0.43430659933073046
S08_HIGH_ACOFF_LIGHTON__RUN_20260913_171419__SESSION_004__SEG_01__W_00140,S08_HIGH_ACOFF_LIGHTON,S08_HIGH_ACOFF_LIGHTON__RUN_20260913_171419__SESSION_004,S08_HIGH_ACOFF_LIGHTON__RUN_20260913_171419__SESSION_004__SEG_01,2026-09-13T10:11:46.197000Z,2026-09-13T10:12:15.292000Z,2,0,1,HIGH,2,0.06666666666666667,0.3,0.3333333333333333,0.03333333333333333,1.0,4.0,0.03333333333333333,519.0,519.0,0.0,32.59000000000001,0.0,63.56333333333335,0.11999999999999744,1004.395,0.0,38.09666666666667,-1.5999999999999943,0.6670748750244515
S08_HIGH_ACOFF_LIGHTON__RUN_20260913_171419__SESSION_004__SEG_01__W_00145,S08_HIGH_ACOFF_LIGHTON,S08_HIGH_ACOFF_LIGHTON__RUN_20260913_171419__SESSION_004,S08_HIGH_ACOFF_LIGHTON__RUN_20260913_171419__SESSION_004__SEG_01,2026-09-13T10:11:51.214000Z,2026-09-13T10:12:20.489000Z,2,0,1,HIGH,2,0.1,0.23333333333333334,0.26666666666666666,0.06666666666666667,2.0,4.0,0.06666666666666667,519.0,641.5,122.5,32.59000000000001,0.0,63.58766666666668,0.17999999999999972,1004.3939999999999,-0.009999999999990905,37.76666666666667,-0.7999999999999972,0.6953815898882801
S08_HIGH_ACOFF_LIGHTON__RUN_20260913_171419__SESSION_004__SEG_01__W_00150,S08_HIGH_ACOFF_LIGHTON,S08_HIGH_ACOFF_LIGHTON__RUN_20260913_171419__SESSION_004,S08_HIGH_ACOFF_LIGHTON__RUN_20260913_171419__SESSION_004__SEG_01,2026-09-13T10:11:56.229000Z,2026-09-13T10:12:25.508000Z,2,0,1,HIGH,2,0.16666666666666666,0.3333333333333333,0.43333333333333335,0.06666666666666667,3.0,5.0,0.1,519.0,764.0,175.72769338445838,32.59000000000001,0.0,63.61733333333334,0.20999999999999375,1004.3923333333332,-0.009999999999990905,37.74333333333333,0.9000000000000057,0.8487965336613678
S08_HIGH_ACOFF_LIGHTON__RUN_20260913_171419__SESSION_004__SEG_01__W_00155,S08_HIGH_ACOFF_LIGHTON,S08_HIGH_ACOFF_LIGHTON__RUN_20260913_171419__SESSION_004,S08_HIGH_ACOFF_LIGHTON__RUN_20260913_171419__SESSION_004__SEG_01,2026-09-13T10:12:01.244000Z,2026-09-13T10:12:30.343000Z,2,0,1,HIGH,2,0.2,0.4,0.5333333333333333,0.06666666666666667,4.0,6.0,0.1,519.0,764.0,175.72769338445838,32.59000000000001,0.0,63.64266666666667,0.020000000000003126,1004.39,-0.01999999999998181,37.89333333333334,0.9000000000000057,0.9999777775308584
S08_HIGH_ACOFF_LIGHTON__RUN_20260913_171419__SESSION_004__SEG_01__W_00160,S08_HIGH_ACOFF_LIGHTON,S08_HIGH_ACOFF_LIGHTON__RUN_20260913_171419__SESSION_004,S08_HIGH_ACOFF_LIGHTON__RUN_20260913_171419__SESSION_004__SEG_01,2026-09-13T10:12:06.259000Z,2026-09-13T10:12:35.540000Z,2,0,1,HIGH,2,0.23333333333333334,0.3,0.4666666666666667,0.06666666666666667,5.0,5.0,0.1,519.0,764.0,175.72769338445838,32.59000000000001,0.0,63.65166666666667,0.09000000000000341,1004.3876666666669,-0.009999999999990905,38.043333333333344,0.9000000000000057,1.1110605544053647
S08_HIGH_ACOFF_LIGHTON__RUN_20260913_171419__SESSION_004__SEG_01__W_00165,S08_HIGH_ACOFF_LIGHTON,S08_HIGH_ACOFF_LIGHTON__RUN_20260913_171419__SESSION_004,S08_HIGH_ACOFF_LIGHTON__RUN_20260913_171419__SESSION_004__SEG_01,2026-09-13T10:12:11.280000Z,2026-09-13T10:12:40.377000Z,2,0,1,HIGH,2,0.3,0.23333333333333334,0.4666666666666667,0.06666666666666667,5.0,4.0,0.06666666666666667,764.0,856.0,92.0,32.59000000000001,0.0,63.666333333333334,0.12999999999999545,1004.3876666666666,0.0,38.24666666666668,1.7000000000000028,1.1789072152727813
S08_HIGH_ACOFF_LIGHTON__RUN_20260913_171419__SESSION_004__SEG_01__W_00170,S08_HIGH_ACOFF_LIGHTON,S08_HIGH_ACOFF_LIGHTON__RUN_20260913_171419__SESSION_004,S08_HIGH_ACOFF_LIGHTON__RUN_20260913_171419__SESSION_004__SEG_01,2026-09-13T10:12:16.295000Z,2026-09-13T10:12:45.392000Z,2,0,1,HIGH,2,0.23333333333333334,0.2,0.4,0.03333333333333333,5.0,3.0,0.06666666666666667,764.0,856.0,92.0,32.59000000000001,0.0,63.662,0.03999999999999915,1004.3866666666668,0.0,38.63666666666668,2.5,1.0255025868107586
S08_HIGH_ACOFF_LIGHTON__RUN_20260913_171419__SESSION_004__SEG_01__W_00175,S08_HIGH_ACOFF_LIGHTON,S08_HIGH_ACOFF_LIGHTON__RUN_20260913_171419__SESSION_004,S08_HIGH_ACOFF_LIGHTON__RUN_20260913_171419__SESSION_004__SEG_01,2026-09-13T10:12:21.312000Z,2026-09-13T10:12:50.407000Z,2,0,1,HIGH,2,0.3,0.16666666666666666,0.4666666666666667,0.0,5.0,2.0,0.03333333333333333,948.0,948.0,0.0,32.59000000000001,0.0,63.65,-0.0800000000000054,1004.386,-0.009999999999990905,39.02666666666668,0.9000000000000057,0.6397568982737826
S08_HIGH_ACOFF_LIGHTON__RUN_20260913_171419__SESSION_004__SEG_01__W_00180,S08_HIGH_ACOFF_LIGHTON,S08_HIGH_ACOFF_LIGHTON__RUN_20260913_171419__SESSION_004,S08_HIGH_ACOFF_LIGHTON__RUN_20260913_171419__SESSION_004__SEG_01,2026-09-13T10:12:26.331000Z,2026-09-13T10:12:55.422000Z,2,0,1,HIGH,2,0.3,0.06666666666666667,0.36666666666666664,0.0,5.0,0.0,0.0,2000.0,2000.0,0.0,32.58933333333334,-0.010000000000005116,63.651,0.00999999999999801,1004.3843333333335,-0.009999999999990905,39.20000000000001,0.0,7.105427357601002e-15
S08_HIGH_ACOFF_LIGHTON__RUN_20260913_171419__SESSION_004__SEG_01__W_00185,S08_HIGH_ACOFF_LIGHTON,S08_HIGH_ACOFF_LIGHTON__RUN_20260913_171419__SESSION_004,S08_HIGH_ACOFF_LIGHTON__RUN_20260913_171419__SESSION_004__SEG_01,2026-09-13T10:12:31.346000Z,2026-09-13T10:13:00.625000Z,2,0,1,HIGH,2,0.4,0.06666666666666667,0.43333333333333335,0.03333333333333333,6.0,1.0,0.03333333333333333,270.0,270.0,0.0,32.58766666666668,-0.010000000000005116,63.64266666666667,0.09000000000000341,1004.3843333333334,0.009999999999990905,39.20000000000001,0.0,7.105427357601002e-15
S08_HIGH_ACOFF_LIGHTON__RUN_20260913_171419__SESSION_004__SEG_01__W_00190,S08_HIGH_ACOFF_LIGHTON,S08_HIGH_ACOFF_LIGHTON__RUN_20260913_171419__SESSION_004,S08_HIGH_ACOFF_LIGHTON__RUN_20260913_171419__SESSION_004__SEG_01,2026-09-13T10:12:36.363000Z,2026-09-13T10:13:05.650000Z,2,0,1,HIGH,2,0.4666666666666667,0.2,0.5333333333333333,0.13333333333333333,5.0,1.0,0.2,267.0,280.5,8.595864638818417,32.58600000000001,-0.010000000000005116,63.654999999999994,0.11999999999999744,1004.3853333333333,0.0,39.20000000000001,0.0,7.105427357601002e-15
S08_HIGH_ACOFF_LIGHTON__RUN_20260913_171419__SESSION_004__SEG_01__W_00195,S08_HIGH_ACOFF_LIGHTON,S08_HIGH_ACOFF_LIGHTON__RUN_20260913_171419__SESSION_004,S08_HIGH_ACOFF_LIGHTON__RUN_20260913_171419__SESSION_004__SEG_01,2026-09-13T10:12:41.380000Z,2026-09-13T10:13:10.675000Z,2,0,1,HIGH,2,0.5333333333333333,0.26666666666666666,0.6,0.2,6.0,2.0,0.23333333333333334,267.0,283.0,8.516490606165075,32.58433333333334,-0.010000000000005116,63.68933333333332,0.1600000000000037,1004.3843333333334,-0.009999999999990905,39.14,-0.9000000000000057,0.22449944320643792
S08_HIGH_ACOFF_LIGHTON__RUN_20260913_171419__SESSION_004__SEG_01__W_00200,S08_HIGH_ACOFF_LIGHTON,S08_HIGH_ACOFF_LIGHTON__RUN_20260913_171419__SESSION_004,S08_HIGH_ACOFF_LIGHTON__RUN_20260913_171419__SESSION_004__SEG_01,2026-09-13T10:12:46.395000Z,2026-09-13T10:13:15.700000Z,2,0,1,HIGH,2,0.5666666666666667,0.43333333333333335,0.7666666666666667,0.23333333333333334,7.0,3.0,0.36666666666666664,242.0,283.0,27.07931417518448,32.582666666666675,-0.010000000000005116,63.72333333333332,0.23999999999999488,1004.3853333333333,0.0,39.11000000000001,0.0,0.2700000000000017
S08_HIGH_ACOFF_LIGHTON__RUN_20260913_171419__SESSION_004__SEG_01__W_00205,S08_HIGH_ACOFF_LIGHTON,S08_HIGH_ACOFF_LIGHTON__RUN_20260913_171419__SESSION_004,S08_HIGH_ACOFF_LIGHTON__RUN_20260913_171419__SESSION_004__SEG_01,2026-09-13T10:12:51.410000Z,2026-09-13T10:13:20.725000Z,2,0,1,HIGH,2,0.5666666666666667,0.5333333333333333,0.8,0.3,7.0,3.0,0.4,242.0,281.0,25.946927670835244,32.58166666666668,0.0,63.769333333333336,0.11999999999999744,1004.386,0.009999999999990905,39.11000000000001,0.0,0.2700000000000017
S08_HIGH_ACOFF_LIGHTON__RUN_20260913_171419__SESSION_004__SEG_01__W_00210,S08_HIGH_ACOFF_LIGHTON,S08_HIGH_ACOFF_LIGHTON__RUN_20260913_171419__SESSION_004,S08_HIGH_ACOFF_LIGHTON__RUN_20260913_171419__SESSION_004__SEG_01,2026-09-13T10:12:56.425000Z,2026-09-13T10:13:25.564000Z,2,0,1,HIGH,2,0.5666666666666667,0.5333333333333333,0.8,0.3,6.0,3.0,0.4,242.0,281.0,25.946927670835244,32.582333333333345,0.010000000000005116,63.79233333333331,0.20000000000000284,1004.3876666666666,0.009999999999990905,39.11000000000001,0.0,0.2700000000000017
S08_HIGH_ACOFF_LIGHTON__RUN_20260913_171419__SESSION_004__SEG_01__W_00215,S08_HIGH_ACOFF_LIGHTON,S08_HIGH_ACOFF_LIGHTON__RUN_20260913_171419__SESSION_004,S08_HIGH_ACOFF_LIGHTON__RUN_20260913_171419__SESSION_004__SEG_01,2026-09-13T10:13:01.630000Z,2026-09-13T10:13:30.579000Z,2,0,1,HIGH,2,0.5,0.4666666666666667,0.7,0.26666666666666666,5.0,2.0,0.36666666666666664,242.0,283.0,26.817103214057042,32.58400000000001,0.010000000000005116,63.81433333333332,0.12000000000000455,1004.3883333333331,0.0,39.11000000000001,0.0,0.2700000000000017
S08_HIGH_ACOFF_LIGHTON__RUN_20260913_171419__SESSION_004__SEG_01__W_00220,S08_HIGH_ACOFF_LIGHTON,S08_HIGH_ACOFF_LIGHTON__RUN_20260913_171419__SESSION_004,S08_HIGH_ACOFF_LIGHTON__RUN_20260913_171419__SESSION_004__SEG_01,2026-09-13T10:13:06.655000Z,2026-09-13T10:13:35.594000Z,2,0,1,HIGH,2,0.5666666666666667,0.3333333333333333,0.7333333333333333,0.16666666666666666,5.0,2.0,0.2,242.0,281.0,35.405978779484876,32.586333333333336,0.020000000000003126,63.81966666666666,-0.11999999999999744,1004.3889999999999,0.0,39.11000000000001,0.9000000000000057,0.2700000000000017
S08_HIGH_ACOFF_LIGHTON__RUN_20260913_171419__SESSION_004__SEG_01__W_00225,S08_HIGH_ACOFF_LIGHTON,S08_HIGH_ACOFF_LIGHTON__RUN_20260913_171419__SESSION_004,S08_HIGH_ACOFF_LIGHTON__RUN_20260913_171419__SESSION_004__SEG_01,2026-09-13T10:13:11.680000Z,2026-09-13T10:13:40.609000Z,2,0,1,HIGH,2,0.4666666666666667,0.26666666666666666,0.6333333333333333,0.1,5.0,0.0,0.16666666666666666,242.0,279.0,38.76596445337069,32.58966666666667,0.020000000000003126,63.805,-0.04999999999999716,1004.3899999999999,0.0,39.17000000000001,0.9000000000000057,0.16155494421403616
S08_HIGH_ACOFF_LIGHTON__RUN_20260913_171419__SESSION_004__SEG_01__W_00230,S08_HIGH_ACOFF_LIGHTON,S08_HIGH_ACOFF_LIGHTON__RUN_20260913_171419__SESSION_004,S08_HIGH_ACOFF_LIGHTON__RUN_20260913_171419__SESSION_004__SEG_01,2026-09-13T10:13:16.705000Z,2026-09-13T10:13:45.806000Z,2,0,1,HIGH,2,0.4666666666666667,0.1,0.5,0.06666666666666667,5.0,0.0,0.06666666666666667,279.0,308.5,29.5,32.593,0.020000000000003126,63.79899999999999,-0.21999999999999886,1004.3899999999999,0.0,39.20000000000001,0.0,7.105427357601002e-15
S08_HIGH_ACOFF_LIGHTON__RUN_20260913_171419__SESSION_004__SEG_01__W_00235,S08_HIGH_ACOFF_LIGHTON,S08_HIGH_ACOFF_LIGHTON__RUN_20260913_171419__SESSION_004,S08_HIGH_ACOFF_LIGHTON__RUN_20260913_171419__SESSION_004__SEG_01,2026-09-13T10:13:21.548000Z,2026-09-13T10:13:50.645000Z,2,0,1,HIGH,2,0.4,0.06666666666666667,0.4666666666666667,0.0,5.0,1.0,0.06666666666666667,338.0,397.0,59.0,32.59566666666667,0.00999999999999801,63.77333333333333,-0.11999999999999744,1004.3899999999999,0.0,39.20000000000001,0.0,7.105427357601002e-15
S08_HIGH_ACOFF_LIGHTON__RUN_20260913_171419__SESSION_004__SEG_01__W_00240,S08_HIGH_ACOFF_LIGHTON,S08_HIGH_ACOFF_LIGHTON__RUN_20260913_171419__SESSION_004,S08_HIGH_ACOFF_LIGHTON__RUN_20260913_171419__SESSION_004__SEG_01,2026-09-13T10:13:26.567000Z,2026-09-13T10:13:55.660000Z,2,0,1,HIGH,2,0.36666666666666664,0.16666666666666666,0.5,0.03333333333333333,5.0,2.0,0.06666666666666667,338.0,397.0,59.0,32.59733333333334,0.00999999999999801,63.75966666666666,-0.09000000000000341,1004.3899999999999,0.0,39.17,0.0,0.16155494421403616
S08_HIGH_ACOFF_LIGHTON__RUN_20260913_171419__SESSION_004__SEG_01__W_00245,S08_HIGH_ACOFF_LIGHTON,S08_HIGH_ACOFF_LIGHTON__RUN_20260913_171419__SESSION_004,S08_HIGH_ACOFF_LIGHTON__RUN_20260913_171419__SESSION_004__SEG_01,2026-09-13T10:13:31.582000Z,2026-09-13T10:14:00.675000Z,2,0,1,HIGH,2,0.3,0.2,0.4666666666666667,0.03333333333333333,4.0,3.0,0.06666666666666667,338.0,397.0,59.0,32.599000000000004,0.00999999999999801,63.768999999999984,0.11999999999999744,1004.3899999999999,0.0,39.05,-0.9000000000000057,0.33541019662497057
S08_HIGH_ACOFF_LIGHTON__RUN_20260913_171419__SESSION_004__SEG_01__W_00250,S08_HIGH_ACOFF_LIGHTON,S08_HIGH_ACOFF_LIGHTON__RUN_20260913_171419__SESSION_004,S08_HIGH_ACOFF_LIGHTON__RUN_20260913_171419__SESSION_004__SEG_01,2026-09-13T10:13:36.597000Z,2026-09-13T10:14:05.872000Z,2,0,1,HIGH,2,0.2,0.26666666666666666,0.4,0.06666666666666667,6.0,3.0,0.06666666666666667,338.0,397.0,59.0,32.60000000000001,0.0,63.78566666666666,0.1600000000000037,1004.3899999999999,0.0,39.02,0.0,0.3600000000000023
S08_HIGH_ACOFF_LIGHTON__RUN_20260913_171419__SESSION_004__SEG_01__W_00255,S08_HIGH_ACOFF_LIGHTON,S08_HIGH_ACOFF_LIGHTON__RUN_20260913_171419__SESSION_004,S08_HIGH_ACOFF_LIGHTON__RUN_20260913_171419__SESSION_004__SEG_01,2026-09-13T10:13:41.612000Z,2026-09-13T10:14:10.893000Z,2,0,1,HIGH,2,0.16666666666666666,0.3333333333333333,0.43333333333333335,0.06666666666666667,5.0,4.0,0.13333333333333333,338.0,452.0,86.04177764318912,32.60000000000001,0.0,63.79600000000001,-0.030000000000001137,1004.3916666666669,0.009999999999990905,38.99,-0.9000000000000057,0.380657326213488
S08_HIGH_ACOFF_LIGHTON__RUN_20260913_171419__SESSION_004__SEG_01__W_00260,S08_HIGH_ACOFF_LIGHTON,S08_HIGH_ACOFF_LIGHTON__RUN_20260913_171419__SESSION_004,S08_HIGH_ACOFF_LIGHTON__RUN_20260913_171419__SESSION_004__SEG_01,2026-09-13T10:13:46.811000Z,2026-09-13T10:14:15.912000Z,2,0,1,HIGH,2,0.13333333333333333,0.4,0.4666666666666667,0.06666666666666667,4.0,6.0,0.16666666666666666,406.0,448.0,62.67886406118094,32.59900000000001,0.0,63.80899999999999,0.1700000000000017,1004.3923333333335,0.009999999999990905,38.99,0.0,0.380657326213488
S08_HIGH_ACOFF_LIGHTON__RUN_20260913_171419__SESSION_004__SEG_01__W_00265,S08_HIGH_ACOFF_LIGHTON,S08_HIGH_ACOFF_LIGHTON__RUN_20260913_171419__SESSION_004,S08_HIGH_ACOFF_LIGHTON__RUN_20260913_171419__SESSION_004__SEG_01,2026-09-13T10:13:51.648000Z,2026-09-13T10:14:20.747000Z,2,0,1,HIGH,2,0.23333333333333334,0.36666666666666664,0.5,0.1,4.0,6.0,0.13333333333333333,406.0,432.0,70.01205253383164,32.59900000000001,0.0,63.84000000000001,0.1599999999999966,1004.3940000000002,0.009999999999990905,38.99000000000001,0.9000000000000057,0.3806573262134881
S08_HIGH_ACOFF_LIGHTON__RUN_20260913_171419__SESSION_004__SEG_01__W_00270,S08_HIGH_ACOFF_LIGHTON,S08_HIGH_ACOFF_LIGHTON__RUN_20260913_171419__SESSION_004,S08_HIGH_ACOFF_LIGHTON__RUN_20260913_171419__SESSION_004__SEG_01,2026-09-13T10:13:56.663000Z,2026-09-13T10:14:25.762000Z,2,0,1,HIGH,2,0.23333333333333334,0.26666666666666666,0.43333333333333335,0.06666666666666667,4.0,5.0,0.13333333333333333,406.0,432.0,70.01205253383164,32.59900000000001,0.0,63.86500000000001,-0.00999999999999801,1004.395666666667,0.009999999999990905,39.02000000000001,0.0,0.36000000000000226
S08_HIGH_ACOFF_LIGHTON__RUN_20260913_171419__SESSION_004__SEG_01__W_00275,S08_HIGH_ACOFF_LIGHTON,S08_HIGH_ACOFF_LIGHTON__RUN_20260913_171419__SESSION_004,S08_HIGH_ACOFF_LIGHTON__RUN_20260913_171419__SESSION_004__SEG_01,2026-09-13T10:14:01.678000Z,2026-09-13T10:14:30.777000Z,2,0,1,HIGH,2,0.3,0.23333333333333334,0.4666666666666667,0.06666666666666667,6.0,4.0,0.13333333333333333,406.0,432.0,70.01205253383164,32.598666666666674,-0.00999999999999801,63.873,0.12999999999999545,1004.3970000000003,0.0,39.14000000000001,0.9000000000000057,0.2244994432064379
S08_HIGH_ACOFF_LIGHTON__RUN_20260913_171419__SESSION_004__SEG_01__W_00280,S08_HIGH_ACOFF_LIGHTON,S08_HIGH_ACOFF_LIGHTON__RUN_20260913_171419__SESSION_004,S08_HIGH_ACOFF_LIGHTON__RUN_20260913_171419__SESSION_004__SEG_01,2026-09-13T10:14:06.877000Z,2026-09-13T10:14:35.796000Z,2,0,1,HIGH,2,0.26666666666666666,0.2,0.43333333333333335,0.03333333333333333,5.0,5.0,0.16666666666666666,406.0,426.0,64.32293525640756,32.598000000000006,-0.00999999999999801,63.876333333333335,-0.020000000000003126,1004.398,-0.009999999999990905,39.14000000000001,0.0,0.2244994432064379
S08_HIGH_ACOFF_LIGHTON__RUN_20260913_171419__SESSION_004__SEG_01__W_00285,S08_HIGH_ACOFF_LIGHTON,S08_HIGH_ACOFF_LIGHTON__RUN_20260913_171419__SESSION_004,S08_HIGH_ACOFF_LIGHTON__RUN_20260913_171419__SESSION_004__SEG_01,2026-09-13T10:14:11.716000Z,2026-09-13T10:14:40.995000Z,2,0,1,HIGH,2,0.3,0.2,0.4666666666666667,0.03333333333333333,6.0,5.0,0.13333333333333333,294.0,411.0,53.298686662993866,32.59633333333334,0.0,63.89666666666666,0.060000000000002274,1004.398,0.009999999999990905,39.17000000000001,0.0,0.16155494421403616
S08_HIGH_ACOFF_LIGHTON__RUN_20260913_171419__SESSION_004__SEG_01__W_00290,S08_HIGH_ACOFF_LIGHTON,S08_HIGH_ACOFF_LIGHTON__RUN_20260913_171419__SESSION_004,S08_HIGH_ACOFF_LIGHTON__RUN_20260913_171419__SESSION_004__SEG_01,2026-09-13T10:14:16.735000Z,2026-09-13T10:14:45.830000Z,2,0,1,HIGH,2,0.36666666666666664,0.2,0.4666666666666667,0.1,6.0,4.0,0.06666666666666667,294.0,360.0,66.0,32.59566666666667,-0.00999999999999801,63.91366666666668,0.04999999999999716,1004.3990000000002,0.0,39.17000000000001,0.0,0.16155494421403616
S08_HIGH_ACOFF_LIGHTON__RUN_20260913_171419__SESSION_004__SEG_01__W_00295,S08_HIGH_ACOFF_LIGHTON,S08_HIGH_ACOFF_LIGHTON__RUN_20260913_171419__SESSION_004,S08_HIGH_ACOFF_LIGHTON__RUN_20260913_171419__SESSION_004__SEG_01,2026-09-13T10:14:21.750000Z,2026-09-13T10:14:50.845000Z,2,0,1,HIGH,2,0.3,0.16666666666666666,0.4,0.06666666666666667,8.0,3.0,0.06666666666666667,294.0,360.0,66.0,32.59400000000001,-0.00999999999999801,63.914666666666676,-0.030000000000001137,1004.3990000000002,0.0,39.17000000000001,0.0,0.16155494421403616
S08_HIGH_ACOFF_LIGHTON__RUN_20260913_171419__SESSION_004__SEG_01__W_00300,S08_HIGH_ACOFF_LIGHTON,S08_HIGH_ACOFF_LIGHTON__RUN_20260913_171419__SESSION_004,S08_HIGH_ACOFF_LIGHTON__RUN_20260913_171419__SESSION_004__SEG_01,2026-09-13T10:14:26.765000Z,2026-09-13T10:14:56.042000Z,2,0,1,HIGH,2,0.3,0.16666666666666666,0.4,0.06666666666666667,8.0,3.0,0.06666666666666667,294.0,360.0,66.0,32.59233333333334,-0.00999999999999801,63.917333333333346,0.03999999999999915,1004.3973333333332,-0.009999999999990905,39.17000000000001,0.0,0.16155494421403616
S08_HIGH_ACOFF_LIGHTON__RUN_20260913_171419__SESSION_004__SEG_01__W_00305,S08_HIGH_ACOFF_LIGHTON,S08_HIGH_ACOFF_LIGHTON__RUN_20260913_171419__SESSION_004,S08_HIGH_ACOFF_LIGHTON__RUN_20260913_171419__SESSION_004__SEG_01,2026-09-13T10:14:31.962000Z,2026-09-13T10:15:00.877000Z,2,0,1,HIGH,2,0.26666666666666666,0.16666666666666666,0.36666666666666664,0.06666666666666667,7.0,3.0,0.06666666666666667,294.0,360.0,66.0,32.59100000000001,0.0,63.923000000000016,-0.03999999999999915,1004.3956666666667,-0.009999999999990905,39.17000000000001,0.0,0.16155494421403616
S08_HIGH_ACOFF_LIGHTON__RUN_20260913_171419__SESSION_004__SEG_01__W_00310,S08_HIGH_ACOFF_LIGHTON,S08_HIGH_ACOFF_LIGHTON__RUN_20260913_171419__SESSION_004,S08_HIGH_ACOFF_LIGHTON__RUN_20260913_171419__SESSION_004__SEG_01,2026-09-13T10:14:36.799000Z,2026-09-13T10:15:06.074000Z,2,0,1,HIGH,2,0.3333333333333333,0.13333333333333333,0.4,0.06666666666666667,7.0,2.0,0.06666666666666667,294.0,356.5,62.5,32.59000000000001,0.0,63.93500000000002,0.020000000000003126,1004.3946666666667,-0.009999999999990905,39.20000000000001,0.0,7.105427357601002e-15
S08_HIGH_ACOFF_LIGHTON__RUN_20260913_171419__SESSION_004__SEG_01__W_00315,S08_HIGH_ACOFF_LIGHTON,S08_HIGH_ACOFF_LIGHTON__RUN_20260913_171419__SESSION_004,S08_HIGH_ACOFF_LIGHTON__RUN_20260913_171419__SESSION_004__SEG_01,2026-09-13T10:14:41.818000Z,2026-09-13T10:15:10.911000Z,2,0,1,HIGH,2,0.3333333333333333,0.13333333333333333,0.36666666666666664,0.1,7.0,3.0,0.03333333333333333,419.0,419.0,0.0,32.59000000000001,0.0,63.924333333333344,-0.09000000000000341,1004.3929999999998,-0.009999999999990905,39.14,-0.9000000000000057,0.22449944320643792
S08_HIGH_ACOFF_LIGHTON__RUN_20260913_171419__SESSION_004__SEG_01__W_00320,S08_HIGH_ACOFF_LIGHTON,S08_HIGH_ACOFF_LIGHTON__RUN_20260913_171419__SESSION_004,S08_HIGH_ACOFF_LIGHTON__RUN_20260913_171419__SESSION_004__SEG_01,2026-09-13T10:14:46.833000Z,2026-09-13T10:15:15.928000Z,2,0,1,HIGH,2,0.3333333333333333,0.16666666666666666,0.43333333333333335,0.06666666666666667,6.0,3.0,0.03333333333333333,419.0,419.0,0.0,32.59000000000001,0.0,63.924,0.0800000000000054,1004.3913333333333,-0.009999999999990905,37.88666666666667,-30.900000000000002,5.575466099100794
S08_HIGH_ACOFF_LIGHTON__RUN_20260913_171419__SESSION_004__SEG_01__W_00325,S08_HIGH_ACOFF_LIGHTON,S08_HIGH_ACOFF_LIGHTON__RUN_20260913_171419__SESSION_004,S08_HIGH_ACOFF_LIGHTON__RUN_20260913_171419__SESSION_004__SEG_01,2026-09-13T10:14:51.848000Z,2026-09-13T10:15:20.943000Z,2,0,1,HIGH,2,0.26666666666666666,0.26666666666666666,0.4666666666666667,0.06666666666666667,5.0,4.0,0.03333333333333333,419.0,419.0,0.0,32.59000000000001,0.0,63.92766666666668,0.05000000000000426,1004.3896666666665,0.0,34.489999999999995,-1.7000000000000028,10.17281835743337
S08_HIGH_ACOFF_LIGHTON__RUN_20260913_171419__SESSION_004__SEG_01__W_00330,S08_HIGH_ACOFF_LIGHTON,S08_HIGH_ACOFF_LIGHTON__RUN_20260913_171419__SESSION_004,S08_HIGH_ACOFF_LIGHTON__RUN_20260913_171419__SESSION_004__SEG_01,2026-09-13T10:14:56.865000Z,2026-09-13T10:15:26.140000Z,2,0,1,HIGH,2,0.3,0.3,0.5,0.1,5.0,4.0,0.03333333333333333,419.0,419.0,0.0,32.59000000000001,0.0,63.94000000000001,0.030000000000001137,1004.3896666666665,0.0,34.263333333333335,0.0,10.095559529923156
S08_HIGH_ACOFF_LIGHTON__RUN_20260913_171419__SESSION_004__SEG_01__W_00335,S08_HIGH_ACOFF_LIGHTON,S08_HIGH_ACOFF_LIGHTON__RUN_20260913_171419__SESSION_004,S08_HIGH_ACOFF_LIGHTON__RUN_20260913_171419__SESSION_004__SEG_01,2026-09-13T10:15:01.880000Z,2026-09-13T10:15:31.165000Z,2,0,1,HIGH,2,0.3333333333333333,0.36666666666666664,0.5666666666666667,0.13333333333333333,6.0,5.0,0.13333333333333333,419.0,529.5,144.58626317876812,32.59000000000001,0.0,63.95433333333334,0.03999999999999915,1004.3899999999999,0.0,34.26333333333334,0.0,10.095559529923158
S08_HIGH_ACOFF_LIGHTON__RUN_20260913_171419__SESSION_004__SEG_01__W_00340,S08_HIGH_ACOFF_LIGHTON,S08_HIGH_ACOFF_LIGHTON__RUN_20260913_171419__SESSION_004,S08_HIGH_ACOFF_LIGHTON__RUN_20260913_171419__SESSION_004__SEG_01,2026-09-13T10:15:07.079000Z,2026-09-13T10:15:36.004000Z,2,0,1,HIGH,2,0.3,0.4,0.5333333333333333,0.16666666666666666,7.0,6.0,0.13333333333333333,479.0,544.5,125.15065920721312,32.59000000000001,0.0,63.971000000000004,0.17999999999999972,1004.3899999999999,0.0,34.17333333333333,0.0,10.055079423963901
S08_HIGH_ACOFF_LIGHTON__RUN_20260913_171419__SESSION_004__SEG_01__W_00345,S08_HIGH_ACOFF_LIGHTON,S08_HIGH_ACOFF_LIGHTON__RUN_20260913_171419__SESSION_004,S08_HIGH_ACOFF_LIGHTON__RUN_20260913_171419__SESSION_004__SEG_01,2026-09-13T10:15:11.914000Z,2026-09-13T10:15:41.205000Z,2,0,1,HIGH,2,0.3,0.4,0.5666666666666667,0.13333333333333333,6.0,6.0,0.16666666666666666,343.0,509.0,149.7678203086364,32.59000000000001,0.0,63.99766666666666,0.1799999999999926,1004.3899999999999,0.0,34.23333333333334,0.0,10.082173487012719
S08_HIGH_ACOFF_LIGHTON__RUN_20260913_171419__SESSION_004__SEG_01__W_00350,S08_HIGH_ACOFF_LIGHTON,S08_HIGH_ACOFF_LIGHTON__RUN_20260913_171419__SESSION_004,S08_HIGH_ACOFF_LIGHTON__RUN_20260913_171419__SESSION_004__SEG_01,2026-09-13T10:15:16.931000Z,2026-09-13T10:15:46.230000Z,2,0,1,HIGH,2,0.3,0.4,0.6,0.1,6.0,5.0,0.2,343.0,544.5,139.93172938575756,32.59000000000001,0.0,64.01933333333332,0.03999999999999204,1004.3899999999999,0.0,35.48666666666667,28.400000000000002,8.93154459703857
S08_HIGH_ACOFF_LIGHTON__RUN_20260913_171419__SESSION_004__SEG_01__W_00355,S08_HIGH_ACOFF_LIGHTON,S08_HIGH_ACOFF_LIGHTON__RUN_20260913_171419__SESSION_004,S08_HIGH_ACOFF_LIGHTON__RUN_20260913_171419__SESSION_004__SEG_01,2026-09-13T10:15:21.946000Z,2026-09-13T10:15:51.067000Z,2,0,1,HIGH,2,0.36666666666666664,0.4,0.6333333333333333,0.13333333333333333,6.0,5.0,0.2,343.0,544.5,139.93172938575756,32.59033333333334,0.00999999999999801,64.03699999999999,0.010000000000005116,1004.3903333333333,0.009999999999990905,38.88333333333334,0.0,0.7754926749421243
S08_HIGH_ACOFF_LIGHTON__RUN_20260913_171419__SESSION_004__SEG_01__W_00360,S08_HIGH_ACOFF_LIGHTON,S08_HIGH_ACOFF_LIGHTON__RUN_20260913_171419__SESSION_004,S08_HIGH_ACOFF_LIGHTON__RUN_20260913_171419__SESSION_004__SEG_01,2026-09-13T10:15:27.145000Z,2026-09-13T10:15:56.084000Z,2,0,1,HIGH,2,0.36666666666666664,0.36666666666666664,0.6333333333333333,0.1,7.0,5.0,0.23333333333333334,343.0,580.0,157.2420466175946,32.592000000000006,0.00999999999999801,64.05066666666667,0.02999999999999403,1004.3920000000003,0.009999999999990905,39.11000000000001,0.0,0.2700000000000017
S08_HIGH_ACOFF_LIGHTON__RUN_20260913_171419__SESSION_004__SEG_01__W_00365,S08_HIGH_ACOFF_LIGHTON,S08_HIGH_ACOFF_LIGHTON__RUN_20260913_171419__SESSION_004,S08_HIGH_ACOFF_LIGHTON__RUN_20260913_171419__SESSION_004__SEG_01,2026-09-13T10:15:32.170000Z,2026-09-13T10:16:01.099000Z,2,0,1,HIGH,2,0.36666666666666664,0.3,0.6,0.06666666666666667,7.0,4.0,0.13333333333333333,343.0,565.5,169.96323131783532,32.59366666666667,0.00999999999999801,64.05133333333333,-0.030000000000001137,1004.393666666667,0.009999999999990905,39.110000000000014,0.9000000000000057,0.2700000000000017
S08_HIGH_ACOFF_LIGHTON__RUN_20260913_171419__SESSION_004__SEG_01__W_00370,S08_HIGH_ACOFF_LIGHTON,S08_HIGH_ACOFF_LIGHTON__RUN_20260913_171419__SESSION_004,S08_HIGH_ACOFF_LIGHTON__RUN_20260913_171419__SESSION_004__SEG_01,2026-09-13T10:15:37.189000Z,2026-09-13T10:16:06.114000Z,2,0,1,HIGH,2,0.3333333333333333,0.26666666666666666,0.5666666666666667,0.03333333333333333,6.0,3.0,0.1,343.0,622.0,191.85469038369175,32.595333333333336,0.00999999999999801,64.04933333333334,-0.03999999999999915,1004.3956666666669,0.01999999999998181,39.080000000000005,-0.9000000000000057,0.30594117081556904
S08_HIGH_ACOFF_LIGHTON__RUN_20260913_171419__SESSION_004__SEG_01__W_00375,S08_HIGH_ACOFF_LIGHTON,S08_HIGH_ACOFF_LIGHTON__RUN_20260913_171419__SESSION_004,S08_HIGH_ACOFF_LIGHTON__RUN_20260913_171419__SESSION_004__SEG_01,2026-09-13T10:15:42.210000Z,2026-09-13T10:16:11.129000Z,2,0,1,HIGH,2,0.3333333333333333,0.23333333333333334,0.5333333333333333,0.03333333333333333,6.0,2.0,0.06666666666666667,622.0,716.0,94.0,32.597,0.00999999999999801,64.04333333333334,-0.20000000000000284,1004.3986666666667,0.01999999999998181,38.92999999999999,-0.9000000000000057,0.41243181254602823
S08_HIGH_ACOFF_LIGHTON__RUN_20260913_171419__SESSION_004__SEG_01__W_00380,S08_HIGH_ACOFF_LIGHTON,S08_HIGH_ACOFF_LIGHTON__RUN_20260913_171419__SESSION_004,S08_HIGH_ACOFF_LIGHTON__RUN_20260913_171419__SESSION_004__SEG_01,2026-09-13T10:15:47.053000Z,2026-09-13T10:16:16.144000Z,2,0,1,HIGH,2,0.3,0.2,0.4666666666666667,0.03333333333333333,6.0,2.0,0.03333333333333333,810.0,810.0,0.0,32.598666666666674,0.00999999999999801,64.02733333333335,-0.03999999999999915,1004.4003333333335,0.009999999999990905,38.870000000000005,0.0,0.4337049688440315
S08_HIGH_ACOFF_LIGHTON__RUN_20260913_171419__SESSION_004__SEG_01__W_00385,S08_HIGH_ACOFF_LIGHTON,S08_HIGH_ACOFF_LIGHTON__RUN_20260913_171419__SESSION_004,S08_HIGH_ACOFF_LIGHTON__RUN_20260913_171419__SESSION_004__SEG_01,2026-09-13T10:15:52.070000Z,2026-09-13T10:16:21.159000Z,2,0,1,HIGH,2,0.3,0.16666666666666666,0.43333333333333335,0.03333333333333333,6.0,4.0,0.03333333333333333,810.0,810.0,0.0,32.59833333333334,-0.00999999999999801,64.02833333333332,-0.0799999999999983,1004.401666666667,0.0,38.72,-0.9000000000000057,0.4489988864128758
S08_HIGH_ACOFF_LIGHTON__RUN_20260913_171419__SESSION_004__SEG_01__W_00390,S08_HIGH_ACOFF_LIGHTON,S08_HIGH_ACOFF_LIGHTON__RUN_20260913_171419__SESSION_004,S08_HIGH_ACOFF_LIGHTON__RUN_20260913_171419__SESSION_004__SEG_01,2026-09-13T10:15:57.087000Z,2026-09-13T10:16:26.174000Z,2,0,1,HIGH,2,0.26666666666666666,0.23333333333333334,0.43333333333333335,0.06666666666666667,4.0,5.0,0.0,2000.0,2000.0,0.0,32.59666666666668,-0.00999999999999801,64.02666666666666,0.05999999999998806,1004.401666666667,0.0,38.569999999999986,-0.9000000000000057,0.4124318125460283
S08_HIGH_ACOFF_LIGHTON__RUN_20260913_171419__SESSION_004__SEG_01__W_00395,S08_HIGH_ACOFF_LIGHTON,S08_HIGH_ACOFF_LIGHTON__RUN_20260913_171419__SESSION_004,S08_HIGH_ACOFF_LIGHTON__RUN_20260913_171419__SESSION_004__SEG_01,2026-09-13T10:16:02.102000Z,2026-09-13T10:16:31.189000Z,2,0,1,HIGH,2,0.23333333333333334,0.26666666666666666,0.43333333333333335,0.06666666666666667,4.0,6.0,0.0,2000.0,2000.0,0.0,32.595000000000006,-0.00999999999999801,64.03566666666666,0.04999999999999716,1004.401666666667,0.0,38.36666666666666,-1.5999999999999943,0.43461349368017727
S08_HIGH_ACOFF_LIGHTON__RUN_20260913_171419__SESSION_004__SEG_01__W_00400,S08_HIGH_ACOFF_LIGHTON,S08_HIGH_ACOFF_LIGHTON__RUN_20260913_171419__SESSION_004,S08_HIGH_ACOFF_LIGHTON__RUN_20260913_171419__SESSION_004__SEG_01,2026-09-13T10:16:07.117000Z,2026-09-13T10:16:36.204000Z,2,0,1,HIGH,2,0.3333333333333333,0.4,0.5666666666666667,0.16666666666666666,5.0,7.0,0.0,2000.0,2000.0,0.0,32.59333333333334,-0.00999999999999801,64.04333333333332,0.020000000000010232,1004.4013333333336,0.0,38.29,0.9000000000000057,0.6252199612936233
S08_HIGH_ACOFF_LIGHTON__RUN_20260913_171419__SESSION_004__SEG_01__W_00405,S08_HIGH_ACOFF_LIGHTON,S08_HIGH_ACOFF_LIGHTON__RUN_20260913_171419__SESSION_004,S08_HIGH_ACOFF_LIGHTON__RUN_20260913_171419__SESSION_004__SEG_01,2026-09-13T10:16:12.132000Z,2026-09-13T10:16:41.219000Z,2,0,1,HIGH,2,0.36666666666666664,0.43333333333333335,0.6333333333333333,0.16666666666666666,5.0,6.0,0.0,2000.0,2000.0,0.0,32.591666666666676,-0.00999999999999801,64.05799999999999,0.0799999999999983,1004.4000000000002,0.0,38.44000000000001,0.9000000000000057,0.7116178749862885
S08_HIGH_ACOFF_LIGHTON__RUN_20260913_171419__SESSION_004__SEG_01__W_00410,S08_HIGH_ACOFF_LIGHTON,S08_HIGH_ACOFF_LIGHTON__RUN_20260913_171419__SESSION_004,S08_HIGH_ACOFF_LIGHTON__RUN_20260913_171419__SESSION_004__SEG_01,2026-09-13T10:16:17.147000Z,2026-09-13T10:16:46.420000Z,2,0,1,HIGH,2,0.36666666666666664,0.4,0.6,0.16666666666666666,5.0,6.0,0.03333333333333333,521.0,521.0,0.0,32.59000000000001,0.0,64.07166666666666,-0.060000000000002274,1004.3993333333334,-0.009999999999990905,38.50000000000001,0.9000000000000057,0.7348469228349542
S08_HIGH_ACOFF_LIGHTON__RUN_20260913_171419__SESSION_004__SEG_01__W_00415,S08_HIGH_ACOFF_LIGHTON,S08_HIGH_ACOFF_LIGHTON__RUN_20260913_171419__SESSION_004,S08_HIGH_ACOFF_LIGHTON__RUN_20260913_171419__SESSION_004__SEG_01,2026-09-13T10:16:22.162000Z,2026-09-13T10:16:51.439000Z,2,0,1,HIGH,2,0.36666666666666664,0.43333333333333335,0.6333333333333333,0.16666666666666666,5.0,6.0,0.06666666666666667,265.0,393.0,128.0,32.59000000000001,0.0,64.06933333333333,-0.060000000000002274,1004.3976666666664,-0.009999999999990905,38.650000000000006,0.9000000000000057,0.7697402159170336
S08_HIGH_ACOFF_LIGHTON__RUN_20260913_171419__SESSION_004__SEG_01__W_00420,S08_HIGH_ACOFF_LIGHTON,S08_HIGH_ACOFF_LIGHTON__RUN_20260913_171419__SESSION_004,S08_HIGH_ACOFF_LIGHTON__RUN_20260913_171419__SESSION_004__SEG_01,2026-09-13T10:16:27.177000Z,2026-09-13T10:16:56.278000Z,2,0,1,HIGH,2,0.36666666666666664,0.36666666666666664,0.6,0.13333333333333333,6.0,5.0,0.06666666666666667,265.0,393.0,128.0,32.59000000000001,0.0,64.07033333333332,0.05999999999998806,1004.396,-0.009999999999990905,38.800000000000004,0.9000000000000057,0.7745966692414842
S08_HIGH_ACOFF_LIGHTON__RUN_20260913_171419__SESSION_004__SEG_01__W_00425,S08_HIGH_ACOFF_LIGHTON,S08_HIGH_ACOFF_LIGHTON__RUN_20260913_171419__SESSION_004,S08_HIGH_ACOFF_LIGHTON__RUN_20260913_171419__SESSION_004__SEG_01,2026-09-13T10:16:32.192000Z,2026-09-13T10:17:01.293000Z,2,0,1,HIGH,2,0.4,0.3333333333333333,0.6,0.13333333333333333,6.0,4.0,0.06666666666666667,265.0,393.0,128.0,32.59000000000001,0.0,64.07833333333333,0.060000000000002274,1004.3943333333332,-0.009999999999990905,39.003333333333345,2.5,0.6363873732946695
S08_HIGH_ACOFF_LIGHTON__RUN_20260913_171419__SESSION_004__SEG_01__W_00430,S08_HIGH_ACOFF_LIGHTON,S08_HIGH_ACOFF_LIGHTON__RUN_20260913_171419__SESSION_004,S08_HIGH_ACOFF_LIGHTON__RUN_20260913_171419__SESSION_004__SEG_01,2026-09-13T10:16:37.207000Z,2026-09-13T10:17:06.308000Z,2,0,1,HIGH,2,0.3333333333333333,0.2,0.5,0.03333333333333333,6.0,3.0,0.06666666666666667,265.0,393.0,128.0,32.58966666666667,-0.010000000000005116,64.08566666666667,-0.030000000000001137,1004.3926666666665,-0.009999999999990905,39.20000000000001,0.0,7.105427357601002e-15
S08_HIGH_ACOFF_LIGHTON__RUN_20260913_171419__SESSION_004__SEG_01__W_00435,S08_HIGH_ACOFF_LIGHTON,S08_HIGH_ACOFF_LIGHTON__RUN_20260913_171419__SESSION_004,S08_HIGH_ACOFF_LIGHTON__RUN_20260913_171419__SESSION_004__SEG_01,2026-09-13T10:16:42.222000Z,2026-09-13T10:17:11.329000Z,2,0,1,HIGH,2,0.3,0.13333333333333333,0.4,0.03333333333333333,7.0,2.0,0.1,265.0,519.0,120.2109257374997,32.58800000000001,-0.010000000000005116,64.09633333333333,0.10000000000000853,1004.3909999999998,-0.009999999999990905,39.20000000000001,0.0,7.105427357601002e-15
S08_HIGH_ACOFF_LIGHTON__RUN_20260913_171419__SESSION_004__SEG_01__W_00440,S08_HIGH_ACOFF_LIGHTON,S08_HIGH_ACOFF_LIGHTON__RUN_20260913_171419__SESSION_004,S08_HIGH_ACOFF_LIGHTON__RUN_20260913_171419__SESSION_004__SEG_01,2026-09-13T10:16:47.425000Z,2026-09-13T10:17:16.530000Z,2,0,1,HIGH,2,0.43333333333333335,0.16666666666666666,0.5,0.1,7.0,3.0,0.1,265.0,490.0,113.52043379448867,32.58633333333334,-0.010000000000005116,64.10966666666667,0.10999999999999943,1004.3899999999999,0.0,39.20000000000001,0.0,7.105427357601002e-15
S08_HIGH_ACOFF_LIGHTON__RUN_20260913_171419__SESSION_004__SEG_01__W_00445,S08_HIGH_ACOFF_LIGHTON,S08_HIGH_ACOFF_LIGHTON__RUN_20260913_171419__SESSION_004,S08_HIGH_ACOFF_LIGHTON__RUN_20260913_171419__SESSION_004__SEG_01,2026-09-13T10:16:52.444000Z,2026-09-13T10:17:21.553000Z,2,0,1,HIGH,2,0.4,0.1,0.43333333333333335,0.06666666666666667,7.0,3.0,0.06666666666666667,490.0,504.5,14.5,32.58466666666667,-0.010000000000005116,64.136,0.10000000000000853,1004.3910000000001,0.009999999999990905,39.20000000000001,0.0,7.105427357601002e-15
S08_HIGH_ACOFF_LIGHTON__RUN_20260913_171419__SESSION_004__SEG_01__W_00450,S08_HIGH_ACOFF_LIGHTON,S08_HIGH_ACOFF_LIGHTON__RUN_20260913_171419__SESSION_004,S08_HIGH_ACOFF_LIGHTON__RUN_20260913_171419__SESSION_004__SEG_01,2026-09-13T10:16:57.281000Z,2026-09-13T10:17:26.578000Z,2,0,1,HIGH,2,0.36666666666666664,0.1,0.4,0.06666666666666667,6.0,3.0,0.06666666666666667,490.0,504.5,14.5,32.583000000000006,-0.010000000000005116,64.16533333333334,0.0799999999999983,1004.392666666667,0.009999999999990905,39.20000000000001,0.0,7.105427357601002e-15
S08_HIGH_ACOFF_LIGHTON__RUN_20260913_171419__SESSION_004__SEG_01__W_00455,S08_HIGH_ACOFF_LIGHTON,S08_HIGH_ACOFF_LIGHTON__RUN_20260913_171419__SESSION_004,S08_HIGH_ACOFF_LIGHTON__RUN_20260913_171419__SESSION_004__SEG_01,2026-09-13T10:17:02.296000Z,2026-09-13T10:17:31.419000Z,2,0,1,HIGH,2,0.3,0.1,0.3333333333333333,0.06666666666666667,4.0,3.0,0.06666666666666667,490.0,504.5,14.5,32.58166666666668,0.0,64.17900000000002,0.07000000000000739,1004.3943333333336,0.009999999999990905,39.20000000000001,0.0,7.105427357601002e-15
S08_HIGH_ACOFF_LIGHTON__RUN_20260913_171419__SESSION_004__SEG_01__W_00460,S08_HIGH_ACOFF_LIGHTON,S08_HIGH_ACOFF_LIGHTON__RUN_20260913_171419__SESSION_004,S08_HIGH_ACOFF_LIGHTON__RUN_20260913_171419__SESSION_004__SEG_01,2026-09-13T10:17:07.493000Z,2026-09-13T10:17:36.436000Z,2,0,1,HIGH,2,0.36666666666666664,0.1,0.4,0.06666666666666667,4.0,3.0,0.06666666666666667,490.0,504.5,14.5,32.58166666666667,0.010000000000005116,64.19300000000001,0.10999999999999943,1004.3973333333334,0.01999999999998181,39.20000000000001,0.0,7.105427357601002e-15
S08_HIGH_ACOFF_LIGHTON__RUN_20260913_171419__SESSION_004__SEG_01__W_00465,S08_HIGH_ACOFF_LIGHTON,S08_HIGH_ACOFF_LIGHTON__RUN_20260913_171419__SESSION_004,S08_HIGH_ACOFF_LIGHTON__RUN_20260913_171419__SESSION_004__SEG_01,2026-09-13T10:17:12.332000Z,2026-09-13T10:17:41.451000Z,2,0,1,HIGH,2,0.4,0.1,0.43333333333333335,0.06666666666666667,3.0,2.0,0.03333333333333333,490.0,490.0,0.0,32.58333333333334,0.010000000000005116,64.19833333333334,-0.04000000000000625,1004.4006666666666,0.01999999999998181,39.20000000000001,0.0,7.105427357601002e-15
S08_HIGH_ACOFF_LIGHTON__RUN_20260913_171419__SESSION_004__SEG_01__W_00470,S08_HIGH_ACOFF_LIGHTON,S08_HIGH_ACOFF_LIGHTON__RUN_20260913_171419__SESSION_004,S08_HIGH_ACOFF_LIGHTON__RUN_20260913_171419__SESSION_004__SEG_01,2026-09-13T10:17:17.535000Z,2026-09-13T10:17:46.466000Z,2,0,1,HIGH,2,0.3,0.06666666666666667,0.3333333333333333,0.03333333333333333,4.0,2.0,0.0,2000.0,2000.0,0.0,32.58366666666667,0.010000000000005116,64.206,0.12000000000000455,1004.4036666666667,0.01999999999998181,39.20000000000001,0.0,7.105427357601002e-15
S08_HIGH_ACOFF_LIGHTON__RUN_20260913_171419__SESSION_004__SEG_01__W_00475,S08_HIGH_ACOFF_LIGHTON,S08_HIGH_ACOFF_LIGHTON__RUN_20260913_171419__SESSION_004,S08_HIGH_ACOFF_LIGHTON__RUN_20260913_171419__SESSION_004__SEG_01,2026-09-13T10:17:22.558000Z,2026-09-13T10:17:51.481000Z,2,0,1,HIGH,2,0.3,0.13333333333333333,0.4,0.03333333333333333,4.0,2.0,0.0,2000.0,2000.0,0.0,32.58500000000001,0.010000000000005116,64.21166666666667,-0.060000000000002274,1004.4060000000001,0.009999999999990905,39.20000000000001,0.0,7.105427357601002e-15
S08_HIGH_ACOFF_LIGHTON__RUN_20260913_171419__SESSION_004__SEG_01__W_00480,S08_HIGH_ACOFF_LIGHTON,S08_HIGH_ACOFF_LIGHTON__RUN_20260913_171419__SESSION_004,S08_HIGH_ACOFF_LIGHTON__RUN_20260913_171419__SESSION_004__SEG_01,2026-09-13T10:17:27.583000Z,2026-09-13T10:17:56.496000Z,2,0,1,HIGH,2,0.3,0.13333333333333333,0.4,0.03333333333333333,4.0,2.0,0.0,2000.0,2000.0,0.0,32.58666666666667,0.010000000000005116,64.209,0.030000000000001137,1004.4079999999998,0.01999999999998181,39.20000000000001,0.0,7.105427357601002e-15
S08_HIGH_ACOFF_LIGHTON__RUN_20260913_171419__SESSION_004__SEG_01__W_00485,S08_HIGH_ACOFF_LIGHTON,S08_HIGH_ACOFF_LIGHTON__RUN_20260913_171419__SESSION_004,S08_HIGH_ACOFF_LIGHTON__RUN_20260913_171419__SESSION_004__SEG_01,2026-09-13T10:17:32.604000Z,2026-09-13T10:18:01.511000Z,2,0,1,HIGH,2,0.3,0.13333333333333333,0.4,0.03333333333333333,4.0,2.0,0.0,2000.0,2000.0,0.0,32.58800000000001,0.0,64.21533333333333,0.060000000000002274,1004.411333333333,0.009999999999990905,39.20000000000001,0.0,7.105427357601002e-15
S08_HIGH_ACOFF_LIGHTON__RUN_20260913_171419__SESSION_004__SEG_01__W_00490,S08_HIGH_ACOFF_LIGHTON,S08_HIGH_ACOFF_LIGHTON__RUN_20260913_171419__SESSION_004,S08_HIGH_ACOFF_LIGHTON__RUN_20260913_171419__SESSION_004__SEG_01,2026-09-13T10:17:37.439000Z,2026-09-13T10:18:06.526000Z,2,0,1,HIGH,2,0.2,0.13333333333333333,0.3,0.03333333333333333,4.0,2.0,0.0,2000.0,2000.0,0.0,32.588333333333345,0.0,64.22833333333332,0.09000000000000341,1004.4123333333331,0.0,39.20000000000001,0.0,7.105427357601002e-15
S08_HIGH_ACOFF_LIGHTON__RUN_20260913_171419__SESSION_004__SEG_01__W_00495,S08_HIGH_ACOFF_LIGHTON,S08_HIGH_ACOFF_LIGHTON__RUN_20260913_171419__SESSION_004,S08_HIGH_ACOFF_LIGHTON__RUN_20260913_171419__SESSION_004__SEG_01,2026-09-13T10:17:42.454000Z,2026-09-13T10:18:11.541000Z,2,0,1,HIGH,2,0.16666666666666666,0.13333333333333333,0.26666666666666666,0.03333333333333333,4.0,2.0,0.0,2000.0,2000.0,0.0,32.58766666666668,0.0,64.24233333333333,0.12999999999999545,1004.4123333333332,0.009999999999990905,39.20000000000001,0.0,7.105427357601002e-15
S08_HIGH_ACOFF_LIGHTON__RUN_20260913_171419__SESSION_004__SEG_01__W_00500,S08_HIGH_ACOFF_LIGHTON,S08_HIGH_ACOFF_LIGHTON__RUN_20260913_171419__SESSION_004,S08_HIGH_ACOFF_LIGHTON__RUN_20260913_171419__SESSION_004__SEG_01,2026-09-13T10:17:47.469000Z,2026-09-13T10:18:16.556000Z,2,0,1,HIGH,2,0.16666666666666666,0.1,0.26666666666666666,0.0,4.0,1.0,0.0,2000.0,2000.0,0.0,32.58733333333335,0.0,64.251,-0.020000000000010232,1004.4126666666666,0.0,39.20000000000001,0.0,7.105427357601002e-15
S08_HIGH_ACOFF_LIGHTON__RUN_20260913_171419__SESSION_004__SEG_01__W_00505,S08_HIGH_ACOFF_LIGHTON,S08_HIGH_ACOFF_LIGHTON__RUN_20260913_171419__SESSION_004,S08_HIGH_ACOFF_LIGHTON__RUN_20260913_171419__SESSION_004__SEG_01,2026-09-13T10:17:52.484000Z,2026-09-13T10:18:21.571000Z,2,0,1,HIGH,2,0.2,0.0,0.2,0.0,4.0,0.0,0.0,2000.0,2000.0,0.0,32.58600000000001,-0.010000000000005116,64.25733333333332,-0.009999999999990905,1004.4139999999996,0.009999999999990905,39.20000000000001,0.0,7.105427357601002e-15
S08_HIGH_ACOFF_LIGHTON__RUN_20260913_171419__SESSION_004__SEG_01__W_00510,S08_HIGH_ACOFF_LIGHTON,S08_HIGH_ACOFF_LIGHTON__RUN_20260913_171419__SESSION_004,S08_HIGH_ACOFF_LIGHTON__RUN_20260913_171419__SESSION_004__SEG_01,2026-09-13T10:17:57.499000Z,2026-09-13T10:18:26.586000Z,2,0,1,HIGH,2,0.26666666666666666,0.0,0.26666666666666666,0.0,5.0,0.0,0.0,2000.0,2000.0,0.0,32.58433333333334,-0.010000000000005116,64.27433333333333,0.09999999999999432,1004.4136666666666,-0.009999999999990905,39.20000000000001,0.0,7.105427357601002e-15
S08_HIGH_ACOFF_LIGHTON__RUN_20260913_171419__SESSION_004__SEG_01__W_00515,S08_HIGH_ACOFF_LIGHTON,S08_HIGH_ACOFF_LIGHTON__RUN_20260913_171419__SESSION_004,S08_HIGH_ACOFF_LIGHTON__RUN_20260913_171419__SESSION_004__SEG_01,2026-09-13T10:18:02.514000Z,2026-09-13T10:18:31.601000Z,2,0,1,HIGH,2,0.26666666666666666,0.0,0.26666666666666666,0.0,5.0,0.0,0.0,2000.0,2000.0,0.0,32.582666666666675,-0.010000000000005116,64.29199999999999,0.060000000000002274,1004.412,-0.009999999999990905,39.20000000000001,0.0,7.105427357601002e-15
S08_HIGH_ACOFF_LIGHTON__RUN_20260913_171419__SESSION_004__SEG_01__W_00520,S08_HIGH_ACOFF_LIGHTON,S08_HIGH_ACOFF_LIGHTON__RUN_20260913_171419__SESSION_004,S08_HIGH_ACOFF_LIGHTON__RUN_20260913_171419__SESSION_004__SEG_01,2026-09-13T10:18:07.529000Z,2026-09-13T10:18:36.616000Z,2,0,1,HIGH,2,0.26666666666666666,0.0,0.26666666666666666,0.0,5.0,0.0,0.0,2000.0,2000.0,0.0,32.58100000000001,-0.010000000000005116,64.30133333333333,0.15000000000000568,1004.4113333333332,0.0,39.20000000000001,0.0,7.105427357601002e-15
S08_HIGH_ACOFF_LIGHTON__RUN_20260913_171419__SESSION_004__SEG_01__W_00525,S08_HIGH_ACOFF_LIGHTON,S08_HIGH_ACOFF_LIGHTON__RUN_20260913_171419__SESSION_004,S08_HIGH_ACOFF_LIGHTON__RUN_20260913_171419__SESSION_004__SEG_01,2026-09-13T10:18:12.544000Z,2026-09-13T10:18:41.633000Z,2,0,1,HIGH,2,0.26666666666666666,0.0,0.26666666666666666,0.0,5.0,0.0,0.0,2000.0,2000.0,0.0,32.580000000000005,0.0,64.30966666666667,0.01999999999999602,1004.4113333333332,0.0,39.20000000000001,0.0,7.105427357601002e-15
S08_HIGH_ACOFF_LIGHTON__RUN_20260913_171419__SESSION_004__SEG_01__W_00530,S08_HIGH_ACOFF_LIGHTON,S08_HIGH_ACOFF_LIGHTON__RUN_20260913_171419__SESSION_004,S08_HIGH_ACOFF_LIGHTON__RUN_20260913_171419__SESSION_004__SEG_01,2026-09-13T10:18:17.559000Z,2026-09-13T10:18:46.648000Z,2,0,1,HIGH,2,0.23333333333333334,0.0,0.23333333333333334,0.0,5.0,0.0,0.0,2000.0,2000.0,0.0,32.580000000000005,0.0,64.31266666666666,0.04000000000000625,1004.4113333333332,0.0,39.20000000000001,0.0,7.105427357601002e-15
S08_HIGH_ACOFF_LIGHTON__RUN_20260913_171419__SESSION_004__SEG_01__W_00535,S08_HIGH_ACOFF_LIGHTON,S08_HIGH_ACOFF_LIGHTON__RUN_20260913_171419__SESSION_004,S08_HIGH_ACOFF_LIGHTON__RUN_20260913_171419__SESSION_004__SEG_01,2026-09-13T10:18:22.574000Z,2026-09-13T10:18:51.665000Z,2,0,1,HIGH,2,0.2,0.0,0.2,0.0,5.0,0.0,0.0,2000.0,2000.0,0.0,32.580000000000005,0.0,64.301,-0.14000000000000057,1004.41,0.0,39.20000000000001,0.0,7.105427357601002e-15
S08_HIGH_ACOFF_LIGHTON__RUN_20260913_171419__SESSION_004__SEG_01__W_00540,S08_HIGH_ACOFF_LIGHTON,S08_HIGH_ACOFF_LIGHTON__RUN_20260913_171419__SESSION_004,S08_HIGH_ACOFF_LIGHTON__RUN_20260913_171419__SESSION_004__SEG_01,2026-09-13T10:18:27.589000Z,2026-09-13T10:18:56.680000Z,2,0,1,HIGH,2,0.26666666666666666,0.0,0.26666666666666666,0.0,5.0,0.0,0.0,2000.0,2000.0,0.0,32.580000000000005,0.0,64.29766666666666,0.010000000000005116,1004.41,0.0,39.20000000000001,0.0,7.105427357601002e-15
S08_HIGH_ACOFF_LIGHTON__RUN_20260913_171419__SESSION_004__SEG_01__W_00545,S08_HIGH_ACOFF_LIGHTON,S08_HIGH_ACOFF_LIGHTON__RUN_20260913_171419__SESSION_004,S08_HIGH_ACOFF_LIGHTON__RUN_20260913_171419__SESSION_004__SEG_01,2026-09-13T10:18:32.604000Z,2026-09-13T10:19:01.695000Z,2,0,1,HIGH,2,0.3,0.0,0.3,0.0,6.0,0.0,0.0,2000.0,2000.0,0.0,32.580000000000005,0.0,64.28933333333332,-0.05000000000001137,1004.41,0.0,39.20000000000001,0.0,7.105427357601002e-15
S08_HIGH_ACOFF_LIGHTON__RUN_20260913_171419__SESSION_004__SEG_01__W_00550,S08_HIGH_ACOFF_LIGHTON,S08_HIGH_ACOFF_LIGHTON__RUN_20260913_171419__SESSION_004,S08_HIGH_ACOFF_LIGHTON__RUN_20260913_171419__SESSION_004__SEG_01,2026-09-13T10:18:37.619000Z,2026-09-13T10:19:06.896000Z,2,0,1,HIGH,2,0.3333333333333333,0.1,0.36666666666666664,0.06666666666666667,6.0,1.0,0.1,358.0,401.0,25.93581821856921,32.580000000000005,0.0,64.30733333333335,0.14000000000000057,1004.4103333333333,0.009999999999990905,39.20000000000001,0.0,7.105427357601002e-15
S08_HIGH_ACOFF_LIGHTON__RUN_20260913_171419__SESSION_004__SEG_01__W_00555,S08_HIGH_ACOFF_LIGHTON,S08_HIGH_ACOFF_LIGHTON__RUN_20260913_171419__SESSION_004,S08_HIGH_ACOFF_LIGHTON__RUN_20260913_171419__SESSION_004__SEG_01,2026-09-13T10:18:42.636000Z,2026-09-13T10:19:11.733000Z,2,0,1,HIGH,2,0.3333333333333333,0.16666666666666666,0.43333333333333335,0.06666666666666667,5.0,2.0,0.13333333333333333,358.0,388.0,23.77498685593748,32.580000000000005,0.0,64.35666666666667,0.4199999999999875,1004.4119999999997,0.009999999999990905,39.20000000000001,0.0,7.105427357601002e-15
S08_HIGH_ACOFF_LIGHTON__RUN_20260913_171419__SESSION_004__SEG_01__W_00560,S08_HIGH_ACOFF_LIGHTON,S08_HIGH_ACOFF_LIGHTON__RUN_20260913_171419__SESSION_004,S08_HIGH_ACOFF_LIGHTON__RUN_20260913_171419__SESSION_004__SEG_01,2026-09-13T10:18:47.651000Z,2026-09-13T10:19:16.748000Z,2,0,1,HIGH,2,0.3333333333333333,0.16666666666666666,0.43333333333333335,0.06666666666666667,5.0,2.0,0.13333333333333333,358.0,388.0,23.77498685593748,32.580000000000005,0.0,64.39433333333334,0.25,1004.4136666666662,0.009999999999990905,39.20000000000001,0.0,7.105427357601002e-15
S09_HIGH_ACON_LIGHTON__RUN_20260913_171419__SESSION_005__SEG_01__W_00000,S09_HIGH_ACON_LIGHTON,S09_HIGH_ACON_LIGHTON__RUN_20260913_171419__SESSION_005,S09_HIGH_ACON_LIGHTON__RUN_20260913_171419__SESSION_005__SEG_01,2026-09-13T10:45:18.747000Z,2026-09-13T10:45:47.834000Z,2,1,1,HIGH,2,0.3333333333333333,0.0,0.3333333333333333,0.0,6.0,0.0,0.0,2000.0,2000.0,0.0,28.10733333333334,-0.030000000000001137,61.234666666666655,0.030000000000001137,1004.7719999999997,0.01999999999998181,39.14000000000001,0.9000000000000057,0.2244994432064379
S09_HIGH_ACON_LIGHTON__RUN_20260913_171419__SESSION_005__SEG_01__W_00005,S09_HIGH_ACON_LIGHTON,S09_HIGH_ACON_LIGHTON__RUN_20260913_171419__SESSION_005,S09_HIGH_ACON_LIGHTON__RUN_20260913_171419__SESSION_005__SEG_01,2026-09-13T10:45:23.762000Z,2026-09-13T10:45:53.033000Z,2,1,1,HIGH,2,0.36666666666666664,0.0,0.36666666666666664,0.0,7.0,0.0,0.03333333333333333,1003.0,1003.0,0.0,28.10233333333334,-0.030000000000001137,61.22366666666667,-0.0800000000000054,1004.7739999999999,0.0,39.20000000000001,0.0,7.105427357601002e-15
S09_HIGH_ACON_LIGHTON__RUN_20260913_171419__SESSION_005__SEG_01__W_00010,S09_HIGH_ACON_LIGHTON,S09_HIGH_ACON_LIGHTON__RUN_20260913_171419__SESSION_005,S09_HIGH_ACON_LIGHTON__RUN_20260913_171419__SESSION_005__SEG_01,2026-09-13T10:45:28.777000Z,2026-09-13T10:45:57.872000Z,2,1,1,HIGH,2,0.3333333333333333,0.06666666666666667,0.36666666666666664,0.03333333333333333,7.0,1.0,0.1,701.0,1003.0,159.60228347015868,28.09633333333334,-0.030000000000001137,61.22933333333333,-0.010000000000005116,1004.7743333333333,0.009999999999990905,39.20000000000001,0.0,7.105427357601002e-15
S09_HIGH_ACON_LIGHTON__RUN_20260913_171419__SESSION_005__SEG_01__W_00015,S09_HIGH_ACON_LIGHTON,S09_HIGH_ACON_LIGHTON__RUN_20260913_171419__SESSION_005,S09_HIGH_ACON_LIGHTON__RUN_20260913_171419__SESSION_005__SEG_01,2026-09-13T10:45:33.792000Z,2026-09-13T10:46:02.887000Z,2,1,1,HIGH,2,0.4,0.16666666666666666,0.5,0.06666666666666667,8.0,1.0,0.1,701.0,1003.0,159.60228347015868,28.091000000000008,-0.03999999999999915,61.24866666666666,0.0799999999999983,1004.775333333333,0.009999999999990905,39.20000000000001,0.0,7.105427357601002e-15
S09_HIGH_ACON_LIGHTON__RUN_20260913_171419__SESSION_005__SEG_01__W_00020,S09_HIGH_ACON_LIGHTON,S09_HIGH_ACON_LIGHTON__RUN_20260913_171419__SESSION_005,S09_HIGH_ACON_LIGHTON__RUN_20260913_171419__SESSION_005__SEG_01,2026-09-13T10:45:38.807000Z,2026-09-13T10:46:07.902000Z,2,1,1,HIGH,2,0.36666666666666664,0.23333333333333334,0.5333333333333333,0.06666666666666667,7.0,3.0,0.1,701.0,1003.0,159.60228347015868,28.08466666666667,-0.0400000000000027,61.258666666666656,0.04999999999999716,1004.7769999999997,0.009999999999990905,39.20000000000001,0.0,7.105427357601002e-15
S09_HIGH_ACON_LIGHTON__RUN_20260913_171419__SESSION_005__SEG_01__W_00025,S09_HIGH_ACON_LIGHTON,S09_HIGH_ACON_LIGHTON__RUN_20260913_171419__SESSION_005,S09_HIGH_ACON_LIGHTON__RUN_20260913_171419__SESSION_005__SEG_01,2026-09-13T10:45:43.822000Z,2026-09-13T10:46:12.917000Z,2,1,1,HIGH,2,0.43333333333333335,0.3333333333333333,0.6333333333333333,0.13333333333333333,8.0,4.0,0.1,701.0,1003.0,159.60228347015868,28.07799999999999,-0.0400000000000027,61.267,-0.0800000000000054,1004.7776666666665,0.0,39.17,0.0,0.16155494421403616
S09_HIGH_ACON_LIGHTON__RUN_20260913_171419__SESSION_005__SEG_01__W_00030,S09_HIGH_ACON_LIGHTON,S09_HIGH_ACON_LIGHTON__RUN_20260913_171419__SESSION_005,S09_HIGH_ACON_LIGHTON__RUN_20260913_171419__SESSION_005__SEG_01,2026-09-13T10:45:48.837000Z,2026-09-13T10:46:17.932000Z,2,1,1,HIGH,2,0.43333333333333335,0.4,0.6666666666666666,0.16666666666666666,7.0,5.0,0.1,701.0,1003.0,159.60228347015868,28.07166666666666,-0.03999999999999915,61.25266666666668,-0.05000000000000426,1004.7776666666665,0.0,39.019999999999996,-0.9000000000000057,0.36000000000000226
S09_HIGH_ACON_LIGHTON__RUN_20260913_171419__SESSION_005__SEG_01__W_00035,S09_HIGH_ACON_LIGHTON,S09_HIGH_ACON_LIGHTON__RUN_20260913_171419__SESSION_005,S09_HIGH_ACON_LIGHTON__RUN_20260913_171419__SESSION_005__SEG_01,2026-09-13T10:45:54.038000Z,2026-09-13T10:46:22.947000Z,2,1,1,HIGH,2,0.36666666666666664,0.4666666666666667,0.6666666666666666,0.16666666666666666,7.0,6.0,0.06666666666666667,701.0,884.0,183.0,28.06399999999999,-0.03999999999999915,61.250666666666675,-0.04000000000000625,1004.7779999999999,0.0,38.96,0.0,0.39799497484265045
S09_HIGH_ACON_LIGHTON__RUN_20260913_171419__SESSION_005__SEG_01__W_00040,S09_HIGH_ACON_LIGHTON,S09_HIGH_ACON_LIGHTON__RUN_20260913_171419__SESSION_005,S09_HIGH_ACON_LIGHTON__RUN_20260913_171419__SESSION_005__SEG_01,2026-09-13T10:45:58.875000Z,2026-09-13T10:46:28.152000Z,2,1,1,HIGH,2,0.36666666666666664,0.4666666666666667,0.7,0.13333333333333333,6.0,6.0,0.13333333333333333,372.0,477.5,141.62097302306606,28.05733333333332,-0.03999999999999915,61.21766666666667,-0.3300000000000054,1004.7776666666667,-0.009999999999990905,38.93,0.0,0.4124318125460282
S09_HIGH_ACON_LIGHTON__RUN_20260913_171419__SESSION_005__SEG_01__W_00045,S09_HIGH_ACON_LIGHTON,S09_HIGH_ACON_LIGHTON__RUN_20260913_171419__SESSION_005,S09_HIGH_ACON_LIGHTON__RUN_20260913_171419__SESSION_005__SEG_01,2026-09-13T10:46:03.890000Z,2026-09-13T10:46:32.989000Z,2,1,1,HIGH,2,0.3333333333333333,0.43333333333333335,0.6333333333333333,0.13333333333333333,7.0,7.0,0.16666666666666666,372.0,463.0,139.48390588164645,28.05099999999999,-0.030000000000001137,61.17566666666666,-0.35999999999999943,1004.7760000000001,-0.009999999999990905,38.84,0.0,0.4409081537009749
S09_HIGH_ACON_LIGHTON__RUN_20260913_171419__SESSION_005__SEG_01__W_00050,S09_HIGH_ACON_LIGHTON,S09_HIGH_ACON_LIGHTON__RUN_20260913_171419__SESSION_005,S09_HIGH_ACON_LIGHTON__RUN_20260913_171419__SESSION_005__SEG_01,2026-09-13T10:46:08.905000Z,2026-09-13T10:46:38.186000Z,2,1,1,HIGH,2,0.3333333333333333,0.43333333333333335,0.6,0.16666666666666666,6.0,6.0,0.2,372.0,441.0,130.11202438241014,28.04566666666666,-0.029999999999997584,61.14,-0.07000000000000028,1004.7743333333334,-0.009999999999990905,38.78,0.9000000000000057,0.4489988864128759
S09_HIGH_ACON_LIGHTON__RUN_20260913_171419__SESSION_005__SEG_01__W_00055,S09_HIGH_ACON_LIGHTON,S09_HIGH_ACON_LIGHTON__RUN_20260913_171419__SESSION_005,S09_HIGH_ACON_LIGHTON__RUN_20260913_171419__SESSION_005__SEG_01,2026-09-13T10:46:13.920000Z,2026-09-13T10:46:43.211000Z,2,1,1,HIGH,2,0.3,0.36666666666666664,0.5666666666666667,0.1,7.0,6.0,0.23333333333333334,372.0,463.0,122.66529872055943,28.04066666666666,-0.029999999999997584,61.10366666666666,-0.21000000000000085,1004.7726666666666,-0.009999999999990905,38.81000000000001,0.9000000000000057,0.4459820624195579
S09_HIGH_ACON_LIGHTON__RUN_20260913_171419__SESSION_005__SEG_01__W_00060,S09_HIGH_ACON_LIGHTON,S09_HIGH_ACON_LIGHTON__RUN_20260913_171419__SESSION_005,S09_HIGH_ACON_LIGHTON__RUN_20260913_171419__SESSION_005__SEG_01,2026-09-13T10:46:18.935000Z,2026-09-13T10:46:48.232000Z,2,1,1,HIGH,2,0.3333333333333333,0.36666666666666664,0.6333333333333333,0.06666666666666667,7.0,6.0,0.3,358.0,429.0,116.34410435120445,28.036666666666665,-0.019999999999999574,61.07066666666666,-0.240000000000002,1004.7710000000001,-0.009999999999990905,38.96000000000001,0.9000000000000057,0.3979949748426504
S09_HIGH_ACON_LIGHTON__RUN_20260913_171419__SESSION_005__SEG_01__W_00065,S09_HIGH_ACON_LIGHTON,S09_HIGH_ACON_LIGHTON__RUN_20260913_171419__SESSION_005,S09_HIGH_ACON_LIGHTON__RUN_20260913_171419__SESSION_005__SEG_01,2026-09-13T10:46:24.132000Z,2026-09-13T10:46:53.257000Z,2,1,1,HIGH,2,0.3333333333333333,0.36666666666666664,0.6333333333333333,0.06666666666666667,6.0,6.0,0.4666666666666667,358.0,400.5,99.65112612898817,28.03466666666666,0.0,61.01033333333334,-0.3500000000000014,1004.7693333333333,0.0,39.02000000000001,0.9000000000000057,0.36000000000000226
S09_HIGH_ACON_LIGHTON__RUN_20260913_171419__SESSION_005__SEG_01__W_00070,S09_HIGH_ACON_LIGHTON,S09_HIGH_ACON_LIGHTON__RUN_20260913_171419__SESSION_005,S09_HIGH_ACON_LIGHTON__RUN_20260913_171419__SESSION_005__SEG_01,2026-09-13T10:46:29.157000Z,2026-09-13T10:46:58.282000Z,2,1,1,HIGH,2,0.3,0.4666666666666667,0.7,0.06666666666666667,6.0,6.0,0.5,358.0,398.0,40.55920227135747,28.03466666666666,0.0,60.98566666666668,-0.0799999999999983,1004.7686666666666,0.0,39.050000000000004,0.9000000000000057,0.3354101966249705
S09_HIGH_ACON_LIGHTON__RUN_20260913_171419__SESSION_005__SEG_01__W_00075,S09_HIGH_ACON_LIGHTON,S09_HIGH_ACON_LIGHTON__RUN_20260913_171419__SESSION_005,S09_HIGH_ACON_LIGHTON__RUN_20260913_171419__SESSION_005__SEG_01,2026-09-13T10:46:33.992000Z,2026-09-13T10:47:03.307000Z,2,1,1,HIGH,2,0.23333333333333334,0.5,0.7,0.03333333333333333,4.0,5.0,0.6333333333333333,358.0,398.0,35.77158995906452,28.03466666666666,0.0,60.95633333333333,-0.18999999999999773,1004.7686666666668,0.0,39.14000000000001,0.0,0.2244994432064379
S09_HIGH_ACON_LIGHTON__RUN_20260913_171419__SESSION_005__SEG_01__W_00080,S09_HIGH_ACON_LIGHTON,S09_HIGH_ACON_LIGHTON__RUN_20260913_171419__SESSION_005,S09_HIGH_ACON_LIGHTON__RUN_20260913_171419__SESSION_005__SEG_01,2026-09-13T10:46:39.191000Z,2026-09-13T10:47:08.150000Z,2,1,1,HIGH,2,0.26666666666666666,0.5,0.7333333333333333,0.03333333333333333,5.0,4.0,0.7333333333333333,358.0,398.5,33.35710240700974,28.035333333333323,0.00999999999999801,60.921,-0.11999999999999744,1004.7686666666668,0.0,39.20000000000001,0.0,7.105427357601002e-15
S09_HIGH_ACON_LIGHTON__RUN_20260913_171419__SESSION_005__SEG_01__W_00085,S09_HIGH_ACON_LIGHTON,S09_HIGH_ACON_LIGHTON__RUN_20260913_171419__SESSION_005,S09_HIGH_ACON_LIGHTON__RUN_20260913_171419__SESSION_005__SEG_01,2026-09-13T10:46:44.034000Z,2026-09-13T10:47:13.355000Z,2,1,1,HIGH,2,0.26666666666666666,0.5,0.7333333333333333,0.03333333333333333,4.0,5.0,0.7333333333333333,358.0,398.5,15.162549012681986,28.03833333333332,0.019999999999999574,60.889,-0.240000000000002,1004.7696666666667,0.0,39.20000000000001,0.0,7.105427357601002e-15
S09_HIGH_ACON_LIGHTON__RUN_20260913_171419__SESSION_005__SEG_01__W_00090,S09_HIGH_ACON_LIGHTON,S09_HIGH_ACON_LIGHTON__RUN_20260913_171419__SESSION_005,S09_HIGH_ACON_LIGHTON__RUN_20260913_171419__SESSION_005__SEG_01,2026-09-13T10:46:49.237000Z,2026-09-13T10:47:18.190000Z,2,1,1,HIGH,2,0.23333333333333334,0.43333333333333335,0.6333333333333333,0.03333333333333333,5.0,4.0,0.6666666666666666,383.0,398.5,11.040380428228005,28.04166666666666,0.019999999999999574,60.837,-0.28000000000000114,1004.7713333333332,0.009999999999990905,39.20000000000001,0.0,7.105427357601002e-15
S09_HIGH_ACON_LIGHTON__RUN_20260913_171419__SESSION_005__SEG_01__W_00095,S09_HIGH_ACON_LIGHTON,S09_HIGH_ACON_LIGHTON__RUN_20260913_171419__SESSION_005,S09_HIGH_ACON_LIGHTON__RUN_20260913_171419__SESSION_005__SEG_01,2026-09-13T10:46:54.262000Z,2026-09-13T10:47:23.205000Z,2,1,1,HIGH,2,0.26666666666666666,0.36666666666666664,0.6,0.03333333333333333,6.0,2.0,0.5,387.0,398.0,11.32548748031036,28.04499999999999,0.019999999999999574,60.808333333333344,-0.1600000000000037,1004.7739999999998,0.029999999999972715,39.20000000000001,0.0,7.105427357601002e-15
S09_HIGH_ACON_LIGHTON__RUN_20260913_171419__SESSION_005__SEG_01__W_00100,S09_HIGH_ACON_LIGHTON,S09_HIGH_ACON_LIGHTON__RUN_20260913_171419__SESSION_005,S09_HIGH_ACON_LIGHTON__RUN_20260913_171419__SESSION_005__SEG_01,2026-09-13T10:46:59.287000Z,2026-09-13T10:47:28.404000Z,2,1,1,HIGH,2,0.36666666666666664,0.2,0.5333333333333333,0.03333333333333333,7.0,2.0,0.36666666666666664,387.0,407.0,34.955225197315514,28.04833333333332,0.019999999999999574,60.792333333333325,-0.07000000000000028,1004.7766666666665,0.009999999999990905,39.20000000000001,0.0,7.105427357601002e-15
S09_HIGH_ACON_LIGHTON__RUN_20260913_171419__SESSION_005__SEG_01__W_00105,S09_HIGH_ACON_LIGHTON,S09_HIGH_ACON_LIGHTON__RUN_20260913_171419__SESSION_005,S09_HIGH_ACON_LIGHTON__RUN_20260913_171419__SESSION_005__SEG_01,2026-09-13T10:47:04.312000Z,2026-09-13T10:47:33.425000Z,2,1,1,HIGH,2,0.4,0.2,0.5666666666666667,0.03333333333333333,8.0,2.0,0.2,392.0,414.0,42.03834228680078,28.05166666666666,0.019999999999999574,60.782999999999994,0.07000000000000028,1004.7786666666665,0.009999999999990905,39.14,-0.9000000000000057,0.22449944320643792
S09_HIGH_ACON_LIGHTON__RUN_20260913_171419__SESSION_005__SEG_01__W_00110,S09_HIGH_ACON_LIGHTON,S09_HIGH_ACON_LIGHTON__RUN_20260913_171419__SESSION_005,S09_HIGH_ACON_LIGHTON__RUN_20260913_171419__SESSION_005__SEG_01,2026-09-13T10:47:09.335000Z,2026-09-13T10:47:38.442000Z,2,1,1,HIGH,2,0.4,0.2,0.5666666666666667,0.03333333333333333,8.0,2.0,0.06666666666666667,431.0,475.5,44.5,28.056666666666672,0.030000000000001137,60.801,0.00999999999999801,1004.7806666666664,0.01999999999998181,38.989999999999995,-0.9000000000000057,0.3806573262134881
S09_HIGH_ACON_LIGHTON__RUN_20260913_171419__SESSION_005__SEG_01__W_00115,S09_HIGH_ACON_LIGHTON,S09_HIGH_ACON_LIGHTON__RUN_20260913_171419__SESSION_005,S09_HIGH_ACON_LIGHTON__RUN_20260913_171419__SESSION_005__SEG_01,2026-09-13T10:47:14.178000Z,2026-09-13T10:47:43.281000Z,2,1,1,HIGH,2,0.43333333333333335,0.23333333333333334,0.5666666666666667,0.1,8.0,3.0,0.06666666666666667,272.0,396.0,124.0,28.06133333333334,0.029999999999997584,60.83633333333333,0.35999999999999943,1004.7816666666665,0.009999999999990905,38.93,0.0,0.4124318125460282
S09_HIGH_ACON_LIGHTON__RUN_20260913_171419__SESSION_005__SEG_01__W_00120,S09_HIGH_ACON_LIGHTON,S09_HIGH_ACON_LIGHTON__RUN_20260913_171419__SESSION_005,S09_HIGH_ACON_LIGHTON__RUN_20260913_171419__SESSION_005__SEG_01,2026-09-13T10:47:19.193000Z,2026-09-13T10:47:48.300000Z,2,1,1,HIGH,2,0.4,0.3333333333333333,0.6333333333333333,0.1,7.0,4.0,0.13333333333333333,272.0,447.0,143.77825809210515,28.067666666666675,0.03999999999999915,60.89799999999999,0.3999999999999986,1004.7833333333335,0.009999999999990905,38.870000000000005,0.0,0.4337049688440315
S09_HIGH_ACON_LIGHTON__RUN_20260913_171419__SESSION_005__SEG_01__W_00125,S09_HIGH_ACON_LIGHTON,S09_HIGH_ACON_LIGHTON__RUN_20260913_171419__SESSION_005,S09_HIGH_ACON_LIGHTON__RUN_20260913_171419__SESSION_005__SEG_01,2026-09-13T10:47:24.208000Z,2026-09-13T10:47:53.315000Z,2,1,1,HIGH,2,0.3333333333333333,0.43333333333333335,0.6666666666666666,0.1,5.0,5.0,0.13333333333333333,272.0,447.0,143.77825809210515,28.075000000000003,0.0400000000000027,60.95133333333334,0.3100000000000023,1004.7850000000001,0.01999999999998181,38.72,-0.9000000000000057,0.4489988864128758
S09_HIGH_ACON_LIGHTON__RUN_20260913_171419__SESSION_005__SEG_01__W_00130,S09_HIGH_ACON_LIGHTON,S09_HIGH_ACON_LIGHTON__RUN_20260913_171419__SESSION_005,S09_HIGH_ACON_LIGHTON__RUN_20260913_171419__SESSION_005__SEG_01,2026-09-13T10:47:29.409000Z,2026-09-13T10:47:58.332000Z,2,1,1,HIGH,2,0.23333333333333334,0.5,0.6333333333333333,0.1,4.0,5.0,0.13333333333333333,272.0,433.5,141.14265832837356,28.08266666666667,0.05000000000000071,60.977000000000004,0.20999999999999375,1004.7879999999998,0.01999999999998181,38.35333333333333,-9.200000000000003,1.6094995771633154
S09_HIGH_ACON_LIGHTON__RUN_20260913_171419__SESSION_005__SEG_01__W_00135,S09_HIGH_ACON_LIGHTON,S09_HIGH_ACON_LIGHTON__RUN_20260913_171419__SESSION_005,S09_HIGH_ACON_LIGHTON__RUN_20260913_171419__SESSION_005__SEG_01,2026-09-13T10:47:34.248000Z,2026-09-13T10:48:03.347000Z,2,1,1,HIGH,2,0.3,0.5,0.6333333333333333,0.16666666666666666,4.0,6.0,0.13333333333333333,272.0,433.5,141.14265832837356,28.091666666666665,0.05000000000000071,61.001666666666665,-0.07000000000000028,1004.7909999999998,0.01999999999998181,35.54666666666667,-18.299999999999997,7.134831618351075
S09_HIGH_ACON_LIGHTON__RUN_20260913_171419__SESSION_005__SEG_01__W_00140,S09_HIGH_ACON_LIGHTON,S09_HIGH_ACON_LIGHTON__RUN_20260913_171419__SESSION_005,S09_HIGH_ACON_LIGHTON__RUN_20260913_171419__SESSION_005__SEG_01,2026-09-13T10:47:39.447000Z,2026-09-13T10:48:08.544000Z,2,1,1,HIGH,2,0.26666666666666666,0.5,0.6333333333333333,0.13333333333333333,3.0,6.0,0.16666666666666666,272.0,493.0,214.48673618664628,28.1,0.05000000000000071,60.994333333333344,-0.03999999999999915,1004.7946666666667,0.01999999999998181,33.693333333333335,0.9000000000000057,8.928005874151792
S09_HIGH_ACON_LIGHTON__RUN_20260913_171419__SESSION_005__SEG_01__W_00145,S09_HIGH_ACON_LIGHTON,S09_HIGH_ACON_LIGHTON__RUN_20260913_171419__SESSION_005,S09_HIGH_ACON_LIGHTON__RUN_20260913_171419__SESSION_005__SEG_01,2026-09-13T10:47:44.466000Z,2026-09-13T10:48:13.569000Z,2,1,1,HIGH,2,0.2,0.5,0.6333333333333333,0.06666666666666667,3.0,7.0,0.26666666666666666,374.0,981.5,316.9282253129248,28.108999999999998,0.05000000000000071,60.98266666666667,-0.00999999999999801,1004.7976666666665,0.009999999999990905,33.753333333333345,0.0,8.961723544547047
S09_HIGH_ACON_LIGHTON__RUN_20260913_171419__SESSION_005__SEG_01__W_00150,S09_HIGH_ACON_LIGHTON,S09_HIGH_ACON_LIGHTON__RUN_20260913_171419__SESSION_005,S09_HIGH_ACON_LIGHTON__RUN_20260913_171419__SESSION_005__SEG_01,2026-09-13T10:47:49.303000Z,2026-09-13T10:48:18.408000Z,2,1,1,HIGH,2,0.23333333333333334,0.4,0.5666666666666667,0.06666666666666667,4.0,6.0,0.2,493.0,1118.5,257.9177840578918,28.11733333333333,0.05000000000000071,60.967333333333336,-0.030000000000001137,1004.801,0.01999999999998181,33.81333333333334,0.9000000000000057,8.994914612651353
S09_HIGH_ACON_LIGHTON__RUN_20260913_171419__SESSION_005__SEG_01__W_00155,S09_HIGH_ACON_LIGHTON,S09_HIGH_ACON_LIGHTON__RUN_20260913_171419__SESSION_005,S09_HIGH_ACON_LIGHTON__RUN_20260913_171419__SESSION_005__SEG_01,2026-09-13T10:47:54.318000Z,2026-09-13T10:48:23.423000Z,2,1,1,HIGH,2,0.36666666666666664,0.36666666666666664,0.6333333333333333,0.1,5.0,7.0,0.2,493.0,1118.5,257.9177840578918,28.126333333333328,0.04999999999999716,60.964333333333336,0.030000000000001137,1004.8053333333334,0.020000000000095497,33.903333333333336,-0.9000000000000057,9.04372649348093
S09_HIGH_ACON_LIGHTON__RUN_20260913_171419__SESSION_005__SEG_01__W_00160,S09_HIGH_ACON_LIGHTON,S09_HIGH_ACON_LIGHTON__RUN_20260913_171419__SESSION_005,S09_HIGH_ACON_LIGHTON__RUN_20260913_171419__SESSION_005__SEG_01,2026-09-13T10:47:59.335000Z,2026-09-13T10:48:28.438000Z,2,1,1,HIGH,2,0.43333333333333335,0.36666666666666664,0.6666666666666666,0.13333333333333333,7.0,7.0,0.16666666666666666,881.0,1155.0,128.61632866786394,28.135333333333328,0.05000000000000071,60.95666666666668,-0.0799999999999983,1004.8086666666665,0.020000000000095497,34.24,9.200000000000003,9.077099389856505
S09_HIGH_ACON_LIGHTON__RUN_20260913_171419__SESSION_005__SEG_01__W_00165,S09_HIGH_ACON_LIGHTON,S09_HIGH_ACON_LIGHTON__RUN_20260913_171419__SESSION_005,S09_HIGH_ACON_LIGHTON__RUN_20260913_171419__SESSION_005__SEG_01,2026-09-13T10:48:04.350000Z,2026-09-13T10:48:33.453000Z,2,1,1,HIGH,2,0.3333333333333333,0.3333333333333333,0.6,0.06666666666666667,6.0,6.0,0.16666666666666666,881.0,1155.0,128.61632866786394,28.14433333333333,0.05000000000000071,60.95633333333334,-0.010000000000005116,1004.812,0.020000000000095497,37.106666666666676,28.400000000000002,6.450887966439624
S09_HIGH_ACON_LIGHTON__RUN_20260913_171419__SESSION_005__SEG_01__W_00170,S09_HIGH_ACON_LIGHTON,S09_HIGH_ACON_LIGHTON__RUN_20260913_171419__SESSION_005,S09_HIGH_ACON_LIGHTON__RUN_20260913_171419__SESSION_005__SEG_01,2026-09-13T10:48:09.549000Z,2026-09-13T10:48:38.468000Z,2,1,1,HIGH,2,0.3333333333333333,0.3333333333333333,0.6,0.06666666666666667,5.0,6.0,0.13333333333333333,1082.0,1157.5,66.36405276955288,28.153666666666656,0.05000000000000071,60.95566666666669,-0.04000000000000625,1004.8146666666667,0.020000000000095497,38.99,-0.9000000000000057,0.3806573262134881
S09_HIGH_ACON_LIGHTON__RUN_20260913_171419__SESSION_005__SEG_01__W_00175,S09_HIGH_ACON_LIGHTON,S09_HIGH_ACON_LIGHTON__RUN_20260913_171419__SESSION_005,S09_HIGH_ACON_LIGHTON__RUN_20260913_171419__SESSION_005__SEG_01,2026-09-13T10:48:14.574000Z,2026-09-13T10:48:43.483000Z,2,1,1,HIGH,2,0.36666666666666664,0.3333333333333333,0.6333333333333333,0.06666666666666667,6.0,7.0,0.0,2000.0,2000.0,0.0,28.162666666666663,0.060000000000002274,60.95933333333333,0.00999999999999801,1004.818,0.010000000000104592,38.87,-0.9000000000000057,0.4337049688440316
S09_HIGH_ACON_LIGHTON__RUN_20260913_171419__SESSION_005__SEG_01__W_00180,S09_HIGH_ACON_LIGHTON,S09_HIGH_ACON_LIGHTON__RUN_20260913_171419__SESSION_005,S09_HIGH_ACON_LIGHTON__RUN_20260913_171419__SESSION_005__SEG_01,2026-09-13T10:48:19.411000Z,2026-09-13T10:48:48.498000Z,2,1,1,HIGH,2,0.36666666666666664,0.4,0.7,0.06666666666666667,6.0,8.0,0.0,2000.0,2000.0,0.0,28.171666666666678,0.05000000000000071,60.94233333333332,-0.14000000000000057,1004.8196666666665,0.010000000000104592,38.84,0.0,0.4409081537009749
S09_HIGH_ACON_LIGHTON__RUN_20260913_171419__SESSION_005__SEG_01__W_00185,S09_HIGH_ACON_LIGHTON,S09_HIGH_ACON_LIGHTON__RUN_20260913_171419__SESSION_005,S09_HIGH_ACON_LIGHTON__RUN_20260913_171419__SESSION_005__SEG_01,2026-09-13T10:48:24.426000Z,2026-09-13T10:48:53.515000Z,2,1,1,HIGH,2,0.26666666666666666,0.3333333333333333,0.5666666666666667,0.03333333333333333,7.0,6.0,0.03333333333333333,1178.0,1178.0,0.0,28.180000000000007,0.03999999999999915,60.920999999999985,-0.1599999999999966,1004.8199999999999,0.0,38.900000000000006,0.9000000000000057,0.4242640687119312
S09_HIGH_ACON_LIGHTON__RUN_20260913_171419__SESSION_005__SEG_01__W_00190,S09_HIGH_ACON_LIGHTON,S09_HIGH_ACON_LIGHTON__RUN_20260913_171419__SESSION_005,S09_HIGH_ACON_LIGHTON__RUN_20260913_171419__SESSION_005__SEG_01,2026-09-13T10:48:29.441000Z,2026-09-13T10:48:58.530000Z,2,1,1,HIGH,2,0.26666666666666666,0.26666666666666666,0.5333333333333333,0.0,7.0,5.0,0.03333333333333333,1178.0,1178.0,0.0,28.188000000000006,0.05000000000000071,60.87266666666667,-0.3500000000000014,1004.8199999999999,0.0,38.930000000000014,0.0,0.41243181254602834
S09_HIGH_ACON_LIGHTON__RUN_20260913_171419__SESSION_005__SEG_01__W_00195,S09_HIGH_ACON_LIGHTON,S09_HIGH_ACON_LIGHTON__RUN_20260913_171419__SESSION_005,S09_HIGH_ACON_LIGHTON__RUN_20260913_171419__SESSION_005__SEG_01,2026-09-13T10:48:34.456000Z,2026-09-13T10:49:03.727000Z,2,1,1,HIGH,2,0.3333333333333333,0.2,0.5333333333333333,0.0,8.0,4.0,0.06666666666666667,655.0,916.5,261.5,28.195000000000007,0.03999999999999915,60.78533333333334,-0.47000000000000597,1004.8199999999999,0.0,38.930000000000014,0.9000000000000057,0.41243181254602834
S09_HIGH_ACON_LIGHTON__RUN_20260913_171419__SESSION_005__SEG_01__W_00200,S09_HIGH_ACON_LIGHTON,S09_HIGH_ACON_LIGHTON__RUN_20260913_171419__SESSION_005,S09_HIGH_ACON_LIGHTON__RUN_20260913_171419__SESSION_005__SEG_01,2026-09-13T10:48:39.471000Z,2026-09-13T10:49:08.562000Z,2,1,1,HIGH,2,0.4,0.26666666666666666,0.5666666666666667,0.1,8.0,4.0,0.06666666666666667,655.0,916.5,261.5,28.20233333333334,0.03999999999999915,60.72366666666666,-0.4099999999999966,1004.8199999999999,0.0,39.050000000000004,0.0,0.3354101966249705
S09_HIGH_ACON_LIGHTON__RUN_20260913_171419__SESSION_005__SEG_01__W_00205,S09_HIGH_ACON_LIGHTON,S09_HIGH_ACON_LIGHTON__RUN_20260913_171419__SESSION_005,S09_HIGH_ACON_LIGHTON__RUN_20260913_171419__SESSION_005__SEG_01,2026-09-13T10:48:44.486000Z,2026-09-13T10:49:13.577000Z,2,1,1,HIGH,2,0.4,0.3333333333333333,0.6,0.13333333333333333,9.0,2.0,0.06666666666666667,655.0,916.5,261.5,28.208333333333336,0.029999999999997584,60.61299999999999,-0.6799999999999997,1004.8199999999999,0.0,39.17000000000001,0.9000000000000057,0.16155494421403616
S09_HIGH_ACON_LIGHTON__RUN_20260913_171419__SESSION_005__SEG_01__W_00210,S09_HIGH_ACON_LIGHTON,S09_HIGH_ACON_LIGHTON__RUN_20260913_171419__SESSION_005,S09_HIGH_ACON_LIGHTON__RUN_20260913_171419__SESSION_005__SEG_01,2026-09-13T10:48:49.501000Z,2026-09-13T10:49:18.592000Z,2,1,1,HIGH,2,0.4,0.3333333333333333,0.6,0.13333333333333333,8.0,3.0,0.06666666666666667,655.0,916.5,261.5,28.213000000000005,0.019999999999999574,60.51566666666666,-0.5600000000000023,1004.8199999999999,0.0,39.17,0.0,0.16155494421403616
S09_HIGH_ACON_LIGHTON__RUN_20260913_171419__SESSION_005__SEG_01__W_00215,S09_HIGH_ACON_LIGHTON,S09_HIGH_ACON_LIGHTON__RUN_20260913_171419__SESSION_005,S09_HIGH_ACON_LIGHTON__RUN_20260913_171419__SESSION_005__SEG_01,2026-09-13T10:48:54.518000Z,2026-09-13T10:49:23.607000Z,2,1,1,HIGH,2,0.43333333333333335,0.43333333333333335,0.7,0.16666666666666666,8.0,4.0,0.03333333333333333,655.0,655.0,0.0,28.216333333333342,0.019999999999999574,60.423333333333325,-0.3999999999999986,1004.8203333333333,0.009999999999990905,39.14000000000001,0.0,0.2244994432064379
S09_HIGH_ACON_LIGHTON__RUN_20260913_171419__SESSION_005__SEG_01__W_00220,S09_HIGH_ACON_LIGHTON,S09_HIGH_ACON_LIGHTON__RUN_20260913_171419__SESSION_005,S09_HIGH_ACON_LIGHTON__RUN_20260913_171419__SESSION_005__SEG_01,2026-09-13T10:48:59.533000Z,2026-09-13T10:49:28.622000Z,2,1,1,HIGH,2,0.4666666666666667,0.5333333333333333,0.7333333333333333,0.26666666666666666,8.0,5.0,0.03333333333333333,655.0,655.0,0.0,28.21833333333334,0.00999999999999801,60.36233333333333,-0.09999999999999432,1004.8206666666667,0.0,39.14000000000001,0.0,0.2244994432064379
S09_HIGH_ACON_LIGHTON__RUN_20260913_171419__SESSION_005__SEG_01__W_00225,S09_HIGH_ACON_LIGHTON,S09_HIGH_ACON_LIGHTON__RUN_20260913_171419__SESSION_005,S09_HIGH_ACON_LIGHTON__RUN_20260913_171419__SESSION_005__SEG_01,2026-09-13T10:49:04.550000Z,2026-09-13T10:49:33.823000Z,2,1,1,HIGH,2,0.4666666666666667,0.6,0.7333333333333333,0.3333333333333333,8.0,6.0,0.03333333333333333,642.0,642.0,0.0,28.220000000000006,0.0,60.34433333333334,-0.1600000000000037,1004.8223333333336,0.009999999999990905,39.16666666666667,0.0,0.27243755655603485
S09_HIGH_ACON_LIGHTON__RUN_20260913_171419__SESSION_005__SEG_01__W_00230,S09_HIGH_ACON_LIGHTON,S09_HIGH_ACON_LIGHTON__RUN_20260913_171419__SESSION_005,S09_HIGH_ACON_LIGHTON__RUN_20260913_171419__SESSION_005__SEG_01,2026-09-13T10:49:09.565000Z,2026-09-13T10:49:38.664000Z,2,1,1,HIGH,2,0.36666666666666664,0.5333333333333333,0.6666666666666666,0.23333333333333334,7.0,6.0,0.06666666666666667,507.0,574.5,67.5,28.220000000000006,0.0,60.310333333333325,-0.14999999999999858,1004.8240000000004,0.009999999999990905,39.16666666666667,0.0,0.27243755655603485
S09_HIGH_ACON_LIGHTON__RUN_20260913_171419__SESSION_005__SEG_01__W_00235,S09_HIGH_ACON_LIGHTON,S09_HIGH_ACON_LIGHTON__RUN_20260913_171419__SESSION_005,S09_HIGH_ACON_LIGHTON__RUN_20260913_171419__SESSION_005__SEG_01,2026-09-13T10:49:14.580000Z,2026-09-13T10:49:43.685000Z,2,1,1,HIGH,2,0.3333333333333333,0.5,0.6333333333333333,0.2,6.0,8.0,0.1,507.0,614.0,58.17406829698455,28.220000000000006,0.0,60.30833333333333,-0.060000000000002274,1004.8256666666671,0.009999999999990905,39.24666666666667,0.7999999999999972,0.3703451843288309
S09_HIGH_ACON_LIGHTON__RUN_20260913_171419__SESSION_005__SEG_01__W_00240,S09_HIGH_ACON_LIGHTON,S09_HIGH_ACON_LIGHTON__RUN_20260913_171419__SESSION_005,S09_HIGH_ACON_LIGHTON__RUN_20260913_171419__SESSION_005__SEG_01,2026-09-13T10:49:19.595000Z,2026-09-13T10:49:48.700000Z,2,1,1,HIGH,2,0.3,0.4666666666666667,0.5666666666666667,0.2,6.0,6.0,0.1,507.0,614.0,58.17406829698455,28.221000000000004,0.010000000000001563,60.31466666666665,0.020000000000003126,1004.8266666666669,0.0,39.33000000000001,0.0,0.3716180835212404
S09_HIGH_ACON_LIGHTON__RUN_20260913_171419__SESSION_005__SEG_01__W_00245,S09_HIGH_ACON_LIGHTON,S09_HIGH_ACON_LIGHTON__RUN_20260913_171419__SESSION_005,S09_HIGH_ACON_LIGHTON__RUN_20260913_171419__SESSION_005__SEG_01,2026-09-13T10:49:24.610000Z,2026-09-13T10:49:53.715000Z,2,1,1,HIGH,2,0.4,0.36666666666666664,0.6,0.16666666666666666,4.0,5.0,0.1,507.0,614.0,58.17406829698455,28.22266666666667,0.010000000000001563,60.32333333333334,0.11999999999999744,1004.8280000000003,0.009999999999990905,39.41333333333334,0.7999999999999972,0.3537733109712414
S09_HIGH_ACON_LIGHTON__RUN_20260913_171419__SESSION_005__SEG_01__W_00250,S09_HIGH_ACON_LIGHTON,S09_HIGH_ACON_LIGHTON__RUN_20260913_171419__SESSION_005,S09_HIGH_ACON_LIGHTON__RUN_20260913_171419__SESSION_005__SEG_01,2026-09-13T10:49:29.625000Z,2026-09-13T10:49:58.730000Z,2,1,1,HIGH,2,0.36666666666666664,0.26666666666666666,0.5666666666666667,0.06666666666666667,5.0,4.0,0.1,507.0,614.0,58.17406829698455,28.22533333333333,0.019999999999999574,60.32799999999999,-0.15000000000000568,1004.8300000000003,0.009999999999990905,39.49333333333334,-0.7999999999999972,0.38551552786135757
S09_HIGH_ACON_LIGHTON__RUN_20260913_171419__SESSION_005__SEG_01__W_00255,S09_HIGH_ACON_LIGHTON,S09_HIGH_ACON_LIGHTON__RUN_20260913_171419__SESSION_005,S09_HIGH_ACON_LIGHTON__RUN_20260913_171419__SESSION_005__SEG_01,2026-09-13T10:49:34.828000Z,2026-09-13T10:50:03.745000Z,2,1,1,HIGH,2,0.43333333333333335,0.2,0.6333333333333333,0.0,4.0,3.0,0.06666666666666667,507.0,560.5,53.5,28.228666666666673,0.019999999999999574,60.31466666666666,-0.07000000000000028,1004.8306666666668,0.0,39.6,0.7999999999999972,0.39999999999999863
S09_HIGH_ACON_LIGHTON__RUN_20260913_171419__SESSION_005__SEG_01__W_00260,S09_HIGH_ACON_LIGHTON,S09_HIGH_ACON_LIGHTON__RUN_20260913_171419__SESSION_005,S09_HIGH_ACON_LIGHTON__RUN_20260913_171419__SESSION_005__SEG_01,2026-09-13T10:49:39.667000Z,2026-09-13T10:50:08.948000Z,2,1,1,HIGH,2,0.4666666666666667,0.16666666666666666,0.6,0.03333333333333333,5.0,2.0,0.1,394.0,522.0,90.21455906153211,28.233,0.030000000000001137,60.29933333333333,-0.14000000000000057,1004.8313333333336,0.0,39.62666666666667,0.0,0.3991101212558857
S09_HIGH_ACON_LIGHTON__RUN_20260913_171419__SESSION_005__SEG_01__W_00265,S09_HIGH_ACON_LIGHTON,S09_HIGH_ACON_LIGHTON__RUN_20260913_171419__SESSION_005,S09_HIGH_ACON_LIGHTON__RUN_20260913_171419__SESSION_005__SEG_01,2026-09-13T10:49:44.688000Z,2026-09-13T10:50:13.783000Z,2,1,1,HIGH,2,0.43333333333333335,0.16666666666666666,0.5666666666666667,0.03333333333333333,4.0,3.0,0.06666666666666667,394.0,458.0,64.0,28.238,0.030000000000001137,60.24633333333334,-0.3399999999999963,1004.8330000000001,0.009999999999990905,39.546666666666674,-0.7999999999999972,0.39642849992849205
S09_HIGH_ACON_LIGHTON__RUN_20260913_171419__SESSION_005__SEG_01__W_00270,S09_HIGH_ACON_LIGHTON,S09_HIGH_ACON_LIGHTON__RUN_20260913_171419__SESSION_005,S09_HIGH_ACON_LIGHTON__RUN_20260913_171419__SESSION_005__SEG_01,2026-09-13T10:49:49.703000Z,2026-09-13T10:50:18.980000Z,2,1,1,HIGH,2,0.4,0.2,0.5666666666666667,0.03333333333333333,3.0,4.0,0.1,292.0,394.0,94.0968767931339,28.242,0.019999999999999574,60.19166666666667,-0.4100000000000037,1004.833666666667,0.0,39.46333333333334,0.0,0.43854557599207583
S09_HIGH_ACON_LIGHTON__RUN_20260913_171419__SESSION_005__SEG_01__W_00275,S09_HIGH_ACON_LIGHTON,S09_HIGH_ACON_LIGHTON__RUN_20260913_171419__SESSION_005,S09_HIGH_ACON_LIGHTON__RUN_20260913_171419__SESSION_005__SEG_01,2026-09-13T10:49:54.718000Z,2026-09-13T10:50:23.997000Z,2,1,1,HIGH,2,0.3,0.26666666666666666,0.5333333333333333,0.03333333333333333,5.0,5.0,0.13333333333333333,292.0,458.0,98.1488028454754,28.24533333333333,0.019999999999999574,60.11766666666668,-0.39000000000000057,1004.833666666667,0.0,38.90666666666667,0.0,2.097130314395258
S09_HIGH_ACON_LIGHTON__RUN_20260913_171419__SESSION_005__SEG_01__W_00280,S09_HIGH_ACON_LIGHTON,S09_HIGH_ACON_LIGHTON__RUN_20260913_171419__SESSION_005,S09_HIGH_ACON_LIGHTON__RUN_20260913_171419__SESSION_005__SEG_01,2026-09-13T10:49:59.733000Z,2026-09-13T10:50:28.838000Z,2,1,1,HIGH,2,0.3,0.3333333333333333,0.5666666666666667,0.06666666666666667,4.0,6.0,0.23333333333333334,292.0,518.0,96.70932673507257,28.247666666666667,0.010000000000001563,60.04666666666667,-0.4799999999999969,1004.8330000000004,-0.009999999999990905,38.93333333333333,0.0,2.1057592982632705
S09_HIGH_ACON_LIGHTON__RUN_20260913_171419__SESSION_005__SEG_01__W_00285,S09_HIGH_ACON_LIGHTON,S09_HIGH_ACON_LIGHTON__RUN_20260913_171419__SESSION_005,S09_HIGH_ACON_LIGHTON__RUN_20260913_171419__SESSION_005__SEG_01,2026-09-13T10:50:04.748000Z,2026-09-13T10:50:33.853000Z,2,1,1,HIGH,2,0.23333333333333334,0.3333333333333333,0.5,0.06666666666666667,5.0,6.0,0.23333333333333334,292.0,518.0,96.70932673507257,28.249333333333333,0.010000000000001563,59.95366666666667,-0.5300000000000011,1004.8323333333336,-0.009999999999990905,38.93333333333333,0.7999999999999972,2.1057592982632705
S09_HIGH_ACON_LIGHTON__RUN_20260913_171419__SESSION_005__SEG_01__W_00290,S09_HIGH_ACON_LIGHTON,S09_HIGH_ACON_LIGHTON__RUN_20260913_171419__SESSION_005,S09_HIGH_ACON_LIGHTON__RUN_20260913_171419__SESSION_005__SEG_01,2026-09-13T10:50:09.771000Z,2026-09-13T10:50:38.869000Z,2,1,1,HIGH,2,0.26666666666666666,0.36666666666666664,0.5666666666666667,0.06666666666666667,5.0,5.0,0.16666666666666666,292.0,518.0,105.654152781611,28.25,0.0,59.89233333333334,-0.29999999999999716,1004.8323333333336,0.0,38.903333333333336,0.0,2.1081561190344096
S09_HIGH_ACON_LIGHTON__RUN_20260913_171419__SESSION_005__SEG_01__W_00295,S09_HIGH_ACON_LIGHTON,S09_HIGH_ACON_LIGHTON__RUN_20260913_171419__SESSION_005,S09_HIGH_ACON_LIGHTON__RUN_20260913_171419__SESSION_005__SEG_01,2026-09-13T10:50:14.786000Z,2026-09-13T10:50:43.884000Z,2,1,1,HIGH,2,0.3333333333333333,0.3,0.5666666666666667,0.06666666666666667,6.0,5.0,0.16666666666666666,292.0,518.0,105.654152781611,28.25,0.0,59.85666666666666,-0.38000000000000256,1004.833,0.01999999999998181,38.90333333333334,0.0,2.1081561190344096
S09_HIGH_ACON_LIGHTON__RUN_20260913_171419__SESSION_005__SEG_01__W_00300,S09_HIGH_ACON_LIGHTON,S09_HIGH_ACON_LIGHTON__RUN_20260913_171419__SESSION_005,S09_HIGH_ACON_LIGHTON__RUN_20260913_171419__SESSION_005__SEG_01,2026-09-13T10:50:19.803000Z,2026-09-13T10:50:49.082000Z,2,1,1,HIGH,2,0.36666666666666664,0.3,0.5666666666666667,0.1,6.0,5.0,0.13333333333333333,502.0,523.5,41.2583324917525,28.25,0.0,59.82166666666667,-0.1600000000000037,1004.8369999999998,0.01999999999998181,38.983333333333334,0.7999999999999972,2.154078818324797
S09_HIGH_ACON_LIGHTON__RUN_20260913_171419__SESSION_005__SEG_01__W_00305,S09_HIGH_ACON_LIGHTON,S09_HIGH_ACON_LIGHTON__RUN_20260913_171419__SESSION_005,S09_HIGH_ACON_LIGHTON__RUN_20260913_171419__SESSION_005__SEG_01,2026-09-13T10:50:25.002000Z,2026-09-13T10:50:54.107000Z,2,1,1,HIGH,2,0.3,0.3,0.5,0.1,5.0,6.0,0.26666666666666666,479.0,500.0,44.834243330293866,28.25,0.0,59.790333333333336,-0.19000000000000483,1004.8416666666667,0.01999999999998181,39.62,0.7999999999999972,0.5935205697081326
S09_HIGH_ACON_LIGHTON__RUN_20260913_171419__SESSION_005__SEG_01__W_00310,S09_HIGH_ACON_LIGHTON,S09_HIGH_ACON_LIGHTON__RUN_20260913_171419__SESSION_005,S09_HIGH_ACON_LIGHTON__RUN_20260913_171419__SESSION_005__SEG_01,2026-09-13T10:50:29.841000Z,2026-09-13T10:50:59.132000Z,2,1,1,HIGH,2,0.23333333333333334,0.36666666666666664,0.5333333333333333,0.06666666666666667,4.0,6.0,0.16666666666666666,479.0,489.0,37.01891408455953,28.251666666666665,0.010000000000001563,59.76066666666668,0.03999999999999915,1004.8456666666665,0.01999999999998181,39.620000000000005,-0.7999999999999972,0.5935205697081326
S09_HIGH_ACON_LIGHTON__RUN_20260913_171419__SESSION_005__SEG_01__W_00315,S09_HIGH_ACON_LIGHTON,S09_HIGH_ACON_LIGHTON__RUN_20260913_171419__SESSION_005,S09_HIGH_ACON_LIGHTON__RUN_20260913_171419__SESSION_005__SEG_01,2026-09-13T10:50:34.856000Z,2026-09-13T10:51:04.155000Z,2,1,1,HIGH,2,0.23333333333333334,0.4666666666666667,0.6,0.1,4.0,7.0,0.2,373.0,487.0,59.99004547052416,28.25333333333333,0.010000000000001563,59.763333333333335,-0.10999999999999943,1004.8499999999999,0.029999999999972715,39.59333333333334,0.0,0.593820025110489
S09_HIGH_ACON_LIGHTON__RUN_20260913_171419__SESSION_005__SEG_01__W_00320,S09_HIGH_ACON_LIGHTON,S09_HIGH_ACON_LIGHTON__RUN_20260913_171419__SESSION_005,S09_HIGH_ACON_LIGHTON__RUN_20260913_171419__SESSION_005__SEG_01,2026-09-13T10:50:39.872000Z,2026-09-13T10:51:09.176000Z,2,1,1,HIGH,2,0.3333333333333333,0.43333333333333335,0.6666666666666666,0.1,3.0,7.0,0.26666666666666666,373.0,482.0,54.58694326485043,28.255000000000003,0.010000000000001563,59.72933333333334,-0.18999999999999773,1004.8543333333334,0.01999999999998181,39.650000000000006,0.0,0.5469613027140637
S09_HIGH_ACON_LIGHTON__RUN_20260913_171419__SESSION_005__SEG_01__W_00325,S09_HIGH_ACON_LIGHTON,S09_HIGH_ACON_LIGHTON__RUN_20260913_171419__SESSION_005,S09_HIGH_ACON_LIGHTON__RUN_20260913_171419__SESSION_005__SEG_01,2026-09-13T10:50:44.887000Z,2026-09-13T10:51:14.011000Z,2,1,1,HIGH,2,0.3,0.5,0.7,0.1,4.0,7.0,0.26666666666666666,373.0,482.0,54.58694326485043,28.258,0.019999999999999574,59.69633333333332,-0.14999999999999858,1004.8556666666665,0.0,39.480000000000004,-0.7999999999999972,0.8688689966464063
S09_HIGH_ACON_LIGHTON__RUN_20260913_171419__SESSION_005__SEG_01__W_00330,S09_HIGH_ACON_LIGHTON,S09_HIGH_ACON_LIGHTON__RUN_20260913_171419__SESSION_005,S09_HIGH_ACON_LIGHTON__RUN_20260913_171419__SESSION_005__SEG_01,2026-09-13T10:50:50.087000Z,2026-09-13T10:51:19.026000Z,2,1,1,HIGH,2,0.3333333333333333,0.5333333333333333,0.7666666666666667,0.1,4.0,8.0,0.26666666666666666,373.0,482.0,54.58694326485043,28.26133333333333,0.019999999999999574,59.66299999999998,-0.10999999999999943,1004.8549999999997,-0.009999999999990905,39.230000000000004,-1.7000000000000028,1.004705595352854
S09_HIGH_ACON_LIGHTON__RUN_20260913_171419__SESSION_005__SEG_01__W_00335,S09_HIGH_ACON_LIGHTON,S09_HIGH_ACON_LIGHTON__RUN_20260913_171419__SESSION_005,S09_HIGH_ACON_LIGHTON__RUN_20260913_171419__SESSION_005__SEG_01,2026-09-13T10:50:55.112000Z,2026-09-13T10:51:24.041000Z,2,1,1,HIGH,2,0.4,0.5333333333333333,0.8333333333333334,0.1,5.0,6.0,0.1,373.0,439.0,34.883934538536344,28.264666666666663,0.00999999999999801,59.659000000000006,-0.03999999999999915,1004.8526666666666,-0.01999999999998181,39.15,0.0,0.971510850857227
S09_HIGH_ACON_LIGHTON__RUN_20260913_171419__SESSION_005__SEG_01__W_00340,S09_HIGH_ACON_LIGHTON,S09_HIGH_ACON_LIGHTON__RUN_20260913_171419__SESSION_005,S09_HIGH_ACON_LIGHTON__RUN_20260913_171419__SESSION_005__SEG_01,2026-09-13T10:51:00.137000Z,2026-09-13T10:51:29.246000Z,2,1,1,HIGH,2,0.4,0.4,0.7,0.1,4.0,5.0,0.16666666666666666,373.0,453.0,91.28066607995365,28.26633333333333,0.00999999999999801,59.63733333333333,-0.12999999999999545,1004.8513333333333,-0.009999999999990905,39.15,0.0,0.971510850857227
S09_HIGH_ACON_LIGHTON__RUN_20260913_171419__SESSION_005__SEG_01__W_00345,S09_HIGH_ACON_LIGHTON,S09_HIGH_ACON_LIGHTON__RUN_20260913_171419__SESSION_005,S09_HIGH_ACON_LIGHTON__RUN_20260913_171419__SESSION_005__SEG_01,2026-09-13T10:51:05.160000Z,2026-09-13T10:51:34.087000Z,2,1,1,HIGH,2,0.3333333333333333,0.4,0.6666666666666666,0.06666666666666667,3.0,5.0,0.13333333333333333,439.0,523.5,77.00771065289501,28.269,0.019999999999999574,59.61833333333335,-0.09000000000000341,1004.8503333333332,-0.009999999999990905,39.07000000000001,-0.7999999999999972,0.9302866941611782
S09_HIGH_ACON_LIGHTON__RUN_20260913_171419__SESSION_005__SEG_01__W_00350,S09_HIGH_ACON_LIGHTON,S09_HIGH_ACON_LIGHTON__RUN_20260913_171419__SESSION_005,S09_HIGH_ACON_LIGHTON__RUN_20260913_171419__SESSION_005__SEG_01,2026-09-13T10:51:09.999000Z,2026-09-13T10:51:39.106000Z,2,1,1,HIGH,2,0.2,0.4666666666666667,0.6333333333333333,0.03333333333333333,4.0,3.0,0.1,318.0,594.0,132.77633657981212,28.27233333333333,0.019999999999999574,59.59466666666666,-0.09000000000000341,1004.8503333333334,0.009999999999990905,39.123333333333335,0.7999999999999972,0.958708622169542
S09_HIGH_ACON_LIGHTON__RUN_20260913_171419__SESSION_005__SEG_01__W_00355,S09_HIGH_ACON_LIGHTON,S09_HIGH_ACON_LIGHTON__RUN_20260913_171419__SESSION_005,S09_HIGH_ACON_LIGHTON__RUN_20260913_171419__SESSION_005__SEG_01,2026-09-13T10:51:15.014000Z,2026-09-13T10:51:44.305000Z,2,1,1,HIGH,2,0.23333333333333334,0.36666666666666664,0.5666666666666667,0.03333333333333333,5.0,2.0,0.1,318.0,594.0,132.77633657981212,28.274333333333328,0.010000000000001563,59.59066666666666,-0.060000000000002274,1004.8516666666668,0.009999999999990905,39.42666666666667,3.299999999999997,0.8053708600528218
S09_HIGH_ACON_LIGHTON__RUN_20260913_171419__SESSION_005__SEG_01__W_00360,S09_HIGH_ACON_LIGHTON,S09_HIGH_ACON_LIGHTON__RUN_20260913_171419__SESSION_005,S09_HIGH_ACON_LIGHTON__RUN_20260913_171419__SESSION_005__SEG_01,2026-09-13T10:51:20.029000Z,2026-09-13T10:51:49.142000Z,2,1,1,HIGH,2,0.2,0.3,0.5,0.0,5.0,2.0,0.1,318.0,594.0,132.77633657981212,28.275999999999993,0.010000000000001563,59.58666666666666,-0.17999999999999972,1004.8533333333336,0.009999999999990905,39.76,0.7999999999999972,0.36660605559646586
S09_HIGH_ACON_LIGHTON__RUN_20260913_171419__SESSION_005__SEG_01__W_00365,S09_HIGH_ACON_LIGHTON,S09_HIGH_ACON_LIGHTON__RUN_20260913_171419__SESSION_005,S09_HIGH_ACON_LIGHTON__RUN_20260913_171419__SESSION_005__SEG_01,2026-09-13T10:51:25.226000Z,2026-09-13T10:51:54.159000Z,2,1,1,HIGH,2,0.13333333333333333,0.3333333333333333,0.4666666666666667,0.0,4.0,3.0,0.1,318.0,594.0,132.77633657981212,28.277666666666665,0.010000000000001563,59.56233333333333,-0.0799999999999983,1004.8570000000001,0.029999999999972715,39.84,0.7999999999999972,0.3199999999999989
S09_HIGH_ACON_LIGHTON__RUN_20260913_171419__SESSION_005__SEG_01__W_00370,S09_HIGH_ACON_LIGHTON,S09_HIGH_ACON_LIGHTON__RUN_20260913_171419__SESSION_005,S09_HIGH_ACON_LIGHTON__RUN_20260913_171419__SESSION_005__SEG_01,2026-09-13T10:51:30.251000Z,2026-09-13T10:51:59.358000Z,2,1,1,HIGH,2,0.13333333333333333,0.4,0.5333333333333333,0.0,4.0,4.0,0.03333333333333333,318.0,318.0,0.0,28.279666666666664,0.019999999999999574,59.56233333333332,0.07000000000000028,1004.863,0.03999999999996362,39.86666666666667,0.0,0.29814239699997086
S09_HIGH_ACON_LIGHTON__RUN_20260913_171419__SESSION_005__SEG_01__W_00375,S09_HIGH_ACON_LIGHTON,S09_HIGH_ACON_LIGHTON__RUN_20260913_171419__SESSION_005,S09_HIGH_ACON_LIGHTON__RUN_20260913_171419__SESSION_005__SEG_01,2026-09-13T10:51:35.090000Z,2026-09-13T10:52:04.383000Z,2,1,1,HIGH,2,0.3,0.36666666666666664,0.6,0.06666666666666667,5.0,5.0,0.13333333333333333,274.0,288.5,17.640507362318125,28.281999999999993,0.00999999999999801,59.56666666666668,0.0,1004.8696666666666,0.029999999999972715,39.866666666666674,0.0,0.2981423969999709
S09_HIGH_ACON_LIGHTON__RUN_20260913_171419__SESSION_005__SEG_01__W_00380,S09_HIGH_ACON_LIGHTON,S09_HIGH_ACON_LIGHTON__RUN_20260913_171419__SESSION_005,S09_HIGH_ACON_LIGHTON__RUN_20260913_171419__SESSION_005__SEG_01,2026-09-13T10:51:40.109000Z,2026-09-13T10:52:09.408000Z,2,1,1,HIGH,2,0.36666666666666664,0.4,0.6333333333333333,0.13333333333333333,5.0,5.0,0.23333333333333334,232.0,284.0,56.77991884173021,28.283666666666658,0.00999999999999801,59.58800000000001,0.03999999999999915,1004.8746666666666,0.029999999999972715,39.81333333333334,0.0,0.3383620677453193
S09_HIGH_ACON_LIGHTON__RUN_20260913_171419__SESSION_005__SEG_01__W_00385,S09_HIGH_ACON_LIGHTON,S09_HIGH_ACON_LIGHTON__RUN_20260913_171419__SESSION_005,S09_HIGH_ACON_LIGHTON__RUN_20260913_171419__SESSION_005__SEG_01,2026-09-13T10:51:45.128000Z,2026-09-13T10:52:14.427000Z,2,1,1,HIGH,2,0.43333333333333335,0.43333333333333335,0.7,0.16666666666666666,3.0,6.0,0.26666666666666666,232.0,291.5,53.1258823456138,28.28699999999999,0.019999999999999574,59.59566666666667,-0.03999999999999915,1004.8783333333334,0.01999999999998181,39.78666666666667,0.0,0.3537733109712415
S09_HIGH_ACON_LIGHTON__RUN_20260913_171419__SESSION_005__SEG_01__W_00390,S09_HIGH_ACON_LIGHTON,S09_HIGH_ACON_LIGHTON__RUN_20260913_171419__SESSION_005,S09_HIGH_ACON_LIGHTON__RUN_20260913_171419__SESSION_005__SEG_01,2026-09-13T10:51:50.145000Z,2026-09-13T10:52:19.264000Z,2,1,1,HIGH,2,0.4666666666666667,0.5,0.7333333333333333,0.23333333333333334,4.0,7.0,0.26666666666666666,232.0,291.5,53.1258823456138,28.290333333333322,0.019999999999999574,59.60333333333333,0.00999999999999801,1004.8813333333334,0.01999999999998181,39.483333333333334,-2.5,0.7836169699257123
S09_HIGH_ACON_LIGHTON__RUN_20260913_171419__SESSION_005__SEG_01__W_00395,S09_HIGH_ACON_LIGHTON,S09_HIGH_ACON_LIGHTON__RUN_20260913_171419__SESSION_005,S09_HIGH_ACON_LIGHTON__RUN_20260913_171419__SESSION_005__SEG_01,2026-09-13T10:51:55.162000Z,2026-09-13T10:52:24.467000Z,2,1,1,HIGH,2,0.5333333333333333,0.43333333333333335,0.7333333333333333,0.23333333333333334,5.0,7.0,0.26666666666666666,232.0,291.5,53.1258823456138,28.29499999999999,0.029999999999997584,59.61533333333332,0.030000000000001137,1004.8823333333332,-0.009999999999990905,39.45666666666667,0.0,0.7791804811609577
S09_HIGH_ACON_LIGHTON__RUN_20260913_171419__SESSION_005__SEG_01__W_00400,S09_HIGH_ACON_LIGHTON,S09_HIGH_ACON_LIGHTON__RUN_20260913_171419__SESSION_005,S09_HIGH_ACON_LIGHTON__RUN_20260913_171419__SESSION_005__SEG_01,2026-09-13T10:52:00.363000Z,2026-09-13T10:52:29.302000Z,2,1,1,HIGH,2,0.6333333333333333,0.4,0.7666666666666667,0.26666666666666666,4.0,7.0,0.26666666666666666,232.0,291.5,53.1258823456138,28.299666666666656,0.019999999999999574,59.616,-0.10000000000000142,1004.880333333333,-0.01999999999998181,39.45666666666667,0.0,0.7791804811609577
S09_HIGH_ACON_LIGHTON__RUN_20260913_171419__SESSION_005__SEG_01__W_00405,S09_HIGH_ACON_LIGHTON,S09_HIGH_ACON_LIGHTON__RUN_20260913_171419__SESSION_005,S09_HIGH_ACON_LIGHTON__RUN_20260913_171419__SESSION_005__SEG_01,2026-09-13T10:52:05.388000Z,2026-09-13T10:52:34.319000Z,2,1,1,HIGH,2,0.5333333333333333,0.3333333333333333,0.6666666666666666,0.2,6.0,5.0,0.16666666666666666,232.0,309.0,63.0092056766311,28.30299999999999,0.019999999999999574,59.60866666666665,-0.060000000000002274,1004.876,-0.029999999999972715,39.56333333333334,0.7999999999999972,0.7914052199867153
S09_HIGH_ACON_LIGHTON__RUN_20260913_171419__SESSION_005__SEG_01__W_00410,S09_HIGH_ACON_LIGHTON,S09_HIGH_ACON_LIGHTON__RUN_20260913_171419__SESSION_005,S09_HIGH_ACON_LIGHTON__RUN_20260913_171419__SESSION_005__SEG_01,2026-09-13T10:52:10.231000Z,2026-09-13T10:52:39.334000Z,2,1,1,HIGH,2,0.4666666666666667,0.2,0.5333333333333333,0.13333333333333333,6.0,5.0,0.03333333333333333,309.0,309.0,0.0,28.30633333333332,0.00999999999999801,59.605666666666664,0.07000000000000028,1004.8710000000002,-0.029999999999972715,39.64333333333333,0.0,0.7910681948409303
S09_HIGH_ACON_LIGHTON__RUN_20260913_171419__SESSION_005__SEG_01__W_00415,S09_HIGH_ACON_LIGHTON,S09_HIGH_ACON_LIGHTON__RUN_20260913_171419__SESSION_005,S09_HIGH_ACON_LIGHTON__RUN_20260913_171419__SESSION_005__SEG_01,2026-09-13T10:52:15.432000Z,2026-09-13T10:52:44.349000Z,2,1,1,HIGH,2,0.36666666666666664,0.23333333333333334,0.4666666666666667,0.13333333333333333,7.0,4.0,0.0,2000.0,2000.0,0.0,28.309333333333335,0.019999999999999574,59.620000000000005,0.00999999999999801,1004.8673333333335,-0.01999999999998181,39.61666666666667,0.7999999999999972,0.7920788400714213
S09_HIGH_ACON_LIGHTON__RUN_20260913_171419__SESSION_005__SEG_01__W_00420,S09_HIGH_ACON_LIGHTON,S09_HIGH_ACON_LIGHTON__RUN_20260913_171419__SESSION_005,S09_HIGH_ACON_LIGHTON__RUN_20260913_171419__SESSION_005__SEG_01,2026-09-13T10:52:20.267000Z,2026-09-13T10:52:49.366000Z,2,1,1,HIGH,2,0.3,0.2,0.43333333333333335,0.06666666666666667,5.0,5.0,0.0,2000.0,2000.0,0.0,28.31266666666668,0.019999999999999574,59.63033333333335,0.03999999999999915,1004.8643333333334,-0.009999999999990905,39.919999999999995,0.7999999999999972,0.2399999999999991
S09_HIGH_ACON_LIGHTON__RUN_20260913_171419__SESSION_005__SEG_01__W_00425,S09_HIGH_ACON_LIGHTON,S09_HIGH_ACON_LIGHTON__RUN_20260913_171419__SESSION_005,S09_HIGH_ACON_LIGHTON__RUN_20260913_171419__SESSION_005__SEG_01,2026-09-13T10:52:25.290000Z,2026-09-13T10:52:54.381000Z,2,1,1,HIGH,2,0.23333333333333334,0.23333333333333334,0.4,0.06666666666666667,4.0,4.0,0.0,2000.0,2000.0,0.0,28.314666666666675,0.010000000000001563,59.63833333333334,0.1700000000000017,1004.8623333333334,-0.009999999999990905,39.94666666666667,0.0,0.19955506062794282
S09_HIGH_ACON_LIGHTON__RUN_20260913_171419__SESSION_005__SEG_01__W_00430,S09_HIGH_ACON_LIGHTON,S09_HIGH_ACON_LIGHTON__RUN_20260913_171419__SESSION_005,S09_HIGH_ACON_LIGHTON__RUN_20260913_171419__SESSION_005__SEG_01,2026-09-13T10:52:30.305000Z,2026-09-13T10:52:59.398000Z,2,1,1,HIGH,2,0.13333333333333333,0.3,0.4,0.03333333333333333,4.0,5.0,0.0,2000.0,2000.0,0.0,28.31633333333334,0.010000000000001563,59.664,0.240000000000002,1004.8606666666668,-0.009999999999990905,39.89333333333334,-0.7999999999999972,0.2719477073916142
S09_HIGH_ACON_LIGHTON__RUN_20260913_171419__SESSION_005__SEG_01__W_00435,S09_HIGH_ACON_LIGHTON,S09_HIGH_ACON_LIGHTON__RUN_20260913_171419__SESSION_005,S09_HIGH_ACON_LIGHTON__RUN_20260913_171419__SESSION_005__SEG_01,2026-09-13T10:52:35.322000Z,2026-09-13T10:53:04.597000Z,2,1,1,HIGH,2,0.06666666666666667,0.36666666666666664,0.4,0.03333333333333333,2.0,6.0,0.0,2000.0,2000.0,0.0,28.318000000000005,0.010000000000001563,59.68266666666666,0.10000000000000142,1004.8600000000001,0.0,39.86666666666667,0.0,0.2981423969999709
S09_HIGH_ACON_LIGHTON__RUN_20260913_171419__SESSION_005__SEG_01__W_00440,S09_HIGH_ACON_LIGHTON,S09_HIGH_ACON_LIGHTON__RUN_20260913_171419__SESSION_005,S09_HIGH_ACON_LIGHTON__RUN_20260913_171419__SESSION_005__SEG_01,2026-09-13T10:52:40.337000Z,2026-09-13T10:53:09.614000Z,2,1,1,HIGH,2,0.03333333333333333,0.4,0.4,0.03333333333333333,1.0,7.0,0.0,2000.0,2000.0,0.0,28.31966666666668,0.010000000000001563,59.68266666666668,-0.11999999999999744,1004.8600000000001,0.0,39.86666666666667,0.0,0.2981423969999708
S09_HIGH_ACON_LIGHTON__RUN_20260913_171419__SESSION_005__SEG_01__W_00445,S09_HIGH_ACON_LIGHTON,S09_HIGH_ACON_LIGHTON__RUN_20260913_171419__SESSION_005,S09_HIGH_ACON_LIGHTON__RUN_20260913_171419__SESSION_005__SEG_01,2026-09-13T10:52:45.352000Z,2026-09-13T10:53:14.453000Z,2,1,1,HIGH,2,0.0,0.3333333333333333,0.3333333333333333,0.0,0.0,6.0,0.0,2000.0,2000.0,0.0,28.32000000000001,0.0,59.672,-0.07000000000000028,1004.8600000000001,0.0,39.919999999999995,0.0,0.23999999999999913
S09_HIGH_ACON_LIGHTON__RUN_20260913_171419__SESSION_005__SEG_01__W_00450,S09_HIGH_ACON_LIGHTON,S09_HIGH_ACON_LIGHTON__RUN_20260913_171419__SESSION_005,S09_HIGH_ACON_LIGHTON__RUN_20260913_171419__SESSION_005__SEG_01,2026-09-13T10:52:50.369000Z,2026-09-13T10:53:19.470000Z,2,1,1,HIGH,2,0.0,0.26666666666666666,0.26666666666666666,0.0,0.0,4.0,0.0,2000.0,2000.0,0.0,28.321000000000012,0.00999999999999801,59.67233333333334,0.0,1004.861,0.009999999999990905,39.919999999999995,0.0,0.23999999999999913
S09_HIGH_ACON_LIGHTON__RUN_20260913_171419__SESSION_005__SEG_01__W_00455,S09_HIGH_ACON_LIGHTON,S09_HIGH_ACON_LIGHTON__RUN_20260913_171419__SESSION_005,S09_HIGH_ACON_LIGHTON__RUN_20260913_171419__SESSION_005__SEG_01,2026-09-13T10:52:55.384000Z,2026-09-13T10:53:24.487000Z,2,1,1,HIGH,2,0.0,0.2,0.2,0.0,0.0,3.0,0.0,2000.0,2000.0,0.0,28.322666666666677,0.00999999999999801,59.667,-0.11999999999999744,1004.8623333333331,0.0,39.919999999999995,0.0,0.2399999999999991
S09_HIGH_ACON_LIGHTON__RUN_20260913_171419__SESSION_005__SEG_01__W_00460,S09_HIGH_ACON_LIGHTON,S09_HIGH_ACON_LIGHTON__RUN_20260913_171419__SESSION_005,S09_HIGH_ACON_LIGHTON__RUN_20260913_171419__SESSION_005__SEG_01,2026-09-13T10:53:00.401000Z,2026-09-13T10:53:29.684000Z,2,1,1,HIGH,2,0.0,0.1,0.1,0.0,0.0,2.0,0.0,2000.0,2000.0,0.0,28.324333333333342,0.00999999999999801,59.63066666666667,-0.29000000000000625,1004.8639999999998,0.009999999999990905,39.973333333333336,0.7999999999999972,0.14360439485691964
S09_HIGH_ACON_LIGHTON__RUN_20260913_171419__SESSION_005__SEG_01__W_00465,S09_HIGH_ACON_LIGHTON,S09_HIGH_ACON_LIGHTON__RUN_20260913_171419__SESSION_005,S09_HIGH_ACON_LIGHTON__RUN_20260913_171419__SESSION_005__SEG_01,2026-09-13T10:53:05.420000Z,2026-09-13T10:53:34.521000Z,2,1,1,HIGH,2,0.0,0.03333333333333333,0.03333333333333333,0.0,0.0,1.0,0.0,2000.0,2000.0,0.0,28.326000000000008,0.00999999999999801,59.57633333333332,-0.3299999999999983,1004.8656666666665,0.009999999999990905,40.0,0.0,0.0
S09_HIGH_ACON_LIGHTON__RUN_20260913_171419__SESSION_005__SEG_01__W_00470,S09_HIGH_ACON_LIGHTON,S09_HIGH_ACON_LIGHTON__RUN_20260913_171419__SESSION_005,S09_HIGH_ACON_LIGHTON__RUN_20260913_171419__SESSION_005__SEG_01,2026-09-13T10:53:10.437000Z,2026-09-13T10:53:39.538000Z,2,1,1,HIGH,2,0.0,0.06666666666666667,0.06666666666666667,0.0,0.0,1.0,0.0,2000.0,2000.0,0.0,28.327666666666673,0.00999999999999801,59.53966666666666,-0.12000000000000455,1004.8673333333332,0.009999999999990905,40.0,0.0,0.0
S09_HIGH_ACON_LIGHTON__RUN_20260913_171419__SESSION_005__SEG_01__W_00475,S09_HIGH_ACON_LIGHTON,S09_HIGH_ACON_LIGHTON__RUN_20260913_171419__SESSION_005,S09_HIGH_ACON_LIGHTON__RUN_20260913_171419__SESSION_005__SEG_01,2026-09-13T10:53:15.456000Z,2026-09-13T10:53:44.553000Z,2,1,1,HIGH,2,0.0,0.16666666666666666,0.16666666666666666,0.0,0.0,2.0,0.0,2000.0,2000.0,0.0,28.329333333333338,0.00999999999999801,59.51566666666667,-0.25,1004.8693333333332,0.01999999999998181,40.0,0.0,0.0
S09_HIGH_ACON_LIGHTON__RUN_20260913_171419__SESSION_005__SEG_01__W_00480,S09_HIGH_ACON_LIGHTON,S09_HIGH_ACON_LIGHTON__RUN_20260913_171419__SESSION_005,S09_HIGH_ACON_LIGHTON__RUN_20260913_171419__SESSION_005__SEG_01,2026-09-13T10:53:20.655000Z,2026-09-13T10:53:49.570000Z,2,1,1,HIGH,2,0.0,0.23333333333333334,0.23333333333333334,0.0,0.0,3.0,0.0,2000.0,2000.0,0.0,28.330000000000005,0.0,59.484666666666676,-0.14000000000000057,1004.8713333333336,0.0,40.0,0.0,0.0
S09_HIGH_ACON_LIGHTON__RUN_20260913_171419__SESSION_005__SEG_01__W_00485,S09_HIGH_ACON_LIGHTON,S09_HIGH_ACON_LIGHTON__RUN_20260913_171419__SESSION_005,S09_HIGH_ACON_LIGHTON__RUN_20260913_171419__SESSION_005__SEG_01,2026-09-13T10:53:25.490000Z,2026-09-13T10:53:54.769000Z,2,1,1,HIGH,2,0.0,0.36666666666666664,0.36666666666666664,0.0,0.0,4.0,0.0,2000.0,2000.0,0.0,28.330000000000005,0.0,59.44533333333334,-0.269999999999996,1004.873,0.009999999999990905,40.0,0.0,0.0
S09_HIGH_ACON_LIGHTON__RUN_20260913_171419__SESSION_005__SEG_01__W_00490,S09_HIGH_ACON_LIGHTON,S09_HIGH_ACON_LIGHTON__RUN_20260913_171419__SESSION_005,S09_HIGH_ACON_LIGHTON__RUN_20260913_171419__SESSION_005__SEG_01,2026-09-13T10:53:30.507000Z,2026-09-13T10:53:59.608000Z,2,1,1,HIGH,2,0.1,0.36666666666666664,0.4666666666666667,0.0,2.0,4.0,0.03333333333333333,516.0,516.0,0.0,28.330000000000005,0.0,59.42466666666667,-0.060000000000002274,1004.8746666666668,0.009999999999990905,40.0,0.0,0.0
S09_HIGH_ACON_LIGHTON__RUN_20260913_171419__SESSION_005__SEG_01__W_00495,S09_HIGH_ACON_LIGHTON,S09_HIGH_ACON_LIGHTON__RUN_20260913_171419__SESSION_005,S09_HIGH_ACON_LIGHTON__RUN_20260913_171419__SESSION_005__SEG_01,2026-09-13T10:53:35.524000Z,2026-09-13T10:54:04.623000Z,2,1,1,HIGH,2,0.16666666666666666,0.36666666666666664,0.5333333333333333,0.0,3.0,4.0,0.03333333333333333,516.0,516.0,0.0,28.330000000000005,0.0,59.419999999999995,-0.00999999999999801,1004.8763333333336,0.009999999999990905,40.0,0.0,0.0
S09_HIGH_ACON_LIGHTON__RUN_20260913_171419__SESSION_005__SEG_01__W_00500,S09_HIGH_ACON_LIGHTON,S09_HIGH_ACON_LIGHTON__RUN_20260913_171419__SESSION_005,S09_HIGH_ACON_LIGHTON__RUN_20260913_171419__SESSION_005__SEG_01,2026-09-13T10:53:40.541000Z,2026-09-13T10:54:09.824000Z,2,1,1,HIGH,2,0.26666666666666666,0.4,0.6333333333333333,0.03333333333333333,4.0,4.0,0.1,234.0,241.0,131.31725789941785,28.33166666666667,0.010000000000001563,59.40299999999999,-0.17999999999999972,1004.8776666666668,0.009999999999990905,39.92,0.0,0.2399999999999992
S09_HIGH_ACON_LIGHTON__RUN_20260913_171419__SESSION_005__SEG_01__W_00505,S09_HIGH_ACON_LIGHTON,S09_HIGH_ACON_LIGHTON__RUN_20260913_171419__SESSION_005,S09_HIGH_ACON_LIGHTON__RUN_20260913_171419__SESSION_005__SEG_01,2026-09-13T10:53:45.556000Z,2026-09-13T10:54:14.847000Z,2,1,1,HIGH,2,0.43333333333333335,0.4,0.7,0.13333333333333333,4.0,4.0,0.16666666666666666,234.0,248.0,115.82504047053037,28.33333333333334,0.010000000000001563,59.392333333333326,0.03999999999999915,1004.8783333333334,0.0,39.81333333333334,0.0,0.3383620677453193
S09_HIGH_ACON_LIGHTON__RUN_20260913_171419__SESSION_005__SEG_01__W_00510,S09_HIGH_ACON_LIGHTON,S09_HIGH_ACON_LIGHTON__RUN_20260913_171419__SESSION_005,S09_HIGH_ACON_LIGHTON__RUN_20260913_171419__SESSION_005__SEG_01,2026-09-13T10:53:50.573000Z,2026-09-13T10:54:19.870000Z,2,1,1,HIGH,2,0.5,0.4666666666666667,0.8,0.16666666666666666,5.0,3.0,0.16666666666666666,234.0,248.0,115.82504047053037,28.335000000000004,0.010000000000001563,59.378,-0.0899999999999963,1004.8776666666668,0.0,39.64666666666667,0.0,0.5920210206478217
S09_HIGH_ACON_LIGHTON__RUN_20260913_171419__SESSION_005__SEG_01__W_00515,S09_HIGH_ACON_LIGHTON,S09_HIGH_ACON_LIGHTON__RUN_20260913_171419__SESSION_005,S09_HIGH_ACON_LIGHTON__RUN_20260913_171419__SESSION_005__SEG_01,2026-09-13T10:53:55.774000Z,2026-09-13T10:54:24.705000Z,2,1,1,HIGH,2,0.5666666666666667,0.3333333333333333,0.7333333333333333,0.16666666666666666,5.0,3.0,0.16666666666666666,234.0,248.0,115.82504047053037,28.33666666666667,0.010000000000001563,59.384666666666675,0.00999999999999801,1004.877,-0.009999999999990905,39.64666666666667,0.0,0.5920210206478217
S09_HIGH_ACON_LIGHTON__RUN_20260913_171419__SESSION_005__SEG_01__W_00520,S09_HIGH_ACON_LIGHTON,S09_HIGH_ACON_LIGHTON__RUN_20260913_171419__SESSION_005,S09_HIGH_ACON_LIGHTON__RUN_20260913_171419__SESSION_005__SEG_01,2026-09-13T10:54:00.611000Z,2026-09-13T10:54:29.720000Z,2,1,1,HIGH,2,0.5333333333333333,0.3333333333333333,0.7,0.16666666666666666,5.0,3.0,0.13333333333333333,234.0,244.5,78.96359920874934,28.339666666666673,0.020000000000003126,59.393000000000015,0.12999999999999545,1004.8770000000001,0.009999999999990905,39.64666666666667,0.0,0.5920210206478217
S09_HIGH_ACON_LIGHTON__RUN_20260913_171419__SESSION_005__SEG_01__W_00525,S09_HIGH_ACON_LIGHTON,S09_HIGH_ACON_LIGHTON__RUN_20260913_171419__SESSION_005,S09_HIGH_ACON_LIGHTON__RUN_20260913_171419__SESSION_005__SEG_01,2026-09-13T10:54:05.626000Z,2026-09-13T10:54:34.739000Z,2,1,1,HIGH,2,0.5,0.43333333333333335,0.7333333333333333,0.2,5.0,3.0,0.2,234.0,294.5,94.51807587264283,28.343000000000007,0.010000000000001563,59.41100000000001,0.14000000000000057,1004.8786666666666,0.009999999999990905,39.64666666666667,0.7999999999999972,0.5920210206478217
S09_HIGH_ACON_LIGHTON__RUN_20260913_171419__SESSION_005__SEG_01__W_00530,S09_HIGH_ACON_LIGHTON,S09_HIGH_ACON_LIGHTON__RUN_20260913_171419__SESSION_005,S09_HIGH_ACON_LIGHTON__RUN_20260913_171419__SESSION_005__SEG_01,2026-09-13T10:54:10.829000Z,2026-09-13T10:54:39.754000Z,2,1,1,HIGH,2,0.4,0.4,0.6333333333333333,0.16666666666666666,4.0,3.0,0.13333333333333333,248.0,382.0,85.94584050435483,28.344666666666672,0.010000000000001563,59.42300000000001,-0.05000000000000426,1004.8806666666666,0.009999999999990905,39.72666666666667,0.7999999999999972,0.5801915392542552
S09_HIGH_ACON_LIGHTON__RUN_20260913_171419__SESSION_005__SEG_01__W_00535,S09_HIGH_ACON_LIGHTON,S09_HIGH_ACON_LIGHTON__RUN_20260913_171419__SESSION_005,S09_HIGH_ACON_LIGHTON__RUN_20260913_171419__SESSION_005__SEG_01,2026-09-13T10:54:15.852000Z,2026-09-13T10:54:44.769000Z,2,1,1,HIGH,2,0.23333333333333334,0.36666666666666664,0.5333333333333333,0.06666666666666667,4.0,3.0,0.06666666666666667,341.0,408.0,67.0,28.346333333333337,0.010000000000001563,59.40666666666666,-0.05999999999999517,1004.8840000000001,0.01999999999998181,39.833333333333336,1.7000000000000028,0.5460972644339306
S09_HIGH_ACON_LIGHTON__RUN_20260913_171419__SESSION_005__SEG_01__W_00540,S09_HIGH_ACON_LIGHTON,S09_HIGH_ACON_LIGHTON__RUN_20260913_171419__SESSION_005,S09_HIGH_ACON_LIGHTON__RUN_20260913_171419__SESSION_005__SEG_01,2026-09-13T10:54:20.693000Z,2026-09-13T10:54:49.966000Z,2,1,1,HIGH,2,0.16666666666666666,0.36666666666666664,0.5,0.03333333333333333,3.0,4.0,0.06666666666666667,341.0,408.0,67.0,28.348000000000003,0.010000000000001563,59.40366666666669,0.0,1004.8880000000003,0.01999999999998181,39.92,-0.7999999999999972,0.2399999999999992
S09_HIGH_ACON_LIGHTON__RUN_20260913_171419__SESSION_005__SEG_01__W_00545,S09_HIGH_ACON_LIGHTON,S09_HIGH_ACON_LIGHTON__RUN_20260913_171419__SESSION_005,S09_HIGH_ACON_LIGHTON__RUN_20260913_171419__SESSION_005__SEG_01,2026-09-13T10:54:25.708000Z,2026-09-13T10:54:54.989000Z,2,1,1,HIGH,2,0.16666666666666666,0.4666666666666667,0.5666666666666667,0.06666666666666667,3.0,5.0,0.13333333333333333,341.0,456.0,56.65410399962213,28.349666666666675,0.010000000000001563,59.38966666666666,0.030000000000001137,1004.8906666666664,0.01999999999998181,39.919999999999995,0.0,0.23999999999999913
S09_HIGH_ACON_LIGHTON__RUN_20260913_171419__SESSION_005__SEG_01__W_00550,S09_HIGH_ACON_LIGHTON,S09_HIGH_ACON_LIGHTON__RUN_20260913_171419__SESSION_005,S09_HIGH_ACON_LIGHTON__RUN_20260913_171419__SESSION_005__SEG_01,2026-09-13T10:54:30.905000Z,2026-09-13T10:55:00.010000Z,2,1,1,HIGH,2,0.16666666666666666,0.5333333333333333,0.5666666666666667,0.13333333333333333,3.0,5.0,0.13333333333333333,341.0,456.0,56.65410399962213,28.35000000000001,0.0,59.38333333333334,-0.14000000000000057,1004.8919999999999,0.0,39.919999999999995,0.0,0.23999999999999913
S09_HIGH_ACON_LIGHTON__RUN_20260913_171419__SESSION_005__SEG_01__W_00555,S09_HIGH_ACON_LIGHTON,S09_HIGH_ACON_LIGHTON__RUN_20260913_171419__SESSION_005,S09_HIGH_ACON_LIGHTON__RUN_20260913_171419__SESSION_005__SEG_01,2026-09-13T10:54:35.742000Z,2026-09-13T10:55:04.845000Z,2,1,1,HIGH,2,0.13333333333333333,0.5333333333333333,0.5666666666666667,0.1,2.0,5.0,0.06666666666666667,437.0,460.5,23.5,28.35000000000001,0.0,59.36666666666665,-0.10000000000000142,1004.891,0.0,39.86666666666667,0.0,0.2981423969999709
S09_HIGH_ACON_LIGHTON__RUN_20260913_171419__SESSION_005__SEG_01__W_00560,S09_HIGH_ACON_LIGHTON,S09_HIGH_ACON_LIGHTON__RUN_20260913_171419__SESSION_005,S09_HIGH_ACON_LIGHTON__RUN_20260913_171419__SESSION_005__SEG_01,2026-09-13T10:54:40.757000Z,2026-09-13T10:55:09.860000Z,2,1,1,HIGH,2,0.13333333333333333,0.4666666666666667,0.5,0.1,2.0,4.0,0.06666666666666667,437.0,460.5,23.5,28.35000000000001,0.0,59.356333333333325,0.05000000000000426,1004.8906666666666,-0.009999999999990905,39.81333333333334,-0.7999999999999972,0.33836206774531935
S09_HIGH_ACON_LIGHTON__RUN_20260913_171419__SESSION_005__SEG_01__W_00565,S09_HIGH_ACON_LIGHTON,S09_HIGH_ACON_LIGHTON__RUN_20260913_171419__SESSION_005,S09_HIGH_ACON_LIGHTON__RUN_20260913_171419__SESSION_005__SEG_01,2026-09-13T10:54:45.772000Z,2026-09-13T10:55:14.875000Z,2,1,1,HIGH,2,0.13333333333333333,0.43333333333333335,0.4666666666666667,0.1,2.0,4.0,0.06666666666666667,437.0,460.5,23.5,28.35000000000001,0.0,59.36366666666666,0.01999999999999602,1004.8880000000003,-0.01999999999998181,39.70666666666668,-0.7999999999999972,0.3855155278613576
S09_HIGH_ACON_LIGHTON__RUN_20260913_171419__SESSION_005__SEG_01__W_00570,S09_HIGH_ACON_LIGHTON,S09_HIGH_ACON_LIGHTON__RUN_20260913_171419__SESSION_005,S09_HIGH_ACON_LIGHTON__RUN_20260913_171419__SESSION_005__SEG_01,2026-09-13T10:54:50.971000Z,2026-09-13T10:55:19.892000Z,2,1,1,HIGH,2,0.2,0.3333333333333333,0.43333333333333335,0.1,3.0,4.0,0.06666666666666667,437.0,460.5,23.5,28.35000000000001,0.0,59.379000000000005,0.15000000000000568,1004.8850000000001,-0.009999999999990905,39.78666666666667,0.0,0.35377331097124143
S09_HIGH_ACON_LIGHTON__RUN_20260913_171419__SESSION_005__SEG_01__W_00575,S09_HIGH_ACON_LIGHTON,S09_HIGH_ACON_LIGHTON__RUN_20260913_171419__SESSION_005,S09_HIGH_ACON_LIGHTON__RUN_20260913_171419__SESSION_005__SEG_01,2026-09-13T10:54:55.994000Z,2026-09-13T10:55:24.907000Z,2,1,1,HIGH,2,0.16666666666666666,0.23333333333333334,0.3333333333333333,0.06666666666666667,2.0,3.0,0.0,2000.0,2000.0,0.0,28.35000000000001,0.0,59.39400000000001,0.060000000000002274,1004.8840000000001,0.0,39.78666666666666,0.0,0.3537733109712414
S09_HIGH_ACON_LIGHTON__RUN_20260913_171419__SESSION_005__SEG_01__W_00580,S09_HIGH_ACON_LIGHTON,S09_HIGH_ACON_LIGHTON__RUN_20260913_171419__SESSION_005,S09_HIGH_ACON_LIGHTON__RUN_20260913_171419__SESSION_005__SEG_01,2026-09-13T10:55:00.833000Z,2026-09-13T10:55:29.922000Z,2,1,1,HIGH,2,0.16666666666666666,0.16666666666666666,0.3333333333333333,0.0,3.0,2.0,0.0,2000.0,2000.0,0.0,28.35133333333334,0.00999999999999801,59.40633333333334,0.13000000000000256,1004.8843333333333,0.009999999999990905,39.78666666666666,0.7999999999999972,0.3537733109712414
S09_HIGH_ACON_LIGHTON__RUN_20260913_171419__SESSION_005__SEG_01__W_00585,S09_HIGH_ACON_LIGHTON,S09_HIGH_ACON_LIGHTON__RUN_20260913_171419__SESSION_005,S09_HIGH_ACON_LIGHTON__RUN_20260913_171419__SESSION_005__SEG_01,2026-09-13T10:55:05.848000Z,2026-09-13T10:55:34.937000Z,2,1,1,HIGH,2,0.2,0.06666666666666667,0.26666666666666666,0.0,4.0,2.0,0.0,2000.0,2000.0,0.0,28.353000000000005,0.00999999999999801,59.42866666666667,0.03999999999999915,1004.8843333333334,-0.009999999999990905,39.84,0.0,0.3199999999999989
S09_HIGH_ACON_LIGHTON__RUN_20260913_171419__SESSION_005__SEG_01__W_00590,S09_HIGH_ACON_LIGHTON,S09_HIGH_ACON_LIGHTON__RUN_20260913_171419__SESSION_005,S09_HIGH_ACON_LIGHTON__RUN_20260913_171419__SESSION_005__SEG_01,2026-09-13T10:55:10.863000Z,2026-09-13T10:55:39.952000Z,2,1,1,HIGH,2,0.23333333333333334,0.06666666666666667,0.3,0.0,5.0,2.0,0.0,2000.0,2000.0,0.0,28.35466666666667,0.00999999999999801,59.44400000000001,0.060000000000002274,1004.8826666666668,-0.009999999999990905,39.89333333333333,0.0,0.27194770739161417
S09_HIGH_ACON_LIGHTON__RUN_20260913_171419__SESSION_005__SEG_01__W_00595,S09_HIGH_ACON_LIGHTON,S09_HIGH_ACON_LIGHTON__RUN_20260913_171419__SESSION_005,S09_HIGH_ACON_LIGHTON__RUN_20260913_171419__SESSION_005__SEG_01,2026-09-13T10:55:16.060000Z,2026-09-13T10:55:44.967000Z,2,1,1,HIGH,2,0.23333333333333334,0.03333333333333333,0.26666666666666666,0.0,5.0,0.0,0.0,2000.0,2000.0,0.0,28.356333333333335,0.00999999999999801,59.460333333333345,0.04999999999999716,1004.8823333333333,0.0,40.0,0.0,0.0
S09_HIGH_ACON_LIGHTON__RUN_20260913_171419__SESSION_005__SEG_01__W_00600,S09_HIGH_ACON_LIGHTON,S09_HIGH_ACON_LIGHTON__RUN_20260913_171419__SESSION_005,S09_HIGH_ACON_LIGHTON__RUN_20260913_171419__SESSION_005__SEG_01,2026-09-13T10:55:20.895000Z,2026-09-13T10:55:49.982000Z,2,1,1,HIGH,2,0.16666666666666666,0.0,0.16666666666666666,0.0,4.0,0.0,0.0,2000.0,2000.0,0.0,28.358,0.00999999999999801,59.461333333333336,-0.03999999999999915,1004.8823333333336,0.0,40.0,0.0,0.0
S09_HIGH_ACON_LIGHTON__RUN_20260913_171419__SESSION_005__SEG_01__W_00605,S09_HIGH_ACON_LIGHTON,S09_HIGH_ACON_LIGHTON__RUN_20260913_171419__SESSION_005,S09_HIGH_ACON_LIGHTON__RUN_20260913_171419__SESSION_005__SEG_01,2026-09-13T10:55:25.910000Z,2026-09-13T10:55:54.997000Z,2,1,1,HIGH,2,0.16666666666666666,0.0,0.16666666666666666,0.0,4.0,0.0,0.0,2000.0,2000.0,0.0,28.360333333333333,0.019999999999999574,59.45533333333335,-0.13000000000000256,1004.8816666666668,-0.009999999999990905,40.0,0.0,0.0
S09_HIGH_ACON_LIGHTON__RUN_20260913_171419__SESSION_005__SEG_01__W_00610,S09_HIGH_ACON_LIGHTON,S09_HIGH_ACON_LIGHTON__RUN_20260913_171419__SESSION_005,S09_HIGH_ACON_LIGHTON__RUN_20260913_171419__SESSION_005__SEG_01,2026-09-13T10:55:30.925000Z,2026-09-13T10:56:00.012000Z,2,1,1,HIGH,2,0.13333333333333333,0.0,0.13333333333333333,0.0,4.0,0.0,0.0,2000.0,2000.0,0.0,28.362333333333336,0.010000000000001563,59.43433333333332,-0.20000000000000284,1004.8783333333333,-0.01999999999998181,40.0,0.0,0.0
S09_HIGH_ACON_LIGHTON__RUN_20260913_171419__SESSION_005__SEG_01__W_00615,S09_HIGH_ACON_LIGHTON,S09_HIGH_ACON_LIGHTON__RUN_20260913_171419__SESSION_005,S09_HIGH_ACON_LIGHTON__RUN_20260913_171419__SESSION_005__SEG_01,2026-09-13T10:55:35.940000Z,2026-09-13T10:56:05.027000Z,2,1,1,HIGH,2,0.16666666666666666,0.0,0.16666666666666666,0.0,5.0,0.0,0.0,2000.0,2000.0,0.0,28.364,0.010000000000001563,59.41233333333332,-0.10999999999999943,1004.8759999999997,-0.009999999999990905,40.0,0.0,0.0
S09_HIGH_ACON_LIGHTON__RUN_20260913_171419__SESSION_005__SEG_01__W_00620,S09_HIGH_ACON_LIGHTON,S09_HIGH_ACON_LIGHTON__RUN_20260913_171419__SESSION_005,S09_HIGH_ACON_LIGHTON__RUN_20260913_171419__SESSION_005__SEG_01,2026-09-13T10:55:40.955000Z,2026-09-13T10:56:10.228000Z,2,1,1,HIGH,2,0.2,0.0,0.2,0.0,5.0,0.0,0.0,2000.0,2000.0,0.0,28.365666666666666,0.010000000000001563,59.39166666666666,-0.10999999999999943,1004.8746666666665,0.0,40.0,0.0,0.0
S09_HIGH_ACON_LIGHTON__RUN_20260913_171419__SESSION_005__SEG_01__W_00625,S09_HIGH_ACON_LIGHTON,S09_HIGH_ACON_LIGHTON__RUN_20260913_171419__SESSION_005,S09_HIGH_ACON_LIGHTON__RUN_20260913_171419__SESSION_005__SEG_01,2026-09-13T10:55:45.970000Z,2026-09-13T10:56:15.253000Z,2,1,1,HIGH,2,0.2,0.0,0.2,0.0,5.0,0.0,0.03333333333333333,391.0,391.0,0.0,28.367333333333338,0.010000000000001563,59.359333333333325,-0.3200000000000003,1004.8733333333331,-0.009999999999990905,40.0,0.0,0.0
S09_HIGH_ACON_LIGHTON__RUN_20260913_171419__SESSION_005__SEG_01__W_00630,S09_HIGH_ACON_LIGHTON,S09_HIGH_ACON_LIGHTON__RUN_20260913_171419__SESSION_005,S09_HIGH_ACON_LIGHTON__RUN_20260913_171419__SESSION_005__SEG_01,2026-09-13T10:55:50.985000Z,2026-09-13T10:56:20.090000Z,2,1,1,HIGH,2,0.2,0.06666666666666667,0.26666666666666666,0.0,5.0,1.0,0.06666666666666667,391.0,406.0,15.0,28.369000000000003,0.010000000000001563,59.32266666666667,-0.20000000000000284,1004.8706666666666,-0.01999999999998181,39.973333333333336,0.0,0.14360439485691961
S18_HIGH_ACON_LIGHTON_R2__RUN_20260914_114725__SESSION_001__SEG_01__W_00000,S18_HIGH_ACON_LIGHTON_R2,S18_HIGH_ACON_LIGHTON_R2__RUN_20260914_114725__SESSION_001,S18_HIGH_ACON_LIGHTON_R2__RUN_20260914_114725__SESSION_001__SEG_01,2026-09-14T03:49:20.943000Z,2026-09-14T03:49:50.060000Z,2,1,1,HIGH,2,0.13333333333333333,0.16666666666666666,0.23333333333333334,0.06666666666666667,4.0,4.0,0.0,2000.0,2000.0,0.0,25.705000000000005,0.019999999999999574,72.23166666666665,-0.6300000000000097,1008.4179999999999,-0.01999999999998181,217.52666666666667,0.0,0.14360439485692214
S18_HIGH_ACON_LIGHTON_R2__RUN_20260914_114725__SESSION_001__SEG_01__W_00005,S18_HIGH_ACON_LIGHTON_R2,S18_HIGH_ACON_LIGHTON_R2__RUN_20260914_114725__SESSION_001,S18_HIGH_ACON_LIGHTON_R2__RUN_20260914_114725__SESSION_001__SEG_01,2026-09-14T03:49:25.782000Z,2026-09-14T03:49:55.081000Z,2,1,1,HIGH,2,0.26666666666666666,0.23333333333333334,0.4,0.1,6.0,5.0,0.0,2000.0,2000.0,0.0,25.70800000000001,0.010000000000001563,72.14366666666665,-0.4399999999999977,1008.4146666666667,-0.01999999999998181,217.52666666666667,0.0,0.14360439485692214
S18_HIGH_ACON_LIGHTON_R2__RUN_20260914_114725__SESSION_001__SEG_01__W_00010,S18_HIGH_ACON_LIGHTON_R2,S18_HIGH_ACON_LIGHTON_R2__RUN_20260914_114725__SESSION_001,S18_HIGH_ACON_LIGHTON_R2__RUN_20260914_114725__SESSION_001__SEG_01,2026-09-14T03:49:30.983000Z,2026-09-14T03:50:00.102000Z,2,1,1,HIGH,2,0.26666666666666666,0.2,0.36666666666666664,0.1,5.0,4.0,0.0,2000.0,2000.0,0.0,25.709000000000007,0.010000000000001563,72.08799999999998,-0.35999999999999943,1008.4106666666668,-0.01999999999998181,217.58,0.0,0.2400000000000034
S18_HIGH_ACON_LIGHTON_R2__RUN_20260914_114725__SESSION_001__SEG_01__W_00015,S18_HIGH_ACON_LIGHTON_R2,S18_HIGH_ACON_LIGHTON_R2__RUN_20260914_114725__SESSION_001,S18_HIGH_ACON_LIGHTON_R2__RUN_20260914_114725__SESSION_001__SEG_01,2026-09-14T03:49:35.822000Z,2026-09-14T03:50:05.123000Z,2,1,1,HIGH,2,0.26666666666666666,0.2,0.36666666666666664,0.1,6.0,3.0,0.0,2000.0,2000.0,0.0,25.70933333333334,0.0,72.038,-0.23999999999999488,1008.4070000000003,-0.01999999999998181,217.66,0.0,0.32000000000000456
S18_HIGH_ACON_LIGHTON_R2__RUN_20260914_114725__SESSION_001__SEG_01__W_00020,S18_HIGH_ACON_LIGHTON_R2,S18_HIGH_ACON_LIGHTON_R2__RUN_20260914_114725__SESSION_001,S18_HIGH_ACON_LIGHTON_R2__RUN_20260914_114725__SESSION_001__SEG_01,2026-09-14T03:49:41.023000Z,2026-09-14T03:50:10.142000Z,2,1,1,HIGH,2,0.3333333333333333,0.13333333333333333,0.36666666666666664,0.1,7.0,3.0,0.0,2000.0,2000.0,0.0,25.70933333333334,0.0,71.98833333333332,-0.1700000000000017,1008.4046666666669,-0.009999999999990905,217.68666666666664,0.0,0.3383620677453254
S18_HIGH_ACON_LIGHTON_R2__RUN_20260914_114725__SESSION_001__SEG_01__W_00025,S18_HIGH_ACON_LIGHTON_R2,S18_HIGH_ACON_LIGHTON_R2__RUN_20260914_114725__SESSION_001,S18_HIGH_ACON_LIGHTON_R2__RUN_20260914_114725__SESSION_001__SEG_01,2026-09-14T03:49:46.042000Z,2026-09-14T03:50:14.985000Z,2,1,1,HIGH,2,0.3333333333333333,0.23333333333333334,0.43333333333333335,0.13333333333333333,7.0,4.0,0.0,2000.0,2000.0,0.0,25.710000000000004,0.00999999999999801,71.948,-0.3499999999999943,1008.4030000000002,-0.009999999999990905,217.7133333333333,0.8000000000000114,0.35377331097124765
S18_HIGH_ACON_LIGHTON_R2__RUN_20260914_114725__SESSION_001__SEG_01__W_00030,S18_HIGH_ACON_LIGHTON_R2,S18_HIGH_ACON_LIGHTON_R2__RUN_20260914_114725__SESSION_001,S18_HIGH_ACON_LIGHTON_R2__RUN_20260914_114725__SESSION_001__SEG_01,2026-09-14T03:49:51.065000Z,2026-09-14T03:50:20.188000Z,2,1,1,HIGH,2,0.4,0.26666666666666666,0.5333333333333333,0.13333333333333333,7.0,4.0,0.0,2000.0,2000.0,0.0,25.71166666666667,0.00999999999999801,71.90966666666665,-0.1799999999999926,1008.3996666666666,-0.01999999999998181,217.73999999999998,0.0,0.36660605559647236
S18_HIGH_ACON_LIGHTON_R2__RUN_20260914_114725__SESSION_001__SEG_01__W_00035,S18_HIGH_ACON_LIGHTON_R2,S18_HIGH_ACON_LIGHTON_R2__RUN_20260914_114725__SESSION_001,S18_HIGH_ACON_LIGHTON_R2__RUN_20260914_114725__SESSION_001__SEG_01,2026-09-14T03:49:56.086000Z,2026-09-14T03:50:25.211000Z,2,1,1,HIGH,2,0.3,0.26666666666666666,0.43333333333333335,0.13333333333333333,7.0,4.0,0.0,2000.0,2000.0,0.0,25.713333333333335,0.019999999999999574,71.87966666666667,-0.19999999999998863,1008.3963333333332,-0.009999999999990905,217.82000000000002,0.0,0.39191835884531406
S18_HIGH_ACON_LIGHTON_R2__RUN_20260914_114725__SESSION_001__SEG_01__W_00040,S18_HIGH_ACON_LIGHTON_R2,S18_HIGH_ACON_LIGHTON_R2__RUN_20260914_114725__SESSION_001,S18_HIGH_ACON_LIGHTON_R2__RUN_20260914_114725__SESSION_001__SEG_01,2026-09-14T03:50:00.925000Z,2026-09-14T03:50:30.232000Z,2,1,1,HIGH,2,0.36666666666666664,0.3,0.5333333333333333,0.13333333333333333,8.0,5.0,0.0,2000.0,2000.0,0.0,25.715666666666674,0.00999999999999801,71.848,-0.21999999999999886,1008.3936666666667,-0.009999999999990905,217.82000000000002,-0.8000000000000114,0.39191835884531406
S18_HIGH_ACON_LIGHTON_R2__RUN_20260914_114725__SESSION_001__SEG_01__W_00045,S18_HIGH_ACON_LIGHTON_R2,S18_HIGH_ACON_LIGHTON_R2__RUN_20260914_114725__SESSION_001,S18_HIGH_ACON_LIGHTON_R2__RUN_20260914_114725__SESSION_001__SEG_01,2026-09-14T03:50:05.946000Z,2026-09-14T03:50:35.255000Z,2,1,1,HIGH,2,0.3333333333333333,0.3333333333333333,0.5333333333333333,0.13333333333333333,6.0,6.0,0.0,2000.0,2000.0,0.0,25.71733333333334,0.00999999999999801,71.823,0.04000000000000625,1008.3910000000001,-0.01999999999998181,217.76666666666668,0.0,0.37712361663283067
S18_HIGH_ACON_LIGHTON_R2__RUN_20260914_114725__SESSION_001__SEG_01__W_00050,S18_HIGH_ACON_LIGHTON_R2,S18_HIGH_ACON_LIGHTON_R2__RUN_20260914_114725__SESSION_001,S18_HIGH_ACON_LIGHTON_R2__RUN_20260914_114725__SESSION_001__SEG_01,2026-09-14T03:50:11.147000Z,2026-09-14T03:50:40.276000Z,2,1,1,HIGH,2,0.26666666666666666,0.3,0.4666666666666667,0.1,6.0,5.0,0.0,2000.0,2000.0,0.0,25.719000000000005,0.00999999999999801,71.81966666666666,0.060000000000002274,1008.3876666666669,-0.01999999999998181,217.8466666666667,0.8000000000000114,0.39642849992849905
S18_HIGH_ACON_LIGHTON_R2__RUN_20260914_114725__SESSION_001__SEG_01__W_00055,S18_HIGH_ACON_LIGHTON_R2,S18_HIGH_ACON_LIGHTON_R2__RUN_20260914_114725__SESSION_001,S18_HIGH_ACON_LIGHTON_R2__RUN_20260914_114725__SESSION_001__SEG_01,2026-09-14T03:50:15.988000Z,2026-09-14T03:50:45.297000Z,2,1,1,HIGH,2,0.23333333333333334,0.26666666666666666,0.43333333333333335,0.06666666666666667,4.0,5.0,0.0,2000.0,2000.0,0.0,25.72066666666667,0.010000000000001563,71.81700000000001,-0.04000000000000625,1008.3843333333335,-0.009999999999990905,217.90000000000003,0.0,0.4000000000000057
S18_HIGH_ACON_LIGHTON_R2__RUN_20260914_114725__SESSION_001__SEG_01__W_00060,S18_HIGH_ACON_LIGHTON_R2,S18_HIGH_ACON_LIGHTON_R2__RUN_20260914_114725__SESSION_001,S18_HIGH_ACON_LIGHTON_R2__RUN_20260914_114725__SESSION_001__SEG_01,2026-09-14T03:50:21.011000Z,2026-09-14T03:50:50.318000Z,2,1,1,HIGH,2,0.13333333333333333,0.2,0.3,0.03333333333333333,3.0,4.0,0.0,2000.0,2000.0,0.0,25.722,0.010000000000001563,71.80866666666665,-0.030000000000001137,1008.3826666666668,-0.009999999999990905,217.9266666666667,0.0,0.39911012125589274
S18_HIGH_ACON_LIGHTON_R2__RUN_20260914_114725__SESSION_001__SEG_01__W_00065,S18_HIGH_ACON_LIGHTON_R2,S18_HIGH_ACON_LIGHTON_R2__RUN_20260914_114725__SESSION_001,S18_HIGH_ACON_LIGHTON_R2__RUN_20260914_114725__SESSION_001__SEG_01,2026-09-14T03:50:26.216000Z,2026-09-14T03:50:55.341000Z,2,1,1,HIGH,2,0.16666666666666666,0.2,0.36666666666666664,0.0,3.0,3.0,0.13333333333333333,284.0,482.5,183.27489598960355,25.723666666666666,0.010000000000001563,71.806,-0.10000000000000853,1008.3810000000002,-0.009999999999990905,217.51333333333335,-5.800000000000011,1.4244843121479316
S18_HIGH_ACON_LIGHTON_R2__RUN_20260914_114725__SESSION_001__SEG_01__W_00070,S18_HIGH_ACON_LIGHTON_R2,S18_HIGH_ACON_LIGHTON_R2__RUN_20260914_114725__SESSION_001,S18_HIGH_ACON_LIGHTON_R2__RUN_20260914_114725__SESSION_001__SEG_01,2026-09-14T03:50:31.237000Z,2026-09-14T03:51:00.366000Z,2,1,1,HIGH,2,0.1,0.2,0.3,0.0,2.0,3.0,0.3,284.0,475.0,177.96760698453656,25.725333333333342,0.010000000000001563,71.78999999999999,-0.0799999999999983,1008.381,0.009999999999990905,216.98999999999998,0.0,2.0110279295259312
S18_HIGH_ACON_LIGHTON_R2__RUN_20260914_114725__SESSION_001__SEG_01__W_00075,S18_HIGH_ACON_LIGHTON_R2,S18_HIGH_ACON_LIGHTON_R2__RUN_20260914_114725__SESSION_001,S18_HIGH_ACON_LIGHTON_R2__RUN_20260914_114725__SESSION_001__SEG_01,2026-09-14T03:50:36.260000Z,2026-09-14T03:51:05.207000Z,2,1,1,HIGH,2,0.16666666666666666,0.2,0.36666666666666664,0.0,2.0,4.0,0.3,284.0,475.0,177.96760698453656,25.727000000000007,0.010000000000001563,71.77633333333333,-0.15000000000000568,1008.3816666666665,0.0,217.04333333333335,0.0,2.034319433018221
S18_HIGH_ACON_LIGHTON_R2__RUN_20260914_114725__SESSION_001__SEG_01__W_00080,S18_HIGH_ACON_LIGHTON_R2,S18_HIGH_ACON_LIGHTON_R2__RUN_20260914_114725__SESSION_001,S18_HIGH_ACON_LIGHTON_R2__RUN_20260914_114725__SESSION_001__SEG_01,2026-09-14T03:50:41.099000Z,2026-09-14T03:51:10.406000Z,2,1,1,HIGH,2,0.13333333333333333,0.26666666666666666,0.4,0.0,2.0,5.0,0.3,284.0,475.0,177.96760698453656,25.72966666666667,0.019999999999999574,71.74700000000003,0.0,1008.3823333333333,0.0,217.07000000000002,0.0,2.0453443067936883
S18_HIGH_ACON_LIGHTON_R2__RUN_20260914_114725__SESSION_001__SEG_01__W_00085,S18_HIGH_ACON_LIGHTON_R2,S18_HIGH_ACON_LIGHTON_R2__RUN_20260914_114725__SESSION_001,S18_HIGH_ACON_LIGHTON_R2__RUN_20260914_114725__SESSION_001__SEG_01,2026-09-14T03:50:46.120000Z,2026-09-14T03:51:15.427000Z,2,1,1,HIGH,2,0.16666666666666666,0.26666666666666666,0.4,0.03333333333333333,3.0,5.0,0.3,284.0,475.0,177.96760698453656,25.732333333333333,0.019999999999999574,71.72566666666667,-0.12999999999999545,1008.3823333333335,0.0,217.0966666666667,0.0,2.055964223640312
S18_HIGH_ACON_LIGHTON_R2__RUN_20260914_114725__SESSION_001__SEG_01__W_00090,S18_HIGH_ACON_LIGHTON_R2,S18_HIGH_ACON_LIGHTON_R2__RUN_20260914_114725__SESSION_001,S18_HIGH_ACON_LIGHTON_R2__RUN_20260914_114725__SESSION_001__SEG_01,2026-09-14T03:50:51.141000Z,2026-09-14T03:51:20.450000Z,2,1,1,HIGH,2,0.16666666666666666,0.36666666666666664,0.5,0.03333333333333333,2.0,6.0,0.3,284.0,475.0,177.96760698453656,25.734333333333332,0.00999999999999801,71.71233333333335,-0.09000000000000341,1008.3823333333335,0.0,217.09666666666672,-0.8000000000000114,2.0559642236403124
S18_HIGH_ACON_LIGHTON_R2__RUN_20260914_114725__SESSION_001__SEG_01__W_00095,S18_HIGH_ACON_LIGHTON_R2,S18_HIGH_ACON_LIGHTON_R2__RUN_20260914_114725__SESSION_001,S18_HIGH_ACON_LIGHTON_R2__RUN_20260914_114725__SESSION_001__SEG_01,2026-09-14T03:50:56.346000Z,2026-09-14T03:51:25.469000Z,2,1,1,HIGH,2,0.13333333333333333,0.3,0.4,0.03333333333333333,3.0,5.0,0.16666666666666666,304.0,475.0,173.24549056180365,25.736,0.00999999999999801,71.69966666666666,-0.01999999999999602,1008.3813333333333,-0.01999999999998181,217.56333333333336,6.600000000000023,1.6553918636450524
S18_HIGH_ACON_LIGHTON_R2__RUN_20260914_114725__SESSION_001__SEG_01__W_00100,S18_HIGH_ACON_LIGHTON_R2,S18_HIGH_ACON_LIGHTON_R2__RUN_20260914_114725__SESSION_001,S18_HIGH_ACON_LIGHTON_R2__RUN_20260914_114725__SESSION_001__SEG_01,2026-09-14T03:51:01.371000Z,2026-09-14T03:51:30.310000Z,2,1,1,HIGH,2,0.13333333333333333,0.26666666666666666,0.36666666666666664,0.03333333333333333,3.0,3.0,0.0,2000.0,2000.0,0.0,25.73766666666667,0.00999999999999801,71.68533333333335,-0.20000000000000284,1008.3789999999997,-0.01999999999998181,218.11333333333337,0.8000000000000114,0.3383620677453254
S18_HIGH_ACON_LIGHTON_R2__RUN_20260914_114725__SESSION_001__SEG_01__W_00105,S18_HIGH_ACON_LIGHTON_R2,S18_HIGH_ACON_LIGHTON_R2__RUN_20260914_114725__SESSION_001,S18_HIGH_ACON_LIGHTON_R2__RUN_20260914_114725__SESSION_001__SEG_01,2026-09-14T03:51:06.210000Z,2026-09-14T03:51:35.329000Z,2,1,1,HIGH,2,0.13333333333333333,0.26666666666666666,0.3333333333333333,0.06666666666666667,4.0,4.0,0.0,2000.0,2000.0,0.0,25.739333333333335,0.00999999999999801,71.67133333333332,0.04999999999999716,1008.3763333333332,-0.009999999999990905,218.14000000000004,0.0,0.3200000000000045
S18_HIGH_ACON_LIGHTON_R2__RUN_20260914_114725__SESSION_001__SEG_01__W_00110,S18_HIGH_ACON_LIGHTON_R2,S18_HIGH_ACON_LIGHTON_R2__RUN_20260914_114725__SESSION_001,S18_HIGH_ACON_LIGHTON_R2__RUN_20260914_114725__SESSION_001__SEG_01,2026-09-14T03:51:11.229000Z,2026-09-14T03:51:40.530000Z,2,1,1,HIGH,2,0.13333333333333333,0.23333333333333334,0.3,0.06666666666666667,4.0,3.0,0.0,2000.0,2000.0,0.0,25.73966666666667,-0.00999999999999801,71.664,-0.19000000000001194,1008.3739999999998,-0.009999999999990905,218.14000000000001,0.0,0.32000000000000456
S18_HIGH_ACON_LIGHTON_R2__RUN_20260914_114725__SESSION_001__SEG_01__W_00115,S18_HIGH_ACON_LIGHTON_R2,S18_HIGH_ACON_LIGHTON_R2__RUN_20260914_114725__SESSION_001,S18_HIGH_ACON_LIGHTON_R2__RUN_20260914_114725__SESSION_001__SEG_01,2026-09-14T03:51:16.432000Z,2026-09-14T03:51:45.371000Z,2,1,1,HIGH,2,0.13333333333333333,0.23333333333333334,0.3,0.06666666666666667,4.0,3.0,0.0,2000.0,2000.0,0.0,25.738000000000003,-0.00999999999999801,71.66266666666665,-0.010000000000005116,1008.3716666666664,-0.01999999999998181,218.1666666666667,0.0,0.2981423969999762
S18_HIGH_ACON_LIGHTON_R2__RUN_20260914_114725__SESSION_001__SEG_01__W_00120,S18_HIGH_ACON_LIGHTON_R2,S18_HIGH_ACON_LIGHTON_R2__RUN_20260914_114725__SESSION_001,S18_HIGH_ACON_LIGHTON_R2__RUN_20260914_114725__SESSION_001__SEG_01,2026-09-14T03:51:21.455000Z,2026-09-14T03:51:50.572000Z,2,1,1,HIGH,2,0.2,0.13333333333333333,0.26666666666666666,0.06666666666666667,5.0,2.0,0.0,2000.0,2000.0,0.0,25.736333333333338,-0.00999999999999801,71.658,-0.14999999999999147,1008.3696666666666,-0.01999999999998181,218.22000000000006,0.0,0.24000000000000338
S18_HIGH_ACON_LIGHTON_R2__RUN_20260914_114725__SESSION_001__SEG_01__W_00125,S18_HIGH_ACON_LIGHTON_R2,S18_HIGH_ACON_LIGHTON_R2__RUN_20260914_114725__SESSION_001,S18_HIGH_ACON_LIGHTON_R2__RUN_20260914_114725__SESSION_001__SEG_01,2026-09-14T03:51:26.474000Z,2026-09-14T03:51:55.593000Z,2,1,1,HIGH,2,0.23333333333333334,0.16666666666666666,0.3333333333333333,0.06666666666666667,6.0,3.0,0.0,2000.0,2000.0,0.0,25.73466666666667,-0.00999999999999801,71.64333333333333,-0.11999999999999034,1008.3673333333335,-0.009999999999990905,218.22000000000006,0.8000000000000114,0.24000000000000338
S18_HIGH_ACON_LIGHTON_R2__RUN_20260914_114725__SESSION_001__SEG_01__W_00130,S18_HIGH_ACON_LIGHTON_R2,S18_HIGH_ACON_LIGHTON_R2__RUN_20260914_114725__SESSION_001,S18_HIGH_ACON_LIGHTON_R2__RUN_20260914_114725__SESSION_001__SEG_01,2026-09-14T03:51:31.313000Z,2026-09-14T03:52:00.432000Z,2,1,1,HIGH,2,0.26666666666666666,0.2,0.4,0.06666666666666667,7.0,4.0,0.0,2000.0,2000.0,0.0,25.734333333333336,0.0,71.63466666666666,-0.10999999999999943,1008.3656666666668,-0.009999999999990905,218.2733333333334,0.0,0.14360439485692217
S18_HIGH_ACON_LIGHTON_R2__RUN_20260914_114725__SESSION_001__SEG_01__W_00135,S18_HIGH_ACON_LIGHTON_R2,S18_HIGH_ACON_LIGHTON_R2__RUN_20260914_114725__SESSION_001,S18_HIGH_ACON_LIGHTON_R2__RUN_20260914_114725__SESSION_001__SEG_01,2026-09-14T03:51:36.332000Z,2026-09-14T03:52:05.631000Z,2,1,1,HIGH,2,0.2,0.16666666666666666,0.3333333333333333,0.03333333333333333,5.0,3.0,0.0,2000.0,2000.0,0.0,25.734333333333332,0.0,71.62999999999998,-0.060000000000002274,1008.3636666666667,-0.01999999999998181,218.30000000000007,0.0,5.684341886080802e-14
S18_HIGH_ACON_LIGHTON_R2__RUN_20260914_114725__SESSION_001__SEG_01__W_00140,S18_HIGH_ACON_LIGHTON_R2,S18_HIGH_ACON_LIGHTON_R2__RUN_20260914_114725__SESSION_001,S18_HIGH_ACON_LIGHTON_R2__RUN_20260914_114725__SESSION_001__SEG_01,2026-09-14T03:51:41.535000Z,2026-09-14T03:52:10.650000Z,2,1,1,HIGH,2,0.2,0.23333333333333334,0.4,0.03333333333333333,4.0,4.0,0.0,2000.0,2000.0,0.0,25.73466666666667,0.00999999999999801,71.622,0.03999999999999204,1008.3609999999998,-0.009999999999990905,218.30000000000007,0.0,5.684341886080802e-14
S18_HIGH_ACON_LIGHTON_R2__RUN_20260914_114725__SESSION_001__SEG_01__W_00145,S18_HIGH_ACON_LIGHTON_R2,S18_HIGH_ACON_LIGHTON_R2__RUN_20260914_114725__SESSION_001,S18_HIGH_ACON_LIGHTON_R2__RUN_20260914_114725__SESSION_001__SEG_01,2026-09-14T03:51:46.556000Z,2026-09-14T03:52:15.489000Z,2,1,1,HIGH,2,0.23333333333333334,0.2,0.43333333333333335,0.0,4.0,5.0,0.0,2000.0,2000.0,0.0,25.736333333333334,0.00999999999999801,71.6,-0.21000000000000796,1008.3600000000001,-0.009999999999990905,218.30000000000007,0.0,5.684341886080802e-14
S18_HIGH_ACON_LIGHTON_R2__RUN_20260914_114725__SESSION_001__SEG_01__W_00150,S18_HIGH_ACON_LIGHTON_R2,S18_HIGH_ACON_LIGHTON_R2__RUN_20260914_114725__SESSION_001,S18_HIGH_ACON_LIGHTON_R2__RUN_20260914_114725__SESSION_001__SEG_01,2026-09-14T03:51:51.395000Z,2026-09-14T03:52:20.512000Z,2,1,1,HIGH,2,0.16666666666666666,0.3333333333333333,0.5,0.0,4.0,5.0,0.0,2000.0,2000.0,0.0,25.738000000000003,0.00999999999999801,71.578,-0.01999999999999602,1008.3586666666667,0.0,218.30000000000007,0.0,5.684341886080802e-14
S18_HIGH_ACON_LIGHTON_R2__RUN_20260914_114725__SESSION_001__SEG_01__W_00155,S18_HIGH_ACON_LIGHTON_R2,S18_HIGH_ACON_LIGHTON_R2__RUN_20260914_114725__SESSION_001,S18_HIGH_ACON_LIGHTON_R2__RUN_20260914_114725__SESSION_001__SEG_01,2026-09-14T03:51:56.598000Z,2026-09-14T03:52:25.533000Z,2,1,1,HIGH,2,0.16666666666666666,0.3333333333333333,0.5,0.0,4.0,6.0,0.0,2000.0,2000.0,0.0,25.739333333333335,0.0,71.57566666666666,-0.06999999999999318,1008.3586666666667,0.0,218.30000000000007,0.0,5.684341886080802e-14
S18_HIGH_ACON_LIGHTON_R2__RUN_20260914_114725__SESSION_001__SEG_01__W_00160,S18_HIGH_ACON_LIGHTON_R2,S18_HIGH_ACON_LIGHTON_R2__RUN_20260914_114725__SESSION_001,S18_HIGH_ACON_LIGHTON_R2__RUN_20260914_114725__SESSION_001__SEG_01,2026-09-14T03:52:01.435000Z,2026-09-14T03:52:30.554000Z,2,1,1,HIGH,2,0.2,0.43333333333333335,0.6,0.03333333333333333,4.0,7.0,0.0,2000.0,2000.0,0.0,25.738000000000003,-0.00999999999999801,71.57666666666665,-0.020000000000010232,1008.3583333333333,-0.009999999999990905,218.30000000000007,0.0,5.684341886080802e-14
S18_HIGH_ACON_LIGHTON_R2__RUN_20260914_114725__SESSION_001__SEG_01__W_00165,S18_HIGH_ACON_LIGHTON_R2,S18_HIGH_ACON_LIGHTON_R2__RUN_20260914_114725__SESSION_001,S18_HIGH_ACON_LIGHTON_R2__RUN_20260914_114725__SESSION_001__SEG_01,2026-09-14T03:52:06.454000Z,2026-09-14T03:52:35.755000Z,2,1,1,HIGH,2,0.23333333333333334,0.4666666666666667,0.6333333333333333,0.06666666666666667,5.0,7.0,0.0,2000.0,2000.0,0.0,25.736333333333338,-0.00999999999999801,71.569,-0.03999999999999204,1008.3573333333331,0.009999999999990905,218.30000000000007,0.0,5.684341886080802e-14
S18_HIGH_ACON_LIGHTON_R2__RUN_20260914_114725__SESSION_001__SEG_01__W_00170,S18_HIGH_ACON_LIGHTON_R2,S18_HIGH_ACON_LIGHTON_R2__RUN_20260914_114725__SESSION_001,S18_HIGH_ACON_LIGHTON_R2__RUN_20260914_114725__SESSION_001__SEG_01,2026-09-14T03:52:11.473000Z,2026-09-14T03:52:40.780000Z,2,1,1,HIGH,2,0.26666666666666666,0.36666666666666664,0.5666666666666667,0.06666666666666667,6.0,6.0,0.0,2000.0,2000.0,0.0,25.73466666666667,-0.00999999999999801,71.568,0.12999999999999545,1008.3580000000001,0.0,218.30000000000007,0.0,5.684341886080802e-14
S18_HIGH_ACON_LIGHTON_R2__RUN_20260914_114725__SESSION_001__SEG_01__W_00175,S18_HIGH_ACON_LIGHTON_R2,S18_HIGH_ACON_LIGHTON_R2__RUN_20260914_114725__SESSION_001,S18_HIGH_ACON_LIGHTON_R2__RUN_20260914_114725__SESSION_001__SEG_01,2026-09-14T03:52:16.674000Z,2026-09-14T03:52:45.801000Z,2,1,1,HIGH,2,0.2,0.43333333333333335,0.5666666666666667,0.06666666666666667,5.0,6.0,0.0,2000.0,2000.0,0.0,25.733000000000004,-0.00999999999999801,71.57633333333334,0.0,1008.357,-0.009999999999990905,218.30000000000007,0.0,5.684341886080802e-14
S18_HIGH_ACON_LIGHTON_R2__RUN_20260914_114725__SESSION_001__SEG_01__W_00180,S18_HIGH_ACON_LIGHTON_R2,S18_HIGH_ACON_LIGHTON_R2__RUN_20260914_114725__SESSION_001,S18_HIGH_ACON_LIGHTON_R2__RUN_20260914_114725__SESSION_001__SEG_01,2026-09-14T03:52:21.697000Z,2026-09-14T03:52:50.818000Z,2,1,1,HIGH,2,0.26666666666666666,0.3,0.5,0.06666666666666667,5.0,5.0,0.0,2000.0,2000.0,0.0,25.731333333333335,-0.00999999999999801,71.58333333333333,-0.020000000000010232,1008.355333333333,-0.009999999999990905,218.30000000000007,0.0,5.684341886080802e-14
S18_HIGH_ACON_LIGHTON_R2__RUN_20260914_114725__SESSION_001__SEG_01__W_00185,S18_HIGH_ACON_LIGHTON_R2,S18_HIGH_ACON_LIGHTON_R2__RUN_20260914_114725__SESSION_001,S18_HIGH_ACON_LIGHTON_R2__RUN_20260914_114725__SESSION_001__SEG_01,2026-09-14T03:52:26.718000Z,2026-09-14T03:52:55.843000Z,2,1,1,HIGH,2,0.2,0.26666666666666666,0.4,0.06666666666666667,4.0,3.0,0.0,2000.0,2000.0,0.0,25.730000000000004,0.0,71.58833333333332,0.060000000000002274,1008.3553333333334,0.0,218.30000000000007,0.0,5.684341886080802e-14
S18_HIGH_ACON_LIGHTON_R2__RUN_20260914_114725__SESSION_001__SEG_01__W_00190,S18_HIGH_ACON_LIGHTON_R2,S18_HIGH_ACON_LIGHTON_R2__RUN_20260914_114725__SESSION_001,S18_HIGH_ACON_LIGHTON_R2__RUN_20260914_114725__SESSION_001__SEG_01,2026-09-14T03:52:31.557000Z,2026-09-14T03:53:00.866000Z,2,1,1,HIGH,2,0.13333333333333333,0.13333333333333333,0.23333333333333334,0.03333333333333333,3.0,2.0,0.0,2000.0,2000.0,0.0,25.729000000000003,-0.010000000000001563,71.596,-0.01999999999999602,1008.3556666666668,0.009999999999990905,218.30000000000007,0.0,5.684341886080802e-14
S18_HIGH_ACON_LIGHTON_R2__RUN_20260914_114725__SESSION_001__SEG_01__W_00195,S18_HIGH_ACON_LIGHTON_R2,S18_HIGH_ACON_LIGHTON_R2__RUN_20260914_114725__SESSION_001,S18_HIGH_ACON_LIGHTON_R2__RUN_20260914_114725__SESSION_001__SEG_01,2026-09-14T03:52:36.760000Z,2026-09-14T03:53:05.887000Z,2,1,1,HIGH,2,0.16666666666666666,0.2,0.36666666666666664,0.0,2.0,2.0,0.0,2000.0,2000.0,0.0,25.727333333333338,-0.010000000000001563,71.60933333333332,0.12000000000000455,1008.3570000000002,0.0,218.30000000000007,0.0,5.684341886080802e-14
S18_HIGH_ACON_LIGHTON_R2__RUN_20260914_114725__SESSION_001__SEG_01__W_00200,S18_HIGH_ACON_LIGHTON_R2,S18_HIGH_ACON_LIGHTON_R2__RUN_20260914_114725__SESSION_001,S18_HIGH_ACON_LIGHTON_R2__RUN_20260914_114725__SESSION_001__SEG_01,2026-09-14T03:52:41.603000Z,2026-09-14T03:53:10.910000Z,2,1,1,HIGH,2,0.13333333333333333,0.26666666666666666,0.4,0.0,2.0,4.0,0.0,2000.0,2000.0,0.0,25.725666666666672,-0.010000000000001563,71.62000000000002,0.10000000000000853,1008.3573333333335,0.0,218.30000000000007,0.0,5.684341886080802e-14
S18_HIGH_ACON_LIGHTON_R2__RUN_20260914_114725__SESSION_001__SEG_01__W_00205,S18_HIGH_ACON_LIGHTON_R2,S18_HIGH_ACON_LIGHTON_R2__RUN_20260914_114725__SESSION_001,S18_HIGH_ACON_LIGHTON_R2__RUN_20260914_114725__SESSION_001__SEG_01,2026-09-14T03:52:46.624000Z,2026-09-14T03:53:15.927000Z,2,1,1,HIGH,2,0.13333333333333333,0.2,0.3333333333333333,0.0,2.0,4.0,0.0,2000.0,2000.0,0.0,25.724000000000007,-0.010000000000001563,71.63366666666667,0.09000000000000341,1008.3573333333333,0.0,218.30000000000007,0.0,5.684341886080802e-14
S18_HIGH_ACON_LIGHTON_R2__RUN_20260914_114725__SESSION_001__SEG_01__W_00210,S18_HIGH_ACON_LIGHTON_R2,S18_HIGH_ACON_LIGHTON_R2__RUN_20260914_114725__SESSION_001,S18_HIGH_ACON_LIGHTON_R2__RUN_20260914_114725__SESSION_001__SEG_01,2026-09-14T03:52:51.823000Z,2026-09-14T03:53:20.950000Z,2,1,1,HIGH,2,0.13333333333333333,0.26666666666666666,0.36666666666666664,0.03333333333333333,3.0,6.0,0.0,2000.0,2000.0,0.0,25.722333333333335,-0.010000000000001563,71.634,-0.07000000000000739,1008.357333333333,-0.009999999999990905,218.30000000000007,0.0,5.684341886080802e-14
S18_HIGH_ACON_LIGHTON_R2__RUN_20260914_114725__SESSION_001__SEG_01__W_00215,S18_HIGH_ACON_LIGHTON_R2,S18_HIGH_ACON_LIGHTON_R2__RUN_20260914_114725__SESSION_001,S18_HIGH_ACON_LIGHTON_R2__RUN_20260914_114725__SESSION_001__SEG_01,2026-09-14T03:52:56.848000Z,2026-09-14T03:53:25.969000Z,2,1,1,HIGH,2,0.2,0.3333333333333333,0.4666666666666667,0.06666666666666667,4.0,6.0,0.0,2000.0,2000.0,0.0,25.72066666666667,-0.010000000000001563,71.64,0.10999999999999943,1008.3556666666664,-0.009999999999990905,218.30000000000007,0.0,5.684341886080802e-14
S18_HIGH_ACON_LIGHTON_R2__RUN_20260914_114725__SESSION_001__SEG_01__W_00220,S18_HIGH_ACON_LIGHTON_R2,S18_HIGH_ACON_LIGHTON_R2__RUN_20260914_114725__SESSION_001,S18_HIGH_ACON_LIGHTON_R2__RUN_20260914_114725__SESSION_001__SEG_01,2026-09-14T03:53:01.871000Z,2026-09-14T03:53:30.990000Z,2,1,1,HIGH,2,0.2,0.4,0.5333333333333333,0.06666666666666667,4.0,7.0,0.0,2000.0,2000.0,0.0,25.720000000000006,0.0,71.66633333333333,0.20999999999999375,1008.3539999999997,-0.009999999999990905,218.30000000000007,0.0,5.684341886080802e-14
S18_HIGH_ACON_LIGHTON_R2__RUN_20260914_114725__SESSION_001__SEG_01__W_00225,S18_HIGH_ACON_LIGHTON_R2,S18_HIGH_ACON_LIGHTON_R2__RUN_20260914_114725__SESSION_001,S18_HIGH_ACON_LIGHTON_R2__RUN_20260914_114725__SESSION_001__SEG_01,2026-09-14T03:53:06.710000Z,2026-09-14T03:53:35.829000Z,2,1,1,HIGH,2,0.13333333333333333,0.36666666666666664,0.43333333333333335,0.06666666666666667,3.0,8.0,0.0,2000.0,2000.0,0.0,25.720000000000006,0.0,71.69866666666667,0.15000000000000568,1008.352333333333,-0.009999999999990905,218.30000000000007,0.0,5.684341886080802e-14
S18_HIGH_ACON_LIGHTON_R2__RUN_20260914_114725__SESSION_001__SEG_01__W_00230,S18_HIGH_ACON_LIGHTON_R2,S18_HIGH_ACON_LIGHTON_R2__RUN_20260914_114725__SESSION_001,S18_HIGH_ACON_LIGHTON_R2__RUN_20260914_114725__SESSION_001__SEG_01,2026-09-14T03:53:11.733000Z,2026-09-14T03:53:40.846000Z,2,1,1,HIGH,2,0.16666666666666666,0.4,0.5,0.06666666666666667,4.0,7.0,0.0,2000.0,2000.0,0.0,25.720000000000006,0.0,71.71799999999999,-0.01999999999999602,1008.3503333333332,-0.01999999999998181,218.30000000000007,0.0,5.684341886080802e-14
S18_HIGH_ACON_LIGHTON_R2__RUN_20260914_114725__SESSION_001__SEG_01__W_00235,S18_HIGH_ACON_LIGHTON_R2,S18_HIGH_ACON_LIGHTON_R2__RUN_20260914_114725__SESSION_001,S18_HIGH_ACON_LIGHTON_R2__RUN_20260914_114725__SESSION_001__SEG_01,2026-09-14T03:53:16.932000Z,2026-09-14T03:53:46.047000Z,2,1,1,HIGH,2,0.2,0.4,0.5333333333333333,0.06666666666666667,4.0,6.0,0.0,2000.0,2000.0,0.0,25.720000000000006,0.0,71.72900000000001,0.20000000000000284,1008.3480000000001,-0.009999999999990905,218.30000000000007,0.0,5.684341886080802e-14
S18_HIGH_ACON_LIGHTON_R2__RUN_20260914_114725__SESSION_001__SEG_01__W_00240,S18_HIGH_ACON_LIGHTON_R2,S18_HIGH_ACON_LIGHTON_R2__RUN_20260914_114725__SESSION_001,S18_HIGH_ACON_LIGHTON_R2__RUN_20260914_114725__SESSION_001__SEG_01,2026-09-14T03:53:21.773000Z,2026-09-14T03:53:50.888000Z,2,1,1,HIGH,2,0.2,0.36666666666666664,0.5333333333333333,0.03333333333333333,4.0,5.0,0.0,2000.0,2000.0,0.0,25.720000000000006,0.0,71.76066666666665,0.14000000000000057,1008.3463333333333,-0.009999999999990905,218.30000000000007,0.0,5.684341886080802e-14
S18_HIGH_ACON_LIGHTON_R2__RUN_20260914_114725__SESSION_001__SEG_01__W_00245,S18_HIGH_ACON_LIGHTON_R2,S18_HIGH_ACON_LIGHTON_R2__RUN_20260914_114725__SESSION_001,S18_HIGH_ACON_LIGHTON_R2__RUN_20260914_114725__SESSION_001__SEG_01,2026-09-14T03:53:26.792000Z,2026-09-14T03:53:56.091000Z,2,1,1,HIGH,2,0.16666666666666666,0.4,0.5333333333333333,0.03333333333333333,4.0,5.0,0.0,2000.0,2000.0,0.0,25.720000000000006,0.0,71.75466666666667,-0.14999999999999147,1008.3436666666669,-0.01999999999998181,218.2733333333334,0.0,0.14360439485692217
S18_HIGH_ACON_LIGHTON_R2__RUN_20260914_114725__SESSION_001__SEG_01__W_00250,S18_HIGH_ACON_LIGHTON_R2,S18_HIGH_ACON_LIGHTON_R2__RUN_20260914_114725__SESSION_001,S18_HIGH_ACON_LIGHTON_R2__RUN_20260914_114725__SESSION_001__SEG_01,2026-09-14T03:53:31.813000Z,2026-09-14T03:54:00.930000Z,2,1,1,HIGH,2,0.2,0.3333333333333333,0.5,0.03333333333333333,5.0,4.0,0.0,2000.0,2000.0,0.0,25.71933333333334,-0.00999999999999801,71.73533333333333,-0.1600000000000108,1008.3403333333338,-0.01999999999998181,218.2733333333334,0.0,0.14360439485692217
S18_HIGH_ACON_LIGHTON_R2__RUN_20260914_114725__SESSION_001__SEG_01__W_00255,S18_HIGH_ACON_LIGHTON_R2,S18_HIGH_ACON_LIGHTON_R2__RUN_20260914_114725__SESSION_001,S18_HIGH_ACON_LIGHTON_R2__RUN_20260914_114725__SESSION_001__SEG_01,2026-09-14T03:53:36.832000Z,2026-09-14T03:54:06.133000Z,2,1,1,HIGH,2,0.26666666666666666,0.3333333333333333,0.5666666666666667,0.03333333333333333,6.0,4.0,0.0,2000.0,2000.0,0.0,25.717666666666673,-0.00999999999999801,71.70100000000002,-0.10000000000000853,1008.3370000000003,-0.01999999999998181,218.2733333333334,0.0,0.14360439485692217
S18_HIGH_ACON_LIGHTON_R2__RUN_20260914_114725__SESSION_001__SEG_01__W_00260,S18_HIGH_ACON_LIGHTON_R2,S18_HIGH_ACON_LIGHTON_R2__RUN_20260914_114725__SESSION_001,S18_HIGH_ACON_LIGHTON_R2__RUN_20260914_114725__SESSION_001__SEG_01,2026-09-14T03:53:42.031000Z,2026-09-14T03:54:10.968000Z,2,1,1,HIGH,2,0.3,0.26666666666666666,0.5333333333333333,0.03333333333333333,6.0,4.0,0.0,2000.0,2000.0,0.0,25.716000000000008,-0.00999999999999801,71.69166666666666,0.06999999999999318,1008.3340000000004,-0.009999999999990905,218.2733333333334,0.0,0.14360439485692217
S18_HIGH_ACON_LIGHTON_R2__RUN_20260914_114725__SESSION_001__SEG_01__W_00265,S18_HIGH_ACON_LIGHTON_R2,S18_HIGH_ACON_LIGHTON_R2__RUN_20260914_114725__SESSION_001,S18_HIGH_ACON_LIGHTON_R2__RUN_20260914_114725__SESSION_001__SEG_01,2026-09-14T03:53:47.052000Z,2026-09-14T03:54:15.987000Z,2,1,1,HIGH,2,0.26666666666666666,0.3,0.5333333333333333,0.03333333333333333,5.0,6.0,0.0,2000.0,2000.0,0.0,25.714333333333343,-0.00999999999999801,71.68599999999999,-0.14000000000000057,1008.3320000000002,-0.009999999999990905,218.2733333333334,0.0,0.14360439485692217
S18_HIGH_ACON_LIGHTON_R2__RUN_20260914_114725__SESSION_001__SEG_01__W_00270,S18_HIGH_ACON_LIGHTON_R2,S18_HIGH_ACON_LIGHTON_R2__RUN_20260914_114725__SESSION_001,S18_HIGH_ACON_LIGHTON_R2__RUN_20260914_114725__SESSION_001__SEG_01,2026-09-14T03:53:52.073000Z,2026-09-14T03:54:21.186000Z,2,1,1,HIGH,2,0.2,0.26666666666666666,0.43333333333333335,0.03333333333333333,4.0,5.0,0.0,2000.0,2000.0,0.0,25.712666666666674,-0.00999999999999801,71.66000000000001,-0.12999999999999545,1008.3303333333337,-0.009999999999990905,218.2733333333334,0.0,0.14360439485692217
S18_HIGH_ACON_LIGHTON_R2__RUN_20260914_114725__SESSION_001__SEG_01__W_00275,S18_HIGH_ACON_LIGHTON_R2,S18_HIGH_ACON_LIGHTON_R2__RUN_20260914_114725__SESSION_001,S18_HIGH_ACON_LIGHTON_R2__RUN_20260914_114725__SESSION_001__SEG_01,2026-09-14T03:53:57.096000Z,2026-09-14T03:54:26.207000Z,2,1,1,HIGH,2,0.2,0.23333333333333334,0.4,0.03333333333333333,4.0,5.0,0.0,2000.0,2000.0,0.0,25.711000000000006,-0.00999999999999801,71.65299999999999,-0.010000000000005116,1008.3296666666671,0.0,218.30000000000007,0.0,5.684341886080802e-14
S18_HIGH_ACON_LIGHTON_R2__RUN_20260914_114725__SESSION_001__SEG_01__W_00280,S18_HIGH_ACON_LIGHTON_R2,S18_HIGH_ACON_LIGHTON_R2__RUN_20260914_114725__SESSION_001,S18_HIGH_ACON_LIGHTON_R2__RUN_20260914_114725__SESSION_001__SEG_01,2026-09-14T03:54:02.115000Z,2026-09-14T03:54:31.230000Z,2,1,1,HIGH,2,0.16666666666666666,0.23333333333333334,0.36666666666666664,0.03333333333333333,2.0,5.0,0.0,2000.0,2000.0,0.0,25.710000000000004,0.0,71.63933333333333,-0.020000000000010232,1008.3280000000001,-0.009999999999990905,218.30000000000007,0.0,5.684341886080802e-14
S18_HIGH_ACON_LIGHTON_R2__RUN_20260914_114725__SESSION_001__SEG_01__W_00285,S18_HIGH_ACON_LIGHTON_R2,S18_HIGH_ACON_LIGHTON_R2__RUN_20260914_114725__SESSION_001,S18_HIGH_ACON_LIGHTON_R2__RUN_20260914_114725__SESSION_001__SEG_01,2026-09-14T03:54:06.956000Z,2026-09-14T03:54:36.247000Z,2,1,1,HIGH,2,0.1,0.16666666666666666,0.23333333333333334,0.03333333333333333,1.0,4.0,0.0,2000.0,2000.0,0.0,25.710000000000004,0.0,71.63633333333333,-0.11999999999999034,1008.3263333333333,-0.009999999999990905,218.33000000000004,0.0,0.16155494421403105
S18_HIGH_ACON_LIGHTON_R2__RUN_20260914_114725__SESSION_001__SEG_01__W_00290,S18_HIGH_ACON_LIGHTON_R2,S18_HIGH_ACON_LIGHTON_R2__RUN_20260914_114725__SESSION_001,S18_HIGH_ACON_LIGHTON_R2__RUN_20260914_114725__SESSION_001__SEG_01,2026-09-14T03:54:11.971000Z,2026-09-14T03:54:41.084000Z,2,1,1,HIGH,2,0.06666666666666667,0.13333333333333333,0.16666666666666666,0.03333333333333333,2.0,2.0,0.0,2000.0,2000.0,0.0,25.708666666666673,-0.010000000000001563,71.63033333333334,-0.0799999999999983,1008.3246666666666,-0.009999999999990905,218.33000000000004,0.0,0.16155494421403105
S18_HIGH_ACON_LIGHTON_R2__RUN_20260914_114725__SESSION_001__SEG_01__W_00295,S18_HIGH_ACON_LIGHTON_R2,S18_HIGH_ACON_LIGHTON_R2__RUN_20260914_114725__SESSION_001,S18_HIGH_ACON_LIGHTON_R2__RUN_20260914_114725__SESSION_001__SEG_01,2026-09-14T03:54:16.990000Z,2026-09-14T03:54:46.287000Z,2,1,1,HIGH,2,0.13333333333333333,0.16666666666666666,0.2,0.1,3.0,2.0,0.06666666666666667,704.0,772.0,68.0,25.707000000000008,-0.010000000000001563,71.625,0.06999999999999318,1008.3233333333334,-0.009999999999990905,218.30333333333337,-0.8000000000000114,0.21982316125063225
S18_HIGH_ACON_LIGHTON_R2__RUN_20260914_114725__SESSION_001__SEG_01__W_00300,S18_HIGH_ACON_LIGHTON_R2,S18_HIGH_ACON_LIGHTON_R2__RUN_20260914_114725__SESSION_001,S18_HIGH_ACON_LIGHTON_R2__RUN_20260914_114725__SESSION_001__SEG_01,2026-09-14T03:54:22.009000Z,2026-09-14T03:54:51.126000Z,2,1,1,HIGH,2,0.23333333333333334,0.2,0.3,0.13333333333333333,4.0,2.0,0.06666666666666667,704.0,772.0,68.0,25.705333333333343,-0.010000000000001563,71.636,0.09000000000000341,1008.3210000000001,-0.009999999999990905,218.30333333333337,0.0,0.21982316125063223
S18_HIGH_ACON_LIGHTON_R2__RUN_20260914_114725__SESSION_001__SEG_01__W_00305,S18_HIGH_ACON_LIGHTON_R2,S18_HIGH_ACON_LIGHTON_R2__RUN_20260914_114725__SESSION_001,S18_HIGH_ACON_LIGHTON_R2__RUN_20260914_114725__SESSION_001__SEG_01,2026-09-14T03:54:27.212000Z,2026-09-14T03:54:56.329000Z,2,1,1,HIGH,2,0.26666666666666666,0.2,0.3,0.16666666666666666,4.0,3.0,0.06666666666666667,704.0,772.0,68.0,25.703333333333344,-0.019999999999999574,71.64933333333333,0.0800000000000125,1008.319,-0.010000000000104592,218.30333333333337,0.0,0.21982316125063223
S18_HIGH_ACON_LIGHTON_R2__RUN_20260914_114725__SESSION_001__SEG_01__W_00310,S18_HIGH_ACON_LIGHTON_R2,S18_HIGH_ACON_LIGHTON_R2__RUN_20260914_114725__SESSION_001,S18_HIGH_ACON_LIGHTON_R2__RUN_20260914_114725__SESSION_001__SEG_01,2026-09-14T03:54:32.053000Z,2026-09-14T03:55:01.168000Z,2,1,1,HIGH,2,0.3,0.3,0.4,0.2,5.0,4.0,0.06666666666666667,704.0,772.0,68.0,25.700000000000006,-0.019999999999999574,71.69300000000001,0.29000000000000625,1008.3173333333336,-0.010000000000104592,218.30333333333337,-0.8999999999999773,0.21982316125063223
S18_HIGH_ACON_LIGHTON_R2__RUN_20260914_114725__SESSION_001__SEG_01__W_00315,S18_HIGH_ACON_LIGHTON_R2,S18_HIGH_ACON_LIGHTON_R2__RUN_20260914_114725__SESSION_001,S18_HIGH_ACON_LIGHTON_R2__RUN_20260914_114725__SESSION_001__SEG_01,2026-09-14T03:54:37.070000Z,2026-09-14T03:55:06.189000Z,2,1,1,HIGH,2,0.36666666666666664,0.4,0.5,0.26666666666666666,7.0,6.0,0.06666666666666667,704.0,772.0,68.0,25.696666666666676,-0.019999999999999574,71.73500000000003,0.18999999999999773,1008.315666666667,-0.010000000000104592,218.2733333333334,0.0,0.14360439485692217
S18_HIGH_ACON_LIGHTON_R2__RUN_20260914_114725__SESSION_001__SEG_01__W_00320,S18_HIGH_ACON_LIGHTON_R2,S18_HIGH_ACON_LIGHTON_R2__RUN_20260914_114725__SESSION_001,S18_HIGH_ACON_LIGHTON_R2__RUN_20260914_114725__SESSION_001__SEG_01,2026-09-14T03:54:42.269000Z,2026-09-14T03:55:11.210000Z,2,1,1,HIGH,2,0.4,0.43333333333333335,0.5333333333333333,0.3,7.0,6.0,0.06666666666666667,704.0,772.0,68.0,25.69466666666668,-0.00999999999999801,71.768,0.3399999999999892,1008.3140000000002,-0.010000000000104592,218.2733333333334,0.0,0.14360439485692217
S18_HIGH_ACON_LIGHTON_R2__RUN_20260914_114725__SESSION_001__SEG_01__W_00325,S18_HIGH_ACON_LIGHTON_R2,S18_HIGH_ACON_LIGHTON_R2__RUN_20260914_114725__SESSION_001,S18_HIGH_ACON_LIGHTON_R2__RUN_20260914_114725__SESSION_001__SEG_01,2026-09-14T03:54:47.292000Z,2026-09-14T03:55:16.411000Z,2,1,1,HIGH,2,0.3333333333333333,0.3333333333333333,0.43333333333333335,0.23333333333333334,6.0,5.0,0.0,2000.0,2000.0,0.0,25.693333333333346,0.0,71.79933333333335,0.010000000000005116,1008.3123333333336,-0.010000000000104592,218.30000000000007,0.0,5.684341886080802e-14
S18_HIGH_ACON_LIGHTON_R2__RUN_20260914_114725__SESSION_001__SEG_01__W_00330,S18_HIGH_ACON_LIGHTON_R2,S18_HIGH_ACON_LIGHTON_R2__RUN_20260914_114725__SESSION_001,S18_HIGH_ACON_LIGHTON_R2__RUN_20260914_114725__SESSION_001__SEG_01,2026-09-14T03:54:52.311000Z,2026-09-14T03:55:21.252000Z,2,1,1,HIGH,2,0.23333333333333334,0.3,0.3333333333333333,0.2,5.0,4.0,0.0,2000.0,2000.0,0.0,25.693333333333342,0.0,71.80133333333333,0.0,1008.3110000000001,-0.020000000000095497,218.36000000000004,0.0,0.2244994432064308
S18_HIGH_ACON_LIGHTON_R2__RUN_20260914_114725__SESSION_001__SEG_01__W_00335,S18_HIGH_ACON_LIGHTON_R2,S18_HIGH_ACON_LIGHTON_R2__RUN_20260914_114725__SESSION_001,S18_HIGH_ACON_LIGHTON_R2__RUN_20260914_114725__SESSION_001__SEG_01,2026-09-14T03:54:57.152000Z,2026-09-14T03:55:26.451000Z,2,1,1,HIGH,2,0.16666666666666666,0.23333333333333334,0.26666666666666666,0.13333333333333333,4.0,2.0,0.0,2000.0,2000.0,0.0,25.693666666666676,0.00999999999999801,71.81166666666667,0.020000000000010232,1008.3083333333332,-0.009999999999990905,218.42000000000002,0.0,0.3059411708155594
S18_HIGH_ACON_LIGHTON_R2__RUN_20260914_114725__SESSION_001__SEG_01__W_00340,S18_HIGH_ACON_LIGHTON_R2,S18_HIGH_ACON_LIGHTON_R2__RUN_20260914_114725__SESSION_001,S18_HIGH_ACON_LIGHTON_R2__RUN_20260914_114725__SESSION_001__SEG_01,2026-09-14T03:55:02.353000Z,2026-09-14T03:55:31.472000Z,2,1,1,HIGH,2,0.13333333333333333,0.13333333333333333,0.16666666666666666,0.1,3.0,1.0,0.0,2000.0,2000.0,0.0,25.695333333333345,0.00999999999999801,71.78633333333333,-0.2600000000000051,1008.3066666666666,-0.009999999999990905,218.45000000000002,0.0,0.33541019662495997
S18_HIGH_ACON_LIGHTON_R2__RUN_20260914_114725__SESSION_001__SEG_01__W_00345,S18_HIGH_ACON_LIGHTON_R2,S18_HIGH_ACON_LIGHTON_R2__RUN_20260914_114725__SESSION_001,S18_HIGH_ACON_LIGHTON_R2__RUN_20260914_114725__SESSION_001__SEG_01,2026-09-14T03:55:07.374000Z,2026-09-14T03:55:36.493000Z,2,1,1,HIGH,2,0.06666666666666667,0.03333333333333333,0.06666666666666667,0.03333333333333333,1.0,0.0,0.0,2000.0,2000.0,0.0,25.69800000000001,0.019999999999999574,71.76466666666667,-0.1700000000000017,1008.3036666666667,-0.01999999999998181,218.54000000000002,0.8999999999999773,0.3979949748426379
S18_HIGH_ACON_LIGHTON_R2__RUN_20260914_114725__SESSION_001__SEG_01__W_00350,S18_HIGH_ACON_LIGHTON_R2,S18_HIGH_ACON_LIGHTON_R2__RUN_20260914_114725__SESSION_001,S18_HIGH_ACON_LIGHTON_R2__RUN_20260914_114725__SESSION_001__SEG_01,2026-09-14T03:55:12.395000Z,2026-09-14T03:55:41.514000Z,2,1,1,HIGH,2,0.0,0.03333333333333333,0.03333333333333333,0.0,0.0,1.0,0.0,2000.0,2000.0,0.0,25.70133333333334,0.019999999999999574,71.73366666666668,-0.2600000000000051,1008.3003333333334,-0.01999999999998181,218.54000000000002,0.0,0.3979949748426379
S18_HIGH_ACON_LIGHTON_R2__RUN_20260914_114725__SESSION_001__SEG_01__W_00355,S18_HIGH_ACON_LIGHTON_R2,S18_HIGH_ACON_LIGHTON_R2__RUN_20260914_114725__SESSION_001,S18_HIGH_ACON_LIGHTON_R2__RUN_20260914_114725__SESSION_001__SEG_01,2026-09-14T03:55:17.416000Z,2026-09-14T03:55:46.533000Z,2,1,1,HIGH,2,0.0,0.03333333333333333,0.03333333333333333,0.0,0.0,1.0,0.0,2000.0,2000.0,0.0,25.704333333333338,0.010000000000001563,71.702,-0.10999999999999943,1008.2956666666665,-0.029999999999972715,218.6,0.0,0.42426406871191785
S18_HIGH_ACON_LIGHTON_R2__RUN_20260914_114725__SESSION_001__SEG_01__W_00360,S18_HIGH_ACON_LIGHTON_R2,S18_HIGH_ACON_LIGHTON_R2__RUN_20260914_114725__SESSION_001,S18_HIGH_ACON_LIGHTON_R2__RUN_20260914_114725__SESSION_001__SEG_01,2026-09-14T03:55:22.437000Z,2026-09-14T03:55:51.554000Z,2,1,1,HIGH,2,0.06666666666666667,0.1,0.13333333333333333,0.03333333333333333,2.0,3.0,0.0,2000.0,2000.0,0.0,25.70600000000001,0.010000000000001563,71.691,-0.13000000000000966,1008.2909999999997,-0.029999999999972715,218.6,0.0,0.42426406871191785
S18_HIGH_ACON_LIGHTON_R2__RUN_20260914_114725__SESSION_001__SEG_01__W_00365,S18_HIGH_ACON_LIGHTON_R2,S18_HIGH_ACON_LIGHTON_R2__RUN_20260914_114725__SESSION_001,S18_HIGH_ACON_LIGHTON_R2__RUN_20260914_114725__SESSION_001__SEG_01,2026-09-14T03:55:27.274000Z,2026-09-14T03:55:56.575000Z,2,1,1,HIGH,2,0.06666666666666667,0.13333333333333333,0.16666666666666666,0.03333333333333333,2.0,4.0,0.0,2000.0,2000.0,0.0,25.707666666666675,0.010000000000001563,71.68366666666665,-0.10999999999999943,1008.2873333333331,-0.01999999999998181,218.60000000000002,-0.8999999999999773,0.42426406871191785
S18_HIGH_ACON_LIGHTON_R2__RUN_20260914_114725__SESSION_001__SEG_01__W_00370,S18_HIGH_ACON_LIGHTON_R2,S18_HIGH_ACON_LIGHTON_R2__RUN_20260914_114725__SESSION_001,S18_HIGH_ACON_LIGHTON_R2__RUN_20260914_114725__SESSION_001__SEG_01,2026-09-14T03:55:32.477000Z,2026-09-14T03:56:01.416000Z,2,1,1,HIGH,2,0.16666666666666666,0.2,0.26666666666666666,0.1,4.0,5.0,0.0,2000.0,2000.0,0.0,25.70933333333334,0.010000000000001563,71.66766666666668,-0.14999999999999147,1008.2839999999997,-0.009999999999990905,218.60000000000002,0.8999999999999773,0.42426406871191785
S18_HIGH_ACON_LIGHTON_R2__RUN_20260914_114725__SESSION_001__SEG_01__W_00375,S18_HIGH_ACON_LIGHTON_R2,S18_HIGH_ACON_LIGHTON_R2__RUN_20260914_114725__SESSION_001,S18_HIGH_ACON_LIGHTON_R2__RUN_20260914_114725__SESSION_001__SEG_01,2026-09-14T03:55:37.316000Z,2026-09-14T03:56:06.621000Z,2,1,1,HIGH,2,0.26666666666666666,0.2,0.36666666666666664,0.1,5.0,5.0,0.0,2000.0,2000.0,0.0,25.710000000000004,0.0,71.66599999999998,0.020000000000010232,1008.2836666666667,0.0,218.54000000000002,0.0,0.3979949748426379
S18_HIGH_ACON_LIGHTON_R2__RUN_20260914_114725__SESSION_001__SEG_01__W_00380,S18_HIGH_ACON_LIGHTON_R2,S18_HIGH_ACON_LIGHTON_R2__RUN_20260914_114725__SESSION_001,S18_HIGH_ACON_LIGHTON_R2__RUN_20260914_114725__SESSION_001__SEG_01,2026-09-14T03:55:42.519000Z,2026-09-14T03:56:11.642000Z,2,1,1,HIGH,2,0.26666666666666666,0.26666666666666666,0.43333333333333335,0.1,5.0,6.0,0.03333333333333333,173.0,173.0,0.0,25.710000000000004,0.0,71.66766666666668,-0.04999999999999716,1008.2826666666666,-0.009999999999990905,218.60000000000002,0.0,0.42426406871191785
S18_HIGH_ACON_LIGHTON_R2__RUN_20260914_114725__SESSION_001__SEG_01__W_00385,S18_HIGH_ACON_LIGHTON_R2,S18_HIGH_ACON_LIGHTON_R2__RUN_20260914_114725__SESSION_001,S18_HIGH_ACON_LIGHTON_R2__RUN_20260914_114725__SESSION_001__SEG_01,2026-09-14T03:55:47.538000Z,2026-09-14T03:56:16.663000Z,2,1,1,HIGH,2,0.3333333333333333,0.26666666666666666,0.5,0.1,7.0,5.0,0.03333333333333333,173.0,173.0,0.0,25.710000000000004,0.0,71.67400000000002,0.04999999999999716,1008.2823333333331,0.0,218.57000000000002,0.0,0.4124318125460153
S18_HIGH_ACON_LIGHTON_R2__RUN_20260914_114725__SESSION_001__SEG_01__W_00390,S18_HIGH_ACON_LIGHTON_R2,S18_HIGH_ACON_LIGHTON_R2__RUN_20260914_114725__SESSION_001,S18_HIGH_ACON_LIGHTON_R2__RUN_20260914_114725__SESSION_001__SEG_01,2026-09-14T03:55:52.377000Z,2026-09-14T03:56:21.502000Z,2,1,1,HIGH,2,0.3333333333333333,0.2,0.4666666666666667,0.06666666666666667,6.0,4.0,0.03333333333333333,173.0,173.0,0.0,25.710666666666672,0.00999999999999801,71.69533333333334,-0.030000000000001137,1008.2816666666665,0.0,218.54000000000002,-0.8999999999999773,0.3979949748426379
S18_HIGH_ACON_LIGHTON_R2__RUN_20260914_114725__SESSION_001__SEG_01__W_00395,S18_HIGH_ACON_LIGHTON_R2,S18_HIGH_ACON_LIGHTON_R2__RUN_20260914_114725__SESSION_001,S18_HIGH_ACON_LIGHTON_R2__RUN_20260914_114725__SESSION_001__SEG_01,2026-09-14T03:55:57.580000Z,2026-09-14T03:56:26.707000Z,2,1,1,HIGH,2,0.3333333333333333,0.2,0.4666666666666667,0.06666666666666667,5.0,4.0,0.03333333333333333,173.0,173.0,0.0,25.712333333333337,0.00999999999999801,71.70133333333334,0.10000000000000853,1008.2800000000001,-0.009999999999990905,218.51000000000005,0.0,0.380657326213476
S18_HIGH_ACON_LIGHTON_R2__RUN_20260914_114725__SESSION_001__SEG_01__W_00400,S18_HIGH_ACON_LIGHTON_R2,S18_HIGH_ACON_LIGHTON_R2__RUN_20260914_114725__SESSION_001,S18_HIGH_ACON_LIGHTON_R2__RUN_20260914_114725__SESSION_001__SEG_01,2026-09-14T03:56:02.601000Z,2026-09-14T03:56:31.732000Z,2,1,1,HIGH,2,0.23333333333333334,0.23333333333333334,0.4666666666666667,0.0,4.0,5.0,0.03333333333333333,173.0,173.0,0.0,25.714000000000002,0.00999999999999801,71.70966666666666,-0.05999999999998806,1008.2780000000001,-0.029999999999972715,218.51000000000005,0.0,0.380657326213476
S18_HIGH_ACON_LIGHTON_R2__RUN_20260914_114725__SESSION_001__SEG_01__W_00405,S18_HIGH_ACON_LIGHTON_R2,S18_HIGH_ACON_LIGHTON_R2__RUN_20260914_114725__SESSION_001,S18_HIGH_ACON_LIGHTON_R2__RUN_20260914_114725__SESSION_001__SEG_01,2026-09-14T03:56:07.444000Z,2026-09-14T03:56:36.757000Z,2,1,1,HIGH,2,0.13333333333333333,0.3,0.43333333333333335,0.0,3.0,5.0,0.03333333333333333,173.0,173.0,0.0,25.714666666666677,0.0,71.70333333333333,-0.060000000000002274,1008.2726666666663,-0.03999999999996362,218.48000000000005,-0.8999999999999773,0.35999999999999094
S18_HIGH_ACON_LIGHTON_R2__RUN_20260914_114725__SESSION_001__SEG_01__W_00410,S18_HIGH_ACON_LIGHTON_R2,S18_HIGH_ACON_LIGHTON_R2__RUN_20260914_114725__SESSION_001,S18_HIGH_ACON_LIGHTON_R2__RUN_20260914_114725__SESSION_001__SEG_01,2026-09-14T03:56:12.647000Z,2026-09-14T03:56:41.782000Z,2,1,1,HIGH,2,0.13333333333333333,0.23333333333333334,0.36666666666666664,0.0,2.0,4.0,0.03333333333333333,500.0,500.0,0.0,25.716000000000008,0.00999999999999801,71.70566666666667,0.1699999999999875,1008.2673333333333,-0.029999999999972715,218.42000000000004,0.0,0.3059411708155593
S18_HIGH_ACON_LIGHTON_R2__RUN_20260914_114725__SESSION_001__SEG_01__W_00415,S18_HIGH_ACON_LIGHTON_R2,S18_HIGH_ACON_LIGHTON_R2__RUN_20260914_114725__SESSION_001,S18_HIGH_ACON_LIGHTON_R2__RUN_20260914_114725__SESSION_001__SEG_01,2026-09-14T03:56:17.668000Z,2026-09-14T03:56:46.619000Z,2,1,1,HIGH,2,0.1,0.26666666666666666,0.3333333333333333,0.03333333333333333,2.0,5.0,0.03333333333333333,500.0,500.0,0.0,25.717666666666673,0.00999999999999801,71.71966666666665,0.04999999999999716,1008.2623333333335,-0.029999999999972715,218.45,0.8999999999999773,0.33541019662496
S18_HIGH_ACON_LIGHTON_R2__RUN_20260914_114725__SESSION_001__SEG_01__W_00420,S18_HIGH_ACON_LIGHTON_R2,S18_HIGH_ACON_LIGHTON_R2__RUN_20260914_114725__SESSION_001,S18_HIGH_ACON_LIGHTON_R2__RUN_20260914_114725__SESSION_001__SEG_01,2026-09-14T03:56:22.687000Z,2026-09-14T03:56:51.640000Z,2,1,1,HIGH,2,0.1,0.3333333333333333,0.36666666666666664,0.06666666666666667,2.0,6.0,0.03333333333333333,500.0,500.0,0.0,25.717666666666673,-0.00999999999999801,71.70533333333334,-0.01999999999999602,1008.2579999999999,-0.01999999999998181,218.48,0.8999999999999773,0.35999999999999094
S18_HIGH_ACON_LIGHTON_R2__RUN_20260914_114725__SESSION_001__SEG_01__W_00425,S18_HIGH_ACON_LIGHTON_R2,S18_HIGH_ACON_LIGHTON_R2__RUN_20260914_114725__SESSION_001,S18_HIGH_ACON_LIGHTON_R2__RUN_20260914_114725__SESSION_001__SEG_01,2026-09-14T03:56:27.712000Z,2026-09-14T03:56:56.845000Z,2,1,1,HIGH,2,0.1,0.36666666666666664,0.4,0.06666666666666667,2.0,6.0,0.03333333333333333,500.0,500.0,0.0,25.717666666666673,0.0,71.703,0.0799999999999983,1008.2546666666666,-0.01999999999998181,218.45000000000002,0.0,0.33541019662495997
S18_HIGH_ACON_LIGHTON_R2__RUN_20260914_114725__SESSION_001__SEG_01__W_00430,S18_HIGH_ACON_LIGHTON_R2,S18_HIGH_ACON_LIGHTON_R2__RUN_20260914_114725__SESSION_001,S18_HIGH_ACON_LIGHTON_R2__RUN_20260914_114725__SESSION_001__SEG_01,2026-09-14T03:56:32.737000Z,2026-09-14T03:57:01.680000Z,2,1,1,HIGH,2,0.16666666666666666,0.3,0.4,0.06666666666666667,4.0,6.0,0.03333333333333333,500.0,500.0,0.0,25.717666666666673,0.0,71.71266666666666,0.010000000000005116,1008.2520000000001,0.0,218.45000000000002,0.0,0.33541019662495997
S18_HIGH_ACON_LIGHTON_R2__RUN_20260914_114725__SESSION_001__SEG_01__W_00435,S18_HIGH_ACON_LIGHTON_R2,S18_HIGH_ACON_LIGHTON_R2__RUN_20260914_114725__SESSION_001,S18_HIGH_ACON_LIGHTON_R2__RUN_20260914_114725__SESSION_001__SEG_01,2026-09-14T03:56:37.762000Z,2026-09-14T03:57:06.879000Z,2,1,1,HIGH,2,0.26666666666666666,0.3,0.43333333333333335,0.13333333333333333,4.0,7.0,0.03333333333333333,500.0,500.0,0.0,25.71866666666667,0.00999999999999801,71.71266666666666,0.01999999999999602,1008.2523333333331,0.009999999999990905,218.45000000000007,0.0,0.3354101966249599
S18_HIGH_ACON_LIGHTON_R2__RUN_20260914_114725__SESSION_001__SEG_01__W_00440,S18_HIGH_ACON_LIGHTON_R2,S18_HIGH_ACON_LIGHTON_R2__RUN_20260914_114725__SESSION_001,S18_HIGH_ACON_LIGHTON_R2__RUN_20260914_114725__SESSION_001__SEG_01,2026-09-14T03:56:42.787000Z,2026-09-14T03:57:11.718000Z,2,1,1,HIGH,2,0.3333333333333333,0.26666666666666666,0.4666666666666667,0.13333333333333333,5.0,6.0,0.0,2000.0,2000.0,0.0,25.71933333333334,0.010000000000001563,71.71100000000001,-0.060000000000002274,1008.2536666666664,0.009999999999990905,218.45000000000007,0.0,0.3354101966249599
S18_HIGH_ACON_LIGHTON_R2__RUN_20260914_114725__SESSION_001__SEG_01__W_00445,S18_HIGH_ACON_LIGHTON_R2,S18_HIGH_ACON_LIGHTON_R2__RUN_20260914_114725__SESSION_001,S18_HIGH_ACON_LIGHTON_R2__RUN_20260914_114725__SESSION_001__SEG_01,2026-09-14T03:56:47.804000Z,2026-09-14T03:57:16.737000Z,2,1,1,HIGH,2,0.36666666666666664,0.3333333333333333,0.5333333333333333,0.16666666666666666,4.0,6.0,0.0,2000.0,2000.0,0.0,25.721000000000004,0.010000000000001563,71.69466666666669,-0.030000000000001137,1008.255333333333,0.009999999999990905,218.42000000000002,0.0,0.3059411708155593
S18_HIGH_ACON_LIGHTON_R2__RUN_20260914_114725__SESSION_001__SEG_01__W_00450,S18_HIGH_ACON_LIGHTON_R2,S18_HIGH_ACON_LIGHTON_R2__RUN_20260914_114725__SESSION_001,S18_HIGH_ACON_LIGHTON_R2__RUN_20260914_114725__SESSION_001__SEG_01,2026-09-14T03:56:52.825000Z,2026-09-14T03:57:21.756000Z,2,1,1,HIGH,2,0.3,0.36666666666666664,0.5333333333333333,0.13333333333333333,4.0,6.0,0.0,2000.0,2000.0,0.0,25.723666666666666,0.010000000000001563,71.68933333333334,-0.04000000000000625,1008.2553333333333,0.0,218.39000000000004,0.8999999999999773,0.2699999999999932
S18_HIGH_ACON_LIGHTON_R2__RUN_20260914_114725__SESSION_001__SEG_01__W_00455,S18_HIGH_ACON_LIGHTON_R2,S18_HIGH_ACON_LIGHTON_R2__RUN_20260914_114725__SESSION_001,S18_HIGH_ACON_LIGHTON_R2__RUN_20260914_114725__SESSION_001__SEG_01,2026-09-14T03:56:57.668000Z,2026-09-14T03:57:26.773000Z,2,1,1,HIGH,2,0.3333333333333333,0.3333333333333333,0.5333333333333333,0.13333333333333333,4.0,6.0,0.0,2000.0,2000.0,0.0,25.725666666666672,0.019999999999999574,71.68066666666667,-0.03999999999999204,1008.255,0.0,218.45000000000002,0.0,0.33541019662495997
S18_HIGH_ACON_LIGHTON_R2__RUN_20260914_114725__SESSION_001__SEG_01__W_00460,S18_HIGH_ACON_LIGHTON_R2,S18_HIGH_ACON_LIGHTON_R2__RUN_20260914_114725__SESSION_001,S18_HIGH_ACON_LIGHTON_R2__RUN_20260914_114725__SESSION_001__SEG_01,2026-09-14T03:57:02.683000Z,2026-09-14T03:57:31.976000Z,2,1,1,HIGH,2,0.3333333333333333,0.3333333333333333,0.5,0.16666666666666666,4.0,6.0,0.0,2000.0,2000.0,0.0,25.72833333333334,0.010000000000001563,71.65866666666666,-0.10999999999999943,1008.2540000000001,-0.01999999999998181,218.42000000000004,0.0,0.30594117081555927
S18_HIGH_ACON_LIGHTON_R2__RUN_20260914_114725__SESSION_001__SEG_01__W_00465,S18_HIGH_ACON_LIGHTON_R2,S18_HIGH_ACON_LIGHTON_R2__RUN_20260914_114725__SESSION_001,S18_HIGH_ACON_LIGHTON_R2__RUN_20260914_114725__SESSION_001__SEG_01,2026-09-14T03:57:07.702000Z,2026-09-14T03:57:36.997000Z,2,1,1,HIGH,2,0.23333333333333334,0.26666666666666666,0.4,0.1,4.0,5.0,0.0,2000.0,2000.0,0.0,25.731,0.019999999999999574,71.646,-0.09000000000000341,1008.250666666667,-0.01999999999998181,218.42000000000004,0.0,0.3059411708155593
S18_HIGH_ACON_LIGHTON_R2__RUN_20260914_114725__SESSION_001__SEG_01__W_00470,S18_HIGH_ACON_LIGHTON_R2,S18_HIGH_ACON_LIGHTON_R2__RUN_20260914_114725__SESSION_001,S18_HIGH_ACON_LIGHTON_R2__RUN_20260914_114725__SESSION_001__SEG_01,2026-09-14T03:57:12.903000Z,2026-09-14T03:57:42.020000Z,2,1,1,HIGH,2,0.16666666666666666,0.26666666666666666,0.3333333333333333,0.1,2.0,4.0,0.0,2000.0,2000.0,0.0,25.733999999999998,0.00999999999999801,71.634,-0.10000000000000853,1008.246,-0.029999999999972715,218.42000000000004,0.0,0.3059411708155593
S18_HIGH_ACON_LIGHTON_R2__RUN_20260914_114725__SESSION_001__SEG_01__W_00475,S18_HIGH_ACON_LIGHTON_R2,S18_HIGH_ACON_LIGHTON_R2__RUN_20260914_114725__SESSION_001,S18_HIGH_ACON_LIGHTON_R2__RUN_20260914_114725__SESSION_001__SEG_01,2026-09-14T03:57:17.922000Z,2026-09-14T03:57:47.043000Z,2,1,1,HIGH,2,0.13333333333333333,0.2,0.3,0.03333333333333333,3.0,4.0,0.0,2000.0,2000.0,0.0,25.735666666666663,0.00999999999999801,71.629,0.04000000000000625,1008.2423333333335,-0.009999999999990905,218.39000000000004,0.0,0.26999999999999313
S18_HIGH_ACON_LIGHTON_R2__RUN_20260914_114725__SESSION_001__SEG_01__W_00480,S18_HIGH_ACON_LIGHTON_R2,S18_HIGH_ACON_LIGHTON_R2__RUN_20260914_114725__SESSION_001,S18_HIGH_ACON_LIGHTON_R2__RUN_20260914_114725__SESSION_001__SEG_01,2026-09-14T03:57:22.759000Z,2026-09-14T03:57:51.880000Z,2,1,1,HIGH,2,0.16666666666666666,0.2,0.3,0.06666666666666667,4.0,4.0,0.0,2000.0,2000.0,0.0,25.737333333333336,0.00999999999999801,71.62466666666666,0.0,1008.240666666667,-0.009999999999990905,218.42000000000002,0.0,0.3059411708155594
S19_LOW_ACON_LIGHTON_LOC2__RUN_20260914_120952__SESSION_002__SEG_01__W_00000,S19_LOW_ACON_LIGHTON_LOC2,S19_LOW_ACON_LIGHTON_LOC2__RUN_20260914_120952__SESSION_002,S19_LOW_ACON_LIGHTON_LOC2__RUN_20260914_120952__SESSION_002__SEG_01,2026-09-14T04:11:00.090000Z,2026-09-14T04:11:29.027000Z,1,1,1,LOW,1,0.1,0.23333333333333334,0.3333333333333333,0.0,2.0,3.0,0.0,2000.0,2000.0,0.0,25.872333333333337,-0.029999999999997584,71.90566666666669,-0.8900000000000006,1007.9983333333332,0.0,212.1533333333333,0.0,0.492431608336524
S19_LOW_ACON_LIGHTON_LOC2__RUN_20260914_120952__SESSION_002__SEG_01__W_00005,S19_LOW_ACON_LIGHTON_LOC2,S19_LOW_ACON_LIGHTON_LOC2__RUN_20260914_120952__SESSION_002,S19_LOW_ACON_LIGHTON_LOC2__RUN_20260914_120952__SESSION_002__SEG_01,2026-09-14T04:11:04.931000Z,2026-09-14T04:11:34.046000Z,1,1,1,LOW,1,0.03333333333333333,0.16666666666666666,0.2,0.0,0.0,2.0,0.0,2000.0,2000.0,0.0,25.866333333333337,-0.03999999999999915,71.792,-0.4300000000000068,1007.9989999999998,0.009999999999990905,212.17999999999995,-0.8000000000000114,0.4888080741286299
S19_LOW_ACON_LIGHTON_LOC2__RUN_20260914_120952__SESSION_002__SEG_01__W_00010,S19_LOW_ACON_LIGHTON_LOC2,S19_LOW_ACON_LIGHTON_LOC2__RUN_20260914_120952__SESSION_002,S19_LOW_ACON_LIGHTON_LOC2__RUN_20260914_120952__SESSION_002__SEG_01,2026-09-14T04:11:09.952000Z,2026-09-14T04:11:39.251000Z,1,1,1,LOW,1,0.0,0.13333333333333333,0.13333333333333333,0.0,0.0,1.0,0.0,2000.0,2000.0,0.0,25.85833333333334,-0.05000000000000071,71.75500000000001,-0.14000000000000057,1007.9996666666665,0.0,212.04666666666665,-1.6000000000000227,0.4924316083365241
S19_LOW_ACON_LIGHTON_LOC2__RUN_20260914_120952__SESSION_002__SEG_01__W_00015,S19_LOW_ACON_LIGHTON_LOC2,S19_LOW_ACON_LIGHTON_LOC2__RUN_20260914_120952__SESSION_002,S19_LOW_ACON_LIGHTON_LOC2__RUN_20260914_120952__SESSION_002__SEG_01,2026-09-14T04:11:15.151000Z,2026-09-14T04:11:44.272000Z,1,1,1,LOW,1,0.0,0.06666666666666667,0.06666666666666667,0.0,0.0,0.0,0.0,2000.0,2000.0,0.0,25.84866666666668,-0.05000000000000071,71.75,0.07000000000000739,1008.0016666666666,0.009999999999990905,211.88666666666663,0.0,0.3383620677453254
S19_LOW_ACON_LIGHTON_LOC2__RUN_20260914_120952__SESSION_002__SEG_01__W_00020,S19_LOW_ACON_LIGHTON_LOC2,S19_LOW_ACON_LIGHTON_LOC2__RUN_20260914_120952__SESSION_002,S19_LOW_ACON_LIGHTON_LOC2__RUN_20260914_120952__SESSION_002__SEG_01,2026-09-14T04:11:19.992000Z,2026-09-14T04:11:49.291000Z,1,1,1,LOW,1,0.0,0.03333333333333333,0.03333333333333333,0.0,0.0,1.0,0.0,2000.0,2000.0,0.0,25.838666666666658,-0.060000000000002274,71.74199999999999,0.010000000000005116,1008.0020000000001,0.0,211.83333333333331,-0.8000000000000114,0.2981423969999762
S19_LOW_ACON_LIGHTON_LOC2__RUN_20260914_120952__SESSION_002__SEG_01__W_00025,S19_LOW_ACON_LIGHTON_LOC2,S19_LOW_ACON_LIGHTON_LOC2__RUN_20260914_120952__SESSION_002,S19_LOW_ACON_LIGHTON_LOC2__RUN_20260914_120952__SESSION_002__SEG_01,2026-09-14T04:11:25.193000Z,2026-09-14T04:11:54.130000Z,1,1,1,LOW,1,0.0,0.06666666666666667,0.06666666666666667,0.0,0.0,2.0,0.0,2000.0,2000.0,0.0,25.827666666666655,-0.05999999999999872,71.74133333333333,0.010000000000005116,1008.0020000000001,0.0,211.77999999999994,0.0,0.24000000000000338
S19_LOW_ACON_LIGHTON_LOC2__RUN_20260914_120952__SESSION_002__SEG_01__W_00030,S19_LOW_ACON_LIGHTON_LOC2,S19_LOW_ACON_LIGHTON_LOC2__RUN_20260914_120952__SESSION_002,S19_LOW_ACON_LIGHTON_LOC2__RUN_20260914_120952__SESSION_002__SEG_01,2026-09-14T04:11:30.212000Z,2026-09-14T04:11:59.333000Z,1,1,1,LOW,1,0.0,0.06666666666666667,0.06666666666666667,0.0,0.0,2.0,0.0,2000.0,2000.0,0.0,25.818333333333324,-0.05000000000000071,71.74233333333335,0.020000000000010232,1008.0020000000001,0.0,211.7266666666666,0.0,0.14360439485692217
S19_LOW_ACON_LIGHTON_LOC2__RUN_20260914_120952__SESSION_002__SEG_01__W_00035,S19_LOW_ACON_LIGHTON_LOC2,S19_LOW_ACON_LIGHTON_LOC2__RUN_20260914_120952__SESSION_002,S19_LOW_ACON_LIGHTON_LOC2__RUN_20260914_120952__SESSION_002__SEG_01,2026-09-14T04:11:35.231000Z,2026-09-14T04:12:04.352000Z,1,1,1,LOW,1,0.0,0.06666666666666667,0.06666666666666667,0.0,0.0,2.0,0.0,2000.0,2000.0,0.0,25.810333333333325,-0.05000000000000071,71.75333333333333,-0.01999999999999602,1008.0006666666668,-0.009999999999990905,211.69999999999993,0.0,5.684341886080802e-14
S19_LOW_ACON_LIGHTON_LOC2__RUN_20260914_120952__SESSION_002__SEG_01__W_00040,S19_LOW_ACON_LIGHTON_LOC2,S19_LOW_ACON_LIGHTON_LOC2__RUN_20260914_120952__SESSION_002,S19_LOW_ACON_LIGHTON_LOC2__RUN_20260914_120952__SESSION_002__SEG_01,2026-09-14T04:11:40.074000Z,2026-09-14T04:12:09.189000Z,1,1,1,LOW,1,0.0,0.1,0.1,0.0,0.0,3.0,0.0,2000.0,2000.0,0.0,25.803333333333327,-0.03999999999999915,71.75166666666668,-0.04999999999999716,1007.9990000000003,-0.01999999999998181,211.69999999999993,0.0,5.684341886080802e-14
S19_LOW_ACON_LIGHTON_LOC2__RUN_20260914_120952__SESSION_002__SEG_01__W_00045,S19_LOW_ACON_LIGHTON_LOC2,S19_LOW_ACON_LIGHTON_LOC2__RUN_20260914_120952__SESSION_002,S19_LOW_ACON_LIGHTON_LOC2__RUN_20260914_120952__SESSION_002__SEG_01,2026-09-14T04:11:45.095000Z,2026-09-14T04:12:14.212000Z,1,1,1,LOW,1,0.0,0.13333333333333333,0.13333333333333333,0.0,0.0,3.0,0.0,2000.0,2000.0,0.0,25.797999999999995,-0.019999999999999574,71.73799999999999,-0.10999999999999943,1007.996666666667,-0.009999999999990905,211.69999999999993,0.0,5.684341886080802e-14
S19_LOW_ACON_LIGHTON_LOC2__RUN_20260914_120952__SESSION_002__SEG_01__W_00050,S19_LOW_ACON_LIGHTON_LOC2,S19_LOW_ACON_LIGHTON_LOC2__RUN_20260914_120952__SESSION_002,S19_LOW_ACON_LIGHTON_LOC2__RUN_20260914_120952__SESSION_002__SEG_01,2026-09-14T04:11:50.114000Z,2026-09-14T04:12:19.413000Z,1,1,1,LOW,1,0.0,0.13333333333333333,0.13333333333333333,0.0,0.0,3.0,0.0,2000.0,2000.0,0.0,25.79466666666666,-0.019999999999999574,71.73733333333332,0.03999999999999204,1007.9953333333336,0.0,211.69999999999993,0.0,5.684341886080802e-14
S19_LOW_ACON_LIGHTON_LOC2__RUN_20260914_120952__SESSION_002__SEG_01__W_00055,S19_LOW_ACON_LIGHTON_LOC2,S19_LOW_ACON_LIGHTON_LOC2__RUN_20260914_120952__SESSION_002,S19_LOW_ACON_LIGHTON_LOC2__RUN_20260914_120952__SESSION_002__SEG_01,2026-09-14T04:11:55.315000Z,2026-09-14T04:12:24.434000Z,1,1,1,LOW,1,0.0,0.16666666666666666,0.16666666666666666,0.0,0.0,3.0,0.0,2000.0,2000.0,0.0,25.79266666666666,-0.010000000000001563,71.751,0.09999999999999432,1007.9950000000001,-0.009999999999990905,211.69999999999993,0.0,5.684341886080802e-14
S19_LOW_ACON_LIGHTON_LOC2__RUN_20260914_120952__SESSION_002__SEG_01__W_00060,S19_LOW_ACON_LIGHTON_LOC2,S19_LOW_ACON_LIGHTON_LOC2__RUN_20260914_120952__SESSION_002,S19_LOW_ACON_LIGHTON_LOC2__RUN_20260914_120952__SESSION_002__SEG_01,2026-09-14T04:12:00.338000Z,2026-09-14T04:12:29.459000Z,1,1,1,LOW,1,0.0,0.16666666666666666,0.16666666666666666,0.0,0.0,3.0,0.0,2000.0,2000.0,0.0,25.790999999999993,-0.010000000000001563,71.75033333333333,-0.04999999999999716,1007.9946666666668,0.0,211.69999999999993,0.0,5.684341886080802e-14
S19_LOW_ACON_LIGHTON_LOC2__RUN_20260914_120952__SESSION_002__SEG_01__W_00065,S19_LOW_ACON_LIGHTON_LOC2,S19_LOW_ACON_LIGHTON_LOC2__RUN_20260914_120952__SESSION_002,S19_LOW_ACON_LIGHTON_LOC2__RUN_20260914_120952__SESSION_002__SEG_01,2026-09-14T04:12:05.175000Z,2026-09-14T04:12:34.478000Z,1,1,1,LOW,1,0.0,0.16666666666666666,0.16666666666666666,0.0,0.0,3.0,0.0,2000.0,2000.0,0.0,25.789999999999996,0.0,71.75000000000001,0.01999999999999602,1007.9940000000003,0.0,211.66999999999996,0.0,0.16155494421403105
S19_LOW_ACON_LIGHTON_LOC2__RUN_20260914_120952__SESSION_002__SEG_01__W_00070,S19_LOW_ACON_LIGHTON_LOC2,S19_LOW_ACON_LIGHTON_LOC2__RUN_20260914_120952__SESSION_002,S19_LOW_ACON_LIGHTON_LOC2__RUN_20260914_120952__SESSION_002__SEG_01,2026-09-14T04:12:10.374000Z,2026-09-14T04:12:39.499000Z,1,1,1,LOW,1,0.0,0.16666666666666666,0.16666666666666666,0.0,0.0,3.0,0.0,2000.0,2000.0,0.0,25.78866666666666,-0.00999999999999801,71.75033333333334,0.030000000000001137,1007.9933333333337,0.0,211.66999999999996,0.0,0.16155494421403105
S19_LOW_ACON_LIGHTON_LOC2__RUN_20260914_120952__SESSION_002__SEG_01__W_00075,S19_LOW_ACON_LIGHTON_LOC2,S19_LOW_ACON_LIGHTON_LOC2__RUN_20260914_120952__SESSION_002,S19_LOW_ACON_LIGHTON_LOC2__RUN_20260914_120952__SESSION_002__SEG_01,2026-09-14T04:12:15.397000Z,2026-09-14T04:12:44.522000Z,1,1,1,LOW,1,0.0,0.16666666666666666,0.16666666666666666,0.0,0.0,3.0,0.0,2000.0,2000.0,0.0,25.786666666666665,-0.019999999999999574,71.75166666666665,0.01999999999999602,1007.993666666667,0.0,211.60999999999999,-0.8999999999999773,0.2699999999999932
S19_LOW_ACON_LIGHTON_LOC2__RUN_20260914_120952__SESSION_002__SEG_01__W_00080,S19_LOW_ACON_LIGHTON_LOC2,S19_LOW_ACON_LIGHTON_LOC2__RUN_20260914_120952__SESSION_002,S19_LOW_ACON_LIGHTON_LOC2__RUN_20260914_120952__SESSION_002__SEG_01,2026-09-14T04:12:20.236000Z,2026-09-14T04:12:49.541000Z,1,1,1,LOW,1,0.0,0.13333333333333333,0.13333333333333333,0.0,0.0,2.0,0.0,2000.0,2000.0,0.0,25.783333333333328,-0.019999999999999574,71.758,0.09000000000000341,1007.9946666666668,0.0,211.57999999999998,-0.8999999999999773,0.3059411708155594
S19_LOW_ACON_LIGHTON_LOC2__RUN_20260914_120952__SESSION_002__SEG_01__W_00085,S19_LOW_ACON_LIGHTON_LOC2,S19_LOW_ACON_LIGHTON_LOC2__RUN_20260914_120952__SESSION_002,S19_LOW_ACON_LIGHTON_LOC2__RUN_20260914_120952__SESSION_002__SEG_01,2026-09-14T04:12:25.439000Z,2026-09-14T04:12:54.382000Z,1,1,1,LOW,1,0.0,0.06666666666666667,0.06666666666666667,0.0,0.0,1.0,0.0,2000.0,2000.0,0.0,25.779999999999994,-0.019999999999999574,71.759,-0.030000000000001137,1007.9943333333334,-0.009999999999990905,211.46000000000004,-0.8999999999999773,0.3979949748426379
S19_LOW_ACON_LIGHTON_LOC2__RUN_20260914_120952__SESSION_002__SEG_01__W_00090,S19_LOW_ACON_LIGHTON_LOC2,S19_LOW_ACON_LIGHTON_LOC2__RUN_20260914_120952__SESSION_002,S19_LOW_ACON_LIGHTON_LOC2__RUN_20260914_120952__SESSION_002__SEG_01,2026-09-14T04:12:30.464000Z,2026-09-14T04:12:59.585000Z,1,1,1,LOW,1,0.0,0.16666666666666666,0.16666666666666666,0.0,0.0,2.0,0.0,2000.0,2000.0,0.0,25.776666666666664,-0.019999999999999574,71.77333333333334,0.09000000000000341,1007.9936666666669,-0.009999999999990905,211.34000000000003,0.0,0.4409081537009609
S19_LOW_ACON_LIGHTON_LOC2__RUN_20260914_120952__SESSION_002__SEG_01__W_00095,S19_LOW_ACON_LIGHTON_LOC2,S19_LOW_ACON_LIGHTON_LOC2__RUN_20260914_120952__SESSION_002,S19_LOW_ACON_LIGHTON_LOC2__RUN_20260914_120952__SESSION_002__SEG_01,2026-09-14T04:12:35.483000Z,2026-09-14T04:13:04.424000Z,1,1,1,LOW,1,0.0,0.2,0.2,0.0,0.0,3.0,0.0,2000.0,2000.0,0.0,25.773333333333326,-0.019999999999999574,71.776,0.09000000000000341,1007.9933333333337,0.0,211.25,-0.8999999999999773,0.4499999999999887
S19_LOW_ACON_LIGHTON_LOC2__RUN_20260914_120952__SESSION_002__SEG_01__W_00100,S19_LOW_ACON_LIGHTON_LOC2,S19_LOW_ACON_LIGHTON_LOC2__RUN_20260914_120952__SESSION_002,S19_LOW_ACON_LIGHTON_LOC2__RUN_20260914_120952__SESSION_002__SEG_01,2026-09-14T04:12:40.504000Z,2026-09-14T04:13:09.627000Z,1,1,1,LOW,1,0.0,0.3,0.3,0.0,0.0,3.0,0.0,2000.0,2000.0,0.0,25.771333333333327,-0.010000000000001563,71.77966666666666,0.09000000000000341,1007.993666666667,0.0,211.10000000000005,-0.8999999999999773,0.4242640687119178
S19_LOW_ACON_LIGHTON_LOC2__RUN_20260914_120952__SESSION_002__SEG_01__W_00105,S19_LOW_ACON_LIGHTON_LOC2,S19_LOW_ACON_LIGHTON_LOC2__RUN_20260914_120952__SESSION_002,S19_LOW_ACON_LIGHTON_LOC2__RUN_20260914_120952__SESSION_002__SEG_01,2026-09-14T04:12:45.345000Z,2026-09-14T04:13:14.648000Z,1,1,1,LOW,1,0.0,0.26666666666666666,0.26666666666666666,0.0,0.0,3.0,0.0,2000.0,2000.0,0.0,25.769999999999996,0.0,71.79466666666666,0.0799999999999983,1007.9933333333337,0.0,211.01000000000005,-0.8999999999999773,0.38065732621347603
S19_LOW_ACON_LIGHTON_LOC2__RUN_20260914_120952__SESSION_002__SEG_01__W_00110,S19_LOW_ACON_LIGHTON_LOC2,S19_LOW_ACON_LIGHTON_LOC2__RUN_20260914_120952__SESSION_002,S19_LOW_ACON_LIGHTON_LOC2__RUN_20260914_120952__SESSION_002__SEG_01,2026-09-14T04:12:50.546000Z,2026-09-14T04:13:19.491000Z,1,1,1,LOW,1,0.0,0.26666666666666666,0.26666666666666666,0.0,0.0,3.0,0.0,2000.0,2000.0,0.0,25.769,-0.00999999999999801,71.80566666666665,-0.01999999999999602,1007.9920000000003,-0.009999999999990905,210.89000000000001,0.0,0.26999999999999325
S19_LOW_ACON_LIGHTON_LOC2__RUN_20260914_120952__SESSION_002__SEG_01__W_00115,S19_LOW_ACON_LIGHTON_LOC2,S19_LOW_ACON_LIGHTON_LOC2__RUN_20260914_120952__SESSION_002,S19_LOW_ACON_LIGHTON_LOC2__RUN_20260914_120952__SESSION_002__SEG_01,2026-09-14T04:12:55.385000Z,2026-09-14T04:13:24.692000Z,1,1,1,LOW,1,0.0,0.26666666666666666,0.26666666666666666,0.0,0.0,3.0,0.0,2000.0,2000.0,0.0,25.767333333333333,-0.00999999999999801,71.81166666666668,0.0,1007.9910000000003,-0.009999999999990905,210.86000000000004,-0.8999999999999773,0.22449944320643078
S19_LOW_ACON_LIGHTON_LOC2__RUN_20260914_120952__SESSION_002__SEG_01__W_00120,S19_LOW_ACON_LIGHTON_LOC2,S19_LOW_ACON_LIGHTON_LOC2__RUN_20260914_120952__SESSION_002,S19_LOW_ACON_LIGHTON_LOC2__RUN_20260914_120952__SESSION_002__SEG_01,2026-09-14T04:13:00.590000Z,2026-09-14T04:13:29.715000Z,1,1,1,LOW,1,0.0,0.2,0.2,0.0,0.0,3.0,0.0,2000.0,2000.0,0.0,25.765666666666668,-0.00999999999999801,71.81,0.030000000000001137,1007.9903333333338,0.0,210.83000000000004,0.0,0.16155494421403105
S19_LOW_ACON_LIGHTON_LOC2__RUN_20260914_120952__SESSION_002__SEG_01__W_00125,S19_LOW_ACON_LIGHTON_LOC2,S19_LOW_ACON_LIGHTON_LOC2__RUN_20260914_120952__SESSION_002,S19_LOW_ACON_LIGHTON_LOC2__RUN_20260914_120952__SESSION_002__SEG_01,2026-09-14T04:13:05.609000Z,2026-09-14T04:13:34.554000Z,1,1,1,LOW,1,0.0,0.2,0.2,0.0,0.0,3.0,0.0,2000.0,2000.0,0.0,25.764,-0.00999999999999801,71.81333333333333,0.030000000000001137,1007.9903333333338,-0.009999999999990905,210.80000000000007,0.0,5.684341886080802e-14
S19_LOW_ACON_LIGHTON_LOC2__RUN_20260914_120952__SESSION_002__SEG_01__W_00130,S19_LOW_ACON_LIGHTON_LOC2,S19_LOW_ACON_LIGHTON_LOC2__RUN_20260914_120952__SESSION_002,S19_LOW_ACON_LIGHTON_LOC2__RUN_20260914_120952__SESSION_002__SEG_01,2026-09-14T04:13:10.632000Z,2026-09-14T04:13:39.757000Z,1,1,1,LOW,1,0.0,0.06666666666666667,0.06666666666666667,0.0,0.0,2.0,0.0,2000.0,2000.0,0.0,25.76233333333333,-0.00999999999999801,71.82,0.009999999999990905,1007.9900000000004,0.0,210.74666666666673,-0.8000000000000114,0.19955506062794637
S19_LOW_ACON_LIGHTON_LOC2__RUN_20260914_120952__SESSION_002__SEG_01__W_00135,S19_LOW_ACON_LIGHTON_LOC2,S19_LOW_ACON_LIGHTON_LOC2__RUN_20260914_120952__SESSION_002,S19_LOW_ACON_LIGHTON_LOC2__RUN_20260914_120952__SESSION_002__SEG_01,2026-09-14T04:13:15.653000Z,2026-09-14T04:13:44.596000Z,1,1,1,LOW,1,0.0,0.1,0.1,0.0,0.0,3.0,0.0,2000.0,2000.0,0.0,25.760666666666665,-0.00999999999999801,71.81633333333333,-0.030000000000001137,1007.9900000000004,0.0,210.69333333333336,0.0,0.2719477073916191
S19_LOW_ACON_LIGHTON_LOC2__RUN_20260914_120952__SESSION_002__SEG_01__W_00140,S19_LOW_ACON_LIGHTON_LOC2,S19_LOW_ACON_LIGHTON_LOC2__RUN_20260914_120952__SESSION_002,S19_LOW_ACON_LIGHTON_LOC2__RUN_20260914_120952__SESSION_002__SEG_01,2026-09-14T04:13:20.494000Z,2026-09-14T04:13:49.617000Z,1,1,1,LOW,1,0.0,0.16666666666666666,0.16666666666666666,0.0,0.0,4.0,0.0,2000.0,2000.0,0.0,25.759999999999998,0.0,71.81233333333334,-0.030000000000001137,1007.989666666667,-0.009999999999990905,210.61333333333334,0.0,0.3383620677453254
S19_LOW_ACON_LIGHTON_LOC2__RUN_20260914_120952__SESSION_002__SEG_01__W_00145,S19_LOW_ACON_LIGHTON_LOC2,S19_LOW_ACON_LIGHTON_LOC2__RUN_20260914_120952__SESSION_002,S19_LOW_ACON_LIGHTON_LOC2__RUN_20260914_120952__SESSION_002__SEG_01,2026-09-14T04:13:25.515000Z,2026-09-14T04:13:54.815000Z,1,1,1,LOW,1,0.0,0.2,0.2,0.0,0.0,5.0,0.0,2000.0,2000.0,0.0,25.759,-0.010000000000001563,71.81233333333333,0.10000000000000853,1007.9879999999999,-0.009999999999990905,210.5066666666667,-0.8000000000000114,0.3855155278613644
S19_LOW_ACON_LIGHTON_LOC2__RUN_20260914_120952__SESSION_002__SEG_01__W_00150,S19_LOW_ACON_LIGHTON_LOC2,S19_LOW_ACON_LIGHTON_LOC2__RUN_20260914_120952__SESSION_002,S19_LOW_ACON_LIGHTON_LOC2__RUN_20260914_120952__SESSION_002__SEG_01,2026-09-14T04:13:30.720000Z,2026-09-14T04:13:59.836000Z,1,1,1,LOW,1,0.0,0.16666666666666666,0.16666666666666666,0.0,0.0,4.0,0.0,2000.0,2000.0,0.0,25.757333333333335,-0.010000000000001563,71.82833333333335,0.10000000000000853,1007.986,-0.01999999999998181,210.37333333333336,-0.8000000000000114,0.39911012125589274
S19_LOW_ACON_LIGHTON_LOC2__RUN_20260914_120952__SESSION_002__SEG_01__W_00155,S19_LOW_ACON_LIGHTON_LOC2,S19_LOW_ACON_LIGHTON_LOC2__RUN_20260914_120952__SESSION_002,S19_LOW_ACON_LIGHTON_LOC2__RUN_20260914_120952__SESSION_002__SEG_01,2026-09-14T04:13:35.739000Z,2026-09-14T04:14:04.851000Z,1,1,1,LOW,1,0.0,0.16666666666666666,0.16666666666666666,0.0,0.0,4.0,0.0,2000.0,2000.0,0.0,25.75566666666667,-0.010000000000001563,71.84133333333334,0.03999999999999204,1007.9833333333335,-0.009999999999990905,210.26666666666668,-0.8000000000000114,0.37712361663283067
S19_LOW_ACON_LIGHTON_LOC2__RUN_20260914_120952__SESSION_002__SEG_01__W_00160,S19_LOW_ACON_LIGHTON_LOC2,S19_LOW_ACON_LIGHTON_LOC2__RUN_20260914_120952__SESSION_002,S19_LOW_ACON_LIGHTON_LOC2__RUN_20260914_120952__SESSION_002__SEG_01,2026-09-14T04:13:40.580000Z,2026-09-14T04:14:09.691000Z,1,1,1,LOW,1,0.0,0.2,0.2,0.0,0.0,5.0,0.0,2000.0,2000.0,0.0,25.754000000000005,-0.010000000000001563,71.85366666666667,0.0,1007.9806666666667,-0.01999999999998181,210.23999999999998,0.0,0.36660605559647236
S19_LOW_ACON_LIGHTON_LOC2__RUN_20260914_120952__SESSION_002__SEG_01__W_00165,S19_LOW_ACON_LIGHTON_LOC2,S19_LOW_ACON_LIGHTON_LOC2__RUN_20260914_120952__SESSION_002,S19_LOW_ACON_LIGHTON_LOC2__RUN_20260914_120952__SESSION_002__SEG_01,2026-09-14T04:13:45.781000Z,2026-09-14T04:14:14.707000Z,1,1,1,LOW,1,0.0,0.23333333333333334,0.23333333333333334,0.0,0.0,3.0,0.0,2000.0,2000.0,0.0,25.752333333333333,-0.010000000000001563,71.867,0.009999999999990905,1007.9783333333334,-0.009999999999990905,210.18666666666667,0.8000000000000114,0.3383620677453254
S19_LOW_ACON_LIGHTON_LOC2__RUN_20260914_120952__SESSION_002__SEG_01__W_00170,S19_LOW_ACON_LIGHTON_LOC2,S19_LOW_ACON_LIGHTON_LOC2__RUN_20260914_120952__SESSION_002,S19_LOW_ACON_LIGHTON_LOC2__RUN_20260914_120952__SESSION_002__SEG_01,2026-09-14T04:13:50.802000Z,2026-09-14T04:14:19.729000Z,1,1,1,LOW,1,0.0,0.26666666666666666,0.26666666666666666,0.0,0.0,5.0,0.0,2000.0,2000.0,0.0,25.749000000000002,-0.020000000000003126,71.88933333333334,0.1799999999999926,1007.9766666666667,0.0,210.13333333333333,0.0,0.2981423969999762
S19_LOW_ACON_LIGHTON_LOC2__RUN_20260914_120952__SESSION_002__SEG_01__W_00175,S19_LOW_ACON_LIGHTON_LOC2,S19_LOW_ACON_LIGHTON_LOC2__RUN_20260914_120952__SESSION_002,S19_LOW_ACON_LIGHTON_LOC2__RUN_20260914_120952__SESSION_002__SEG_01,2026-09-14T04:13:55.638000Z,2026-09-14T04:14:24.934000Z,1,1,1,LOW,1,0.0,0.26666666666666666,0.26666666666666666,0.0,0.0,4.0,0.0,2000.0,2000.0,0.0,25.74666666666667,-0.010000000000001563,71.90733333333333,0.01999999999999602,1007.9766666666666,0.0,210.10666666666665,0.0,0.27194770739161916
S19_LOW_ACON_LIGHTON_LOC2__RUN_20260914_120952__SESSION_002__SEG_01__W_00180,S19_LOW_ACON_LIGHTON_LOC2,S19_LOW_ACON_LIGHTON_LOC2__RUN_20260914_120952__SESSION_002,S19_LOW_ACON_LIGHTON_LOC2__RUN_20260914_120952__SESSION_002__SEG_01,2026-09-14T04:14:00.659000Z,2026-09-14T04:14:29.775000Z,1,1,1,LOW,1,0.0,0.26666666666666666,0.26666666666666666,0.0,0.0,4.0,0.0,2000.0,2000.0,0.0,25.74433333333333,-0.019999999999999574,71.91133333333333,0.04999999999999716,1007.9766666666667,0.009999999999990905,210.13333333333333,0.8000000000000114,0.2981423969999762
S19_LOW_ACON_LIGHTON_LOC2__RUN_20260914_120952__SESSION_002__SEG_01__W_00185,S19_LOW_ACON_LIGHTON_LOC2,S19_LOW_ACON_LIGHTON_LOC2__RUN_20260914_120952__SESSION_002,S19_LOW_ACON_LIGHTON_LOC2__RUN_20260914_120952__SESSION_002__SEG_01,2026-09-14T04:14:05.856000Z,2026-09-14T04:14:34.974000Z,1,1,1,LOW,1,0.0,0.26666666666666666,0.26666666666666666,0.0,0.0,4.0,0.0,2000.0,2000.0,0.0,25.741,-0.019999999999999574,71.908,-0.060000000000002274,1007.9776666666668,0.0,210.16,0.0,0.32000000000000456
S19_LOW_ACON_LIGHTON_LOC2__RUN_20260914_120952__SESSION_002__SEG_01__W_00190,S19_LOW_ACON_LIGHTON_LOC2,S19_LOW_ACON_LIGHTON_LOC2__RUN_20260914_120952__SESSION_002,S19_LOW_ACON_LIGHTON_LOC2__RUN_20260914_120952__SESSION_002__SEG_01,2026-09-14T04:14:10.877000Z,2026-09-14T04:14:39.813000Z,1,1,1,LOW,1,0.0,0.23333333333333334,0.23333333333333334,0.0,0.0,3.0,0.0,2000.0,2000.0,0.0,25.73766666666667,-0.019999999999999574,71.89366666666666,-0.06999999999999318,1007.9773333333336,0.0,210.10666666666665,0.0,0.27194770739161916
S19_LOW_ACON_LIGHTON_LOC2__RUN_20260914_120952__SESSION_002__SEG_01__W_00195,S19_LOW_ACON_LIGHTON_LOC2,S19_LOW_ACON_LIGHTON_LOC2__RUN_20260914_120952__SESSION_002,S19_LOW_ACON_LIGHTON_LOC2__RUN_20260914_120952__SESSION_002__SEG_01,2026-09-14T04:14:15.893000Z,2026-09-14T04:14:44.830000Z,1,1,1,LOW,1,0.0,0.16666666666666666,0.16666666666666666,0.0,0.0,2.0,0.0,2000.0,2000.0,0.0,25.734333333333336,-0.00999999999999801,71.88266666666667,-0.06999999999999318,1007.9763333333336,-0.009999999999990905,210.07999999999998,0.0,0.24000000000000343
S19_LOW_ACON_LIGHTON_LOC2__RUN_20260914_120952__SESSION_002__SEG_01__W_00200,S19_LOW_ACON_LIGHTON_LOC2,S19_LOW_ACON_LIGHTON_LOC2__RUN_20260914_120952__SESSION_002,S19_LOW_ACON_LIGHTON_LOC2__RUN_20260914_120952__SESSION_002__SEG_01,2026-09-14T04:14:20.914000Z,2026-09-14T04:14:50.035000Z,1,1,1,LOW,1,0.0,0.06666666666666667,0.06666666666666667,0.0,0.0,1.0,0.0,2000.0,2000.0,0.0,25.731666666666673,-0.019999999999999574,71.87666666666668,-0.06999999999999318,1007.9746666666668,-0.009999999999990905,210.07999999999998,0.0,0.2400000000000034
S19_LOW_ACON_LIGHTON_LOC2__RUN_20260914_120952__SESSION_002__SEG_01__W_00205,S19_LOW_ACON_LIGHTON_LOC2,S19_LOW_ACON_LIGHTON_LOC2__RUN_20260914_120952__SESSION_002,S19_LOW_ACON_LIGHTON_LOC2__RUN_20260914_120952__SESSION_002__SEG_01,2026-09-14T04:14:25.939000Z,2026-09-14T04:14:54.874000Z,1,1,1,LOW,1,0.0,0.13333333333333333,0.13333333333333333,0.0,0.0,2.0,0.0,2000.0,2000.0,0.0,25.728000000000005,-0.029999999999997584,71.88333333333334,0.05999999999998806,1007.9730000000003,-0.009999999999990905,210.07999999999998,0.0,0.2400000000000034
S19_LOW_ACON_LIGHTON_LOC2__RUN_20260914_120952__SESSION_002__SEG_01__W_00210,S19_LOW_ACON_LIGHTON_LOC2,S19_LOW_ACON_LIGHTON_LOC2__RUN_20260914_120952__SESSION_002,S19_LOW_ACON_LIGHTON_LOC2__RUN_20260914_120952__SESSION_002__SEG_01,2026-09-14T04:14:30.960000Z,2026-09-14T04:14:59.893000Z,1,1,1,LOW,1,0.0,0.16666666666666666,0.16666666666666666,0.0,0.0,2.0,0.0,2000.0,2000.0,0.0,25.723666666666677,-0.019999999999999574,71.8823333333333,0.0899999999999892,1007.9716666666669,-0.009999999999990905,210.05333333333334,0.0,0.19955506062794637
S19_LOW_ACON_LIGHTON_LOC2__RUN_20260914_120952__SESSION_002__SEG_01__W_00215,S19_LOW_ACON_LIGHTON_LOC2,S19_LOW_ACON_LIGHTON_LOC2__RUN_20260914_120952__SESSION_002,S19_LOW_ACON_LIGHTON_LOC2__RUN_20260914_120952__SESSION_002__SEG_01,2026-09-14T04:14:35.979000Z,2026-09-14T04:15:04.912000Z,1,1,1,LOW,1,0.0,0.13333333333333333,0.13333333333333333,0.0,0.0,1.0,0.0,2000.0,2000.0,0.0,25.72033333333334,-0.019999999999999574,71.89366666666666,0.060000000000002274,1007.9693333333333,-0.01999999999998181,210.0,0.0,0.0
S19_LOW_ACON_LIGHTON_LOC2__RUN_20260914_120952__SESSION_002__SEG_01__W_00220,S19_LOW_ACON_LIGHTON_LOC2,S19_LOW_ACON_LIGHTON_LOC2__RUN_20260914_120952__SESSION_002,S19_LOW_ACON_LIGHTON_LOC2__RUN_20260914_120952__SESSION_002__SEG_01,2026-09-14T04:14:40.816000Z,2026-09-14T04:15:10.113000Z,1,1,1,LOW,1,0.0,0.2,0.2,0.0,0.0,2.0,0.0,2000.0,2000.0,0.0,25.717000000000006,-0.019999999999999574,71.90400000000001,0.01999999999999602,1007.9676666666666,-0.009999999999990905,210.0,0.0,0.0
S19_LOW_ACON_LIGHTON_LOC2__RUN_20260914_120952__SESSION_002__SEG_01__W_00225,S19_LOW_ACON_LIGHTON_LOC2,S19_LOW_ACON_LIGHTON_LOC2__RUN_20260914_120952__SESSION_002,S19_LOW_ACON_LIGHTON_LOC2__RUN_20260914_120952__SESSION_002__SEG_01,2026-09-14T04:14:46.015000Z,2026-09-14T04:15:14.950000Z,1,1,1,LOW,1,0.0,0.2,0.2,0.0,0.0,2.0,0.0,2000.0,2000.0,0.0,25.713666666666676,-0.019999999999999574,71.90866666666665,-0.020000000000010232,1007.9656666666666,-0.01999999999998181,210.0,0.0,0.0
S19_LOW_ACON_LIGHTON_LOC2__RUN_20260914_120952__SESSION_002__SEG_01__W_00230,S19_LOW_ACON_LIGHTON_LOC2,S19_LOW_ACON_LIGHTON_LOC2__RUN_20260914_120952__SESSION_002,S19_LOW_ACON_LIGHTON_LOC2__RUN_20260914_120952__SESSION_002__SEG_01,2026-09-14T04:14:50.858000Z,2026-09-14T04:15:19.969000Z,1,1,1,LOW,1,0.0,0.23333333333333334,0.23333333333333334,0.0,0.0,3.0,0.0,2000.0,2000.0,0.0,25.713000000000005,0.0,71.90133333333331,-0.14000000000000057,1007.9636666666667,-0.01999999999998181,210.0,0.0,0.0
S19_LOW_ACON_LIGHTON_LOC2__RUN_20260914_120952__SESSION_002__SEG_01__W_00235,S19_LOW_ACON_LIGHTON_LOC2,S19_LOW_ACON_LIGHTON_LOC2__RUN_20260914_120952__SESSION_002,S19_LOW_ACON_LIGHTON_LOC2__RUN_20260914_120952__SESSION_002__SEG_01,2026-09-14T04:14:56.059000Z,2026-09-14T04:15:25.172000Z,1,1,1,LOW,1,0.0,0.2,0.2,0.0,0.0,3.0,0.0,2000.0,2000.0,0.0,25.71166666666667,0.0,71.89333333333333,-0.030000000000001137,1007.9603333333336,-0.01999999999998181,210.0,0.0,0.0
S19_LOW_ACON_LIGHTON_LOC2__RUN_20260914_120952__SESSION_002__SEG_01__W_00240,S19_LOW_ACON_LIGHTON_LOC2,S19_LOW_ACON_LIGHTON_LOC2__RUN_20260914_120952__SESSION_002,S19_LOW_ACON_LIGHTON_LOC2__RUN_20260914_120952__SESSION_002__SEG_01,2026-09-14T04:15:00.896000Z,2026-09-14T04:15:30.193000Z,1,1,1,LOW,1,0.0,0.2,0.2,0.0,0.0,4.0,0.0,2000.0,2000.0,0.0,25.711000000000006,-0.010000000000001563,71.898,-0.01999999999999602,1007.9570000000002,-0.01999999999998181,210.0,0.0,0.0
S19_LOW_ACON_LIGHTON_LOC2__RUN_20260914_120952__SESSION_002__SEG_01__W_00245,S19_LOW_ACON_LIGHTON_LOC2,S19_LOW_ACON_LIGHTON_LOC2__RUN_20260914_120952__SESSION_002,S19_LOW_ACON_LIGHTON_LOC2__RUN_20260914_120952__SESSION_002__SEG_01,2026-09-14T04:15:06.097000Z,2026-09-14T04:15:35.214000Z,1,1,1,LOW,1,0.03333333333333333,0.23333333333333334,0.26666666666666666,0.0,1.0,5.0,0.0,2000.0,2000.0,0.0,25.70933333333334,-0.010000000000001563,71.905,0.05999999999998806,1007.9543333333335,-0.01999999999998181,210.0,0.0,0.0
S19_LOW_ACON_LIGHTON_LOC2__RUN_20260914_120952__SESSION_002__SEG_01__W_00250,S19_LOW_ACON_LIGHTON_LOC2,S19_LOW_ACON_LIGHTON_LOC2__RUN_20260914_120952__SESSION_002,S19_LOW_ACON_LIGHTON_LOC2__RUN_20260914_120952__SESSION_002__SEG_01,2026-09-14T04:15:11.118000Z,2026-09-14T04:15:40.055000Z,1,1,1,LOW,1,0.03333333333333333,0.2,0.23333333333333334,0.0,1.0,5.0,0.0,2000.0,2000.0,0.0,25.707666666666675,-0.010000000000001563,71.92299999999999,0.05000000000001137,1007.9523333333335,-0.009999999999990905,210.0,0.0,0.0
S19_LOW_ACON_LIGHTON_LOC2__RUN_20260914_120952__SESSION_002__SEG_01__W_00255,S19_LOW_ACON_LIGHTON_LOC2,S19_LOW_ACON_LIGHTON_LOC2__RUN_20260914_120952__SESSION_002,S19_LOW_ACON_LIGHTON_LOC2__RUN_20260914_120952__SESSION_002__SEG_01,2026-09-14T04:15:15.953000Z,2026-09-14T04:15:45.256000Z,1,1,1,LOW,1,0.06666666666666667,0.2,0.26666666666666666,0.0,2.0,5.0,0.0,2000.0,2000.0,0.0,25.70600000000001,-0.019999999999999574,71.94966666666667,0.23999999999999488,1007.9510000000002,-0.009999999999990905,210.0,0.0,0.0
S19_LOW_ACON_LIGHTON_LOC2__RUN_20260914_120952__SESSION_002__SEG_01__W_00260,S19_LOW_ACON_LIGHTON_LOC2,S19_LOW_ACON_LIGHTON_LOC2__RUN_20260914_120952__SESSION_002,S19_LOW_ACON_LIGHTON_LOC2__RUN_20260914_120952__SESSION_002__SEG_01,2026-09-14T04:15:21.154000Z,2026-09-14T04:15:50.095000Z,1,1,1,LOW,1,0.13333333333333333,0.2,0.3333333333333333,0.0,3.0,5.0,0.0,2000.0,2000.0,0.0,25.702666666666676,-0.010000000000001563,71.97066666666666,0.1599999999999966,1007.9496666666669,-0.009999999999990905,210.13333333333335,0.8000000000000114,0.2981423969999762
S19_LOW_ACON_LIGHTON_LOC2__RUN_20260914_120952__SESSION_002__SEG_01__W_00265,S19_LOW_ACON_LIGHTON_LOC2,S19_LOW_ACON_LIGHTON_LOC2__RUN_20260914_120952__SESSION_002,S19_LOW_ACON_LIGHTON_LOC2__RUN_20260914_120952__SESSION_002__SEG_01,2026-09-14T04:15:26.177000Z,2026-09-14T04:15:55.114000Z,1,1,1,LOW,1,0.16666666666666666,0.13333333333333333,0.3,0.0,4.0,4.0,0.0,2000.0,2000.0,0.0,25.701000000000008,-0.010000000000001563,71.98333333333333,0.030000000000001137,1007.947,-0.009999999999990905,210.2666666666667,0.8000000000000114,0.37712361663283067
S19_LOW_ACON_LIGHTON_LOC2__RUN_20260914_120952__SESSION_002__SEG_01__W_00270,S19_LOW_ACON_LIGHTON_LOC2,S19_LOW_ACON_LIGHTON_LOC2__RUN_20260914_120952__SESSION_002,S19_LOW_ACON_LIGHTON_LOC2__RUN_20260914_120952__SESSION_002__SEG_01,2026-09-14T04:15:31.016000Z,2026-09-14T04:16:00.133000Z,1,1,1,LOW,1,0.16666666666666666,0.1,0.26666666666666666,0.0,4.0,3.0,0.0,2000.0,2000.0,0.0,25.700000000000006,0.0,71.98466666666667,0.009999999999990905,1007.9426666666665,-0.030000000000086402,210.43,0.8000000000000114,0.4583666654546368
S20_EMPTY_ACON_LIGHTON_LOC2__RUN_20260914_120952__SESSION_003__SEG_01__W_00000,S20_EMPTY_ACON_LIGHTON_LOC2,S20_EMPTY_ACON_LIGHTON_LOC2__RUN_20260914_120952__SESSION_003,S20_EMPTY_ACON_LIGHTON_LOC2__RUN_20260914_120952__SESSION_003__SEG_01,2026-09-14T04:27:10.114000Z,2026-09-14T04:27:39.122000Z,0,1,1,EMPTY,0,0.0,0.0,0.0,0.0,0.0,0.0,0.0,2000.0,2000.0,0.0,25.834000000000007,-0.010000000000001563,71.89266666666666,-0.28000000000000114,1007.7379999999999,-0.009999999999990905,198.08666666666667,-0.8000000000000114,0.3537733109712477
S20_EMPTY_ACON_LIGHTON_LOC2__RUN_20260914_120952__SESSION_003__SEG_01__W_00005,S20_EMPTY_ACON_LIGHTON_LOC2,S20_EMPTY_ACON_LIGHTON_LOC2__RUN_20260914_120952__SESSION_003,S20_EMPTY_ACON_LIGHTON_LOC2__RUN_20260914_120952__SESSION_003__SEG_01,2026-09-14T04:27:15.114000Z,2026-09-14T04:27:44.122000Z,0,1,1,EMPTY,0,0.0,0.0,0.0,0.0,0.0,0.0,0.0,2000.0,2000.0,0.0,25.83233333333334,-0.010000000000001563,71.86,-0.14000000000000057,1007.7363333333332,-0.009999999999990905,197.98000000000002,-0.8000000000000114,0.39191835884531406
S20_EMPTY_ACON_LIGHTON_LOC2__RUN_20260914_120952__SESSION_003__SEG_01__W_00010,S20_EMPTY_ACON_LIGHTON_LOC2,S20_EMPTY_ACON_LIGHTON_LOC2__RUN_20260914_120952__SESSION_003,S20_EMPTY_ACON_LIGHTON_LOC2__RUN_20260914_120952__SESSION_003__SEG_01,2026-09-14T04:27:20.118000Z,2026-09-14T04:27:49.122000Z,0,1,1,EMPTY,0,0.0,0.0,0.0,0.0,0.0,0.0,0.0,2000.0,2000.0,0.0,25.82900000000001,-0.019999999999999574,71.83,-0.1599999999999966,1007.7346666666666,-0.009999999999990905,197.95333333333338,0.0,0.39642849992849905
S20_EMPTY_ACON_LIGHTON_LOC2__RUN_20260914_120952__SESSION_003__SEG_01__W_00015,S20_EMPTY_ACON_LIGHTON_LOC2,S20_EMPTY_ACON_LIGHTON_LOC2__RUN_20260914_120952__SESSION_003,S20_EMPTY_ACON_LIGHTON_LOC2__RUN_20260914_120952__SESSION_003__SEG_01,2026-09-14T04:27:25.122000Z,2026-09-14T04:27:54.122000Z,0,1,1,EMPTY,0,0.0,0.0,0.0,0.0,0.0,0.0,0.0,2000.0,2000.0,0.0,25.82700000000001,-0.00999999999999801,71.81966666666668,-0.05999999999998806,1007.733,-0.009999999999990905,197.82000000000002,-0.8000000000000114,0.39191835884531406
S20_EMPTY_ACON_LIGHTON_LOC2__RUN_20260914_120952__SESSION_003__SEG_01__W_00020,S20_EMPTY_ACON_LIGHTON_LOC2,S20_EMPTY_ACON_LIGHTON_LOC2__RUN_20260914_120952__SESSION_003,S20_EMPTY_ACON_LIGHTON_LOC2__RUN_20260914_120952__SESSION_003__SEG_01,2026-09-14T04:27:30.122000Z,2026-09-14T04:27:59.122000Z,0,1,1,EMPTY,0,0.0,0.0,0.0,0.0,0.0,0.0,0.0,2000.0,2000.0,0.0,25.825000000000006,-0.00999999999999801,71.81500000000001,-0.010000000000005116,1007.7313333333332,-0.009999999999990905,197.7133333333333,0.0,0.35377331097124765
S20_EMPTY_ACON_LIGHTON_LOC2__RUN_20260914_120952__SESSION_003__SEG_01__W_00025,S20_EMPTY_ACON_LIGHTON_LOC2,S20_EMPTY_ACON_LIGHTON_LOC2__RUN_20260914_120952__SESSION_003,S20_EMPTY_ACON_LIGHTON_LOC2__RUN_20260914_120952__SESSION_003__SEG_01,2026-09-14T04:27:35.122000Z,2026-09-14T04:28:04.122000Z,0,1,1,EMPTY,0,0.0,0.0,0.0,0.0,0.0,0.0,0.0,2000.0,2000.0,0.0,25.82333333333334,-0.00999999999999801,71.818,0.060000000000002274,1007.7286666666668,-0.009999999999990905,197.68666666666664,-0.8000000000000114,0.3383620677453254
S20_EMPTY_ACON_LIGHTON_LOC2__RUN_20260914_120952__SESSION_003__SEG_01__W_00030,S20_EMPTY_ACON_LIGHTON_LOC2,S20_EMPTY_ACON_LIGHTON_LOC2__RUN_20260914_120952__SESSION_003,S20_EMPTY_ACON_LIGHTON_LOC2__RUN_20260914_120952__SESSION_003__SEG_01,2026-09-14T04:27:40.122000Z,2026-09-14T04:28:09.122000Z,0,1,1,EMPTY,0,0.0,0.0,0.0,0.0,0.0,0.0,0.0,2000.0,2000.0,0.0,25.82133333333334,-0.019999999999999574,71.81533333333333,0.030000000000001137,1007.7270000000003,-0.009999999999990905,197.65999999999997,0.0,0.3200000000000045
S20_EMPTY_ACON_LIGHTON_LOC2__RUN_20260914_120952__SESSION_003__SEG_01__W_00035,S20_EMPTY_ACON_LIGHTON_LOC2,S20_EMPTY_ACON_LIGHTON_LOC2__RUN_20260914_120952__SESSION_003,S20_EMPTY_ACON_LIGHTON_LOC2__RUN_20260914_120952__SESSION_003__SEG_01,2026-09-14T04:27:45.122000Z,2026-09-14T04:28:14.122000Z,0,1,1,EMPTY,0,0.0,0.0,0.0,0.0,0.0,0.0,0.0,2000.0,2000.0,0.0,25.81799999999999,-0.010000000000001563,71.81533333333333,0.01999999999999602,1007.7253333333337,-0.009999999999990905,197.63333333333333,-0.8000000000000114,0.2981423969999762
S20_EMPTY_ACON_LIGHTON_LOC2__RUN_20260914_120952__SESSION_003__SEG_01__W_00040,S20_EMPTY_ACON_LIGHTON_LOC2,S20_EMPTY_ACON_LIGHTON_LOC2__RUN_20260914_120952__SESSION_003,S20_EMPTY_ACON_LIGHTON_LOC2__RUN_20260914_120952__SESSION_003__SEG_01,2026-09-14T04:27:50.122000Z,2026-09-14T04:28:19.122000Z,0,1,1,EMPTY,0,0.0,0.0,0.0,0.0,0.0,0.0,0.0,2000.0,2000.0,0.0,25.816333333333326,-0.010000000000001563,71.82033333333332,0.0,1007.7236666666669,-0.009999999999990905,197.52666666666667,0.0,0.14360439485692214
S20_EMPTY_ACON_LIGHTON_LOC2__RUN_20260914_120952__SESSION_003__SEG_01__W_00045,S20_EMPTY_ACON_LIGHTON_LOC2,S20_EMPTY_ACON_LIGHTON_LOC2__RUN_20260914_120952__SESSION_003,S20_EMPTY_ACON_LIGHTON_LOC2__RUN_20260914_120952__SESSION_003__SEG_01,2026-09-14T04:27:55.122000Z,2026-09-14T04:28:24.122000Z,0,1,1,EMPTY,0,0.0,0.0,0.0,0.0,0.0,0.0,0.0,2000.0,2000.0,0.0,25.813333333333322,-0.019999999999999574,71.81700000000001,0.0,1007.7220000000002,-0.009999999999990905,197.52666666666667,0.0,0.14360439485692214
S20_EMPTY_ACON_LIGHTON_LOC2__RUN_20260914_120952__SESSION_003__SEG_01__W_00050,S20_EMPTY_ACON_LIGHTON_LOC2,S20_EMPTY_ACON_LIGHTON_LOC2__RUN_20260914_120952__SESSION_003,S20_EMPTY_ACON_LIGHTON_LOC2__RUN_20260914_120952__SESSION_003__SEG_01,2026-09-14T04:28:00.122000Z,2026-09-14T04:28:29.126000Z,0,1,1,EMPTY,0,0.0,0.0,0.0,0.0,0.0,0.0,0.0,2000.0,2000.0,0.0,25.80999999999999,-0.019999999999999574,71.82199999999999,0.09000000000000341,1007.7203333333335,-0.009999999999990905,197.52666666666667,0.0,0.14360439485692214
S20_EMPTY_ACON_LIGHTON_LOC2__RUN_20260914_120952__SESSION_003__SEG_01__W_00055,S20_EMPTY_ACON_LIGHTON_LOC2,S20_EMPTY_ACON_LIGHTON_LOC2__RUN_20260914_120952__SESSION_003,S20_EMPTY_ACON_LIGHTON_LOC2__RUN_20260914_120952__SESSION_003__SEG_01,2026-09-14T04:28:05.122000Z,2026-09-14T04:28:34.126000Z,0,1,1,EMPTY,0,0.0,0.0,0.0,0.0,0.0,0.0,0.0,2000.0,2000.0,0.0,25.806666666666658,-0.019999999999999574,71.81933333333333,-0.12000000000000455,1007.7196666666667,0.0,197.5,0.0,0.0
S20_EMPTY_ACON_LIGHTON_LOC2__RUN_20260914_120952__SESSION_003__SEG_01__W_00060,S20_EMPTY_ACON_LIGHTON_LOC2,S20_EMPTY_ACON_LIGHTON_LOC2__RUN_20260914_120952__SESSION_003,S20_EMPTY_ACON_LIGHTON_LOC2__RUN_20260914_120952__SESSION_003__SEG_01,2026-09-14T04:28:10.122000Z,2026-09-14T04:28:39.126000Z,0,1,1,EMPTY,0,0.0,0.0,0.0,0.0,0.0,0.0,0.0,2000.0,2000.0,0.0,25.803666666666654,-0.00999999999999801,71.81633333333333,0.01999999999999602,1007.7179999999997,-0.009999999999990905,197.5,0.0,0.0
S20_EMPTY_ACON_LIGHTON_LOC2__RUN_20260914_120952__SESSION_003__SEG_01__W_00065,S20_EMPTY_ACON_LIGHTON_LOC2,S20_EMPTY_ACON_LIGHTON_LOC2__RUN_20260914_120952__SESSION_003,S20_EMPTY_ACON_LIGHTON_LOC2__RUN_20260914_120952__SESSION_003__SEG_01,2026-09-14T04:28:15.122000Z,2026-09-14T04:28:44.126000Z,0,1,1,EMPTY,0,0.0,0.0,0.0,0.0,0.0,0.0,0.0,2000.0,2000.0,0.0,25.80199999999999,-0.00999999999999801,71.81466666666667,-0.030000000000001137,1007.7176666666668,0.0,197.5,0.0,0.0
S20_EMPTY_ACON_LIGHTON_LOC2__RUN_20260914_120952__SESSION_003__SEG_01__W_00070,S20_EMPTY_ACON_LIGHTON_LOC2,S20_EMPTY_ACON_LIGHTON_LOC2__RUN_20260914_120952__SESSION_003,S20_EMPTY_ACON_LIGHTON_LOC2__RUN_20260914_120952__SESSION_003__SEG_01,2026-09-14T04:28:20.122000Z,2026-09-14T04:28:49.126000Z,0,1,1,EMPTY,0,0.0,0.0,0.0,0.0,0.0,0.0,0.0,2000.0,2000.0,0.0,25.800333333333324,-0.00999999999999801,71.801,-0.06999999999999318,1007.7163333333333,-0.009999999999990905,197.5,0.0,0.0
S20_EMPTY_ACON_LIGHTON_LOC2__RUN_20260914_120952__SESSION_003__SEG_01__W_00075,S20_EMPTY_ACON_LIGHTON_LOC2,S20_EMPTY_ACON_LIGHTON_LOC2__RUN_20260914_120952__SESSION_003,S20_EMPTY_ACON_LIGHTON_LOC2__RUN_20260914_120952__SESSION_003__SEG_01,2026-09-14T04:28:25.122000Z,2026-09-14T04:28:54.130000Z,0,1,1,EMPTY,0,0.0,0.0,0.0,0.0,0.0,0.0,0.0,2000.0,2000.0,0.0,25.799999999999994,0.0,71.79466666666667,-0.0799999999999983,1007.7149999999999,-0.009999999999990905,197.5,0.0,0.0
S20_EMPTY_ACON_LIGHTON_LOC2__RUN_20260914_120952__SESSION_003__SEG_01__W_00080,S20_EMPTY_ACON_LIGHTON_LOC2,S20_EMPTY_ACON_LIGHTON_LOC2__RUN_20260914_120952__SESSION_003,S20_EMPTY_ACON_LIGHTON_LOC2__RUN_20260914_120952__SESSION_003__SEG_01,2026-09-14T04:28:30.126000Z,2026-09-14T04:28:59.130000Z,0,1,1,EMPTY,0,0.0,0.0,0.0,0.0,0.0,0.0,0.0,2000.0,2000.0,0.0,25.799999999999994,0.0,71.78599999999999,-0.04000000000000625,1007.7133333333331,0.0,197.5,0.0,0.0
S20_EMPTY_ACON_LIGHTON_LOC2__RUN_20260914_120952__SESSION_003__SEG_01__W_00085,S20_EMPTY_ACON_LIGHTON_LOC2,S20_EMPTY_ACON_LIGHTON_LOC2__RUN_20260914_120952__SESSION_003,S20_EMPTY_ACON_LIGHTON_LOC2__RUN_20260914_120952__SESSION_003__SEG_01,2026-09-14T04:28:35.126000Z,2026-09-14T04:29:04.134000Z,0,1,1,EMPTY,0,0.0,0.0,0.0,0.0,0.0,0.0,0.0,2000.0,2000.0,0.0,25.799999999999994,0.0,71.77466666666666,-0.060000000000002274,1007.7133333333335,0.009999999999990905,197.5,0.0,0.0
S20_EMPTY_ACON_LIGHTON_LOC2__RUN_20260914_120952__SESSION_003__SEG_01__W_00090,S20_EMPTY_ACON_LIGHTON_LOC2,S20_EMPTY_ACON_LIGHTON_LOC2__RUN_20260914_120952__SESSION_003,S20_EMPTY_ACON_LIGHTON_LOC2__RUN_20260914_120952__SESSION_003__SEG_01,2026-09-14T04:28:40.126000Z,2026-09-14T04:29:09.134000Z,0,1,1,EMPTY,0,0.0,0.0,0.0,0.0,0.0,0.0,0.0,2000.0,2000.0,0.0,25.799999999999994,0.0,71.765,-0.060000000000002274,1007.7150000000004,0.0,197.5,0.0,0.0
S20_EMPTY_ACON_LIGHTON_LOC2__RUN_20260914_120952__SESSION_003__SEG_01__W_00095,S20_EMPTY_ACON_LIGHTON_LOC2,S20_EMPTY_ACON_LIGHTON_LOC2__RUN_20260914_120952__SESSION_003,S20_EMPTY_ACON_LIGHTON_LOC2__RUN_20260914_120952__SESSION_003__SEG_01,2026-09-14T04:28:45.126000Z,2026-09-14T04:29:14.134000Z,0,1,1,EMPTY,0,0.0,0.0,0.0,0.0,0.0,0.0,0.0,2000.0,2000.0,0.0,25.799999999999994,0.0,71.765,0.10999999999999943,1007.7153333333337,0.0,197.5,0.0,0.0
S20_EMPTY_ACON_LIGHTON_LOC2__RUN_20260914_120952__SESSION_003__SEG_01__W_00100,S20_EMPTY_ACON_LIGHTON_LOC2,S20_EMPTY_ACON_LIGHTON_LOC2__RUN_20260914_120952__SESSION_003,S20_EMPTY_ACON_LIGHTON_LOC2__RUN_20260914_120952__SESSION_003__SEG_01,2026-09-14T04:28:49.944000Z,2026-09-14T04:29:19.134000Z,0,1,1,EMPTY,0,0.0,0.0,0.0,0.0,0.0,0.0,0.0,2000.0,2000.0,0.0,25.799999999999994,0.0,71.78566666666666,0.10999999999999943,1007.7166666666669,0.009999999999990905,197.5,0.0,0.0
S20_EMPTY_ACON_LIGHTON_LOC2__RUN_20260914_120952__SESSION_003__SEG_01__W_00105,S20_EMPTY_ACON_LIGHTON_LOC2,S20_EMPTY_ACON_LIGHTON_LOC2__RUN_20260914_120952__SESSION_003,S20_EMPTY_ACON_LIGHTON_LOC2__RUN_20260914_120952__SESSION_003__SEG_01,2026-09-14T04:28:55.130000Z,2026-09-14T04:29:24.134000Z,0,1,1,EMPTY,0,0.0,0.0,0.0,0.0,0.0,0.0,0.0,2000.0,2000.0,0.0,25.799999999999994,0.0,71.79366666666667,0.04999999999999716,1007.7180000000003,0.009999999999990905,197.5,0.0,0.0
S20_EMPTY_ACON_LIGHTON_LOC2__RUN_20260914_120952__SESSION_003__SEG_01__W_00110,S20_EMPTY_ACON_LIGHTON_LOC2,S20_EMPTY_ACON_LIGHTON_LOC2__RUN_20260914_120952__SESSION_003,S20_EMPTY_ACON_LIGHTON_LOC2__RUN_20260914_120952__SESSION_003__SEG_01,2026-09-14T04:29:00.130000Z,2026-09-14T04:29:29.134000Z,0,1,1,EMPTY,0,0.0,0.0,0.0,0.0,0.0,0.0,0.0,2000.0,2000.0,0.0,25.799999999999994,0.0,71.8,0.12000000000000455,1007.7196666666667,0.009999999999990905,197.5,0.0,0.0
S20_EMPTY_ACON_LIGHTON_LOC2__RUN_20260914_120952__SESSION_003__SEG_01__W_00115,S20_EMPTY_ACON_LIGHTON_LOC2,S20_EMPTY_ACON_LIGHTON_LOC2__RUN_20260914_120952__SESSION_003,S20_EMPTY_ACON_LIGHTON_LOC2__RUN_20260914_120952__SESSION_003__SEG_01,2026-09-14T04:29:05.134000Z,2026-09-14T04:29:34.134000Z,0,1,1,EMPTY,0,0.0,0.0,0.0,0.0,0.0,0.0,0.0,2000.0,2000.0,0.0,25.79866666666666,-0.010000000000001563,71.81566666666666,0.04999999999999716,1007.7200000000001,0.0,197.5,0.0,0.0
S20_EMPTY_ACON_LIGHTON_LOC2__RUN_20260914_120952__SESSION_003__SEG_01__W_00120,S20_EMPTY_ACON_LIGHTON_LOC2,S20_EMPTY_ACON_LIGHTON_LOC2__RUN_20260914_120952__SESSION_003,S20_EMPTY_ACON_LIGHTON_LOC2__RUN_20260914_120952__SESSION_003__SEG_01,2026-09-14T04:29:10.134000Z,2026-09-14T04:29:39.134000Z,0,1,1,EMPTY,0,0.0,0.0,0.0,0.0,0.0,0.0,0.0,2000.0,2000.0,0.0,25.796999999999993,-0.010000000000001563,71.83033333333333,0.11999999999999034,1007.7196666666667,0.0,197.5,0.0,0.0
S20_EMPTY_ACON_LIGHTON_LOC2__RUN_20260914_120952__SESSION_003__SEG_01__W_00125,S20_EMPTY_ACON_LIGHTON_LOC2,S20_EMPTY_ACON_LIGHTON_LOC2__RUN_20260914_120952__SESSION_003,S20_EMPTY_ACON_LIGHTON_LOC2__RUN_20260914_120952__SESSION_003__SEG_01,2026-09-14T04:29:15.134000Z,2026-09-14T04:29:44.134000Z,0,1,1,EMPTY,0,0.0,0.0,0.0,0.0,0.0,0.0,0.0,2000.0,2000.0,0.0,25.795333333333325,-0.010000000000001563,71.83,-0.060000000000002274,1007.7193333333333,-0.009999999999990905,197.5,0.0,0.0
S20_EMPTY_ACON_LIGHTON_LOC2__RUN_20260914_120952__SESSION_003__SEG_01__W_00130,S20_EMPTY_ACON_LIGHTON_LOC2,S20_EMPTY_ACON_LIGHTON_LOC2__RUN_20260914_120952__SESSION_003,S20_EMPTY_ACON_LIGHTON_LOC2__RUN_20260914_120952__SESSION_003__SEG_01,2026-09-14T04:29:20.134000Z,2026-09-14T04:29:49.134000Z,0,1,1,EMPTY,0,0.0,0.0,0.0,0.0,0.0,0.0,0.0,2000.0,2000.0,0.0,25.793333333333326,-0.019999999999999574,71.82799999999999,0.0,1007.7179999999997,-0.009999999999990905,197.47333333333333,0.0,0.14360439485692214
S20_EMPTY_ACON_LIGHTON_LOC2__RUN_20260914_120952__SESSION_003__SEG_01__W_00135,S20_EMPTY_ACON_LIGHTON_LOC2,S20_EMPTY_ACON_LIGHTON_LOC2__RUN_20260914_120952__SESSION_003,S20_EMPTY_ACON_LIGHTON_LOC2__RUN_20260914_120952__SESSION_003__SEG_01,2026-09-14T04:29:25.134000Z,2026-09-14T04:29:54.134000Z,0,1,1,EMPTY,0,0.0,0.0,0.0,0.0,0.0,0.0,0.0,2000.0,2000.0,0.0,25.789999999999996,-0.019999999999999574,71.83400000000002,0.03999999999999204,1007.7166666666666,-0.009999999999990905,197.44666666666666,0.0,0.19955506062794637
S20_EMPTY_ACON_LIGHTON_LOC2__RUN_20260914_120952__SESSION_003__SEG_01__W_00140,S20_EMPTY_ACON_LIGHTON_LOC2,S20_EMPTY_ACON_LIGHTON_LOC2__RUN_20260914_120952__SESSION_003,S20_EMPTY_ACON_LIGHTON_LOC2__RUN_20260914_120952__SESSION_003__SEG_01,2026-09-14T04:29:30.134000Z,2026-09-14T04:29:59.134000Z,0,1,1,EMPTY,0,0.0,0.0,0.0,0.0,0.0,0.0,0.0,2000.0,2000.0,0.0,25.786666666666665,-0.019999999999999574,71.83633333333333,-0.030000000000001137,1007.7149999999999,-0.009999999999990905,197.44666666666666,0.0,0.19955506062794637
S20_EMPTY_ACON_LIGHTON_LOC2__RUN_20260914_120952__SESSION_003__SEG_01__W_00145,S20_EMPTY_ACON_LIGHTON_LOC2,S20_EMPTY_ACON_LIGHTON_LOC2__RUN_20260914_120952__SESSION_003,S20_EMPTY_ACON_LIGHTON_LOC2__RUN_20260914_120952__SESSION_003__SEG_01,2026-09-14T04:29:35.134000Z,2026-09-14T04:30:04.134000Z,0,1,1,EMPTY,0,0.0,0.0,0.0,0.0,0.0,0.0,0.0,2000.0,2000.0,0.0,25.78466666666666,-0.00999999999999801,71.82666666666667,-0.09000000000000341,1007.7150000000001,0.0,197.42,0.0,0.2400000000000034
S20_EMPTY_ACON_LIGHTON_LOC2__RUN_20260914_120952__SESSION_003__SEG_01__W_00150,S20_EMPTY_ACON_LIGHTON_LOC2,S20_EMPTY_ACON_LIGHTON_LOC2__RUN_20260914_120952__SESSION_003,S20_EMPTY_ACON_LIGHTON_LOC2__RUN_20260914_120952__SESSION_003__SEG_01,2026-09-14T04:29:40.134000Z,2026-09-14T04:30:09.134000Z,0,1,1,EMPTY,0,0.0,0.0,0.0,0.0,0.0,0.0,0.0,2000.0,2000.0,0.0,25.78266666666666,-0.019999999999999574,71.82366666666665,0.030000000000001137,1007.714,-0.009999999999990905,197.36666666666667,-0.8000000000000114,0.2981423969999762
S20_EMPTY_ACON_LIGHTON_LOC2__RUN_20260914_120952__SESSION_003__SEG_01__W_00155,S20_EMPTY_ACON_LIGHTON_LOC2,S20_EMPTY_ACON_LIGHTON_LOC2__RUN_20260914_120952__SESSION_003,S20_EMPTY_ACON_LIGHTON_LOC2__RUN_20260914_120952__SESSION_003__SEG_01,2026-09-14T04:29:45.134000Z,2026-09-14T04:30:14.134000Z,0,1,1,EMPTY,0,0.0,0.0,0.0,0.0,0.0,0.0,0.0,2000.0,2000.0,0.0,25.77933333333333,-0.019999999999999574,71.83999999999999,0.010000000000005116,1007.7126666666666,0.0,197.3133333333333,-0.8000000000000114,0.33836206774532535
S20_EMPTY_ACON_LIGHTON_LOC2__RUN_20260914_120952__SESSION_003__SEG_01__W_00160,S20_EMPTY_ACON_LIGHTON_LOC2,S20_EMPTY_ACON_LIGHTON_LOC2__RUN_20260914_120952__SESSION_003,S20_EMPTY_ACON_LIGHTON_LOC2__RUN_20260914_120952__SESSION_003__SEG_01,2026-09-14T04:29:50.134000Z,2026-09-14T04:30:19.134000Z,0,1,1,EMPTY,0,0.0,0.0,0.0,0.0,0.0,0.0,0.0,2000.0,2000.0,0.0,25.776333333333334,-0.010000000000001563,71.83666666666666,-0.10000000000000853,1007.713,0.009999999999990905,197.2333333333333,-0.8000000000000114,0.37712361663283067
S20_EMPTY_ACON_LIGHTON_LOC2__RUN_20260914_120952__SESSION_003__SEG_01__W_00165,S20_EMPTY_ACON_LIGHTON_LOC2,S20_EMPTY_ACON_LIGHTON_LOC2__RUN_20260914_120952__SESSION_003,S20_EMPTY_ACON_LIGHTON_LOC2__RUN_20260914_120952__SESSION_003__SEG_01,2026-09-14T04:29:55.134000Z,2026-09-14T04:30:24.134000Z,0,1,1,EMPTY,0,0.0,0.0,0.0,0.0,0.0,0.0,0.0,2000.0,2000.0,0.0,25.774666666666658,-0.010000000000001563,71.83,-0.05000000000001137,1007.7140000000002,0.0,197.12666666666664,-0.8000000000000114,0.3991101212558927
S20_EMPTY_ACON_LIGHTON_LOC2__RUN_20260914_120952__SESSION_003__SEG_01__W_00170,S20_EMPTY_ACON_LIGHTON_LOC2,S20_EMPTY_ACON_LIGHTON_LOC2__RUN_20260914_120952__SESSION_003,S20_EMPTY_ACON_LIGHTON_LOC2__RUN_20260914_120952__SESSION_003__SEG_01,2026-09-14T04:30:00.134000Z,2026-09-14T04:30:28.952000Z,0,1,1,EMPTY,0,0.0,0.0,0.0,0.0,0.0,0.0,0.0,2000.0,2000.0,0.0,25.772999999999993,-0.010000000000001563,71.83500000000001,0.010000000000005116,1007.7143333333333,-0.009999999999990905,197.04666666666665,0.8000000000000114,0.39642849992849916
S20_EMPTY_ACON_LIGHTON_LOC2__RUN_20260914_120952__SESSION_003__SEG_01__W_00175,S20_EMPTY_ACON_LIGHTON_LOC2,S20_EMPTY_ACON_LIGHTON_LOC2__RUN_20260914_120952__SESSION_003,S20_EMPTY_ACON_LIGHTON_LOC2__RUN_20260914_120952__SESSION_003__SEG_01,2026-09-14T04:30:05.134000Z,2026-09-14T04:30:34.138000Z,0,1,1,EMPTY,0,0.0,0.0,0.0,0.0,0.0,0.0,0.0,2000.0,2000.0,0.0,25.771333333333327,-0.010000000000001563,71.841,-0.009999999999990905,1007.7126666666666,-0.009999999999990905,196.93999999999997,-0.8000000000000114,0.36660605559647236
S20_EMPTY_ACON_LIGHTON_LOC2__RUN_20260914_120952__SESSION_003__SEG_01__W_00180,S20_EMPTY_ACON_LIGHTON_LOC2,S20_EMPTY_ACON_LIGHTON_LOC2__RUN_20260914_120952__SESSION_003,S20_EMPTY_ACON_LIGHTON_LOC2__RUN_20260914_120952__SESSION_003__SEG_01,2026-09-14T04:30:10.134000Z,2026-09-14T04:30:39.138000Z,0,1,1,EMPTY,0,0.0,0.0,0.0,0.0,0.0,0.0,0.0,2000.0,2000.0,0.0,25.770666666666664,0.010000000000001563,71.83966666666667,-0.12000000000000455,1007.7123333333332,0.0,196.85999999999996,-0.8000000000000114,0.3200000000000045
S20_EMPTY_ACON_LIGHTON_LOC2__RUN_20260914_120952__SESSION_003__SEG_01__W_00185,S20_EMPTY_ACON_LIGHTON_LOC2,S20_EMPTY_ACON_LIGHTON_LOC2__RUN_20260914_120952__SESSION_003,S20_EMPTY_ACON_LIGHTON_LOC2__RUN_20260914_120952__SESSION_003__SEG_01,2026-09-14T04:30:15.134000Z,2026-09-14T04:30:44.138000Z,0,1,1,EMPTY,0,0.0,0.0,0.0,0.0,0.0,0.0,0.0,2000.0,2000.0,0.0,25.77233333333333,0.010000000000001563,71.82866666666668,-0.010000000000005116,1007.7123333333332,0.0,196.77999999999994,0.0,0.24000000000000338
S20_EMPTY_ACON_LIGHTON_LOC2__RUN_20260914_120952__SESSION_003__SEG_01__W_00190,S20_EMPTY_ACON_LIGHTON_LOC2,S20_EMPTY_ACON_LIGHTON_LOC2__RUN_20260914_120952__SESSION_003,S20_EMPTY_ACON_LIGHTON_LOC2__RUN_20260914_120952__SESSION_003__SEG_01,2026-09-14T04:30:20.134000Z,2026-09-14T04:30:49.138000Z,0,1,1,EMPTY,0,0.0,0.0,0.0,0.0,0.0,0.0,0.0,2000.0,2000.0,0.0,25.773999999999994,0.010000000000001563,71.82199999999999,0.0,1007.7123333333334,-0.009999999999990905,196.75333333333327,0.0,0.19955506062794642
S20_EMPTY_ACON_LIGHTON_LOC2__RUN_20260914_120952__SESSION_003__SEG_01__W_00195,S20_EMPTY_ACON_LIGHTON_LOC2,S20_EMPTY_ACON_LIGHTON_LOC2__RUN_20260914_120952__SESSION_003,S20_EMPTY_ACON_LIGHTON_LOC2__RUN_20260914_120952__SESSION_003__SEG_01,2026-09-14T04:30:25.134000Z,2026-09-14T04:30:54.138000Z,0,1,1,EMPTY,0,0.0,0.0,0.0,0.0,0.0,0.0,0.0,2000.0,2000.0,0.0,25.77566666666666,0.010000000000001563,71.80733333333333,-0.14000000000000057,1007.7123333333334,0.009999999999990905,196.75333333333327,0.0,0.19955506062794642
S20_EMPTY_ACON_LIGHTON_LOC2__RUN_20260914_120952__SESSION_003__SEG_01__W_00200,S20_EMPTY_ACON_LIGHTON_LOC2,S20_EMPTY_ACON_LIGHTON_LOC2__RUN_20260914_120952__SESSION_003,S20_EMPTY_ACON_LIGHTON_LOC2__RUN_20260914_120952__SESSION_003__SEG_01,2026-09-14T04:30:30.138000Z,2026-09-14T04:30:59.142000Z,0,1,1,EMPTY,0,0.0,0.0,0.0,0.0,0.0,0.0,0.0,2000.0,2000.0,0.0,25.777333333333328,0.010000000000001563,71.79566666666668,0.0,1007.713666666667,0.009999999999990905,196.69999999999993,0.0,5.684341886080802e-14
S20_EMPTY_ACON_LIGHTON_LOC2__RUN_20260914_120952__SESSION_003__SEG_01__W_00205,S20_EMPTY_ACON_LIGHTON_LOC2,S20_EMPTY_ACON_LIGHTON_LOC2__RUN_20260914_120952__SESSION_003,S20_EMPTY_ACON_LIGHTON_LOC2__RUN_20260914_120952__SESSION_003__SEG_01,2026-09-14T04:30:35.138000Z,2026-09-14T04:31:04.142000Z,0,1,1,EMPTY,0,0.0,0.0,0.0,0.0,0.0,0.0,0.0,2000.0,2000.0,0.0,25.778999999999996,0.010000000000001563,71.79166666666667,-0.01999999999999602,1007.7160000000002,0.009999999999990905,196.69999999999993,0.0,5.684341886080802e-14
S20_EMPTY_ACON_LIGHTON_LOC2__RUN_20260914_120952__SESSION_003__SEG_01__W_00210,S20_EMPTY_ACON_LIGHTON_LOC2,S20_EMPTY_ACON_LIGHTON_LOC2__RUN_20260914_120952__SESSION_003,S20_EMPTY_ACON_LIGHTON_LOC2__RUN_20260914_120952__SESSION_003__SEG_01,2026-09-14T04:30:40.138000Z,2026-09-14T04:31:09.142000Z,0,1,1,EMPTY,0,0.0,0.0,0.0,0.0,0.0,0.0,0.0,2000.0,2000.0,0.0,25.78133333333333,0.00999999999999801,71.78899999999999,-0.10999999999999943,1007.7189999999999,0.01999999999998181,196.69999999999993,0.0,5.684341886080802e-14
S20_EMPTY_ACON_LIGHTON_LOC2__RUN_20260914_120952__SESSION_003__SEG_01__W_00215,S20_EMPTY_ACON_LIGHTON_LOC2,S20_EMPTY_ACON_LIGHTON_LOC2__RUN_20260914_120952__SESSION_003,S20_EMPTY_ACON_LIGHTON_LOC2__RUN_20260914_120952__SESSION_003__SEG_01,2026-09-14T04:30:45.138000Z,2026-09-14T04:31:14.142000Z,0,1,1,EMPTY,0,0.0,0.0,0.0,0.0,0.0,0.0,0.0,2000.0,2000.0,0.0,25.78166666666666,0.0,71.78266666666669,-0.05999999999998806,1007.7210000000001,0.0,196.69999999999993,0.0,5.684341886080802e-14
S20_EMPTY_ACON_LIGHTON_LOC2__RUN_20260914_120952__SESSION_003__SEG_01__W_00220,S20_EMPTY_ACON_LIGHTON_LOC2,S20_EMPTY_ACON_LIGHTON_LOC2__RUN_20260914_120952__SESSION_003,S20_EMPTY_ACON_LIGHTON_LOC2__RUN_20260914_120952__SESSION_003__SEG_01,2026-09-14T04:30:50.138000Z,2026-09-14T04:31:19.142000Z,0,1,1,EMPTY,0,0.0,0.0,0.0,0.0,0.0,0.0,0.0,2000.0,2000.0,0.0,25.78166666666666,0.0,71.77233333333334,-0.01999999999999602,1007.7220000000002,0.009999999999990905,196.69999999999993,0.0,5.684341886080802e-14
S20_EMPTY_ACON_LIGHTON_LOC2__RUN_20260914_120952__SESSION_003__SEG_01__W_00225,S20_EMPTY_ACON_LIGHTON_LOC2,S20_EMPTY_ACON_LIGHTON_LOC2__RUN_20260914_120952__SESSION_003,S20_EMPTY_ACON_LIGHTON_LOC2__RUN_20260914_120952__SESSION_003__SEG_01,2026-09-14T04:30:54.956000Z,2026-09-14T04:31:24.142000Z,0,1,1,EMPTY,0,0.0,0.0,0.0,0.0,0.0,0.0,0.0,2000.0,2000.0,0.0,25.78166666666666,0.0,71.77266666666667,-0.13999999999998636,1007.7223333333335,0.0,196.69999999999993,0.0,5.684341886080802e-14
S20_EMPTY_ACON_LIGHTON_LOC2__RUN_20260914_120952__SESSION_003__SEG_01__W_00230,S20_EMPTY_ACON_LIGHTON_LOC2,S20_EMPTY_ACON_LIGHTON_LOC2__RUN_20260914_120952__SESSION_003,S20_EMPTY_ACON_LIGHTON_LOC2__RUN_20260914_120952__SESSION_003__SEG_01,2026-09-14T04:31:00.142000Z,2026-09-14T04:31:29.142000Z,0,1,1,EMPTY,0,0.0,0.0,0.0,0.0,0.0,0.0,0.0,2000.0,2000.0,0.0,25.78166666666666,0.0,71.763,-0.0899999999999892,1007.7223333333335,0.0,196.69999999999993,0.0,5.684341886080802e-14
S20_EMPTY_ACON_LIGHTON_LOC2__RUN_20260914_120952__SESSION_003__SEG_01__W_00235,S20_EMPTY_ACON_LIGHTON_LOC2,S20_EMPTY_ACON_LIGHTON_LOC2__RUN_20260914_120952__SESSION_003,S20_EMPTY_ACON_LIGHTON_LOC2__RUN_20260914_120952__SESSION_003__SEG_01,2026-09-14T04:31:05.142000Z,2026-09-14T04:31:34.142000Z,0,1,1,EMPTY,0,0.0,0.0,0.0,0.0,0.0,0.0,0.0,2000.0,2000.0,0.0,25.78166666666666,0.0,71.75433333333332,-0.06999999999999318,1007.7206666666667,0.0,196.69999999999993,0.0,5.684341886080802e-14
S20_EMPTY_ACON_LIGHTON_LOC2__RUN_20260914_120952__SESSION_003__SEG_01__W_00240,S20_EMPTY_ACON_LIGHTON_LOC2,S20_EMPTY_ACON_LIGHTON_LOC2__RUN_20260914_120952__SESSION_003,S20_EMPTY_ACON_LIGHTON_LOC2__RUN_20260914_120952__SESSION_003__SEG_01,2026-09-14T04:31:10.142000Z,2026-09-14T04:31:39.146000Z,0,1,1,EMPTY,0,0.0,0.0,0.0,0.0,0.0,0.0,0.0,2000.0,2000.0,0.0,25.780333333333328,0.0,71.75766666666667,0.04999999999999716,1007.7176666666667,-0.009999999999990905,196.69999999999993,0.0,5.684341886080802e-14
S20_EMPTY_ACON_LIGHTON_LOC2__RUN_20260914_120952__SESSION_003__SEG_01__W_00245,S20_EMPTY_ACON_LIGHTON_LOC2,S20_EMPTY_ACON_LIGHTON_LOC2__RUN_20260914_120952__SESSION_003,S20_EMPTY_ACON_LIGHTON_LOC2__RUN_20260914_120952__SESSION_003__SEG_01,2026-09-14T04:31:15.142000Z,2026-09-14T04:31:44.146000Z,0,1,1,EMPTY,0,0.0,0.0,0.0,0.0,0.0,0.0,0.0,2000.0,2000.0,0.0,25.778999999999996,-0.010000000000001563,71.76266666666668,0.020000000000010232,1007.7156666666665,-0.009999999999990905,196.69999999999993,0.0,5.684341886080802e-14
S20_EMPTY_ACON_LIGHTON_LOC2__RUN_20260914_120952__SESSION_003__SEG_01__W_00250,S20_EMPTY_ACON_LIGHTON_LOC2,S20_EMPTY_ACON_LIGHTON_LOC2__RUN_20260914_120952__SESSION_003,S20_EMPTY_ACON_LIGHTON_LOC2__RUN_20260914_120952__SESSION_003__SEG_01,2026-09-14T04:31:20.142000Z,2026-09-14T04:31:49.150000Z,0,1,1,EMPTY,0,0.0,0.0,0.0,0.0,0.0,0.0,0.0,2000.0,2000.0,0.0,25.77733333333333,-0.010000000000001563,71.771,-0.01999999999999602,1007.7153333333335,0.0,196.69999999999993,0.0,5.684341886080802e-14
S20_EMPTY_ACON_LIGHTON_LOC2__RUN_20260914_120952__SESSION_003__SEG_01__W_00255,S20_EMPTY_ACON_LIGHTON_LOC2,S20_EMPTY_ACON_LIGHTON_LOC2__RUN_20260914_120952__SESSION_003,S20_EMPTY_ACON_LIGHTON_LOC2__RUN_20260914_120952__SESSION_003__SEG_01,2026-09-14T04:31:25.142000Z,2026-09-14T04:31:54.154000Z,0,1,1,EMPTY,0,0.0,0.0,0.0,0.0,0.0,0.0,0.0,2000.0,2000.0,0.0,25.775666666666666,-0.010000000000001563,71.77766666666668,0.030000000000001137,1007.7150000000003,-0.009999999999990905,196.69999999999993,0.0,5.684341886080802e-14
S20_EMPTY_ACON_LIGHTON_LOC2__RUN_20260914_120952__SESSION_003__SEG_01__W_00260,S20_EMPTY_ACON_LIGHTON_LOC2,S20_EMPTY_ACON_LIGHTON_LOC2__RUN_20260914_120952__SESSION_003,S20_EMPTY_ACON_LIGHTON_LOC2__RUN_20260914_120952__SESSION_003__SEG_01,2026-09-14T04:31:30.142000Z,2026-09-14T04:31:59.158000Z,0,1,1,EMPTY,0,0.0,0.0,0.0,0.0,0.0,0.0,0.0,2000.0,2000.0,0.0,25.773999999999994,-0.010000000000001563,71.78500000000001,0.04999999999999716,1007.7133333333333,-0.009999999999990905,196.66999999999996,0.0,0.16155494421403105
S20_EMPTY_ACON_LIGHTON_LOC2__RUN_20260914_120952__SESSION_003__SEG_01__W_00265,S20_EMPTY_ACON_LIGHTON_LOC2,S20_EMPTY_ACON_LIGHTON_LOC2__RUN_20260914_120952__SESSION_003,S20_EMPTY_ACON_LIGHTON_LOC2__RUN_20260914_120952__SESSION_003__SEG_01,2026-09-14T04:31:34.960000Z,2026-09-14T04:32:04.162000Z,0,1,1,EMPTY,0,0.0,0.0,0.0,0.0,0.0,0.0,0.0,2000.0,2000.0,0.0,25.771999999999995,-0.019999999999999574,71.79566666666666,0.09999999999999432,1007.7123333333333,-0.009999999999990905,196.60999999999999,-0.8999999999999773,0.2699999999999932
S20_EMPTY_ACON_LIGHTON_LOC2__RUN_20260914_120952__SESSION_003__SEG_01__W_00270,S20_EMPTY_ACON_LIGHTON_LOC2,S20_EMPTY_ACON_LIGHTON_LOC2__RUN_20260914_120952__SESSION_003,S20_EMPTY_ACON_LIGHTON_LOC2__RUN_20260914_120952__SESSION_003__SEG_01,2026-09-14T04:31:40.146000Z,2026-09-14T04:32:09.162000Z,0,1,1,EMPTY,0,0.0,0.0,0.0,0.0,0.0,0.0,0.0,2000.0,2000.0,0.0,25.768666666666665,-0.019999999999999574,71.80866666666667,0.060000000000002274,1007.7123333333333,0.0,196.57999999999998,0.0,0.3059411708155594
S20_EMPTY_ACON_LIGHTON_LOC2__RUN_20260914_120952__SESSION_003__SEG_01__W_00275,S20_EMPTY_ACON_LIGHTON_LOC2,S20_EMPTY_ACON_LIGHTON_LOC2__RUN_20260914_120952__SESSION_003,S20_EMPTY_ACON_LIGHTON_LOC2__RUN_20260914_120952__SESSION_003__SEG_01,2026-09-14T04:31:44.964000Z,2026-09-14T04:32:13.980000Z,0,1,1,EMPTY,0,0.0,0.0,0.0,0.0,0.0,0.0,0.0,2000.0,2000.0,0.0,25.766000000000002,-0.019999999999999574,71.82366666666667,0.18000000000000682,1007.7123333333332,-0.009999999999990905,196.57999999999996,0.0,0.3059411708155593
S20_EMPTY_ACON_LIGHTON_LOC2__RUN_20260914_120952__SESSION_003__SEG_01__W_00280,S20_EMPTY_ACON_LIGHTON_LOC2,S20_EMPTY_ACON_LIGHTON_LOC2__RUN_20260914_120952__SESSION_003,S20_EMPTY_ACON_LIGHTON_LOC2__RUN_20260914_120952__SESSION_003__SEG_01,2026-09-14T04:31:50.150000Z,2026-09-14T04:32:19.166000Z,0,1,1,EMPTY,0,0.0,0.0,0.0,0.0,0.0,0.0,0.0,2000.0,2000.0,0.0,25.762666666666668,-0.019999999999999574,71.84700000000001,0.13000000000000966,1007.7113333333332,-0.009999999999990905,196.51999999999998,0.0,0.35999999999999094
S20_EMPTY_ACON_LIGHTON_LOC2__RUN_20260914_120952__SESSION_003__SEG_01__W_00285,S20_EMPTY_ACON_LIGHTON_LOC2,S20_EMPTY_ACON_LIGHTON_LOC2__RUN_20260914_120952__SESSION_003,S20_EMPTY_ACON_LIGHTON_LOC2__RUN_20260914_120952__SESSION_003__SEG_01,2026-09-14T04:31:55.154000Z,2026-09-14T04:32:24.166000Z,0,1,1,EMPTY,0,0.0,0.0,0.0,0.0,0.0,0.0,0.0,2000.0,2000.0,0.0,25.759,-0.030000000000001137,71.86966666666667,0.12999999999999545,1007.7103333333332,0.0,196.42999999999998,-0.8999999999999773,0.4124318125460152
S20_EMPTY_ACON_LIGHTON_LOC2__RUN_20260914_120952__SESSION_003__SEG_01__W_00290,S20_EMPTY_ACON_LIGHTON_LOC2,S20_EMPTY_ACON_LIGHTON_LOC2__RUN_20260914_120952__SESSION_003,S20_EMPTY_ACON_LIGHTON_LOC2__RUN_20260914_120952__SESSION_003__SEG_01,2026-09-14T04:31:59.976000Z,2026-09-14T04:32:29.166000Z,0,1,1,EMPTY,0,0.0,0.0,0.0,0.0,0.0,0.0,0.0,2000.0,2000.0,0.0,25.754000000000005,-0.030000000000001137,71.89366666666668,0.20000000000000284,1007.7103333333332,0.0,196.34000000000003,-0.8999999999999773,0.4409081537009609
S20_EMPTY_ACON_LIGHTON_LOC2__RUN_20260914_120952__SESSION_003__SEG_01__W_00295,S20_EMPTY_ACON_LIGHTON_LOC2,S20_EMPTY_ACON_LIGHTON_LOC2__RUN_20260914_120952__SESSION_003,S20_EMPTY_ACON_LIGHTON_LOC2__RUN_20260914_120952__SESSION_003__SEG_01,2026-09-14T04:32:05.162000Z,2026-09-14T04:32:34.170000Z,0,1,1,EMPTY,0,0.0,0.0,0.0,0.0,0.0,0.0,0.0,2000.0,2000.0,0.0,25.749333333333333,-0.020000000000003126,71.91900000000001,0.020000000000010232,1007.7106666666665,0.0,196.28000000000006,-0.8999999999999773,0.4489988864128616
S20_EMPTY_ACON_LIGHTON_LOC2__RUN_20260914_120952__SESSION_003__SEG_01__W_00300,S20_EMPTY_ACON_LIGHTON_LOC2,S20_EMPTY_ACON_LIGHTON_LOC2__RUN_20260914_120952__SESSION_003,S20_EMPTY_ACON_LIGHTON_LOC2__RUN_20260914_120952__SESSION_003__SEG_01,2026-09-14T04:32:10.162000Z,2026-09-14T04:32:39.170000Z,0,1,1,EMPTY,0,0.0,0.0,0.0,0.0,0.0,0.0,0.0,2000.0,2000.0,0.0,25.74566666666667,-0.030000000000001137,71.925,0.0,1007.7106666666665,0.0,196.19000000000003,-0.8999999999999773,0.44598206241954386
S20_EMPTY_ACON_LIGHTON_LOC2__RUN_20260914_120952__SESSION_003__SEG_01__W_00305,S20_EMPTY_ACON_LIGHTON_LOC2,S20_EMPTY_ACON_LIGHTON_LOC2__RUN_20260914_120952__SESSION_003,S20_EMPTY_ACON_LIGHTON_LOC2__RUN_20260914_120952__SESSION_003__SEG_01,2026-09-14T04:32:15.166000Z,2026-09-14T04:32:44.170000Z,0,1,1,EMPTY,0,0.0,0.0,0.0,0.0,0.0,0.0,0.0,2000.0,2000.0,0.0,25.741,-0.019999999999999574,71.93266666666668,-0.010000000000005116,1007.7106666666665,0.0,196.04000000000002,0.0,0.3979949748426379
S20_EMPTY_ACON_LIGHTON_LOC2__RUN_20260914_120952__SESSION_003__SEG_01__W_00310,S20_EMPTY_ACON_LIGHTON_LOC2,S20_EMPTY_ACON_LIGHTON_LOC2__RUN_20260914_120952__SESSION_003,S20_EMPTY_ACON_LIGHTON_LOC2__RUN_20260914_120952__SESSION_003__SEG_01,2026-09-14T04:32:20.166000Z,2026-09-14T04:32:48.988000Z,0,1,1,EMPTY,0,0.0,0.0,0.0,0.0,0.0,0.0,0.0,2000.0,2000.0,0.0,25.73766666666667,-0.019999999999999574,71.93266666666666,-0.010000000000005116,1007.7103333333332,-0.009999999999990905,196.01000000000005,0.0,0.380657326213476
S20_EMPTY_ACON_LIGHTON_LOC2__RUN_20260914_120952__SESSION_003__SEG_01__W_00315,S20_EMPTY_ACON_LIGHTON_LOC2,S20_EMPTY_ACON_LIGHTON_LOC2__RUN_20260914_120952__SESSION_003,S20_EMPTY_ACON_LIGHTON_LOC2__RUN_20260914_120952__SESSION_003__SEG_01,2026-09-14T04:32:25.166000Z,2026-09-14T04:32:54.174000Z,0,1,1,EMPTY,0,0.0,0.0,0.0,0.0,0.0,0.0,0.0,2000.0,2000.0,0.0,25.736,0.0,71.92966666666668,0.0,1007.7099999999998,0.0,195.95000000000002,0.0,0.33541019662496
S20_EMPTY_ACON_LIGHTON_LOC2__RUN_20260914_120952__SESSION_003__SEG_01__W_00320,S20_EMPTY_ACON_LIGHTON_LOC2,S20_EMPTY_ACON_LIGHTON_LOC2__RUN_20260914_120952__SESSION_003,S20_EMPTY_ACON_LIGHTON_LOC2__RUN_20260914_120952__SESSION_003__SEG_01,2026-09-14T04:32:29.984000Z,2026-09-14T04:32:59.174000Z,0,1,1,EMPTY,0,0.0,0.0,0.0,0.0,0.0,0.0,0.0,2000.0,2000.0,0.0,25.736,0.0,71.92666666666669,-0.15000000000000568,1007.7096666666665,0.0,195.95000000000002,0.0,0.33541019662495997
S20_EMPTY_ACON_LIGHTON_LOC2__RUN_20260914_120952__SESSION_003__SEG_01__W_00325,S20_EMPTY_ACON_LIGHTON_LOC2,S20_EMPTY_ACON_LIGHTON_LOC2__RUN_20260914_120952__SESSION_003,S20_EMPTY_ACON_LIGHTON_LOC2__RUN_20260914_120952__SESSION_003__SEG_01,2026-09-14T04:32:35.170000Z,2026-09-14T04:33:04.178000Z,0,1,1,EMPTY,0,0.0,0.0,0.0,0.0,0.0,0.0,0.0,2000.0,2000.0,0.0,25.736,0.0,71.91266666666665,-0.0799999999999983,1007.7093333333331,-0.009999999999990905,195.95000000000002,-0.8999999999999773,0.33541019662496
S20_EMPTY_ACON_LIGHTON_LOC2__RUN_20260914_120952__SESSION_003__SEG_01__W_00330,S20_EMPTY_ACON_LIGHTON_LOC2,S20_EMPTY_ACON_LIGHTON_LOC2__RUN_20260914_120952__SESSION_003,S20_EMPTY_ACON_LIGHTON_LOC2__RUN_20260914_120952__SESSION_003__SEG_01,2026-09-14T04:32:40.170000Z,2026-09-14T04:33:09.178000Z,0,1,1,EMPTY,0,0.0,0.0,0.0,0.0,0.0,0.0,0.0,2000.0,2000.0,0.0,25.736333333333334,0.00999999999999801,71.90966666666667,-0.06999999999999318,1007.7076666666668,-0.009999999999990905,195.92000000000004,0.0,0.3059411708155593
S20_EMPTY_ACON_LIGHTON_LOC2__RUN_20260914_120952__SESSION_003__SEG_01__W_00335,S20_EMPTY_ACON_LIGHTON_LOC2,S20_EMPTY_ACON_LIGHTON_LOC2__RUN_20260914_120952__SESSION_003,S20_EMPTY_ACON_LIGHTON_LOC2__RUN_20260914_120952__SESSION_003__SEG_01,2026-09-14T04:32:45.170000Z,2026-09-14T04:33:14.178000Z,0,1,1,EMPTY,0,0.0,0.0,0.0,0.0,0.0,0.0,0.0,2000.0,2000.0,0.0,25.738000000000003,0.00999999999999801,71.89966666666668,-0.030000000000001137,1007.7060000000001,-0.009999999999990905,195.92000000000004,0.0,0.3059411708155593
S20_EMPTY_ACON_LIGHTON_LOC2__RUN_20260914_120952__SESSION_003__SEG_01__W_00340,S20_EMPTY_ACON_LIGHTON_LOC2,S20_EMPTY_ACON_LIGHTON_LOC2__RUN_20260914_120952__SESSION_003,S20_EMPTY_ACON_LIGHTON_LOC2__RUN_20260914_120952__SESSION_003__SEG_01,2026-09-14T04:32:50.174000Z,2026-09-14T04:33:19.178000Z,0,1,1,EMPTY,0,0.0,0.0,0.0,0.0,0.0,0.0,0.0,2000.0,2000.0,0.0,25.73966666666667,0.00999999999999801,71.89533333333335,0.030000000000001137,1007.7033333333333,-0.01999999999998181,195.86000000000004,0.0,0.22449944320643078
S20_EMPTY_ACON_LIGHTON_LOC2__RUN_20260914_120952__SESSION_003__SEG_01__W_00345,S20_EMPTY_ACON_LIGHTON_LOC2,S20_EMPTY_ACON_LIGHTON_LOC2__RUN_20260914_120952__SESSION_003,S20_EMPTY_ACON_LIGHTON_LOC2__RUN_20260914_120952__SESSION_003__SEG_01,2026-09-14T04:32:55.174000Z,2026-09-14T04:33:24.178000Z,0,1,1,EMPTY,0,0.0,0.0,0.0,0.0,0.0,0.0,0.0,2000.0,2000.0,0.0,25.740000000000002,0.0,71.90533333333333,0.060000000000002274,1007.6999999999997,-0.01999999999998181,195.86000000000004,-0.8999999999999773,0.22449944320643078
S20_EMPTY_ACON_LIGHTON_LOC2__RUN_20260914_120952__SESSION_003__SEG_01__W_00350,S20_EMPTY_ACON_LIGHTON_LOC2,S20_EMPTY_ACON_LIGHTON_LOC2__RUN_20260914_120952__SESSION_003,S20_EMPTY_ACON_LIGHTON_LOC2__RUN_20260914_120952__SESSION_003__SEG_01,2026-09-14T04:33:00.174000Z,2026-09-14T04:33:29.182000Z,0,1,1,EMPTY,0,0.0,0.0,0.0,0.0,0.0,0.0,0.0,2000.0,2000.0,0.0,25.740000000000002,0.0,71.91100000000002,0.10999999999999943,1007.6969999999999,-0.01999999999998181,195.83000000000004,0.0,0.16155494421403105
S20_EMPTY_ACON_LIGHTON_LOC2__RUN_20260914_120952__SESSION_003__SEG_01__W_00355,S20_EMPTY_ACON_LIGHTON_LOC2,S20_EMPTY_ACON_LIGHTON_LOC2__RUN_20260914_120952__SESSION_003,S20_EMPTY_ACON_LIGHTON_LOC2__RUN_20260914_120952__SESSION_003__SEG_01,2026-09-14T04:33:05.178000Z,2026-09-14T04:33:34.182000Z,0,1,1,EMPTY,0,0.0,0.0,0.0,0.0,0.0,0.0,0.0,2000.0,2000.0,0.0,25.740000000000002,0.0,71.92566666666667,0.0,1007.6939999999997,-0.009999999999990905,195.80000000000007,0.0,5.684341886080802e-14
S20_EMPTY_ACON_LIGHTON_LOC2__RUN_20260914_120952__SESSION_003__SEG_01__W_00360,S20_EMPTY_ACON_LIGHTON_LOC2,S20_EMPTY_ACON_LIGHTON_LOC2__RUN_20260914_120952__SESSION_003,S20_EMPTY_ACON_LIGHTON_LOC2__RUN_20260914_120952__SESSION_003__SEG_01,2026-09-14T04:33:10.178000Z,2026-09-14T04:33:39.182000Z,0,1,1,EMPTY,0,0.0,0.0,0.0,0.0,0.0,0.0,0.0,2000.0,2000.0,0.0,25.740000000000002,0.0,71.94366666666666,0.1700000000000017,1007.6919999999997,-0.009999999999990905,195.80000000000007,0.0,5.684341886080802e-14
S20_EMPTY_ACON_LIGHTON_LOC2__RUN_20260914_120952__SESSION_003__SEG_01__W_00365,S20_EMPTY_ACON_LIGHTON_LOC2,S20_EMPTY_ACON_LIGHTON_LOC2__RUN_20260914_120952__SESSION_003,S20_EMPTY_ACON_LIGHTON_LOC2__RUN_20260914_120952__SESSION_003__SEG_01,2026-09-14T04:33:15.178000Z,2026-09-14T04:33:44.182000Z,0,1,1,EMPTY,0,0.0,0.0,0.0,0.0,0.0,0.0,0.0,2000.0,2000.0,0.0,25.739,-0.00999999999999801,71.956,0.06999999999999318,1007.6893333333333,-0.020000000000095497,195.80000000000007,0.0,5.684341886080802e-14
S20_EMPTY_ACON_LIGHTON_LOC2__RUN_20260914_120952__SESSION_003__SEG_01__W_00370,S20_EMPTY_ACON_LIGHTON_LOC2,S20_EMPTY_ACON_LIGHTON_LOC2__RUN_20260914_120952__SESSION_003,S20_EMPTY_ACON_LIGHTON_LOC2__RUN_20260914_120952__SESSION_003__SEG_01,2026-09-14T04:33:20.178000Z,2026-09-14T04:33:49.182000Z,0,1,1,EMPTY,0,0.0,0.0,0.0,0.0,0.0,0.0,0.0,2000.0,2000.0,0.0,25.737333333333336,-0.00999999999999801,71.97666666666666,-0.01999999999999602,1007.687,-0.010000000000104592,195.80000000000007,0.0,5.684341886080802e-14
S20_EMPTY_ACON_LIGHTON_LOC2__RUN_20260914_120952__SESSION_003__SEG_01__W_00375,S20_EMPTY_ACON_LIGHTON_LOC2,S20_EMPTY_ACON_LIGHTON_LOC2__RUN_20260914_120952__SESSION_003,S20_EMPTY_ACON_LIGHTON_LOC2__RUN_20260914_120952__SESSION_003__SEG_01,2026-09-14T04:33:24.996000Z,2026-09-14T04:33:54.182000Z,0,1,1,EMPTY,0,0.0,0.0,0.0,0.0,0.0,0.0,0.0,2000.0,2000.0,0.0,25.73566666666667,-0.00999999999999801,71.973,0.010000000000005116,1007.685,-0.020000000000095497,195.80000000000007,0.0,5.684341886080802e-14
S20_EMPTY_ACON_LIGHTON_LOC2__RUN_20260914_120952__SESSION_003__SEG_01__W_00380,S20_EMPTY_ACON_LIGHTON_LOC2,S20_EMPTY_ACON_LIGHTON_LOC2__RUN_20260914_120952__SESSION_003,S20_EMPTY_ACON_LIGHTON_LOC2__RUN_20260914_120952__SESSION_003__SEG_01,2026-09-14T04:33:30.182000Z,2026-09-14T04:33:59.182000Z,0,1,1,EMPTY,0,0.0,0.0,0.0,0.0,0.0,0.0,0.0,2000.0,2000.0,0.0,25.734,-0.00999999999999801,71.971,-0.01999999999999602,1007.6816666666663,-0.020000000000095497,195.80000000000007,0.0,5.684341886080802e-14
S20_EMPTY_ACON_LIGHTON_LOC2__RUN_20260914_120952__SESSION_003__SEG_01__W_00385,S20_EMPTY_ACON_LIGHTON_LOC2,S20_EMPTY_ACON_LIGHTON_LOC2__RUN_20260914_120952__SESSION_003,S20_EMPTY_ACON_LIGHTON_LOC2__RUN_20260914_120952__SESSION_003__SEG_01,2026-09-14T04:33:35.182000Z,2026-09-14T04:34:04.182000Z,0,1,1,EMPTY,0,0.0,0.0,0.0,0.0,0.0,0.0,0.0,2000.0,2000.0,0.0,25.733666666666668,0.0,71.97266666666665,-0.03999999999999204,1007.6779999999998,-0.030000000000086402,195.80000000000007,0.0,5.684341886080802e-14
S20_EMPTY_ACON_LIGHTON_LOC2__RUN_20260914_120952__SESSION_003__SEG_01__W_00390,S20_EMPTY_ACON_LIGHTON_LOC2,S20_EMPTY_ACON_LIGHTON_LOC2__RUN_20260914_120952__SESSION_003,S20_EMPTY_ACON_LIGHTON_LOC2__RUN_20260914_120952__SESSION_003__SEG_01,2026-09-14T04:33:40.182000Z,2026-09-14T04:34:09.182000Z,0,1,1,EMPTY,0,0.0,0.0,0.0,0.0,0.0,0.0,0.0,2000.0,2000.0,0.0,25.733666666666668,0.0,71.97566666666668,0.12999999999999545,1007.6733333333333,-0.030000000000086402,195.80000000000007,0.0,5.684341886080802e-14
S20_EMPTY_ACON_LIGHTON_LOC2__RUN_20260914_120952__SESSION_003__SEG_01__W_00395,S20_EMPTY_ACON_LIGHTON_LOC2,S20_EMPTY_ACON_LIGHTON_LOC2__RUN_20260914_120952__SESSION_003,S20_EMPTY_ACON_LIGHTON_LOC2__RUN_20260914_120952__SESSION_003__SEG_01,2026-09-14T04:33:45.182000Z,2026-09-14T04:34:14.182000Z,0,1,1,EMPTY,0,0.0,0.0,0.0,0.0,0.0,0.0,0.0,2000.0,2000.0,0.0,25.73466666666667,0.00999999999999801,71.988,-0.010000000000005116,1007.6693333333332,-0.01999999999998181,195.80000000000007,0.0,5.684341886080802e-14
S20_EMPTY_ACON_LIGHTON_LOC2__RUN_20260914_120952__SESSION_003__SEG_01__W_00400,S20_EMPTY_ACON_LIGHTON_LOC2,S20_EMPTY_ACON_LIGHTON_LOC2__RUN_20260914_120952__SESSION_003,S20_EMPTY_ACON_LIGHTON_LOC2__RUN_20260914_120952__SESSION_003__SEG_01,2026-09-14T04:33:50.182000Z,2026-09-14T04:34:19.182000Z,0,1,1,EMPTY,0,0.0,0.0,0.0,0.0,0.0,0.0,0.0,2000.0,2000.0,0.0,25.736333333333334,0.00999999999999801,71.99066666666667,0.10999999999999943,1007.6659999999998,-0.01999999999998181,195.80000000000007,0.0,5.684341886080802e-14
S20_EMPTY_ACON_LIGHTON_LOC2__RUN_20260914_120952__SESSION_003__SEG_01__W_00405,S20_EMPTY_ACON_LIGHTON_LOC2,S20_EMPTY_ACON_LIGHTON_LOC2__RUN_20260914_120952__SESSION_003,S20_EMPTY_ACON_LIGHTON_LOC2__RUN_20260914_120952__SESSION_003__SEG_01,2026-09-14T04:33:55.182000Z,2026-09-14T04:34:24.182000Z,0,1,1,EMPTY,0,0.0,0.0,0.0,0.0,0.0,0.0,0.0,2000.0,2000.0,0.0,25.738000000000003,0.00999999999999801,72.00333333333333,0.06999999999999318,1007.6633333333333,0.0,195.80000000000007,0.0,5.684341886080802e-14
S20_EMPTY_ACON_LIGHTON_LOC2__RUN_20260914_120952__SESSION_003__SEG_01__W_00410,S20_EMPTY_ACON_LIGHTON_LOC2,S20_EMPTY_ACON_LIGHTON_LOC2__RUN_20260914_120952__SESSION_003,S20_EMPTY_ACON_LIGHTON_LOC2__RUN_20260914_120952__SESSION_003__SEG_01,2026-09-14T04:34:00.182000Z,2026-09-14T04:34:29.182000Z,0,1,1,EMPTY,0,0.0,0.0,0.0,0.0,0.0,0.0,0.0,2000.0,2000.0,0.0,25.73866666666667,0.0,72.01866666666666,0.01999999999999602,1007.6629999999997,0.0,195.80000000000007,0.0,5.684341886080802e-14
S20_EMPTY_ACON_LIGHTON_LOC2__RUN_20260914_120952__SESSION_003__SEG_01__W_00415,S20_EMPTY_ACON_LIGHTON_LOC2,S20_EMPTY_ACON_LIGHTON_LOC2__RUN_20260914_120952__SESSION_003,S20_EMPTY_ACON_LIGHTON_LOC2__RUN_20260914_120952__SESSION_003__SEG_01,2026-09-14T04:34:05.182000Z,2026-09-14T04:34:34.186000Z,0,1,1,EMPTY,0,0.0,0.0,0.0,0.0,0.0,0.0,0.0,2000.0,2000.0,0.0,25.737333333333336,-0.00999999999999801,72.03366666666668,0.10000000000000853,1007.6633333333328,0.009999999999990905,195.80000000000007,0.0,5.684341886080802e-14
S20_EMPTY_ACON_LIGHTON_LOC2__RUN_20260914_120952__SESSION_003__SEG_01__W_00420,S20_EMPTY_ACON_LIGHTON_LOC2,S20_EMPTY_ACON_LIGHTON_LOC2__RUN_20260914_120952__SESSION_003,S20_EMPTY_ACON_LIGHTON_LOC2__RUN_20260914_120952__SESSION_003__SEG_01,2026-09-14T04:34:10.182000Z,2026-09-14T04:34:39.186000Z,0,1,1,EMPTY,0,0.0,0.0,0.0,0.0,0.0,0.0,0.0,2000.0,2000.0,0.0,25.73566666666667,-0.00999999999999801,72.03866666666666,-0.01999999999999602,1007.6649999999996,0.009999999999990905,195.80000000000007,0.0,5.684341886080802e-14
S20_EMPTY_ACON_LIGHTON_LOC2__RUN_20260914_120952__SESSION_003__SEG_01__W_00425,S20_EMPTY_ACON_LIGHTON_LOC2,S20_EMPTY_ACON_LIGHTON_LOC2__RUN_20260914_120952__SESSION_003,S20_EMPTY_ACON_LIGHTON_LOC2__RUN_20260914_120952__SESSION_003__SEG_01,2026-09-14T04:34:15.182000Z,2026-09-14T04:34:44.186000Z,0,1,1,EMPTY,0,0.0,0.0,0.0,0.0,0.0,0.0,0.0,2000.0,2000.0,0.0,25.734,-0.00999999999999801,72.04166666666666,0.01999999999999602,1007.6666666666663,0.009999999999990905,195.74666666666673,-0.8000000000000114,0.19955506062794637
S20_EMPTY_ACON_LIGHTON_LOC2__RUN_20260914_120952__SESSION_003__SEG_01__W_00430,S20_EMPTY_ACON_LIGHTON_LOC2,S20_EMPTY_ACON_LIGHTON_LOC2__RUN_20260914_120952__SESSION_003,S20_EMPTY_ACON_LIGHTON_LOC2__RUN_20260914_120952__SESSION_003__SEG_01,2026-09-14T04:34:20.182000Z,2026-09-14T04:34:49.186000Z,0,1,1,EMPTY,0,0.0,0.0,0.0,0.0,0.0,0.0,0.0,2000.0,2000.0,0.0,25.732333333333333,-0.00999999999999801,72.04366666666667,0.0799999999999983,1007.6679999999997,0.009999999999990905,195.69333333333336,0.0,0.2719477073916191
S20_EMPTY_ACON_LIGHTON_LOC2__RUN_20260914_120952__SESSION_003__SEG_01__W_00435,S20_EMPTY_ACON_LIGHTON_LOC2,S20_EMPTY_ACON_LIGHTON_LOC2__RUN_20260914_120952__SESSION_003,S20_EMPTY_ACON_LIGHTON_LOC2__RUN_20260914_120952__SESSION_003__SEG_01,2026-09-14T04:34:25.182000Z,2026-09-14T04:34:54.186000Z,0,1,1,EMPTY,0,0.0,0.0,0.0,0.0,0.0,0.0,0.0,2000.0,2000.0,0.0,25.730666666666668,-0.00999999999999801,72.05466666666666,0.09000000000000341,1007.6679999999998,-0.009999999999990905,195.64000000000001,-0.8000000000000114,0.32000000000000456
S20_EMPTY_ACON_LIGHTON_LOC2__RUN_20260914_120952__SESSION_003__SEG_01__W_00440,S20_EMPTY_ACON_LIGHTON_LOC2,S20_EMPTY_ACON_LIGHTON_LOC2__RUN_20260914_120952__SESSION_003,S20_EMPTY_ACON_LIGHTON_LOC2__RUN_20260914_120952__SESSION_003__SEG_01,2026-09-14T04:34:30.182000Z,2026-09-14T04:34:59.004000Z,0,1,1,EMPTY,0,0.0,0.0,0.0,0.0,0.0,0.0,0.0,2000.0,2000.0,0.0,25.730000000000004,0.0,72.058,-0.06999999999999318,1007.6679999999998,0.0,195.56,0.0,0.36660605559647247
S20_EMPTY_ACON_LIGHTON_LOC2__RUN_20260914_120952__SESSION_003__SEG_01__W_00445,S20_EMPTY_ACON_LIGHTON_LOC2,S20_EMPTY_ACON_LIGHTON_LOC2__RUN_20260914_120952__SESSION_003,S20_EMPTY_ACON_LIGHTON_LOC2__RUN_20260914_120952__SESSION_003__SEG_01,2026-09-14T04:34:35.186000Z,2026-09-14T04:35:04.194000Z,0,1,1,EMPTY,0,0.0,0.0,0.0,0.0,0.0,0.0,0.0,2000.0,2000.0,0.0,25.730000000000004,0.0,72.06033333333333,0.03999999999999204,1007.6676666666664,-0.009999999999990905,195.48000000000002,-0.8000000000000114,0.39191835884531406
S20_EMPTY_ACON_LIGHTON_LOC2__RUN_20260914_120952__SESSION_003__SEG_01__W_00450,S20_EMPTY_ACON_LIGHTON_LOC2,S20_EMPTY_ACON_LIGHTON_LOC2__RUN_20260914_120952__SESSION_003,S20_EMPTY_ACON_LIGHTON_LOC2__RUN_20260914_120952__SESSION_003__SEG_01,2026-09-14T04:34:40.186000Z,2026-09-14T04:35:09.194000Z,0,1,1,EMPTY,0,0.0,0.0,0.0,0.0,0.0,0.0,0.0,2000.0,2000.0,0.0,25.730000000000004,0.0,72.06433333333332,-0.029999999999986926,1007.667333333333,0.0,195.37333333333336,0.0,0.39911012125589274
S20_EMPTY_ACON_LIGHTON_LOC2__RUN_20260914_120952__SESSION_003__SEG_01__W_00455,S20_EMPTY_ACON_LIGHTON_LOC2,S20_EMPTY_ACON_LIGHTON_LOC2__RUN_20260914_120952__SESSION_003,S20_EMPTY_ACON_LIGHTON_LOC2__RUN_20260914_120952__SESSION_003__SEG_01,2026-09-14T04:34:45.186000Z,2026-09-14T04:35:14.194000Z,0,1,1,EMPTY,0,0.0,0.0,0.0,0.0,0.0,0.0,0.0,2000.0,2000.0,0.0,25.730000000000004,0.0,72.07099999999998,0.06999999999999318,1007.667333333333,0.0,195.29333333333335,-0.8000000000000114,0.38551552786136445
S20_EMPTY_ACON_LIGHTON_LOC2__RUN_20260914_120952__SESSION_003__SEG_01__W_00460,S20_EMPTY_ACON_LIGHTON_LOC2,S20_EMPTY_ACON_LIGHTON_LOC2__RUN_20260914_120952__SESSION_003,S20_EMPTY_ACON_LIGHTON_LOC2__RUN_20260914_120952__SESSION_003__SEG_01,2026-09-14T04:34:50.186000Z,2026-09-14T04:35:19.194000Z,0,1,1,EMPTY,0,0.0,0.0,0.0,0.0,0.0,0.0,0.0,2000.0,2000.0,0.0,25.72833333333334,-0.010000000000001563,72.07533333333332,0.0899999999999892,1007.6676666666664,0.0,195.2133333333333,0.0,0.35377331097124765
S20_EMPTY_ACON_LIGHTON_LOC2__RUN_20260914_120952__SESSION_003__SEG_01__W_00465,S20_EMPTY_ACON_LIGHTON_LOC2,S20_EMPTY_ACON_LIGHTON_LOC2__RUN_20260914_120952__SESSION_003,S20_EMPTY_ACON_LIGHTON_LOC2__RUN_20260914_120952__SESSION_003__SEG_01,2026-09-14T04:34:55.186000Z,2026-09-14T04:35:24.194000Z,0,1,1,EMPTY,0,0.0,0.0,0.0,0.0,0.0,0.0,0.0,2000.0,2000.0,0.0,25.727000000000007,0.0,72.07466666666667,0.03999999999999204,1007.6689999999996,0.009999999999990905,195.13333333333333,-0.8000000000000114,0.2981423969999762
S20_EMPTY_ACON_LIGHTON_LOC2__RUN_20260914_120952__SESSION_003__SEG_01__W_00470,S20_EMPTY_ACON_LIGHTON_LOC2,S20_EMPTY_ACON_LIGHTON_LOC2__RUN_20260914_120952__SESSION_003,S20_EMPTY_ACON_LIGHTON_LOC2__RUN_20260914_120952__SESSION_003__SEG_01,2026-09-14T04:35:00.190000Z,2026-09-14T04:35:29.194000Z,0,1,1,EMPTY,0,0.0,0.0,0.0,0.0,0.0,0.0,0.0,2000.0,2000.0,0.0,25.72633333333334,-0.010000000000001563,72.079,0.05000000000001137,1007.6693333333329,0.0,195.07999999999998,-0.8000000000000114,0.2400000000000034
S20_EMPTY_ACON_LIGHTON_LOC2__RUN_20260914_120952__SESSION_003__SEG_01__W_00475,S20_EMPTY_ACON_LIGHTON_LOC2,S20_EMPTY_ACON_LIGHTON_LOC2__RUN_20260914_120952__SESSION_003,S20_EMPTY_ACON_LIGHTON_LOC2__RUN_20260914_120952__SESSION_003__SEG_01,2026-09-14T04:35:05.194000Z,2026-09-14T04:35:34.198000Z,0,1,1,EMPTY,0,0.0,0.0,0.0,0.0,0.0,0.0,0.0,2000.0,2000.0,0.0,25.724666666666675,-0.010000000000001563,72.07266666666668,-0.060000000000002274,1007.6696666666663,0.0,195.02666666666667,0.0,0.14360439485692214
S20_EMPTY_ACON_LIGHTON_LOC2__RUN_20260914_120952__SESSION_003__SEG_01__W_00480,S20_EMPTY_ACON_LIGHTON_LOC2,S20_EMPTY_ACON_LIGHTON_LOC2__RUN_20260914_120952__SESSION_003,S20_EMPTY_ACON_LIGHTON_LOC2__RUN_20260914_120952__SESSION_003__SEG_01,2026-09-14T04:35:10.194000Z,2026-09-14T04:35:39.202000Z,0,1,1,EMPTY,0,0.0,0.0,0.0,0.0,0.0,0.0,0.0,2000.0,2000.0,0.0,25.723000000000006,-0.010000000000001563,72.056,-0.14000000000000057,1007.6699999999996,0.0,195.0,0.0,0.0
S20_EMPTY_ACON_LIGHTON_LOC2__RUN_20260914_120952__SESSION_003__SEG_01__W_00485,S20_EMPTY_ACON_LIGHTON_LOC2,S20_EMPTY_ACON_LIGHTON_LOC2__RUN_20260914_120952__SESSION_003,S20_EMPTY_ACON_LIGHTON_LOC2__RUN_20260914_120952__SESSION_003__SEG_01,2026-09-14T04:35:15.194000Z,2026-09-14T04:35:44.202000Z,0,1,1,EMPTY,0,0.0,0.0,0.0,0.0,0.0,0.0,0.0,2000.0,2000.0,0.0,25.721333333333337,0.0,72.04633333333332,0.04000000000000625,1007.6699999999996,0.0,195.0,0.0,0.0
S20_EMPTY_ACON_LIGHTON_LOC2__RUN_20260914_120952__SESSION_003__SEG_01__W_00490,S20_EMPTY_ACON_LIGHTON_LOC2,S20_EMPTY_ACON_LIGHTON_LOC2__RUN_20260914_120952__SESSION_003,S20_EMPTY_ACON_LIGHTON_LOC2__RUN_20260914_120952__SESSION_003__SEG_01,2026-09-14T04:35:20.194000Z,2026-09-14T04:35:49.202000Z,0,1,1,EMPTY,0,0.0,0.0,0.0,0.0,0.0,0.0,0.0,2000.0,2000.0,0.0,25.721333333333337,0.0,72.05033333333333,-0.04000000000000625,1007.669333333333,0.0,195.0,0.0,0.0
S20_EMPTY_ACON_LIGHTON_LOC2__RUN_20260914_120952__SESSION_003__SEG_01__W_00495,S20_EMPTY_ACON_LIGHTON_LOC2,S20_EMPTY_ACON_LIGHTON_LOC2__RUN_20260914_120952__SESSION_003,S20_EMPTY_ACON_LIGHTON_LOC2__RUN_20260914_120952__SESSION_003__SEG_01,2026-09-14T04:35:25.194000Z,2026-09-14T04:35:54.202000Z,0,1,1,EMPTY,0,0.0,0.0,0.0,0.0,0.0,0.0,0.0,2000.0,2000.0,0.0,25.720333333333336,-0.019999999999999574,72.046,-0.09999999999999432,1007.6686666666664,-0.009999999999990905,195.0,0.0,0.0
S20_EMPTY_ACON_LIGHTON_LOC2__RUN_20260914_120952__SESSION_003__SEG_01__W_00500,S20_EMPTY_ACON_LIGHTON_LOC2,S20_EMPTY_ACON_LIGHTON_LOC2__RUN_20260914_120952__SESSION_003,S20_EMPTY_ACON_LIGHTON_LOC2__RUN_20260914_120952__SESSION_003__SEG_01,2026-09-14T04:35:30.194000Z,2026-09-14T04:35:59.202000Z,0,1,1,EMPTY,0,0.0,0.0,0.0,0.0,0.0,0.0,0.0,2000.0,2000.0,0.0,25.717666666666673,-0.00999999999999801,72.05366666666667,0.12000000000000455,1007.6673333333332,-0.009999999999990905,195.0,0.0,0.0
S20_EMPTY_ACON_LIGHTON_LOC2__RUN_20260914_120952__SESSION_003__SEG_01__W_00505,S20_EMPTY_ACON_LIGHTON_LOC2,S20_EMPTY_ACON_LIGHTON_LOC2__RUN_20260914_120952__SESSION_003,S20_EMPTY_ACON_LIGHTON_LOC2__RUN_20260914_120952__SESSION_003__SEG_01,2026-09-14T04:35:35.198000Z,2026-09-14T04:36:04.202000Z,0,1,1,EMPTY,0,0.0,0.03333333333333333,0.03333333333333333,0.0,0.0,1.0,0.0,2000.0,2000.0,0.0,25.716000000000008,-0.00999999999999801,72.06633333333335,0.10999999999999943,1007.6653333333333,-0.01999999999998181,195.02666666666667,0.8000000000000114,0.14360439485692214
S21_LOW_ACON_LIGHTON_LOC2_R2__RUN_20260914_120952__SESSION_004__SEG_01__W_00000,S21_LOW_ACON_LIGHTON_LOC2_R2,S21_LOW_ACON_LIGHTON_LOC2_R2__RUN_20260914_120952__SESSION_004,S21_LOW_ACON_LIGHTON_LOC2_R2__RUN_20260914_120952__SESSION_004__SEG_01,2026-09-14T05:35:51.185000Z,2026-09-14T05:36:20.130000Z,1,1,1,LOW,1,0.23333333333333334,0.0,0.23333333333333334,0.0,4.0,0.0,0.0,2000.0,2000.0,0.0,25.78866666666666,0.00999999999999801,73.21700000000001,-1.3499999999999943,1006.8623333333334,-0.009999999999990905,207.98000000000005,0.8000000000000114,0.391918358845314
S21_LOW_ACON_LIGHTON_LOC2_R2__RUN_20260914_120952__SESSION_004__SEG_01__W_00005,S21_LOW_ACON_LIGHTON_LOC2_R2,S21_LOW_ACON_LIGHTON_LOC2_R2__RUN_20260914_120952__SESSION_004,S21_LOW_ACON_LIGHTON_LOC2_R2__RUN_20260914_120952__SESSION_004__SEG_01,2026-09-14T05:35:56.206000Z,2026-09-14T05:36:25.335000Z,1,1,1,LOW,1,0.16666666666666666,0.0,0.16666666666666666,0.0,3.0,0.0,0.0,2000.0,2000.0,0.0,25.789999999999996,0.0,73.06533333333333,-0.7600000000000051,1006.8606666666668,-0.009999999999990905,208.11333333333337,0.8000000000000114,0.3383620677453254
S21_LOW_ACON_LIGHTON_LOC2_R2__RUN_20260914_120952__SESSION_004__SEG_01__W_00010,S21_LOW_ACON_LIGHTON_LOC2_R2,S21_LOW_ACON_LIGHTON_LOC2_R2__RUN_20260914_120952__SESSION_004,S21_LOW_ACON_LIGHTON_LOC2_R2__RUN_20260914_120952__SESSION_004__SEG_01,2026-09-14T05:36:01.231000Z,2026-09-14T05:36:30.174000Z,1,1,1,LOW,1,0.16666666666666666,0.0,0.16666666666666666,0.0,3.0,0.0,0.0,2000.0,2000.0,0.0,25.789999999999996,0.0,72.95599999999999,-0.4099999999999966,1006.8603333333335,0.0,208.24666666666673,0.0,0.19955506062794642
S21_LOW_ACON_LIGHTON_LOC2_R2__RUN_20260914_120952__SESSION_004__SEG_01__W_00015,S21_LOW_ACON_LIGHTON_LOC2_R2,S21_LOW_ACON_LIGHTON_LOC2_R2__RUN_20260914_120952__SESSION_004,S21_LOW_ACON_LIGHTON_LOC2_R2__RUN_20260914_120952__SESSION_004__SEG_01,2026-09-14T05:36:06.074000Z,2026-09-14T05:36:35.195000Z,1,1,1,LOW,1,0.16666666666666666,0.0,0.16666666666666666,0.0,2.0,0.0,0.0,2000.0,2000.0,0.0,25.788999999999994,-0.00999999999999801,72.887,-0.4200000000000017,1006.8603333333335,0.0,208.30000000000007,0.0,5.684341886080802e-14
S21_LOW_ACON_LIGHTON_LOC2_R2__RUN_20260914_120952__SESSION_004__SEG_01__W_00020,S21_LOW_ACON_LIGHTON_LOC2_R2,S21_LOW_ACON_LIGHTON_LOC2_R2__RUN_20260914_120952__SESSION_004,S21_LOW_ACON_LIGHTON_LOC2_R2__RUN_20260914_120952__SESSION_004__SEG_01,2026-09-14T05:36:11.093000Z,2026-09-14T05:36:40.218000Z,1,1,1,LOW,1,0.16666666666666666,0.0,0.16666666666666666,0.0,3.0,0.0,0.0,2000.0,2000.0,0.0,25.78733333333333,-0.00999999999999801,72.82566666666668,-0.29999999999999716,1006.8600000000001,0.0,208.30000000000007,0.0,5.684341886080802e-14
S21_LOW_ACON_LIGHTON_LOC2_R2__RUN_20260914_120952__SESSION_004__SEG_01__W_00025,S21_LOW_ACON_LIGHTON_LOC2_R2,S21_LOW_ACON_LIGHTON_LOC2_R2__RUN_20260914_120952__SESSION_004,S21_LOW_ACON_LIGHTON_LOC2_R2__RUN_20260914_120952__SESSION_004__SEG_01,2026-09-14T05:36:16.294000Z,2026-09-14T05:36:45.419000Z,1,1,1,LOW,1,0.16666666666666666,0.0,0.16666666666666666,0.0,3.0,0.0,0.0,2000.0,2000.0,0.0,25.78533333333333,-0.019999999999999574,72.76299999999999,-0.4100000000000108,1006.8600000000001,0.0,208.3866666666667,0.0,0.3403266404826689
S21_LOW_ACON_LIGHTON_LOC2_R2__RUN_20260914_120952__SESSION_004__SEG_01__W_00030,S21_LOW_ACON_LIGHTON_LOC2_R2,S21_LOW_ACON_LIGHTON_LOC2_R2__RUN_20260914_120952__SESSION_004,S21_LOW_ACON_LIGHTON_LOC2_R2__RUN_20260914_120952__SESSION_004__SEG_01,2026-09-14T05:36:21.315000Z,2026-09-14T05:36:50.442000Z,1,1,1,LOW,1,0.2,0.0,0.2,0.0,4.0,0.0,0.0,2000.0,2000.0,0.0,25.781999999999993,-0.019999999999999574,72.69366666666664,-0.3299999999999983,1006.8600000000001,0.0,208.38666666666674,0.0,0.3403266404826689
S21_LOW_ACON_LIGHTON_LOC2_R2__RUN_20260914_120952__SESSION_004__SEG_01__W_00035,S21_LOW_ACON_LIGHTON_LOC2_R2,S21_LOW_ACON_LIGHTON_LOC2_R2__RUN_20260914_120952__SESSION_004,S21_LOW_ACON_LIGHTON_LOC2_R2__RUN_20260914_120952__SESSION_004__SEG_01,2026-09-14T05:36:26.158000Z,2026-09-14T05:36:55.463000Z,1,1,1,LOW,1,0.23333333333333334,0.0,0.23333333333333334,0.0,5.0,0.0,0.0,2000.0,2000.0,0.0,25.778666666666663,-0.019999999999999574,72.64799999999998,-0.28999999999999204,1006.8600000000001,0.0,208.3866666666667,0.0,0.3403266404826689
S21_LOW_ACON_LIGHTON_LOC2_R2__RUN_20260914_120952__SESSION_004__SEG_01__W_00040,S21_LOW_ACON_LIGHTON_LOC2_R2,S21_LOW_ACON_LIGHTON_LOC2_R2__RUN_20260914_120952__SESSION_004,S21_LOW_ACON_LIGHTON_LOC2_R2__RUN_20260914_120952__SESSION_004__SEG_01,2026-09-14T05:36:31.177000Z,2026-09-14T05:37:00.484000Z,1,1,1,LOW,1,0.23333333333333334,0.0,0.23333333333333334,0.0,5.0,0.0,0.0,2000.0,2000.0,0.0,25.773666666666664,-0.029999999999997584,72.611,-0.27000000000001023,1006.8600000000001,0.0,208.36000000000007,0.0,0.37558842722675145
S21_LOW_ACON_LIGHTON_LOC2_R2__RUN_20260914_120952__SESSION_004__SEG_01__W_00045,S21_LOW_ACON_LIGHTON_LOC2_R2,S21_LOW_ACON_LIGHTON_LOC2_R2__RUN_20260914_120952__SESSION_004,S21_LOW_ACON_LIGHTON_LOC2_R2__RUN_20260914_120952__SESSION_004__SEG_01,2026-09-14T05:36:36.380000Z,2026-09-14T05:37:05.505000Z,1,1,1,LOW,1,0.16666666666666666,0.0,0.16666666666666666,0.0,4.0,0.0,0.0,2000.0,2000.0,0.0,25.769666666666662,-0.019999999999999574,72.58966666666667,-0.10999999999999943,1006.8600000000001,0.0,208.36000000000004,0.0,0.37558842722675156
S21_LOW_ACON_LIGHTON_LOC2_R2__RUN_20260914_120952__SESSION_004__SEG_01__W_00050,S21_LOW_ACON_LIGHTON_LOC2_R2,S21_LOW_ACON_LIGHTON_LOC2_R2__RUN_20260914_120952__SESSION_004,S21_LOW_ACON_LIGHTON_LOC2_R2__RUN_20260914_120952__SESSION_004__SEG_01,2026-09-14T05:36:41.403000Z,2026-09-14T05:37:10.346000Z,1,1,1,LOW,1,0.16666666666666666,0.0,0.16666666666666666,0.0,3.0,0.0,0.0,2000.0,2000.0,0.0,25.765333333333334,-0.030000000000001137,72.57133333333334,0.009999999999990905,1006.8600000000001,0.0,208.36000000000004,0.0,0.37558842722675156
S21_LOW_ACON_LIGHTON_LOC2_R2__RUN_20260914_120952__SESSION_004__SEG_01__W_00055,S21_LOW_ACON_LIGHTON_LOC2_R2,S21_LOW_ACON_LIGHTON_LOC2_R2__RUN_20260914_120952__SESSION_004,S21_LOW_ACON_LIGHTON_LOC2_R2__RUN_20260914_120952__SESSION_004__SEG_01,2026-09-14T05:36:46.424000Z,2026-09-14T05:37:15.547000Z,1,1,1,LOW,1,0.13333333333333333,0.0,0.13333333333333333,0.0,4.0,0.0,0.0,2000.0,2000.0,0.0,25.760666666666665,-0.019999999999999574,72.57133333333334,0.0,1006.8600000000001,0.0,208.2733333333334,0.0,0.14360439485692217
S21_LOW_ACON_LIGHTON_LOC2_R2__RUN_20260914_120952__SESSION_004__SEG_01__W_00060,S21_LOW_ACON_LIGHTON_LOC2_R2,S21_LOW_ACON_LIGHTON_LOC2_R2__RUN_20260914_120952__SESSION_004,S21_LOW_ACON_LIGHTON_LOC2_R2__RUN_20260914_120952__SESSION_004__SEG_01,2026-09-14T05:36:51.447000Z,2026-09-14T05:37:20.568000Z,1,1,1,LOW,1,0.16666666666666666,0.0,0.16666666666666666,0.0,3.0,0.0,0.0,2000.0,2000.0,0.0,25.756000000000004,-0.030000000000001137,72.58933333333334,0.10000000000000853,1006.8600000000001,0.0,208.2733333333334,0.0,0.14360439485692217
S21_LOW_ACON_LIGHTON_LOC2_R2__RUN_20260914_120952__SESSION_004__SEG_01__W_00065,S21_LOW_ACON_LIGHTON_LOC2_R2,S21_LOW_ACON_LIGHTON_LOC2_R2__RUN_20260914_120952__SESSION_004,S21_LOW_ACON_LIGHTON_LOC2_R2__RUN_20260914_120952__SESSION_004__SEG_01,2026-09-14T05:36:56.468000Z,2026-09-14T05:37:25.593000Z,1,1,1,LOW,1,0.16666666666666666,0.0,0.16666666666666666,0.0,4.0,0.0,0.0,2000.0,2000.0,0.0,25.750333333333337,-0.030000000000001137,72.60033333333334,0.010000000000005116,1006.8600000000001,0.0,208.2733333333334,0.8000000000000114,0.14360439485692217
S21_LOW_ACON_LIGHTON_LOC2_R2__RUN_20260914_120952__SESSION_004__SEG_01__W_00070,S21_LOW_ACON_LIGHTON_LOC2_R2,S21_LOW_ACON_LIGHTON_LOC2_R2__RUN_20260914_120952__SESSION_004,S21_LOW_ACON_LIGHTON_LOC2_R2__RUN_20260914_120952__SESSION_004__SEG_01,2026-09-14T05:37:01.307000Z,2026-09-14T05:37:30.614000Z,1,1,1,LOW,1,0.2,0.0,0.2,0.0,5.0,0.0,0.0,2000.0,2000.0,0.0,25.74533333333334,-0.030000000000001137,72.61533333333334,0.0799999999999983,1006.8600000000001,0.0,208.30000000000007,0.0,5.684341886080802e-14
S21_LOW_ACON_LIGHTON_LOC2_R2__RUN_20260914_120952__SESSION_004__SEG_01__W_00075,S21_LOW_ACON_LIGHTON_LOC2_R2,S21_LOW_ACON_LIGHTON_LOC2_R2__RUN_20260914_120952__SESSION_004,S21_LOW_ACON_LIGHTON_LOC2_R2__RUN_20260914_120952__SESSION_004__SEG_01,2026-09-14T05:37:06.510000Z,2026-09-14T05:37:35.637000Z,1,1,1,LOW,1,0.23333333333333334,0.0,0.23333333333333334,0.0,6.0,0.0,0.0,2000.0,2000.0,0.0,25.739333333333335,-0.0400000000000027,72.637,0.21999999999999886,1006.8600000000001,0.0,208.30000000000007,0.0,5.684341886080802e-14
S21_LOW_ACON_LIGHTON_LOC2_R2__RUN_20260914_120952__SESSION_004__SEG_01__W_00080,S21_LOW_ACON_LIGHTON_LOC2_R2,S21_LOW_ACON_LIGHTON_LOC2_R2__RUN_20260914_120952__SESSION_004,S21_LOW_ACON_LIGHTON_LOC2_R2__RUN_20260914_120952__SESSION_004__SEG_01,2026-09-14T05:37:11.531000Z,2026-09-14T05:37:40.658000Z,1,1,1,LOW,1,0.26666666666666666,0.0,0.26666666666666666,0.0,6.0,0.0,0.0,2000.0,2000.0,0.0,25.733666666666675,-0.030000000000001137,72.657,0.04999999999999716,1006.8600000000001,0.0,208.30000000000007,0.0,5.684341886080802e-14
S21_LOW_ACON_LIGHTON_LOC2_R2__RUN_20260914_120952__SESSION_004__SEG_01__W_00085,S21_LOW_ACON_LIGHTON_LOC2_R2,S21_LOW_ACON_LIGHTON_LOC2_R2__RUN_20260914_120952__SESSION_004,S21_LOW_ACON_LIGHTON_LOC2_R2__RUN_20260914_120952__SESSION_004__SEG_01,2026-09-14T05:37:16.370000Z,2026-09-14T05:37:45.681000Z,1,1,1,LOW,1,0.3,0.0,0.3,0.0,7.0,0.0,0.0,2000.0,2000.0,0.0,25.728666666666673,-0.030000000000001137,72.67566666666669,0.1600000000000108,1006.8596666666667,0.0,208.30000000000007,0.0,5.684341886080802e-14
S21_LOW_ACON_LIGHTON_LOC2_R2__RUN_20260914_120952__SESSION_004__SEG_01__W_00090,S21_LOW_ACON_LIGHTON_LOC2_R2,S21_LOW_ACON_LIGHTON_LOC2_R2__RUN_20260914_120952__SESSION_004,S21_LOW_ACON_LIGHTON_LOC2_R2__RUN_20260914_120952__SESSION_004__SEG_01,2026-09-14T05:37:21.573000Z,2026-09-14T05:37:50.702000Z,1,1,1,LOW,1,0.23333333333333334,0.0,0.23333333333333334,0.0,6.0,0.0,0.0,2000.0,2000.0,0.0,25.724000000000007,-0.029999999999997584,72.68566666666666,0.0,1006.8579999999997,-0.009999999999990905,208.30000000000007,0.0,5.684341886080802e-14
S21_LOW_ACON_LIGHTON_LOC2_R2__RUN_20260914_120952__SESSION_004__SEG_01__W_00095,S21_LOW_ACON_LIGHTON_LOC2_R2,S21_LOW_ACON_LIGHTON_LOC2_R2__RUN_20260914_120952__SESSION_004,S21_LOW_ACON_LIGHTON_LOC2_R2__RUN_20260914_120952__SESSION_004__SEG_01,2026-09-14T05:37:26.416000Z,2026-09-14T05:37:55.725000Z,1,1,1,LOW,1,0.26666666666666666,0.0,0.26666666666666666,0.0,6.0,0.0,0.0,2000.0,2000.0,0.0,25.719666666666672,-0.019999999999999574,72.69666666666667,0.0800000000000125,1006.856333333333,-0.009999999999990905,208.30000000000007,0.0,5.684341886080802e-14
S21_LOW_ACON_LIGHTON_LOC2_R2__RUN_20260914_120952__SESSION_004__SEG_01__W_00100,S21_LOW_ACON_LIGHTON_LOC2_R2,S21_LOW_ACON_LIGHTON_LOC2_R2__RUN_20260914_120952__SESSION_004,S21_LOW_ACON_LIGHTON_LOC2_R2__RUN_20260914_120952__SESSION_004__SEG_01,2026-09-14T05:37:31.619000Z,2026-09-14T05:38:00.562000Z,1,1,1,LOW,1,0.23333333333333334,0.0,0.23333333333333334,0.0,5.0,0.0,0.0,2000.0,2000.0,0.0,25.714666666666677,-0.030000000000001137,72.71633333333334,0.1700000000000017,1006.8546666666664,-0.009999999999990905,208.30000000000007,0.0,5.684341886080802e-14
S21_LOW_ACON_LIGHTON_LOC2_R2__RUN_20260914_120952__SESSION_004__SEG_01__W_00105,S21_LOW_ACON_LIGHTON_LOC2_R2,S21_LOW_ACON_LIGHTON_LOC2_R2__RUN_20260914_120952__SESSION_004,S21_LOW_ACON_LIGHTON_LOC2_R2__RUN_20260914_120952__SESSION_004__SEG_01,2026-09-14T05:37:36.642000Z,2026-09-14T05:38:05.765000Z,1,1,1,LOW,1,0.2,0.0,0.2,0.0,4.0,0.0,0.0,2000.0,2000.0,0.0,25.710666666666675,-0.019999999999999574,72.73166666666667,0.06999999999999318,1006.8529999999996,-0.009999999999990905,208.30000000000007,0.0,5.684341886080802e-14
S21_LOW_ACON_LIGHTON_LOC2_R2__RUN_20260914_120952__SESSION_004__SEG_01__W_00110,S21_LOW_ACON_LIGHTON_LOC2_R2,S21_LOW_ACON_LIGHTON_LOC2_R2__RUN_20260914_120952__SESSION_004,S21_LOW_ACON_LIGHTON_LOC2_R2__RUN_20260914_120952__SESSION_004__SEG_01,2026-09-14T05:37:41.481000Z,2026-09-14T05:38:10.788000Z,1,1,1,LOW,1,0.16666666666666666,0.0,0.16666666666666666,0.0,4.0,0.0,0.0,2000.0,2000.0,0.0,25.705666666666676,-0.029999999999997584,72.74266666666668,0.020000000000010232,1006.8509999999999,-0.009999999999990905,208.30000000000007,0.0,5.684341886080802e-14
S21_LOW_ACON_LIGHTON_LOC2_R2__RUN_20260914_120952__SESSION_004__SEG_01__W_00115,S21_LOW_ACON_LIGHTON_LOC2_R2,S21_LOW_ACON_LIGHTON_LOC2_R2__RUN_20260914_120952__SESSION_004,S21_LOW_ACON_LIGHTON_LOC2_R2__RUN_20260914_120952__SESSION_004__SEG_01,2026-09-14T05:37:46.686000Z,2026-09-14T05:38:15.809000Z,1,1,1,LOW,1,0.1,0.0,0.1,0.0,2.0,0.0,0.0,2000.0,2000.0,0.0,25.700666666666677,-0.029999999999997584,72.74600000000001,-0.030000000000001137,1006.8493333333331,-0.009999999999990905,208.30000000000007,0.0,5.684341886080802e-14
S21_LOW_ACON_LIGHTON_LOC2_R2__RUN_20260914_120952__SESSION_004__SEG_01__W_00120,S21_LOW_ACON_LIGHTON_LOC2_R2,S21_LOW_ACON_LIGHTON_LOC2_R2__RUN_20260914_120952__SESSION_004,S21_LOW_ACON_LIGHTON_LOC2_R2__RUN_20260914_120952__SESSION_004__SEG_01,2026-09-14T05:37:51.707000Z,2026-09-14T05:38:20.832000Z,1,1,1,LOW,1,0.16666666666666666,0.0,0.16666666666666666,0.0,3.0,0.0,0.0,2000.0,2000.0,0.0,25.696666666666676,-0.019999999999999574,72.73433333333334,-0.030000000000001137,1006.8476666666667,-0.009999999999990905,208.30000000000007,0.0,5.684341886080802e-14
S21_LOW_ACON_LIGHTON_LOC2_R2__RUN_20260914_120952__SESSION_004__SEG_01__W_00125,S21_LOW_ACON_LIGHTON_LOC2_R2,S21_LOW_ACON_LIGHTON_LOC2_R2__RUN_20260914_120952__SESSION_004,S21_LOW_ACON_LIGHTON_LOC2_R2__RUN_20260914_120952__SESSION_004__SEG_01,2026-09-14T05:37:56.548000Z,2026-09-14T05:38:25.857000Z,1,1,1,LOW,1,0.16666666666666666,0.0,0.16666666666666666,0.0,4.0,0.0,0.0,2000.0,2000.0,0.0,25.693333333333346,-0.00999999999999801,72.73066666666666,-0.009999999999990905,1006.8473333333332,0.0,208.30000000000007,0.0,5.684341886080802e-14
S21_LOW_ACON_LIGHTON_LOC2_R2__RUN_20260914_120952__SESSION_004__SEG_01__W_00130,S21_LOW_ACON_LIGHTON_LOC2_R2,S21_LOW_ACON_LIGHTON_LOC2_R2__RUN_20260914_120952__SESSION_004,S21_LOW_ACON_LIGHTON_LOC2_R2__RUN_20260914_120952__SESSION_004__SEG_01,2026-09-14T05:38:01.747000Z,2026-09-14T05:38:30.876000Z,1,1,1,LOW,1,0.3,0.0,0.3,0.0,5.0,0.0,0.0,2000.0,2000.0,0.0,25.691666666666677,-0.00999999999999801,72.72066666666667,-0.04999999999999716,1006.8469999999998,0.0,208.30000000000007,0.0,5.684341886080802e-14
S21_LOW_ACON_LIGHTON_LOC2_R2__RUN_20260914_120952__SESSION_004__SEG_01__W_00135,S21_LOW_ACON_LIGHTON_LOC2_R2,S21_LOW_ACON_LIGHTON_LOC2_R2__RUN_20260914_120952__SESSION_004,S21_LOW_ACON_LIGHTON_LOC2_R2__RUN_20260914_120952__SESSION_004__SEG_01,2026-09-14T05:38:06.770000Z,2026-09-14T05:38:35.715000Z,1,1,1,LOW,1,0.3333333333333333,0.0,0.3333333333333333,0.0,6.0,0.0,0.0,2000.0,2000.0,0.0,25.68833333333333,-0.010000000000001563,72.70733333333334,0.020000000000010232,1006.8463333333331,0.009999999999990905,208.30000000000007,0.0,5.684341886080802e-14
S21_LOW_ACON_LIGHTON_LOC2_R2__RUN_20260914_120952__SESSION_004__SEG_01__W_00140,S21_LOW_ACON_LIGHTON_LOC2_R2,S21_LOW_ACON_LIGHTON_LOC2_R2__RUN_20260914_120952__SESSION_004,S21_LOW_ACON_LIGHTON_LOC2_R2__RUN_20260914_120952__SESSION_004__SEG_01,2026-09-14T05:38:11.793000Z,2026-09-14T05:38:40.916000Z,1,1,1,LOW,1,0.36666666666666664,0.0,0.36666666666666664,0.0,7.0,0.0,0.0,2000.0,2000.0,0.0,25.686666666666657,-0.010000000000001563,72.71233333333335,0.030000000000001137,1006.8466666666665,0.0,208.30000000000007,0.0,5.684341886080802e-14
S21_LOW_ACON_LIGHTON_LOC2_R2__RUN_20260914_120952__SESSION_004__SEG_01__W_00145,S21_LOW_ACON_LIGHTON_LOC2_R2,S21_LOW_ACON_LIGHTON_LOC2_R2__RUN_20260914_120952__SESSION_004,S21_LOW_ACON_LIGHTON_LOC2_R2__RUN_20260914_120952__SESSION_004__SEG_01,2026-09-14T05:38:16.814000Z,2026-09-14T05:38:45.939000Z,1,1,1,LOW,1,0.4666666666666667,0.03333333333333333,0.4666666666666667,0.03333333333333333,7.0,1.0,0.0,2000.0,2000.0,0.0,25.68366666666666,-0.010000000000001563,72.71633333333332,0.14000000000000057,1006.8456666666666,0.009999999999990905,208.30000000000007,0.0,5.684341886080802e-14
S21_LOW_ACON_LIGHTON_LOC2_R2__RUN_20260914_120952__SESSION_004__SEG_01__W_00150,S21_LOW_ACON_LIGHTON_LOC2_R2,S21_LOW_ACON_LIGHTON_LOC2_R2__RUN_20260914_120952__SESSION_004,S21_LOW_ACON_LIGHTON_LOC2_R2__RUN_20260914_120952__SESSION_004__SEG_01,2026-09-14T05:38:21.837000Z,2026-09-14T05:38:50.782000Z,1,1,1,LOW,1,0.43333333333333335,0.06666666666666667,0.4666666666666667,0.03333333333333333,7.0,1.0,0.03333333333333333,216.0,216.0,0.0,25.681999999999995,-0.010000000000001563,72.732,-0.04000000000000625,1006.847333333333,0.009999999999990905,208.30000000000007,0.0,5.684341886080802e-14
S21_LOW_ACON_LIGHTON_LOC2_R2__RUN_20260914_120952__SESSION_004__SEG_01__W_00155,S21_LOW_ACON_LIGHTON_LOC2_R2,S21_LOW_ACON_LIGHTON_LOC2_R2__RUN_20260914_120952__SESSION_004,S21_LOW_ACON_LIGHTON_LOC2_R2__RUN_20260914_120952__SESSION_004__SEG_01,2026-09-14T05:38:26.680000Z,2026-09-14T05:38:55.798000Z,1,1,1,LOW,1,0.4666666666666667,0.06666666666666667,0.5,0.03333333333333333,7.0,1.0,0.03333333333333333,216.0,216.0,0.0,25.680333333333326,-0.010000000000001563,72.74766666666666,0.14000000000000057,1006.8473333333332,0.0,208.33000000000004,0.8999999999999773,0.16155494421403105
S21_LOW_ACON_LIGHTON_LOC2_R2__RUN_20260914_120952__SESSION_004__SEG_01__W_00160,S21_LOW_ACON_LIGHTON_LOC2_R2,S21_LOW_ACON_LIGHTON_LOC2_R2__RUN_20260914_120952__SESSION_004,S21_LOW_ACON_LIGHTON_LOC2_R2__RUN_20260914_120952__SESSION_004__SEG_01,2026-09-14T05:38:31.881000Z,2026-09-14T05:39:00.992000Z,1,1,1,LOW,1,0.36666666666666664,0.06666666666666667,0.4,0.03333333333333333,7.0,1.0,0.03333333333333333,216.0,216.0,0.0,25.678666666666654,0.0,72.76433333333334,0.04000000000000625,1006.846,-0.009999999999990905,208.33000000000004,0.0,0.16155494421403105
S21_LOW_ACON_LIGHTON_LOC2_R2__RUN_20260914_120952__SESSION_004__SEG_01__W_00165,S21_LOW_ACON_LIGHTON_LOC2_R2,S21_LOW_ACON_LIGHTON_LOC2_R2__RUN_20260914_120952__SESSION_004,S21_LOW_ACON_LIGHTON_LOC2_R2__RUN_20260914_120952__SESSION_004__SEG_01,2026-09-14T05:38:36.900000Z,2026-09-14T05:39:05.831000Z,1,1,1,LOW,1,0.4,0.06666666666666667,0.43333333333333335,0.03333333333333333,7.0,1.0,0.03333333333333333,216.0,216.0,0.0,25.678666666666654,0.0,72.77433333333333,0.06999999999999318,1006.8463333333332,0.0,208.36000000000004,0.8999999999999773,0.2244994432064308
S21_LOW_ACON_LIGHTON_LOC2_R2__RUN_20260914_120952__SESSION_004__SEG_01__W_00170,S21_LOW_ACON_LIGHTON_LOC2_R2,S21_LOW_ACON_LIGHTON_LOC2_R2__RUN_20260914_120952__SESSION_004,S21_LOW_ACON_LIGHTON_LOC2_R2__RUN_20260914_120952__SESSION_004__SEG_01,2026-09-14T05:38:41.739000Z,2026-09-14T05:39:11.034000Z,1,1,1,LOW,1,0.36666666666666664,0.06666666666666667,0.4,0.03333333333333333,7.0,1.0,0.03333333333333333,216.0,216.0,0.0,25.678666666666654,0.00999999999999801,72.777,-0.01999999999999602,1006.8463333333331,0.009999999999990905,208.39000000000001,0.8999999999999773,0.2699999999999932
S21_LOW_ACON_LIGHTON_LOC2_R2__RUN_20260914_120952__SESSION_004__SEG_01__W_00175,S21_LOW_ACON_LIGHTON_LOC2_R2,S21_LOW_ACON_LIGHTON_LOC2_R2__RUN_20260914_120952__SESSION_004,S21_LOW_ACON_LIGHTON_LOC2_R2__RUN_20260914_120952__SESSION_004__SEG_01,2026-09-14T05:38:46.944000Z,2026-09-14T05:39:15.873000Z,1,1,1,LOW,1,0.36666666666666664,0.03333333333333333,0.4,0.0,7.0,0.0,0.03333333333333333,216.0,216.0,0.0,25.67999999999999,0.0,72.77566666666667,-0.029999999999986926,1006.8473333333332,0.0,208.39000000000001,0.0,0.2699999999999932
S21_LOW_ACON_LIGHTON_LOC2_R2__RUN_20260914_120952__SESSION_004__SEG_01__W_00180,S21_LOW_ACON_LIGHTON_LOC2_R2,S21_LOW_ACON_LIGHTON_LOC2_R2__RUN_20260914_120952__SESSION_004,S21_LOW_ACON_LIGHTON_LOC2_R2__RUN_20260914_120952__SESSION_004__SEG_01,2026-09-14T05:38:51.785000Z,2026-09-14T05:39:21.074000Z,1,1,1,LOW,1,0.4,0.0,0.4,0.0,6.0,0.0,0.0,2000.0,2000.0,0.0,25.678333333333324,-0.00999999999999801,72.77366666666667,0.01999999999999602,1006.8456666666666,-0.009999999999990905,208.39000000000001,0.0,0.26999999999999325
S21_LOW_ACON_LIGHTON_LOC2_R2__RUN_20260914_120952__SESSION_004__SEG_01__W_00185,S21_LOW_ACON_LIGHTON_LOC2_R2,S21_LOW_ACON_LIGHTON_LOC2_R2__RUN_20260914_120952__SESSION_004,S21_LOW_ACON_LIGHTON_LOC2_R2__RUN_20260914_120952__SESSION_004__SEG_01,2026-09-14T05:38:56.801000Z,2026-09-14T05:39:25.917000Z,1,1,1,LOW,1,0.36666666666666664,0.0,0.36666666666666664,0.0,7.0,0.0,0.0,2000.0,2000.0,0.0,25.67666666666666,-0.00999999999999801,72.766,-0.12000000000000455,1006.8443333333333,0.0,208.36000000000004,0.0,0.22449944320643078
S21_LOW_ACON_LIGHTON_LOC2_R2__RUN_20260914_120952__SESSION_004__SEG_01__W_00190,S21_LOW_ACON_LIGHTON_LOC2_R2,S21_LOW_ACON_LIGHTON_LOC2_R2__RUN_20260914_120952__SESSION_004,S21_LOW_ACON_LIGHTON_LOC2_R2__RUN_20260914_120952__SESSION_004__SEG_01,2026-09-14T05:39:01.815000Z,2026-09-14T05:39:31.122000Z,1,1,1,LOW,1,0.3333333333333333,0.03333333333333333,0.36666666666666664,0.0,6.0,1.0,0.0,2000.0,2000.0,0.0,25.674999999999994,-0.00999999999999801,72.748,-0.09000000000000341,1006.8443333333333,0.0,208.36000000000004,0.0,0.22449944320643078
S21_LOW_ACON_LIGHTON_LOC2_R2__RUN_20260914_120952__SESSION_004__SEG_01__W_00195,S21_LOW_ACON_LIGHTON_LOC2_R2,S21_LOW_ACON_LIGHTON_LOC2_R2__RUN_20260914_120952__SESSION_004,S21_LOW_ACON_LIGHTON_LOC2_R2__RUN_20260914_120952__SESSION_004__SEG_01,2026-09-14T05:39:07.016000Z,2026-09-14T05:39:35.963000Z,1,1,1,LOW,1,0.26666666666666666,0.1,0.36666666666666664,0.0,5.0,3.0,0.0,2000.0,2000.0,0.0,25.67333333333333,-0.00999999999999801,72.73766666666667,-0.03999999999999204,1006.8423333333335,-0.009999999999990905,208.33000000000004,0.0,0.16155494421403105
S21_LOW_ACON_LIGHTON_LOC2_R2__RUN_20260914_120952__SESSION_004__SEG_01__W_00200,S21_LOW_ACON_LIGHTON_LOC2_R2,S21_LOW_ACON_LIGHTON_LOC2_R2__RUN_20260914_120952__SESSION_004,S21_LOW_ACON_LIGHTON_LOC2_R2__RUN_20260914_120952__SESSION_004__SEG_01,2026-09-14T05:39:11.857000Z,2026-09-14T05:39:41.166000Z,1,1,1,LOW,1,0.23333333333333334,0.13333333333333333,0.36666666666666664,0.0,4.0,4.0,0.0,2000.0,2000.0,0.0,25.671666666666663,-0.00999999999999801,72.73366666666666,-0.030000000000001137,1006.8393333333336,-0.01999999999998181,208.30000000000007,0.0,5.684341886080802e-14
S21_LOW_ACON_LIGHTON_LOC2_R2__RUN_20260914_120952__SESSION_004__SEG_01__W_00205,S21_LOW_ACON_LIGHTON_LOC2_R2,S21_LOW_ACON_LIGHTON_LOC2_R2__RUN_20260914_120952__SESSION_004,S21_LOW_ACON_LIGHTON_LOC2_R2__RUN_20260914_120952__SESSION_004__SEG_01,2026-09-14T05:39:16.876000Z,2026-09-14T05:39:46.189000Z,1,1,1,LOW,1,0.13333333333333333,0.2,0.3333333333333333,0.0,3.0,6.0,0.0,2000.0,2000.0,0.0,25.671333333333326,0.00999999999999801,72.72533333333334,-0.060000000000002274,1006.8376666666668,0.0,208.30000000000007,0.0,5.684341886080802e-14
S21_LOW_ACON_LIGHTON_LOC2_R2__RUN_20260914_120952__SESSION_004__SEG_01__W_00210,S21_LOW_ACON_LIGHTON_LOC2_R2,S21_LOW_ACON_LIGHTON_LOC2_R2__RUN_20260914_120952__SESSION_004,S21_LOW_ACON_LIGHTON_LOC2_R2__RUN_20260914_120952__SESSION_004__SEG_01,2026-09-14T05:39:22.079000Z,2026-09-14T05:39:51.210000Z,1,1,1,LOW,1,0.06666666666666667,0.26666666666666666,0.3333333333333333,0.0,1.0,7.0,0.0,2000.0,2000.0,0.0,25.672999999999995,0.00999999999999801,72.71966666666667,-0.10999999999999943,1006.8376666666668,0.0,208.30000000000007,0.0,5.684341886080802e-14
S21_LOW_ACON_LIGHTON_LOC2_R2__RUN_20260914_120952__SESSION_004__SEG_01__W_00215,S21_LOW_ACON_LIGHTON_LOC2_R2,S21_LOW_ACON_LIGHTON_LOC2_R2__RUN_20260914_120952__SESSION_004,S21_LOW_ACON_LIGHTON_LOC2_R2__RUN_20260914_120952__SESSION_004__SEG_01,2026-09-14T05:39:27.102000Z,2026-09-14T05:39:56.047000Z,1,1,1,LOW,1,0.0,0.26666666666666666,0.26666666666666666,0.0,0.0,7.0,0.0,2000.0,2000.0,0.0,25.672999999999995,0.0,72.70733333333334,-0.01999999999999602,1006.8360000000004,-0.009999999999990905,208.30000000000007,0.0,5.684341886080802e-14
S21_LOW_ACON_LIGHTON_LOC2_R2__RUN_20260914_120952__SESSION_004__SEG_01__W_00220,S21_LOW_ACON_LIGHTON_LOC2_R2,S21_LOW_ACON_LIGHTON_LOC2_R2__RUN_20260914_120952__SESSION_004,S21_LOW_ACON_LIGHTON_LOC2_R2__RUN_20260914_120952__SESSION_004__SEG_01,2026-09-14T05:39:32.127000Z,2026-09-14T05:40:01.066000Z,1,1,1,LOW,1,0.0,0.3,0.3,0.0,0.0,8.0,0.0,2000.0,2000.0,0.0,25.672999999999995,0.0,72.69499999999998,-0.10999999999999943,1006.8343333333338,-0.009999999999990905,208.30000000000007,0.0,5.684341886080802e-14
S21_LOW_ACON_LIGHTON_LOC2_R2__RUN_20260914_120952__SESSION_004__SEG_01__W_00225,S21_LOW_ACON_LIGHTON_LOC2_R2,S21_LOW_ACON_LIGHTON_LOC2_R2__RUN_20260914_120952__SESSION_004,S21_LOW_ACON_LIGHTON_LOC2_R2__RUN_20260914_120952__SESSION_004__SEG_01,2026-09-14T05:39:37.148000Z,2026-09-14T05:40:06.085000Z,1,1,1,LOW,1,0.0,0.3,0.3,0.0,0.0,7.0,0.0,2000.0,2000.0,0.0,25.672999999999995,0.0,72.68766666666667,-0.04000000000000625,1006.8350000000002,0.0,208.30000000000007,0.0,5.684341886080802e-14
S21_LOW_ACON_LIGHTON_LOC2_R2__RUN_20260914_120952__SESSION_004__SEG_01__W_00230,S21_LOW_ACON_LIGHTON_LOC2_R2,S21_LOW_ACON_LIGHTON_LOC2_R2__RUN_20260914_120952__SESSION_004,S21_LOW_ACON_LIGHTON_LOC2_R2__RUN_20260914_120952__SESSION_004__SEG_01,2026-09-14T05:39:41.989000Z,2026-09-14T05:40:11.288000Z,1,1,1,LOW,1,0.0,0.3,0.3,0.0,0.0,7.0,0.0,2000.0,2000.0,0.0,25.672999999999995,0.0,72.66766666666669,-0.12000000000000455,1006.8373333333333,0.01999999999998181,208.30000000000007,0.0,5.684341886080802e-14
S21_LOW_ACON_LIGHTON_LOC2_R2__RUN_20260914_120952__SESSION_004__SEG_01__W_00235,S21_LOW_ACON_LIGHTON_LOC2_R2,S21_LOW_ACON_LIGHTON_LOC2_R2__RUN_20260914_120952__SESSION_004,S21_LOW_ACON_LIGHTON_LOC2_R2__RUN_20260914_120952__SESSION_004__SEG_01,2026-09-14T05:39:47.194000Z,2026-09-14T05:40:16.309000Z,1,1,1,LOW,1,0.0,0.26666666666666666,0.26666666666666666,0.0,0.0,6.0,0.0,2000.0,2000.0,0.0,25.671666666666663,-0.00999999999999801,72.65733333333333,-0.09000000000000341,1006.8386666666665,0.0,208.2733333333334,-0.8000000000000114,0.14360439485692214
S21_LOW_ACON_LIGHTON_LOC2_R2__RUN_20260914_120952__SESSION_004__SEG_01__W_00240,S21_LOW_ACON_LIGHTON_LOC2_R2,S21_LOW_ACON_LIGHTON_LOC2_R2__RUN_20260914_120952__SESSION_004,S21_LOW_ACON_LIGHTON_LOC2_R2__RUN_20260914_120952__SESSION_004__SEG_01,2026-09-14T05:39:52.033000Z,2026-09-14T05:40:21.332000Z,1,1,1,LOW,1,0.06666666666666667,0.23333333333333334,0.3,0.0,1.0,6.0,0.0,2000.0,2000.0,0.0,25.669999999999995,0.0,72.64833333333334,-0.01999999999999602,1006.8386666666667,0.009999999999990905,208.16666666666669,-0.8000000000000114,0.2981423969999762
S21_LOW_ACON_LIGHTON_LOC2_R2__RUN_20260914_120952__SESSION_004__SEG_01__W_00245,S21_LOW_ACON_LIGHTON_LOC2_R2,S21_LOW_ACON_LIGHTON_LOC2_R2__RUN_20260914_120952__SESSION_004,S21_LOW_ACON_LIGHTON_LOC2_R2__RUN_20260914_120952__SESSION_004__SEG_01,2026-09-14T05:39:57.050000Z,2026-09-14T05:40:26.353000Z,1,1,1,LOW,1,0.13333333333333333,0.23333333333333334,0.36666666666666664,0.0,2.0,5.0,0.0,2000.0,2000.0,0.0,25.669999999999995,0.0,72.64166666666667,-0.03999999999999204,1006.8403333333334,0.009999999999990905,208.14000000000001,0.0,0.32000000000000456
S21_LOW_ACON_LIGHTON_LOC2_R2__RUN_20260914_120952__SESSION_004__SEG_01__W_00250,S21_LOW_ACON_LIGHTON_LOC2_R2,S21_LOW_ACON_LIGHTON_LOC2_R2__RUN_20260914_120952__SESSION_004,S21_LOW_ACON_LIGHTON_LOC2_R2__RUN_20260914_120952__SESSION_004__SEG_01,2026-09-14T05:40:02.251000Z,2026-09-14T05:40:31.190000Z,1,1,1,LOW,1,0.2,0.16666666666666666,0.36666666666666664,0.0,3.0,4.0,0.0,2000.0,2000.0,0.0,25.670999999999992,0.00999999999999801,72.64933333333333,0.12000000000000455,1006.843,0.009999999999990905,208.11333333333334,0.0,0.3383620677453254
S21_LOW_ACON_LIGHTON_LOC2_R2__RUN_20260914_120952__SESSION_004__SEG_01__W_00255,S21_LOW_ACON_LIGHTON_LOC2_R2,S21_LOW_ACON_LIGHTON_LOC2_R2__RUN_20260914_120952__SESSION_004,S21_LOW_ACON_LIGHTON_LOC2_R2__RUN_20260914_120952__SESSION_004__SEG_01,2026-09-14T05:40:07.270000Z,2026-09-14T05:40:36.389000Z,1,1,1,LOW,1,0.26666666666666666,0.1,0.36666666666666664,0.0,4.0,3.0,0.0,2000.0,2000.0,0.0,25.67266666666666,0.00999999999999801,72.64933333333333,0.060000000000002274,1006.8446666666663,0.009999999999990905,208.0866666666667,-0.8000000000000114,0.35377331097124765
S21_LOW_ACON_LIGHTON_LOC2_R2__RUN_20260914_120952__SESSION_004__SEG_01__W_00260,S21_LOW_ACON_LIGHTON_LOC2_R2,S21_LOW_ACON_LIGHTON_LOC2_R2__RUN_20260914_120952__SESSION_004,S21_LOW_ACON_LIGHTON_LOC2_R2__RUN_20260914_120952__SESSION_004__SEG_01,2026-09-14T05:40:12.111000Z,2026-09-14T05:40:41.412000Z,1,1,1,LOW,1,0.3333333333333333,0.06666666666666667,0.4,0.0,5.0,1.0,0.0,2000.0,2000.0,0.0,25.674333333333326,0.00999999999999801,72.653,0.0799999999999983,1006.8453333333331,0.0,207.98000000000002,-0.8000000000000114,0.39191835884531406
S21_LOW_ACON_LIGHTON_LOC2_R2__RUN_20260914_120952__SESSION_004__SEG_01__W_00265,S21_LOW_ACON_LIGHTON_LOC2_R2,S21_LOW_ACON_LIGHTON_LOC2_R2__RUN_20260914_120952__SESSION_004,S21_LOW_ACON_LIGHTON_LOC2_R2__RUN_20260914_120952__SESSION_004__SEG_01,2026-09-14T05:40:17.314000Z,2026-09-14T05:40:46.251000Z,1,1,1,LOW,1,0.4,0.03333333333333333,0.43333333333333335,0.0,6.0,1.0,0.0,2000.0,2000.0,0.0,25.67599999999999,0.00999999999999801,72.66066666666666,-0.030000000000001137,1006.8459999999997,0.009999999999990905,207.9266666666667,0.0,0.39911012125589274
S21_LOW_ACON_LIGHTON_LOC2_R2__RUN_20260914_120952__SESSION_004__SEG_01__W_00270,S21_LOW_ACON_LIGHTON_LOC2_R2,S21_LOW_ACON_LIGHTON_LOC2_R2__RUN_20260914_120952__SESSION_004,S21_LOW_ACON_LIGHTON_LOC2_R2__RUN_20260914_120952__SESSION_004__SEG_01,2026-09-14T05:40:22.155000Z,2026-09-14T05:40:51.454000Z,1,1,1,LOW,1,0.4,0.0,0.4,0.0,7.0,0.0,0.0,2000.0,2000.0,0.0,25.677666666666656,0.00999999999999801,72.67366666666666,0.12000000000000455,1006.8483333333332,0.01999999999998181,207.92666666666668,-0.8000000000000114,0.39911012125589274
S21_LOW_ACON_LIGHTON_LOC2_R2__RUN_20260914_120952__SESSION_004__SEG_01__W_00275,S21_LOW_ACON_LIGHTON_LOC2_R2,S21_LOW_ACON_LIGHTON_LOC2_R2__RUN_20260914_120952__SESSION_004,S21_LOW_ACON_LIGHTON_LOC2_R2__RUN_20260914_120952__SESSION_004__SEG_01,2026-09-14T05:40:27.176000Z,2026-09-14T05:40:56.291000Z,1,1,1,LOW,1,0.43333333333333335,0.0,0.43333333333333335,0.0,7.0,0.0,0.0,2000.0,2000.0,0.0,25.67933333333332,0.00999999999999801,72.67566666666666,0.0,1006.8516666666668,0.01999999999998181,207.9266666666667,0.0,0.3991101212558927
S21_LOW_ACON_LIGHTON_LOC2_R2__RUN_20260914_120952__SESSION_004__SEG_01__W_00280,S21_LOW_ACON_LIGHTON_LOC2_R2,S21_LOW_ACON_LIGHTON_LOC2_R2__RUN_20260914_120952__SESSION_004,S21_LOW_ACON_LIGHTON_LOC2_R2__RUN_20260914_120952__SESSION_004__SEG_01,2026-09-14T05:40:32.193000Z,2026-09-14T05:41:01.494000Z,1,1,1,LOW,1,0.4666666666666667,0.0,0.4666666666666667,0.0,7.0,0.0,0.0,2000.0,2000.0,0.0,25.678999999999988,-0.00999999999999801,72.66966666666666,-0.12000000000000455,1006.8553333333332,0.01999999999998181,207.87333333333336,0.0,0.39911012125589274
